Filename,x1,y1,x2,y2,x3,y3,x4,y4,x5,y5,x6,y6,x7,y7,x8,y8,x9,y9,x10,y10,x11,y11,x12,y12,x13,y13,x14,y14,x15,y15,x16,y16
frame_0000.jpg,798,0,916,5,660,9,523,14,380,16,234,29,95,47,943,63,0,121,840,132,704,168,578,185,28,185,440,208,302,222,169,231
frame_0002.jpg,799,0,917,4,661,10,524,14,381,16,236,27,95,47,944,63,0,122,841,132,705,168,579,185,28,185,441,208,303,221,169,231
frame_0004.jpg,797,0,916,5,659,10,523,13,380,16,234,29,95,46,943,63,0,121,840,132,703,169,578,185,28,185,440,208,302,221,169,231
frame_0005.jpg,798,0,916,5,660,10,523,14,380,16,235,28,95,46,943,63,0,122,840,132,704,168,578,185,28,185,440,209,302,221,169,231
frame_0007.jpg,798,0,916,4,659,10,523,14,380,15,234,29,95,46,943,63,0,121,840,132,704,168,578,185,28,185,440,209,302,221,169,231
frame_0010.jpg,797,0,916,5,660,10,523,13,380,16,234,28,95,47,943,63,0,121,840,132,703,168,578,185,27,186,440,209,302,221,169,231
frame_0011.jpg,799,0,917,3,660,8,524,12,381,15,235,28,96,45,944,62,0,121,841,131,705,168,579,184,28,185,441,207,303,220,170,230
frame_0012.jpg,798,0,916,5,659,9,523,14,380,16,235,26,95,46,943,63,0,121,840,132,704,168,578,185,28,185,440,208,302,221,169,231
frame_0013.jpg,798,0,916,4,660,9,523,13,380,15,234,27,95,45,943,62,0,121,840,131,704,167,578,184,28,184,440,207,302,220,169,230
frame_0014.jpg,799,0,917,4,661,8,524,12,381,15,236,27,96,45,944,62,0,121,841,131,705,167,579,184,28,184,441,207,304,221,169,230
frame_0016.jpg,797,0,916,5,660,11,523,14,380,17,234,29,95,47,942,64,0,123,840,133,704,169,578,186,27,187,440,209,302,222,169,232
frame_0017.jpg,797,0,916,4,659,9,523,13,380,16,234,28,95,46,943,63,0,121,840,132,704,168,578,185,27,186,440,208,302,221,168,231
frame_0018.jpg,798,0,916,3,660,9,523,13,380,15,234,28,94,46,943,62,0,120,840,131,703,168,578,184,27,184,440,207,302,220,169,230
frame_0019.jpg,798,0,916,3,659,8,523,13,380,15,235,27,94,45,943,63,0,121,840,131,703,167,578,184,28,184,440,207,302,220,168,230
frame_0021.jpg,797,0,916,5,660,10,523,14,380,16,235,27,94,47,942,63,0,121,840,132,703,169,578,185,28,185,440,209,302,221,169,231
frame_0023.jpg,797,0,916,5,659,9,523,14,380,16,234,28,95,46,943,64,0,121,840,132,704,169,578,185,28,185,440,209,302,221,168,231
frame_0024.jpg,799,0,917,3,661,9,524,13,381,15,235,27,95,46,944,62,0,121,841,131,704,167,579,184,28,184,441,207,303,220,170,230
frame_0027.jpg,798,0,916,5,660,10,523,14,380,16,234,30,95,45,943,63,0,122,840,132,704,169,578,185,27,185,440,208,302,221,169,231
frame_0029.jpg,798,0,916,5,660,10,523,13,380,16,234,28,95,46,943,63,0,121,840,132,703,168,578,185,28,185,440,208,302,221,168,231
frame_0031.jpg,798,0,916,5,659,9,523,14,380,16,234,28,94,47,943,64,0,122,840,132,704,168,578,185,28,185,440,208,302,221,168,231
frame_0034.jpg,799,0,917,5,661,10,524,13,381,16,236,28,96,46,944,64,0,122,841,132,705,168,579,185,28,185,441,209,303,222,170,231
frame_0035.jpg,798,0,916,4,659,10,523,14,380,16,234,28,94,47,943,63,0,122,840,132,703,169,578,185,28,185,440,208,302,221,169,231
frame_0036.jpg,797,0,916,6,659,11,523,15,380,17,234,30,94,47,943,65,0,122,840,133,704,169,578,186,28,186,440,210,302,222,169,232
frame_0037.jpg,799,0,917,5,660,10,524,14,381,16,235,29,96,46,944,64,0,122,841,132,705,168,579,185,29,185,441,208,303,221,170,231
frame_0038.jpg,798,0,916,5,659,10,523,14,380,16,234,28,94,46,942,63,0,121,840,132,703,169,578,185,28,185,440,208,302,221,168,231
frame_0039.jpg,798,0,916,3,660,9,523,12,380,15,234,27,94,44,943,63,0,120,840,131,703,168,578,184,27,184,440,208,302,220,168,230
frame_0041.jpg,798,0,916,5,660,10,524,14,380,16,235,29,96,46,943,63,0,122,840,132,704,169,578,185,28,185,440,208,303,222,169,231
frame_0042.jpg,798,0,916,5,661,10,523,13,380,16,234,28,95,47,943,63,0,122,840,132,704,168,578,185,28,185,440,209,302,221,169,232
frame_0043.jpg,799,0,916,3,659,8,523,13,380,15,235,26,95,45,943,62,0,121,840,131,704,167,578,184,27,184,440,208,302,220,169,230
frame_0044.jpg,798,0,916,5,659,9,523,13,380,16,235,27,95,46,943,63,0,121,840,132,704,168,578,185,27,185,440,208,302,221,169,231
frame_0045.jpg,798,0,916,6,660,9,524,14,380,16,235,28,95,47,943,63,0,122,840,132,704,168,578,185,28,185,440,209,302,221,169,231
frame_0046.jpg,798,0,916,6,659,11,523,14,379,17,235,29,95,46,943,64,0,122,840,132,703,169,578,185,27,186,440,209,301,222,168,232
frame_0049.jpg,796,0,911,6,659,7,523,9,382,9,236,19,96,35,939,63,0,108,838,129,703,163,27,172,578,178,439,200,302,211,168,220
frame_0050.jpg,795,0,660,6,384,4,911,7,526,6,239,13,98,27,937,64,0,98,835,129,700,161,26,161,576,174,438,194,299,203,165,209
frame_0052.jpg,658,3,384,0,907,6,525,2,241,6,99,22,934,62,0,91,833,126,25,154,699,157,575,169,437,189,298,198,164,204,-1,-1
frame_0053.jpg,790,0,655,6,904,5,381,6,522,7,238,16,99,31,932,62,0,102,832,126,698,159,25,164,574,172,437,194,298,205,164,212
frame_0055.jpg,657,3,385,0,906,5,525,2,240,8,101,22,933,61,0,92,833,124,23,155,699,156,575,169,437,188,297,198,163,204,-1,-1
frame_0056.jpg,787,0,902,4,654,8,521,9,381,10,237,21,98,39,930,61,0,110,831,127,698,162,24,173,574,176,437,199,298,211,164,220
frame_0057.jpg,788,0,901,3,654,7,521,10,382,12,237,26,99,43,930,58,0,115,832,125,700,160,577,175,26,177,440,199,301,213,167,223
frame_0058.jpg,790,0,657,7,902,7,525,7,385,7,241,17,100,33,930,61,0,104,834,126,702,160,25,168,580,173,442,195,302,207,167,216
frame_0059.jpg,796,0,663,4,391,2,907,7,532,4,245,11,103,24,934,62,0,95,838,126,708,157,25,159,584,169,446,190,305,201,168,208
frame_0060.jpg,897,0,785,0,653,13,523,20,382,27,238,45,927,52,98,68,835,122,0,143,706,161,584,181,28,204,448,210,308,229,172,244
frame_0062.jpg,904,2,792,0,661,11,529,16,388,21,243,36,934,55,100,57,841,122,0,132,712,160,590,178,28,195,453,205,313,224,175,237
frame_0063.jpg,801,0,669,5,911,5,537,5,396,4,249,14,104,30,938,59,0,102,844,123,714,156,26,166,592,169,453,191,311,205,173,213
frame_0064.jpg,803,3,398,0,671,5,540,3,251,8,912,10,106,21,939,64,0,91,844,127,715,157,25,156,592,168,453,188,310,200,170,206
frame_0066.jpg,402,0,254,6,676,11,544,6,806,10,107,16,916,20,942,75,0,85,846,136,24,151,716,164,594,173,455,190,311,200,171,204
frame_0067.jpg,402,0,254,4,673,14,544,7,108,12,804,14,913,24,937,79,0,80,842,139,24,145,712,166,591,174,452,190,309,198,169,200
frame_0068.jpg,399,0,251,4,540,8,106,11,669,16,799,18,907,28,0,77,932,83,835,143,23,144,707,168,586,175,448,190,305,198,168,200
frame_0069.jpg,399,0,253,2,107,10,539,8,668,16,904,30,0,76,929,84,834,143,24,143,707,169,586,175,449,190,307,197,169,198,-1,-1
frame_0070.jpg,254,0,402,0,109,3,541,13,669,24,903,42,0,67,926,97,21,134,829,154,703,176,584,180,446,191,165,193,303,195,-1,-1
frame_0071.jpg,395,0,248,3,105,10,533,9,659,16,786,18,893,29,0,75,917,84,822,144,22,141,696,168,578,175,442,189,301,196,165,197
frame_0073.jpg,382,0,646,8,774,5,519,4,239,6,884,14,98,19,910,69,0,86,812,132,24,150,686,160,567,169,434,187,294,197,162,201
frame_0074.jpg,378,0,640,8,515,4,235,7,879,13,98,18,906,68,0,84,808,130,23,147,681,159,563,167,430,185,291,194,160,198,-1,-1
frame_0075.jpg,763,0,636,4,377,0,870,7,512,2,235,10,97,23,897,59,0,90,804,122,680,153,25,153,565,163,433,183,295,196,164,201
frame_0076.jpg,634,1,864,0,510,1,376,1,234,12,96,28,891,52,0,96,799,117,680,147,565,160,25,158,434,181,296,196,165,204,-1,-1
frame_0077.jpg,856,0,625,12,502,15,369,20,228,36,885,52,92,57,796,119,0,127,676,154,563,171,27,188,433,196,297,216,167,229,-1,-1
frame_0078.jpg,849,0,743,2,620,15,499,22,366,30,226,49,880,50,90,73,793,119,0,146,675,156,563,175,434,204,28,205,298,226,169,242
frame_0079.jpg,847,0,619,15,497,22,365,31,878,49,225,51,91,73,792,117,0,147,674,155,562,175,434,204,29,207,299,227,170,244,-1,-1
frame_0080.jpg,856,2,750,0,625,11,502,14,369,19,230,34,886,52,93,55,795,120,0,126,675,155,562,171,27,188,433,197,296,216,167,228
frame_0081.jpg,865,0,631,4,507,5,372,7,231,20,94,36,894,52,0,107,799,119,677,152,562,166,26,169,431,188,293,204,164,214,-1,-1
frame_0082.jpg,632,4,372,0,869,6,506,2,230,11,94,24,896,60,0,92,799,126,674,155,24,156,558,167,426,186,288,199,160,204,-1,-1
frame_0083.jpg,379,0,237,2,98,10,514,8,638,16,764,19,871,30,0,74,897,83,23,136,801,141,677,165,562,171,430,184,292,190,161,191
frame_0084.jpg,245,0,102,4,388,1,524,13,646,23,769,28,873,42,0,66,896,96,21,131,801,153,681,173,566,176,434,188,161,189,295,192
frame_0085.jpg,106,0,247,5,391,14,525,34,647,52,0,55,772,64,875,85,17,122,895,139,152,188,795,190,284,198,556,200,671,204,423,203
frame_0086.jpg,108,0,247,10,392,22,525,45,0,52,647,66,875,106,16,118,893,160,150,188,281,201,793,207,420,210,553,210,668,217,-1,-1
frame_0088.jpg,108,0,247,12,388,32,0,47,521,60,643,87,766,107,12,113,874,135,139,188,889,193,269,207,406,222,539,229,784,236,655,241
frame_0089.jpg,107,0,245,13,386,32,0,47,519,60,641,88,768,108,11,112,873,136,137,187,888,193,267,207,404,222,537,229,783,237,653,241
frame_0091.jpg,105,0,241,10,381,27,0,50,514,52,637,76,765,95,11,114,872,121,890,178,135,185,263,203,400,215,533,220,782,224,651,231
frame_0092.jpg,105,0,240,10,379,24,512,48,0,51,637,71,766,88,876,113,12,114,894,173,135,184,262,200,399,213,533,217,784,218,652,226
frame_0094.jpg,101,0,235,7,374,20,506,42,0,52,631,64,869,101,13,115,887,160,136,183,261,198,780,207,397,208,530,209,648,218,-1,-1
frame_0095.jpg,99,0,232,5,370,15,503,34,628,54,0,54,864,89,14,117,883,146,137,182,261,195,776,196,529,202,397,202,646,208,-1,-1
frame_0096.jpg,99,0,231,4,369,13,500,33,622,50,0,53,749,63,857,84,15,115,877,141,139,180,772,190,263,191,529,197,398,198,644,202
frame_0097.jpg,98,0,230,3,367,9,496,26,617,41,740,51,0,55,846,70,16,117,866,126,764,177,141,179,265,188,527,188,640,191,399,192
frame_0098.jpg,227,0,95,1,363,3,491,16,611,28,732,34,837,50,0,58,859,104,18,119,761,157,639,175,527,175,144,176,268,182,400,182
frame_0099.jpg,356,0,220,4,484,6,603,13,90,11,830,25,0,72,853,77,20,132,758,134,637,158,526,164,400,177,268,183,146,183,-1,-1
frame_0100.jpg,718,2,596,5,350,0,478,2,216,7,822,9,87,20,847,61,0,83,754,122,23,142,635,150,525,159,401,175,270,186,150,190
frame_0102.jpg,703,0,586,6,800,6,472,5,347,4,214,14,85,28,827,55,0,94,741,115,630,144,26,153,526,155,406,175,277,189,157,196
frame_0103.jpg,700,0,587,4,352,0,476,2,796,5,218,9,87,22,821,54,0,87,738,113,630,141,26,146,529,151,410,170,281,184,159,191
frame_0104.jpg,592,2,797,5,356,0,481,1,222,9,88,24,822,51,0,90,742,111,636,139,535,151,27,150,417,171,287,186,164,194,-1,-1
frame_0105.jpg,706,0,595,5,799,4,483,4,358,5,222,16,89,32,824,52,0,100,745,112,639,142,539,155,29,160,421,177,291,193,168,203
frame_0106.jpg,793,0,589,6,479,8,355,12,220,27,86,47,820,46,742,109,0,117,639,141,540,156,31,176,422,181,294,201,171,215,-1,-1
frame_0107.jpg,791,0,588,8,477,13,353,18,217,35,819,46,84,56,741,111,0,128,639,144,540,161,423,188,32,188,295,209,173,225,-1,-1
frame_0108.jpg,696,0,788,4,586,6,477,7,354,8,219,19,86,36,814,51,0,105,736,110,635,140,536,153,30,164,420,176,292,194,170,204
frame_0109.jpg,694,2,588,5,358,0,480,3,784,8,223,8,89,22,809,53,0,87,733,109,631,135,534,146,28,145,418,166,290,180,167,187
frame_0110.jpg,356,0,584,7,690,6,477,4,223,7,778,12,91,19,802,59,0,83,725,114,624,140,26,143,528,150,412,169,284,181,163,188
frame_0111.jpg,354,0,580,8,474,4,221,7,775,13,89,18,798,59,0,82,722,113,622,139,26,141,525,148,410,167,284,180,162,186,-1,-1
frame_0112.jpg,355,0,223,3,475,6,580,13,91,11,774,23,796,68,0,72,718,121,25,131,618,144,521,151,407,166,280,176,159,179,-1,-1
frame_0114.jpg,222,0,353,0,92,5,472,8,577,17,682,19,770,30,0,65,791,77,23,125,712,128,611,149,515,154,401,167,275,174,155,175
frame_0115.jpg,218,2,348,0,89,7,466,9,572,17,763,31,0,65,784,75,706,126,23,124,605,147,510,153,396,165,271,173,152,174,-1,-1
frame_0116.jpg,218,2,348,0,90,8,466,8,571,15,762,29,0,66,783,74,706,124,22,126,605,146,510,151,396,164,271,172,152,174,-1,-1
frame_0117.jpg,219,2,349,0,90,7,466,9,571,16,762,30,0,64,784,75,706,124,23,123,605,146,510,151,396,164,271,170,152,171,-1,-1
frame_0120.jpg,221,0,350,1,92,4,467,12,572,21,675,25,761,38,0,60,781,83,20,118,704,131,603,150,507,154,392,166,148,169,267,169
frame_0121.jpg,216,0,343,1,90,5,460,11,564,18,754,34,0,61,775,79,20,119,695,128,594,148,498,152,386,163,261,168,145,168,-1,-1
frame_0122.jpg,213,0,339,1,89,5,455,10,558,18,751,34,0,60,771,79,20,117,691,128,589,148,493,152,380,163,143,167,257,167,-1,-1
frame_0123.jpg,211,1,337,0,87,6,453,8,556,15,662,17,750,28,0,62,771,75,20,119,690,125,588,146,492,150,379,162,257,167,142,167
frame_0124.jpg,209,1,336,0,87,6,452,8,556,15,750,29,0,63,772,75,20,120,690,124,586,146,490,151,377,162,255,167,142,168,-1,-1
frame_0125.jpg,211,0,338,0,88,5,454,7,559,15,664,17,753,28,0,62,774,75,20,119,693,125,590,145,494,150,381,162,258,167,144,167
frame_0126.jpg,213,0,88,3,339,1,455,12,560,20,666,24,755,38,0,58,774,85,19,115,692,133,587,152,491,155,378,165,140,165,255,167
frame_0128.jpg,212,0,88,3,339,3,455,15,562,24,669,30,759,42,0,58,777,91,19,115,693,139,588,157,491,160,140,168,377,169,255,170
frame_0130.jpg,214,0,89,1,342,5,459,18,565,28,762,50,0,55,781,98,18,113,695,146,589,162,491,164,140,167,255,171,377,172,-1,-1
frame_0131.jpg,213,0,88,1,340,6,457,19,564,30,763,53,0,55,780,103,17,114,694,149,586,166,488,168,137,168,251,173,374,175,-1,-1
frame_0132.jpg,213,0,88,0,341,4,459,16,567,27,676,32,767,48,0,56,785,98,18,115,698,145,590,164,492,166,140,169,377,174,254,173
frame_0133.jpg,216,0,90,1,345,5,464,18,573,29,681,35,773,50,0,57,791,100,19,115,704,147,596,166,497,167,142,170,258,174,382,175
frame_0134.jpg,91,0,218,2,346,8,465,23,573,34,773,57,0,56,790,108,17,114,702,153,594,170,494,171,138,170,254,175,378,177,-1,-1
frame_0135.jpg,92,0,217,5,345,14,464,31,573,45,683,55,0,54,776,75,15,113,791,126,699,170,133,171,247,179,588,184,487,182,371,185
frame_0136.jpg,92,0,219,5,349,15,469,33,578,49,0,55,691,60,784,80,16,115,798,133,705,177,136,175,251,184,492,189,593,191,375,191
frame_0137.jpg,94,0,221,8,352,22,472,43,0,51,582,62,694,76,787,98,16,113,800,151,134,177,250,189,706,193,492,199,374,199,593,203
frame_0138.jpg,96,0,225,12,356,31,0,48,475,58,585,79,14,111,790,122,801,177,132,178,249,194,373,209,705,215,491,213,593,221,-1,-1
frame_0139.jpg,96,0,225,15,354,35,0,46,473,63,582,87,692,106,12,107,782,133,129,177,792,186,245,195,369,212,486,218,699,222,587,227
frame_0140.jpg,98,0,225,17,353,39,0,45,472,68,579,91,11,106,688,113,778,142,127,176,789,194,243,196,367,214,484,221,695,228,584,232
frame_0142.jpg,97,0,222,15,350,35,0,46,468,61,576,83,685,102,11,106,774,128,126,173,785,180,241,190,364,207,481,212,693,216,581,221
frame_0143.jpg,97,0,222,13,349,32,0,46,467,58,574,80,680,97,11,105,774,124,126,172,786,176,241,189,365,205,481,210,693,212,582,218
frame_0145.jpg,95,0,220,13,348,31,0,46,465,57,572,78,681,96,11,105,771,121,125,171,784,173,239,187,363,203,691,209,480,207,580,215
frame_0147.jpg,95,0,218,12,346,28,0,47,463,51,570,70,679,87,11,106,771,110,784,161,126,170,240,184,692,199,363,198,480,201,580,207
frame_0148.jpg,97,0,222,12,349,32,0,45,465,56,572,77,681,95,11,104,771,120,125,170,783,172,240,186,363,202,691,207,480,206,580,214
frame_0149.jpg,95,0,220,11,347,28,0,47,464,51,570,70,679,87,11,106,769,110,783,162,127,171,241,184,692,198,365,198,481,201,581,207
frame_0150.jpg,95,0,220,9,347,23,464,44,0,50,571,61,679,76,769,97,13,108,783,148,129,171,245,182,693,187,484,194,368,193,583,198
frame_0151.jpg,95,0,222,7,350,20,467,40,573,55,0,49,681,69,770,90,14,108,784,140,133,169,695,181,249,181,489,189,373,190,587,192
frame_0152.jpg,94,0,221,5,350,16,467,33,574,47,0,53,682,58,771,78,16,111,787,127,699,169,136,170,253,179,493,182,592,183,377,185
frame_0153.jpg,94,0,221,4,350,14,468,31,575,44,682,55,0,52,771,74,16,112,788,124,700,166,138,170,255,178,593,180,495,180,379,184
frame_0155.jpg,96,0,224,6,353,19,471,38,576,54,0,51,769,85,15,110,784,134,137,170,699,175,255,180,496,185,593,187,380,188,-1,-1
frame_0160.jpg,99,0,232,8,363,25,481,48,0,50,586,66,692,81,776,102,16,110,790,151,141,175,262,186,704,191,504,197,388,196,601,201
frame_0161.jpg,99,0,229,8,360,21,478,42,0,50,582,58,686,71,772,92,15,110,786,140,141,171,701,180,260,182,501,188,386,190,598,191
frame_0162.jpg,96,0,224,3,353,13,470,29,574,42,0,52,764,69,17,109,781,116,697,157,140,166,594,172,498,172,259,173,384,176,-1,-1
frame_0163.jpg,94,0,222,0,349,8,465,21,569,33,672,39,760,56,0,53,776,103,16,110,694,147,590,163,494,165,138,164,256,170,380,171
frame_0164.jpg,91,0,215,1,342,7,458,21,561,33,666,42,0,52,754,57,771,106,16,109,688,150,136,165,584,166,487,167,251,170,374,172
frame_0165.jpg,217,0,91,2,344,5,460,18,564,29,758,48,0,55,776,96,18,113,694,142,590,160,493,162,140,167,256,170,380,170,-1,-1
frame_0166.jpg,93,0,220,0,348,6,464,20,569,32,675,39,763,54,0,53,782,102,18,110,699,147,595,164,497,165,141,166,258,171,383,172
frame_0169.jpg,98,0,230,1,363,6,482,19,588,32,782,54,0,55,801,102,17,117,719,150,615,167,516,168,146,173,398,177,269,177,-1,-1
frame_0170.jpg,361,0,228,3,590,12,483,6,697,11,95,11,786,20,810,66,0,72,731,118,22,131,628,142,529,150,411,166,281,175,157,179
frame_0172.jpg,707,0,600,4,798,5,492,5,369,5,233,15,97,31,822,50,0,98,745,107,642,136,542,150,23,158,423,172,289,188,161,200
frame_0173.jpg,780,0,578,7,470,10,349,14,219,28,89,48,808,46,729,106,0,116,624,139,525,155,23,173,407,180,278,199,155,211,-1,-1
frame_0175.jpg,769,0,564,19,456,29,336,41,801,44,206,63,81,90,727,109,624,148,0,162,526,169,410,201,29,217,282,228,164,248,-1,-1
frame_0176.jpg,771,0,569,17,461,26,340,36,803,45,210,57,82,83,730,110,628,148,0,156,530,168,415,199,29,214,285,226,165,245,-1,-1
frame_0177.jpg,779,0,686,1,577,14,469,21,347,30,810,45,215,49,85,74,735,110,634,147,0,148,536,166,420,196,30,207,290,222,169,240
frame_0178.jpg,786,0,584,20,475,30,352,41,817,45,218,64,85,94,743,113,643,153,0,172,545,175,429,209,32,230,299,238,175,260,-1,-1
frame_0179.jpg,807,0,714,1,604,14,493,21,367,30,837,47,226,51,87,77,762,115,661,152,0,155,563,173,445,205,34,217,311,231,184,252
frame_0180.jpg,819,3,725,0,614,11,503,15,375,20,232,38,848,49,91,59,770,113,0,135,667,148,566,166,448,193,32,197,311,217,182,234
frame_0182.jpg,729,2,618,5,378,0,506,2,824,11,236,8,95,22,849,59,0,92,767,120,663,149,29,157,562,160,441,181,305,196,175,204
frame_0183.jpg,380,0,238,4,618,15,507,8,97,11,730,16,823,26,847,75,0,76,762,132,25,141,656,156,556,163,434,180,297,189,168,193
frame_0184.jpg,381,0,240,3,99,10,507,9,618,16,728,16,822,28,847,78,0,75,762,134,24,140,655,158,555,165,434,180,296,190,167,192
frame_0186.jpg,375,0,232,4,619,12,504,6,94,14,736,14,836,25,859,79,0,80,765,140,22,147,651,166,547,173,422,190,284,198,159,201
frame_0187.jpg,238,0,99,1,378,3,505,16,617,28,729,33,824,49,0,61,847,100,20,126,757,152,647,172,546,174,423,184,158,184,285,187
frame_0188.jpg,239,0,100,2,380,2,506,15,617,27,728,32,821,47,0,63,844,98,21,128,757,151,651,171,549,174,427,185,160,187,289,189
frame_0190.jpg,248,0,103,4,391,2,516,14,624,24,731,28,821,41,0,66,845,90,22,133,764,143,662,164,563,169,442,183,301,189,169,190
frame_0191.jpg,109,0,256,3,401,11,528,27,635,42,740,50,0,59,829,68,850,117,20,128,769,166,667,184,568,186,168,192,445,195,303,196
frame_0192.jpg,258,0,109,2,405,4,531,18,639,30,831,51,0,62,854,99,22,131,773,151,673,171,574,175,451,187,171,190,309,192,-1,-1
frame_0193.jpg,251,0,106,2,395,0,519,12,625,23,730,28,818,41,0,64,841,90,22,132,761,143,661,164,565,169,443,182,302,189,169,189
frame_0196.jpg,376,0,604,8,709,6,498,3,236,9,798,14,97,21,826,59,0,87,748,117,651,144,26,151,555,154,437,175,300,190,171,198
frame_0199.jpg,231,0,96,3,368,1,488,13,594,25,789,43,0,60,815,92,20,124,733,143,632,163,535,166,417,176,156,180,282,183,-1,-1
frame_0200.jpg,366,0,230,4,94,10,487,8,591,17,787,30,0,71,814,76,735,132,23,134,636,153,540,160,422,174,287,185,162,187,-1,-1
frame_0201.jpg,231,0,95,4,367,1,488,13,0,62,816,89,20,127,734,144,633,163,537,166,418,178,157,183,282,184,-1,-1,-1,-1,-1,-1
frame_0202.jpg,95,0,228,0,363,4,483,17,588,31,690,38,784,53,0,56,807,101,19,120,725,152,624,169,528,170,411,178,154,178,277,182
frame_0203.jpg,227,0,94,3,363,0,483,11,586,22,781,40,0,59,806,87,21,122,725,140,626,159,530,161,414,172,156,177,280,179,-1,-1
frame_0204.jpg,361,0,227,6,481,6,585,13,93,15,778,22,805,68,0,75,728,123,23,136,630,146,535,153,419,169,285,181,161,186,-1,-1
frame_0205.jpg,689,2,585,5,362,0,482,2,778,7,226,12,91,25,806,52,0,90,733,110,637,137,542,148,26,151,427,169,293,187,169,196
frame_0206.jpg,365,0,589,6,484,3,780,10,229,9,92,22,808,55,0,86,734,113,637,139,544,149,26,148,428,168,293,186,169,194,-1,-1
frame_0207.jpg,363,0,588,10,483,4,228,7,93,17,781,18,808,63,0,79,732,120,634,144,23,141,539,152,423,170,288,184,163,189,-1,-1
frame_0208.jpg,360,0,586,9,481,4,226,7,782,15,93,18,810,61,0,80,732,119,632,144,23,142,536,152,419,170,285,184,161,189,-1,-1
frame_0209.jpg,358,0,586,10,479,5,223,8,785,18,91,17,814,64,0,79,734,121,22,140,632,146,535,153,416,171,282,184,159,188,-1,-1
frame_0211.jpg,358,0,590,7,481,2,797,12,222,9,91,22,827,58,0,83,744,119,639,144,22,143,538,153,417,171,282,185,157,191,-1,-1
frame_0213.jpg,359,0,595,5,806,7,484,2,222,11,90,24,838,55,0,88,757,116,649,144,23,150,545,154,424,173,287,189,161,196,-1,-1
frame_0215.jpg,815,0,605,7,493,9,367,12,229,28,94,47,845,47,766,112,0,116,660,143,556,158,25,177,434,183,296,205,168,217,-1,-1
frame_0216.jpg,815,0,599,20,485,27,357,38,851,46,220,62,87,89,773,116,663,155,0,161,559,175,434,207,28,221,298,236,170,254,-1,-1
frame_0217.jpg,811,0,592,23,477,32,849,43,350,45,214,72,83,101,773,115,665,155,0,174,559,177,436,211,31,232,300,242,174,263,-1,-1
frame_0218.jpg,829,0,726,1,608,12,492,17,363,24,225,45,863,46,92,67,780,115,0,137,668,151,561,166,434,196,27,197,296,221,168,236
frame_0219.jpg,832,0,610,7,493,9,363,13,225,30,91,50,866,47,782,115,0,118,668,147,559,161,25,178,432,186,294,208,165,218,-1,-1
frame_0220.jpg,835,0,612,6,495,7,365,10,226,26,92,44,868,47,784,114,0,111,671,145,560,158,26,171,433,182,295,203,167,214,-1,-1
frame_0221.jpg,840,1,737,0,617,9,500,10,369,14,230,30,93,49,873,49,789,114,0,117,675,147,564,161,25,177,437,185,298,207,168,218
frame_0225.jpg,388,0,647,8,523,3,244,9,881,14,104,20,911,64,0,85,820,127,22,147,696,154,578,162,443,179,299,193,163,197,-1,-1
frame_0228.jpg,396,0,251,6,535,7,663,15,108,15,904,25,934,79,0,79,838,141,19,144,708,167,585,172,445,188,299,197,160,199,-1,-1
frame_0229.jpg,399,0,252,6,540,6,669,14,109,16,911,23,941,76,0,79,846,138,20,144,715,164,591,170,450,185,303,196,164,198,-1,-1
frame_0230.jpg,400,0,673,6,542,2,918,8,254,9,109,23,949,63,0,91,854,130,21,155,722,158,597,168,455,187,307,201,166,207,-1,-1
frame_0231.jpg,677,5,404,0,925,7,546,2,256,11,110,27,955,61,0,97,859,130,725,161,20,162,599,172,456,193,309,208,165,214,-1,-1
frame_0232.jpg,812,0,676,5,399,0,927,6,543,1,251,11,107,25,958,61,0,95,860,128,724,160,22,160,598,171,455,192,308,206,167,211
frame_0233.jpg,405,0,255,7,550,5,684,11,110,17,938,19,967,76,0,84,865,141,21,151,729,168,600,176,455,193,307,203,165,205,-1,-1
frame_0234.jpg,406,0,257,5,552,7,688,14,111,14,946,24,0,81,974,83,870,148,20,149,730,175,600,181,454,197,305,204,162,205,-1,-1
frame_0235.jpg,409,0,258,7,555,6,694,12,834,10,110,19,954,20,984,79,0,86,879,145,20,153,738,173,606,181,459,198,309,207,165,209
frame_0237.jpg,412,0,259,5,704,13,562,6,848,12,111,14,972,23,0,83,1001,84,891,150,20,150,746,177,611,185,461,200,309,207,165,208
frame_0238.jpg,416,0,262,4,567,7,711,15,112,13,857,15,983,27,0,81,1013,89,20,149,900,154,751,182,615,189,463,203,310,208,165,208
frame_0239.jpg,426,0,269,3,117,12,580,8,724,16,872,16,998,28,0,81,1027,92,18,150,914,158,764,186,626,193,471,208,315,212,165,212
frame_0241.jpg,434,0,737,9,274,6,888,7,590,5,1016,19,119,18,1049,83,0,96,938,155,22,168,788,187,646,198,488,218,328,226,175,229
frame_0243.jpg,430,0,734,8,270,6,587,5,1015,16,116,18,1045,82,0,95,930,151,23,166,778,185,638,196,482,215,326,222,174,225,-1,-1
frame_0244.jpg,431,0,737,8,889,6,271,4,589,5,1018,18,116,17,1049,82,0,94,933,150,24,164,781,183,640,194,484,213,326,219,175,222
frame_0245.jpg,887,0,735,6,428,3,586,6,268,11,1019,11,114,25,1050,76,0,103,934,145,24,173,782,181,641,195,485,216,327,224,177,230
frame_0248.jpg,270,0,431,3,115,6,590,14,741,22,899,27,1031,45,0,80,1055,115,23,152,929,179,772,206,630,212,171,218,318,221,473,224
frame_0249.jpg,270,0,116,2,431,5,591,20,743,33,900,40,1034,62,0,71,1057,131,22,142,928,190,168,210,769,213,627,216,315,216,469,223
frame_0254.jpg,112,0,263,3,425,13,588,32,747,48,915,59,0,69,1057,86,20,141,1081,162,161,213,942,220,307,225,623,237,773,239,461,238
frame_0255.jpg,114,0,264,1,426,11,590,29,751,43,922,55,0,67,1068,83,17,136,1092,157,155,207,946,214,300,219,620,231,455,233,772,233
frame_0257.jpg,117,0,268,13,428,35,0,59,589,67,745,92,910,116,13,131,1051,152,149,213,1071,229,294,235,447,261,610,270,930,274,760,282
frame_0258.jpg,116,0,273,7,437,22,597,46,750,64,0,67,908,80,1042,110,21,141,1067,181,173,218,323,231,941,234,639,247,480,247,784,250
frame_0259.jpg,288,0,458,0,123,5,771,16,620,11,924,19,1050,34,0,82,1074,100,26,153,955,159,803,190,664,201,344,214,188,217,505,216
frame_0262.jpg,916,0,761,4,447,0,281,5,610,5,1046,11,118,19,1071,77,0,102,951,143,27,173,798,180,658,196,500,218,341,223,187,231
frame_0264.jpg,912,1,759,5,443,0,277,4,605,4,1043,13,116,17,1071,80,0,99,951,146,27,171,797,183,657,198,499,219,340,222,186,229
frame_0267.jpg,909,0,756,7,1038,8,605,11,443,11,276,20,114,37,1069,73,0,122,953,142,803,183,30,192,663,202,506,227,347,236,192,247
frame_0268.jpg,907,0,1036,4,756,13,605,22,443,27,276,42,113,65,1069,68,956,141,0,156,808,187,670,211,34,226,514,242,355,257,200,274
frame_0269.jpg,903,0,1031,4,753,15,603,25,442,32,276,48,1066,66,114,73,956,140,0,164,810,187,671,212,31,234,514,245,353,262,198,281
frame_0273.jpg,1004,0,884,0,742,17,599,27,441,37,275,59,1037,58,112,88,937,135,801,182,0,180,670,208,520,244,35,251,361,270,206,292
frame_0274.jpg,877,0,996,2,736,12,595,19,439,25,275,43,1029,59,113,66,927,131,0,151,791,174,662,196,33,220,512,227,353,247,200,265
frame_0275.jpg,986,0,732,13,594,21,440,29,276,48,1021,58,114,75,925,134,0,167,793,179,666,203,518,238,33,239,359,263,203,283,-1,-1
frame_0276.jpg,983,0,867,0,731,13,594,20,440,28,277,47,1016,58,114,73,919,131,0,162,789,175,663,198,516,231,34,232,358,255,204,275
frame_0277.jpg,881,0,746,7,994,6,609,6,455,7,289,19,122,36,1024,63,0,121,927,131,797,168,670,186,29,192,521,213,359,231,201,244
frame_0281.jpg,469,0,299,5,760,12,624,6,893,10,127,16,1003,22,1030,79,0,98,932,144,802,177,26,174,677,190,527,213,361,224,200,233
frame_0282.jpg,460,0,293,4,749,11,613,6,124,16,994,22,1021,80,0,97,921,144,28,171,791,176,667,189,518,210,356,221,198,228,-1,-1
frame_0283.jpg,872,1,739,5,451,0,604,3,984,10,286,8,120,23,1013,67,0,105,914,134,785,168,29,179,661,183,514,208,353,222,198,233
frame_0284.jpg,868,0,735,4,448,0,600,3,980,7,282,10,118,24,1009,65,0,105,910,131,782,166,30,177,658,181,512,206,353,220,198,231
frame_0285.jpg,452,0,738,7,604,4,286,7,983,13,120,22,1011,72,0,102,913,137,785,170,29,175,661,185,514,208,354,221,199,231,-1,-1
frame_0286.jpg,451,0,737,10,286,5,871,8,604,5,121,17,981,18,1009,76,0,97,911,140,29,171,782,173,659,186,512,207,352,219,197,227
frame_0287.jpg,297,0,466,1,126,6,620,11,754,20,886,23,994,38,0,82,1021,94,925,153,28,157,798,181,675,191,526,208,362,216,202,219
frame_0289.jpg,476,0,897,6,767,9,632,5,304,7,1005,17,129,20,1032,74,0,106,936,140,811,173,31,182,688,188,539,213,373,228,210,239
frame_0291.jpg,444,0,282,4,725,15,593,8,119,14,855,14,965,27,991,85,0,91,891,148,27,165,764,178,643,189,499,209,341,218,191,224
frame_0292.jpg,438,0,850,6,719,9,276,6,586,5,961,16,115,18,988,74,0,96,889,139,29,168,763,171,642,183,498,205,342,216,192,225
frame_0293.jpg,848,0,717,4,436,0,584,2,958,8,274,9,113,25,987,64,0,105,889,131,763,165,31,176,644,180,501,204,346,219,196,229
frame_0294.jpg,844,0,713,7,954,7,433,6,581,7,273,16,112,36,983,64,0,116,886,131,761,167,641,183,31,186,499,209,343,225,195,237
frame_0295.jpg,836,0,947,6,705,7,574,8,426,8,267,20,109,39,976,62,0,121,879,131,755,168,635,185,30,191,494,211,340,228,193,241
frame_0296.jpg,832,0,701,7,942,6,570,8,424,9,265,21,109,40,971,62,0,120,874,131,749,167,630,184,30,190,490,209,336,226,191,239
frame_0297.jpg,825,0,934,4,696,9,567,12,422,14,264,29,107,50,965,58,871,127,0,129,749,164,631,182,30,198,492,210,339,229,192,242
frame_0303.jpg,470,0,300,6,623,8,754,17,128,16,995,29,1025,85,0,92,928,152,25,170,803,181,680,191,531,211,363,226,202,233,-1,-1
frame_0305.jpg,446,0,596,4,725,10,281,11,968,18,119,23,1002,72,0,98,906,141,781,172,26,172,660,182,514,203,350,221,194,229,-1,-1
frame_0306.jpg,439,0,721,10,589,4,277,11,971,16,115,25,1005,72,0,100,908,143,781,174,27,173,657,184,510,206,346,223,193,230,-1,-1
frame_0309.jpg,455,0,609,5,745,12,882,10,287,11,1000,18,122,25,1036,75,0,101,936,148,805,178,28,176,678,188,525,210,357,228,199,235
frame_0310.jpg,454,0,610,6,748,13,286,11,1009,20,121,24,1045,78,0,97,942,151,26,173,808,181,677,189,523,210,354,227,196,231,-1,-1
frame_0311.jpg,451,0,608,5,749,11,892,8,1016,16,284,12,120,25,1054,75,0,100,949,149,26,174,811,180,679,189,522,211,353,228,195,233
frame_0314.jpg,467,0,630,3,775,9,1051,12,295,13,126,29,1090,73,0,105,983,151,840,182,27,181,702,192,540,215,366,235,201,241,-1,-1
frame_0315.jpg,473,0,639,3,788,11,1069,16,299,12,128,26,1109,76,0,103,999,154,27,178,852,186,711,194,546,216,371,234,203,239,-1,-1
frame_0316.jpg,482,0,651,4,801,11,1087,15,305,14,131,29,1128,75,0,108,1017,156,27,186,867,189,724,198,556,222,378,242,207,248,-1,-1
frame_0317.jpg,814,7,491,0,1105,7,661,2,311,16,134,34,1146,69,0,116,1036,150,884,186,28,194,738,197,568,223,385,245,211,253,-1,-1
frame_0318.jpg,499,0,985,2,1121,6,828,7,672,1,316,16,136,35,1163,69,0,117,1051,152,899,187,27,196,749,200,575,225,391,249,213,257
frame_0319.jpg,503,0,836,9,678,2,1132,8,319,16,139,33,1175,71,0,116,1061,154,905,191,27,196,753,202,578,228,392,251,212,258,-1,-1
frame_0320.jpg,501,0,676,3,998,5,836,10,1137,11,318,16,139,32,1179,75,0,114,1063,158,904,193,26,193,750,203,573,228,387,248,209,256
frame_0321.jpg,1133,0,828,4,666,0,491,1,311,20,134,40,1177,62,0,122,1059,149,897,187,26,200,742,199,565,227,382,250,205,258,-1,-1
frame_0325.jpg,1127,0,810,6,645,4,472,5,298,23,130,44,1169,66,0,124,1046,154,875,192,22,199,715,204,537,230,360,251,191,259,-1,-1
frame_0326.jpg,476,0,986,1,1134,7,817,7,650,1,301,15,132,33,1175,74,0,110,1049,160,22,187,876,195,715,204,536,227,359,245,189,249
frame_0328.jpg,1149,1,999,0,825,10,655,6,478,7,302,26,133,47,1191,70,0,126,1064,160,886,198,22,202,721,210,538,235,362,257,189,262
frame_0329.jpg,1155,1,1005,0,830,13,658,12,480,16,303,38,133,63,1197,68,0,144,1072,160,893,201,726,216,24,222,544,245,367,269,192,278
frame_0330.jpg,1158,2,1007,0,831,9,659,4,481,5,306,23,135,45,1198,69,0,124,1070,160,890,197,21,199,722,209,538,234,363,255,188,260
frame_0331.jpg,1147,1,996,0,821,12,648,10,472,14,300,34,133,58,1188,67,0,136,1061,158,880,198,20,209,711,211,528,238,356,260,183,268
frame_0332.jpg,1129,0,801,17,630,19,457,25,289,47,128,74,1171,67,0,153,1044,161,861,204,693,220,21,226,512,248,343,272,176,281,-1,-1
frame_0333.jpg,1115,0,784,21,614,26,443,35,280,58,1159,67,124,86,1031,162,0,165,848,207,679,224,21,236,500,255,336,279,173,289,-1,-1
frame_0335.jpg,1117,0,965,2,791,16,620,19,449,25,285,47,1159,65,126,74,0,153,1035,157,853,201,684,217,21,225,505,246,341,270,176,280
frame_0339.jpg,1130,0,970,6,786,27,609,35,436,47,1172,69,275,74,121,106,1037,173,0,188,846,221,672,241,22,260,493,274,332,300,172,312
frame_0340.jpg,1141,0,794,20,615,23,441,30,278,53,122,80,1182,73,0,160,1044,172,851,217,21,233,676,232,495,260,334,281,172,289,-1,-1
frame_0341.jpg,1147,0,987,3,801,19,622,20,446,27,283,49,125,75,1187,73,0,156,1051,171,857,215,23,230,681,230,498,258,337,279,174,286
frame_0342.jpg,1148,0,801,24,622,28,446,38,282,62,1191,73,126,91,0,173,1055,174,860,221,684,239,23,248,500,270,338,294,173,303,-1,-1
frame_0344.jpg,1182,0,1018,4,827,23,641,28,458,38,288,65,1224,72,125,95,1086,175,0,181,890,223,710,243,27,256,522,275,356,300,186,311
frame_0345.jpg,1203,0,1040,1,849,15,660,15,474,20,300,42,132,71,1243,75,0,157,1105,175,907,221,24,235,725,237,534,266,363,287,188,295
frame_0347.jpg,1209,0,1041,3,847,23,659,28,473,38,300,64,1250,74,133,95,1108,180,0,184,906,229,722,249,23,261,529,282,358,307,184,318
frame_0348.jpg,1200,0,1030,6,834,27,643,33,459,44,290,71,1245,76,127,103,1100,183,0,191,895,234,709,254,23,267,517,288,350,312,179,323
frame_0349.jpg,1205,0,1030,6,832,28,641,35,457,47,288,73,1249,79,127,104,1101,188,0,192,893,238,706,258,24,269,513,291,348,315,177,325
frame_0352.jpg,1200,0,804,60,1253,79,608,82,426,108,264,148,114,191,1099,204,879,274,0,284,686,307,496,353,26,358,336,386,174,406,-1,-1
frame_0354.jpg,1215,0,1030,14,822,45,625,60,440,80,1264,81,275,113,119,151,1109,203,0,243,890,264,697,290,26,319,505,329,342,357,177,371
frame_0357.jpg,1259,0,1069,11,856,41,653,55,460,73,1310,82,287,108,125,145,1151,205,0,240,928,265,729,292,28,320,529,332,359,360,187,376
frame_0359.jpg,1294,0,1103,13,887,44,681,59,482,78,1346,83,303,114,132,154,1186,208,0,252,961,272,759,299,28,334,553,342,376,372,195,389
frame_0362.jpg,1323,0,1120,17,891,51,678,69,1378,86,476,92,298,131,129,173,1206,220,0,272,968,286,758,316,29,353,548,360,371,391,192,408
frame_0365.jpg,1340,0,1128,17,892,52,674,70,470,93,1395,89,293,132,127,173,1215,226,0,272,968,294,752,323,28,353,540,365,365,396,188,411
frame_0366.jpg,1351,0,1138,14,901,46,681,61,476,81,1406,90,297,116,129,157,1225,225,0,255,976,290,758,317,27,338,543,357,367,385,188,398
frame_0367.jpg,1368,0,1155,11,918,43,695,55,487,72,1423,92,305,106,135,146,1239,226,0,243,989,289,769,314,26,327,552,352,371,378,190,390
frame_0372.jpg,1434,0,1207,23,957,70,719,97,1497,101,498,126,307,172,130,222,1310,252,1049,335,0,338,819,376,38,427,593,428,407,462,216,485
frame_0374.jpg,1474,0,1234,27,974,82,1542,107,727,116,500,152,306,200,128,254,1344,264,1075,356,0,379,839,405,609,463,44,468,418,497,227,524
frame_0376.jpg,1500,0,1249,35,978,101,1573,114,724,148,491,192,295,245,1370,282,117,307,1096,388,0,441,856,447,625,513,53,530,436,548,244,582
frame_0378.jpg,1517,0,1260,37,983,109,1591,118,725,163,489,210,289,264,1382,285,111,328,1105,395,0,463,864,459,633,527,56,550,444,560,253,597
frame_0380.jpg,1512,0,1256,33,979,98,1586,115,723,148,488,190,290,240,1376,276,113,299,1099,381,0,431,858,442,627,505,54,517,438,535,247,568
frame_0381.jpg,1521,0,1263,28,984,88,1595,115,727,134,492,172,292,219,115,274,1382,272,1101,373,0,403,858,429,53,491,624,489,437,513,244,544
frame_0382.jpg,1531,0,1270,30,988,93,1604,120,728,141,492,181,292,229,113,287,1389,281,1106,384,0,419,863,443,54,507,628,505,439,530,246,561
frame_0386.jpg,1440,0,1200,11,930,54,669,83,418,109,1504,114,199,146,0,195,1304,252,1038,340,796,388,553,442,139,489,-1,-1,-1,-1,-1,-1
frame_0387.jpg,1447,0,1208,12,938,54,677,83,424,107,1512,113,203,144,0,194,1312,252,1044,340,801,388,553,443,344,463,128,491,-1,-1,-1,-1
frame_0388.jpg,1535,0,1290,13,1014,56,752,88,502,114,1597,118,281,151,79,200,1388,262,1114,351,869,400,0,435,623,454,414,475,201,502,-1,-1
frame_0389.jpg,1602,0,1344,10,1059,53,793,83,545,106,1664,121,329,141,135,187,1439,266,0,316,1154,351,905,394,50,410,659,442,455,457,251,478
frame_0390.jpg,1612,0,1340,18,1044,69,773,106,1679,123,526,136,315,174,127,225,1444,277,0,352,1146,370,891,417,48,444,644,468,442,485,243,508
frame_0392.jpg,1594,0,1326,24,1027,82,757,126,509,162,300,206,116,259,1463,278,1161,380,0,387,900,434,52,476,650,490,446,510,249,536,-1,-1
frame_0393.jpg,1619,0,1372,4,1097,40,834,64,580,83,351,115,1686,116,142,158,1476,252,0,291,1201,335,953,378,47,393,700,428,482,444,263,465
frame_0394.jpg,1474,0,1238,3,970,34,710,54,453,70,218,99,1535,114,0,142,1330,244,1063,324,821,366,566,415,343,432,117,454,-1,-1,-1,-1
frame_0396.jpg,1595,1,1360,0,1095,29,841,46,590,60,360,87,1653,114,147,127,1448,240,0,253,1183,315,44,354,945,352,697,396,479,410,259,428
frame_0397.jpg,1351,0,1581,2,1089,27,838,42,590,54,362,79,150,117,1640,113,1437,237,0,242,1176,309,46,342,940,344,695,386,479,399,261,416
frame_0398.jpg,1338,0,1574,4,1074,28,823,43,578,54,354,80,147,117,1628,115,0,240,1417,241,1152,312,42,339,917,346,673,386,460,398,248,413
frame_0399.jpg,1328,0,1570,4,1057,27,803,41,560,52,341,77,141,113,1626,118,0,231,1407,243,1134,313,41,327,896,344,653,380,444,389,239,401
frame_0404.jpg,1303,0,1046,9,570,6,805,9,1529,14,352,19,151,43,1578,124,0,149,1367,232,34,244,1106,285,877,301,429,326,639,325,224,327
frame_0405.jpg,1302,0,1042,9,562,7,799,9,1532,14,345,20,145,44,1586,126,0,150,1376,238,36,247,1113,291,882,306,434,330,229,331,642,330
frame_0407.jpg,1309,0,1046,9,563,4,801,8,345,17,1543,16,147,39,1591,129,0,143,33,238,1376,241,1109,290,875,304,223,323,425,324,635,326
frame_0408.jpg,1304,0,1045,13,1533,15,563,13,801,13,346,27,146,52,1586,125,0,159,1374,237,35,255,1112,290,881,308,642,333,432,334,229,337
frame_0409.jpg,1302,0,1530,10,1044,15,803,21,565,23,347,42,146,69,1584,121,0,178,1375,235,37,273,1115,293,886,314,647,342,436,347,232,352
frame_0410.jpg,1300,0,1527,7,1044,18,802,25,565,31,347,50,146,82,1581,115,0,193,1374,232,39,289,1117,293,889,317,651,349,440,357,235,365
frame_0411.jpg,1297,0,1524,6,1039,19,799,28,562,36,343,58,143,90,1579,113,0,202,1373,231,38,296,1116,293,888,319,651,352,440,361,237,371
frame_0412.jpg,1294,0,1522,4,1038,24,797,36,561,46,343,71,142,105,1578,111,0,219,1373,231,1117,297,40,313,889,326,653,362,443,374,238,385
frame_0414.jpg,1297,0,1523,4,1040,21,799,33,562,41,343,66,143,99,1577,111,0,213,1371,231,1114,295,40,307,887,323,651,358,442,370,238,381
frame_0416.jpg,1293,0,1517,6,1040,19,801,28,565,34,347,56,145,89,1571,112,0,200,1369,228,1115,290,40,295,890,315,654,349,444,359,239,369
frame_0417.jpg,1289,0,1505,6,1042,17,808,25,573,31,354,51,148,82,1561,108,0,194,1368,222,1122,281,40,288,899,307,664,341,452,352,244,362
frame_0418.jpg,1297,0,1507,7,1056,16,823,21,588,26,367,45,156,76,1562,107,0,190,1375,219,1133,280,38,288,912,306,676,341,459,354,245,365
frame_0419.jpg,1305,0,1513,8,1065,15,834,20,598,22,373,41,160,72,1565,110,0,185,1380,222,1140,282,38,285,920,306,683,341,466,353,247,363
frame_0420.jpg,1304,0,1062,12,1514,9,830,13,595,13,372,29,161,56,1565,111,0,168,1377,222,36,267,1134,278,912,300,674,331,457,340,241,348
frame_0422.jpg,593,0,1302,3,1060,10,827,5,371,11,1513,19,161,33,1562,121,0,140,1371,228,33,239,1127,277,904,294,666,319,451,323,236,325
frame_0425.jpg,588,0,1299,5,1055,10,822,5,368,12,1511,20,159,35,1561,123,0,139,1368,230,30,239,1120,280,897,295,658,320,443,323,230,325
frame_0426.jpg,1298,0,1052,11,1512,11,583,10,817,11,364,25,157,53,1563,115,0,159,1368,228,31,257,1119,281,894,300,656,327,444,335,231,339
frame_0430.jpg,1301,0,1518,9,1054,14,817,14,583,15,364,33,158,61,1571,112,0,170,1377,228,32,269,1126,283,898,304,658,334,445,344,231,350
frame_0431.jpg,1307,0,1059,8,588,3,823,6,1524,13,369,17,161,41,1577,116,0,148,1380,230,33,247,1127,280,899,296,658,323,444,329,231,331
frame_0432.jpg,581,0,1306,5,1053,10,816,5,363,12,1525,20,159,33,1577,124,0,137,31,237,1377,236,1120,285,890,298,649,321,436,324,225,323
frame_0433.jpg,587,0,369,10,1310,9,1060,14,822,7,1529,27,161,31,0,135,1580,132,28,234,1380,243,1123,289,892,301,224,323,651,323,437,325
frame_0434.jpg,585,0,1310,5,1059,11,821,5,367,11,1530,21,161,33,1583,126,0,137,30,236,1383,238,1126,285,895,299,652,322,226,324,440,325
frame_0435.jpg,588,0,370,7,824,12,1062,24,163,24,1313,24,1533,43,0,125,1583,150,26,225,1379,259,1120,300,888,308,219,318,431,324,645,325
frame_0437.jpg,590,0,371,8,826,10,1065,21,1316,18,163,26,1536,38,0,128,1587,144,27,228,1385,253,1125,298,893,306,220,319,435,325,649,325
frame_0438.jpg,596,0,375,8,833,10,1073,22,1323,19,166,25,1543,38,0,130,1593,146,28,231,1392,256,1133,301,902,309,224,324,440,329,656,329
frame_0442.jpg,612,0,847,9,390,14,1083,23,1327,19,177,34,1542,35,0,131,1596,135,20,232,1402,251,1146,293,912,299,662,319,217,324,439,329
frame_0444.jpg,1477,0,1271,1,1037,16,812,11,587,16,374,44,171,74,1535,87,0,168,1357,209,1112,259,21,262,886,272,645,305,427,331,211,338
frame_0445.jpg,1451,0,1002,51,775,63,1515,82,555,87,352,130,158,173,1336,223,0,271,1087,287,861,313,24,358,624,359,412,400,207,417,-1,-1
frame_0446.jpg,1420,0,1499,72,946,112,715,153,498,203,1332,237,309,267,133,330,1072,333,836,384,0,436,602,455,32,515,401,516,209,552,-1,-1
frame_0447.jpg,1373,0,1460,65,943,87,725,120,512,163,1312,218,321,226,139,285,1073,306,851,353,0,397,623,423,35,480,422,484,222,521,-1,-1
frame_0450.jpg,442,0,1049,59,268,109,829,159,104,216,613,281,0,365,429,387,55,449,244,461,-1,-1,-1,-1,-1,-1,-1,-1,-1,-1,-1,-1
frame_0474.jpg,1327,0,878,41,663,46,469,60,1392,81,299,92,138,125,0,206,1232,220,968,276,4,287,736,290,510,322,320,349,143,354,-1,-1
frame_0475.jpg,1299,0,855,66,643,81,452,106,286,148,131,188,1211,222,0,271,953,286,726,310,10,348,505,352,323,392,151,405,-1,-1,-1,-1
frame_0476.jpg,1282,0,1335,67,841,71,632,89,442,118,279,162,127,205,1194,214,938,282,0,288,715,310,499,356,12,362,320,398,151,414,-1,-1
frame_0477.jpg,1275,0,1329,68,836,82,627,105,438,138,274,185,1189,214,124,231,936,288,0,315,714,318,500,369,12,386,323,414,154,434,-1,-1
frame_0480.jpg,1280,0,1357,68,844,90,636,117,446,153,282,206,1203,217,128,254,953,295,728,332,0,344,512,387,15,419,332,440,160,465,-1,-1
frame_0482.jpg,1265,0,1339,63,834,97,625,127,438,167,1183,214,278,223,126,276,934,296,712,335,0,365,501,394,16,437,328,451,158,477,-1,-1
frame_0483.jpg,1269,0,1340,65,847,89,640,115,452,152,290,206,1185,213,135,258,938,288,719,326,0,347,506,382,13,420,331,437,158,463,-1,-1
frame_0484.jpg,1276,0,1346,64,850,95,643,123,456,164,293,219,1189,214,136,271,940,293,719,334,0,363,506,394,13,438,330,451,156,479,-1,-1
frame_0486.jpg,1310,0,1387,64,858,106,642,139,450,181,1221,231,288,240,132,295,954,315,721,355,0,387,500,418,11,463,324,477,151,506,-1,-1
frame_0488.jpg,1367,0,1449,65,886,116,658,149,459,195,1267,240,292,256,135,313,982,327,737,369,0,404,507,432,10,479,327,494,150,521,-1,-1
frame_0489.jpg,1373,0,1459,66,892,117,664,150,463,196,1279,239,296,258,136,315,994,328,746,370,0,407,514,435,9,482,330,497,152,525,-1,-1
frame_0490.jpg,1389,0,1472,65,906,113,676,144,475,188,1290,240,305,250,142,307,1002,325,753,366,0,399,518,430,8,477,333,493,151,520,-1,-1
frame_0491.jpg,1384,0,1468,65,902,125,673,161,472,210,1288,244,303,275,142,333,1001,338,751,383,0,430,515,450,8,505,333,518,152,550,-1,-1
frame_0493.jpg,1368,0,1450,64,887,137,659,177,462,231,1269,249,300,299,142,364,978,350,728,399,0,460,496,472,6,537,320,543,141,576,-1,-1
frame_0494.jpg,1361,0,1443,62,877,143,649,186,455,240,1259,253,296,308,965,355,141,371,713,405,0,468,483,477,7,544,311,550,138,583,-1,-1
frame_0495.jpg,1353,0,1433,61,864,151,637,196,445,252,1248,258,290,323,950,362,139,386,698,416,0,483,471,491,5,559,302,564,132,599,-1,-1
frame_0497.jpg,1329,0,1410,59,845,162,619,212,1226,261,432,272,283,344,927,377,135,410,675,433,0,510,450,512,3,586,288,588,123,624,-1,-1
frame_0498.jpg,1333,0,1413,62,840,159,614,207,427,263,1223,266,280,334,917,376,136,400,663,429,0,495,439,505,0,571,279,579,115,611,-1,-1
frame_0500.jpg,1341,0,1424,64,843,169,615,220,1232,278,427,280,280,352,921,390,136,419,664,446,1,516,438,524,0,592,280,599,116,632,-1,-1
frame_0503.jpg,1374,0,1463,61,861,193,626,252,1266,285,436,320,287,399,946,413,140,474,680,479,448,567,0,575,2,653,287,650,119,690,-1,-1
frame_0505.jpg,1425,0,813,173,580,244,1226,247,397,322,899,393,261,407,125,484,635,469,415,565,0,589,267,653,4,663,112,694,-1,-1,-1,-1
frame_0508.jpg,1211,0,1288,54,741,234,1113,299,528,308,363,386,811,446,241,470,568,527,120,550,366,624,0,652,96,757,-1,-1,-1,-1,-1,-1
frame_0509.jpg,1207,0,1281,56,733,235,1100,305,520,308,359,386,797,453,120,547,555,531,356,627,0,650,0,724,94,757,-1,-1,-1,-1,-1,-1
frame_0510.jpg,1214,0,1286,56,731,228,518,298,1101,305,356,372,790,446,119,525,546,521,347,611,0,625,87,732,-1,-1,-1,-1,-1,-1,-1,-1
frame_0511.jpg,1219,0,1293,58,733,237,518,311,1105,311,357,388,793,459,547,537,349,632,0,649,88,757,-1,-1,-1,-1,-1,-1,-1,-1,-1,-1
frame_0512.jpg,1234,0,1311,58,740,236,522,309,359,386,801,462,553,539,350,633,0,647,87,758,-1,-1,-1,-1,-1,-1,-1,-1,-1,-1,-1,-1
frame_0513.jpg,1265,0,1346,60,754,239,532,312,1143,321,364,387,814,469,122,545,560,545,354,639,0,647,87,761,-1,-1,-1,-1,-1,-1,-1,-1
frame_0514.jpg,1352,0,746,188,522,265,1151,269,355,343,816,424,557,503,353,597,0,604,90,718,-1,-1,-1,-1,-1,-1,-1,-1,-1,-1,-1,-1
frame_0515.jpg,1251,0,1345,66,732,264,1149,344,507,346,343,427,813,508,116,591,552,594,349,693,0,699,91,816,-1,-1,-1,-1,-1,-1,-1,-1
frame_0517.jpg,1294,0,1395,80,749,266,517,348,1183,372,350,429,831,541,561,626,0,707,353,723,2,790,92,838,-1,-1,-1,-1,-1,-1,-1,-1
frame_0519.jpg,1368,0,1478,98,772,255,527,331,353,404,856,562,571,635,0,668,354,721,4,754,-1,-1,-1,-1,-1,-1,-1,-1,-1,-1,-1,-1
frame_0522.jpg,1428,0,1533,137,758,245,502,315,328,377,1255,455,0,621,548,661,5,710,336,726,-1,-1,-1,-1,-1,-1,-1,-1,-1,-1,-1,-1
frame_0525.jpg,1342,0,1452,139,724,232,479,300,314,360,805,583,0,601,529,641,10,688,328,705,-1,-1,-1,-1,-1,-1,-1,-1,-1,-1,-1,-1
frame_0528.jpg,1340,0,1434,150,728,181,486,232,320,279,1166,425,0,497,786,539,6,585,515,578,315,627,-1,-1,-1,-1,-1,-1,-1,-1,-1,-1
frame_0529.jpg,1354,0,1027,75,728,163,1445,156,482,205,319,247,0,450,777,525,504,553,307,593,-1,-1,-1,-1,-1,-1,-1,-1,-1,-1,-1,-1
frame_0530.jpg,1365,0,725,165,1456,162,480,210,316,251,206,292,1165,434,0,455,3,540,774,534,501,560,-1,-1,-1,-1,-1,-1,-1,-1,-1,-1
frame_0531.jpg,1363,0,1032,71,730,158,1452,161,483,198,318,237,208,277,0,438,776,525,504,550,307,587,-1,-1,-1,-1,-1,-1,-1,-1,-1,-1
frame_0532.jpg,1361,0,736,156,1454,162,488,199,321,239,209,279,0,442,787,526,512,553,312,592,86,613,-1,-1,-1,-1,-1,-1,-1,-1,-1,-1
frame_0533.jpg,1366,0,1044,68,746,152,1461,158,496,193,327,234,215,275,0,441,802,525,524,554,319,594,86,615,-1,-1,-1,-1,-1,-1,-1,-1
frame_0535.jpg,1370,0,736,172,1471,165,485,218,319,262,208,304,1190,441,0,475,798,548,520,581,319,624,-1,-1,-1,-1,-1,-1,-1,-1,-1,-1
frame_0536.jpg,1382,0,1051,78,749,174,1481,162,496,224,325,269,212,312,0,489,815,555,532,592,328,638,95,663,-1,-1,-1,-1,-1,-1,-1,-1
frame_0537.jpg,1353,0,1463,164,724,213,472,279,303,334,194,386,0,575,821,593,544,647,19,665,343,704,-1,-1,-1,-1,-1,-1,-1,-1,-1,-1
frame_0538.jpg,1384,0,1040,103,1488,172,732,221,476,287,306,343,0,583,819,608,540,661,339,716,111,752,-1,-1,-1,-1,-1,-1,-1,-1,-1,-1
frame_0541.jpg,1412,0,1041,94,720,204,1532,189,463,263,297,312,190,355,0,534,807,610,522,649,322,693,-1,-1,-1,-1,-1,-1,-1,-1,-1,-1
frame_0542.jpg,1423,0,1046,84,722,187,1543,195,463,240,295,283,189,323,0,501,1226,491,806,604,518,635,-1,-1,-1,-1,-1,-1,-1,-1,-1,-1
frame_0544.jpg,1460,0,1062,68,726,158,460,201,294,237,1579,214,189,269,0,439,1237,496,801,589,510,605,-1,-1,-1,-1,-1,-1,-1,-1,-1,-1
frame_0545.jpg,1504,0,1109,42,767,112,492,142,316,169,203,196,0,364,1258,486,825,561,527,566,319,583,-1,-1,-1,-1,-1,-1,-1,-1,-1,-1
frame_0547.jpg,1348,0,958,25,606,82,313,102,121,122,0,148,1438,228,1090,475,341,543,653,542,117,555,-1,-1,-1,-1,-1,-1,-1,-1,-1,-1
frame_0548.jpg,1061,0,703,61,411,84,223,107,103,132,0,183,1558,200,1194,456,749,524,211,538,-1,-1,-1,-1,-1,-1,-1,-1,-1,-1,-1,-1
frame_0549.jpg,1593,0,1159,40,792,108,504,135,321,160,206,186,111,235,1696,247,0,352,1299,514,531,578,314,588,839,579,-1,-1,-1,-1,-1,-1
frame_0551.jpg,1148,0,769,87,481,129,302,161,193,191,1732,192,0,363,1330,486,532,573,847,568,321,586,-1,-1,-1,-1,-1,-1,-1,-1,-1,-1
frame_0554.jpg,1171,0,787,93,491,137,305,172,193,203,1767,191,0,383,1355,490,111,587,871,579,554,589,335,607,-1,-1,-1,-1,-1,-1,-1,-1
frame_0557.jpg,1185,0,794,83,495,122,309,152,196,177,1789,214,0,356,1366,504,108,567,552,585,874,582,332,596,-1,-1,-1,-1,-1,-1,-1,-1
frame_0558.jpg,1185,0,795,85,494,124,309,154,197,180,1792,215,0,360,1366,506,552,587,873,585,332,599,-1,-1,-1,-1,-1,-1,-1,-1,-1,-1
frame_0559.jpg,1664,0,1186,58,795,141,495,180,308,210,105,292,1791,273,0,415,1364,563,550,643,873,641,331,654,-1,-1,-1,-1,-1,-1,-1,-1
frame_0560.jpg,1189,0,800,82,498,116,313,145,1789,219,0,349,1362,506,548,581,330,591,874,580,-1,-1,-1,-1,-1,-1,-1,-1,-1,-1,-1,-1
frame_0561.jpg,1676,0,1210,34,821,100,519,124,209,167,327,146,1793,265,0,340,1367,532,553,586,878,594,-1,-1,-1,-1,-1,-1,-1,-1,-1,-1
frame_0563.jpg,1631,0,1176,40,784,106,474,128,270,153,143,180,1749,245,1329,523,0,582,494,597,251,610,833,598,-1,-1,-1,-1,-1,-1,-1,-1
frame_0564.jpg,1783,0,1323,62,922,143,608,169,397,201,261,238,0,410,1464,535,81,621,599,614,950,614,347,634,-1,-1,-1,-1,-1,-1,-1,-1
frame_0567.jpg,1538,0,840,93,529,101,1640,111,279,131,85,185,1318,343,874,420,515,431,200,477,0,527,-1,-1,-1,-1,-1,-1,-1,-1,-1,-1
frame_0568.jpg,1487,0,836,84,538,92,1587,96,288,119,1300,307,879,383,529,398,212,447,0,504,-1,-1,-1,-1,-1,-1,-1,-1,-1,-1,-1,-1
frame_0570.jpg,1383,0,481,38,775,48,220,54,0,97,1479,98,1221,289,822,349,472,348,132,385,-1,-1,-1,-1,-1,-1,-1,-1,-1,-1,-1,-1
frame_0573.jpg,1381,0,1485,75,814,79,533,88,275,119,52,177,1271,258,913,331,585,355,258,414,0,482,-1,-1,-1,-1,-1,-1,-1,-1,-1,-1
frame_0574.jpg,1351,0,1458,76,781,84,496,91,232,125,0,186,1248,271,887,349,550,374,209,441,-1,-1,-1,-1,-1,-1,-1,-1,-1,-1,-1,-1
frame_0575.jpg,1600,0,1010,91,723,101,460,136,231,199,0,255,1503,275,1129,357,786,383,442,446,-1,-1,-1,-1,-1,-1,-1,-1,-1,-1,-1,-1
frame_0576.jpg,1810,0,1897,67,1211,93,924,103,664,138,439,202,216,258,1716,273,0,353,1342,354,1001,378,666,442,395,518,138,533,-1,-1,-1,-1
frame_0577.jpg,1788,0,1202,105,920,123,662,164,438,234,1704,263,215,294,1344,351,1012,383,0,394,683,456,413,539,155,563,-1,-1,-1,-1,-1,-1
frame_0578.jpg,1752,0,1189,102,915,121,662,162,440,230,1676,254,1334,341,1016,373,12,389,698,444,0,487,434,527,179,552,-1,-1,-1,-1,-1,-1
frame_0579.jpg,1705,0,1156,95,889,109,642,147,425,211,1624,248,210,266,1294,327,989,355,11,362,683,420,0,455,426,497,178,518,-1,-1,-1,-1
frame_0580.jpg,1107,0,845,23,605,68,1580,131,396,134,193,195,1254,219,954,256,6,288,658,325,0,375,409,404,174,432,-1,-1,-1,-1,-1,-1
frame_0581.jpg,1586,0,1076,99,826,121,591,161,383,227,1527,234,181,286,1226,319,942,351,0,382,658,420,1,472,415,500,182,528,-1,-1,-1,-1
frame_0583.jpg,1591,0,1110,58,869,59,1681,66,634,82,418,132,202,175,1510,214,5,261,1226,272,959,287,678,336,0,349,428,399,186,413,-1,-1
frame_0586.jpg,1585,0,867,50,1106,49,1674,66,633,68,416,114,201,155,1502,210,5,237,1221,263,957,277,0,325,678,320,429,379,188,392,-1,-1
frame_0587.jpg,1605,0,880,44,1122,47,643,62,1696,66,423,108,205,146,1521,212,5,228,1238,264,971,274,0,319,689,318,435,375,190,387,-1,-1
frame_0589.jpg,1676,0,917,31,1168,38,670,43,440,87,214,123,8,202,1598,215,1304,262,1023,268,0,294,725,308,455,364,199,371,-1,-1,-1,-1
frame_0592.jpg,1198,0,927,9,663,42,423,104,196,155,1375,231,0,244,1076,251,759,308,2,336,472,380,211,398,-1,-1,-1,-1,-1,-1,-1,-1
frame_0631.jpg,101,0,173,13,224,30,0,29,8,81,74,134,311,143,128,143,249,150,200,146,-1,-1,-1,-1,-1,-1,-1,-1,-1,-1,-1,-1
frame_0645.jpg,140,0,0,9,231,24,300,53,9,68,93,141,472,160,167,161,261,175,327,183,419,196,370,201,-1,-1,-1,-1,-1,-1,-1,-1
frame_0646.jpg,144,0,0,7,235,26,304,56,8,67,93,141,169,163,262,178,329,188,422,203,-1,-1,-1,-1,-1,-1,-1,-1,-1,-1,-1,-1
frame_0647.jpg,149,0,0,1,240,30,309,63,6,61,90,139,166,164,262,183,328,194,423,212,-1,-1,-1,-1,-1,-1,-1,-1,-1,-1,-1,-1
frame_0650.jpg,67,0,162,29,0,27,259,59,5,90,332,94,389,121,96,172,179,199,509,216,280,218,352,230,454,249,-1,-1,-1,-1,-1,-1
frame_0651.jpg,68,0,165,29,0,28,265,60,4,92,339,94,399,122,509,178,98,174,184,201,524,216,287,220,361,233,466,252,411,249,-1,-1
frame_0652.jpg,72,0,0,25,168,28,267,59,4,89,343,95,403,123,98,173,185,201,288,221,363,234,414,251,470,254,-1,-1,-1,-1,-1,-1
frame_0653.jpg,72,0,171,29,0,28,271,60,6,92,349,94,410,122,525,180,101,175,189,202,295,221,371,234,480,253,-1,-1,-1,-1,-1,-1
frame_0654.jpg,73,0,174,28,0,29,277,58,355,93,5,92,418,120,102,175,191,201,549,216,297,221,376,232,488,251,431,248,-1,-1,-1,-1
frame_0655.jpg,71,0,174,24,0,32,279,49,360,79,7,94,425,104,108,172,199,194,562,197,306,209,387,218,503,232,443,232,-1,-1,-1,-1
frame_0657.jpg,76,0,181,18,0,35,290,38,373,65,443,87,9,96,572,130,114,167,589,172,209,186,320,196,404,201,528,209,-1,-1,-1,-1
frame_0658.jpg,78,0,185,21,0,35,295,43,380,73,450,96,8,97,114,172,600,186,211,193,325,204,410,211,538,221,472,224,-1,-1,-1,-1
frame_0659.jpg,80,0,188,22,0,35,296,46,383,76,455,100,6,97,587,148,112,172,603,192,209,194,322,208,409,216,540,228,473,229,-1,-1
frame_0661.jpg,79,0,190,18,0,34,301,38,390,65,463,89,9,96,600,132,118,167,616,173,218,187,332,197,420,203,555,210,485,214,-1,-1
frame_0662.jpg,83,0,196,19,0,35,309,41,398,70,473,94,9,96,609,138,120,169,626,180,221,189,336,201,427,207,562,216,493,218,-1,-1
frame_0663.jpg,84,0,198,19,0,34,310,42,401,70,475,95,8,95,118,168,628,180,219,187,335,200,426,206,563,216,491,218,-1,-1,-1,-1
frame_0664.jpg,84,0,198,18,0,34,312,39,404,67,478,91,9,95,120,165,636,176,223,184,339,196,430,202,570,211,497,213,-1,-1,-1,-1
frame_0665.jpg,84,0,199,16,313,34,0,37,406,59,483,80,560,98,10,96,625,119,642,161,122,164,225,180,341,189,433,193,576,198,504,202
frame_0666.jpg,83,0,198,15,312,32,0,39,405,55,482,76,10,98,625,113,641,155,123,164,225,179,341,187,434,189,577,192,504,197,-1,-1
frame_0667.jpg,82,0,196,11,310,27,0,39,403,49,481,69,13,97,626,103,643,144,125,161,228,174,579,182,435,181,342,181,505,188,-1,-1
frame_0668.jpg,82,0,195,10,308,22,402,42,0,42,480,59,626,90,14,99,643,130,126,158,579,169,228,169,434,172,342,173,505,178,-1,-1
frame_0669.jpg,78,0,191,6,305,14,400,30,479,45,0,44,626,71,15,100,644,112,581,153,129,157,436,161,507,164,344,165,231,164,-1,-1
frame_0670.jpg,79,0,193,4,307,11,402,27,483,39,0,44,630,66,15,101,649,106,585,148,439,157,130,156,510,159,346,162,232,162,-1,-1
frame_0671.jpg,80,0,193,6,307,14,402,31,483,46,0,47,632,72,14,104,650,113,585,154,128,161,438,164,510,166,345,168,231,168,-1,-1
frame_0672.jpg,79,0,192,3,307,9,402,24,483,37,0,48,635,61,654,102,16,104,588,144,513,157,439,157,130,159,346,163,232,164,-1,-1
frame_0675.jpg,300,0,185,4,484,11,399,6,73,11,643,21,666,62,0,66,600,110,20,120,521,131,446,136,351,151,237,160,136,163,-1,-1
frame_0676.jpg,300,0,185,3,74,8,399,7,484,13,644,25,0,62,666,67,600,114,19,117,520,134,444,140,348,153,235,161,134,163,-1,-1
frame_0677.jpg,188,0,75,2,304,2,403,13,489,19,574,26,650,38,0,54,669,82,17,110,601,127,520,144,443,147,346,157,131,159,232,160
frame_0678.jpg,192,0,309,0,77,4,408,9,495,16,655,31,0,58,675,75,20,115,607,122,527,141,450,145,355,157,240,163,137,164,-1,-1
frame_0679.jpg,193,0,79,2,309,2,410,12,498,20,658,39,0,56,677,81,17,112,607,127,524,144,447,148,350,158,234,162,132,162,-1,-1
frame_0680.jpg,79,0,193,1,311,5,412,17,499,28,663,48,0,53,682,93,17,110,608,137,525,154,447,156,130,162,349,163,233,165,-1,-1
frame_0681.jpg,79,0,193,1,311,6,412,19,499,29,664,51,0,52,683,95,16,108,609,139,525,155,446,156,129,161,347,164,231,165,-1,-1
frame_0682.jpg,79,0,193,0,311,5,413,17,500,27,664,48,0,51,683,93,16,107,610,136,526,152,448,154,130,159,349,162,233,163,-1,-1
frame_0683.jpg,79,0,194,1,312,5,413,18,500,29,663,52,0,50,681,95,15,106,609,138,525,154,447,155,128,159,348,162,231,162,-1,-1
frame_0684.jpg,83,0,198,4,315,12,416,27,502,38,590,49,0,50,664,66,13,107,683,111,610,153,126,164,526,167,448,166,230,170,349,172
frame_0685.jpg,194,0,78,3,311,1,413,11,502,19,590,24,667,37,0,56,689,82,15,113,617,129,534,147,454,151,355,161,131,164,236,165
frame_0688.jpg,311,0,190,6,506,10,415,6,73,14,678,21,705,66,0,71,637,120,22,128,555,141,475,147,373,162,251,174,145,177,-1,-1
frame_0690.jpg,319,0,195,6,76,11,424,8,514,14,685,28,714,70,0,67,646,124,21,126,563,144,484,148,382,162,256,174,147,175,-1,-1
frame_0691.jpg,321,0,196,5,428,7,76,12,520,12,694,26,0,67,725,71,657,127,23,128,575,147,494,151,391,165,263,178,152,179,-1,-1
frame_0692.jpg,326,0,198,5,435,7,76,13,528,16,707,27,741,72,0,70,672,130,23,132,588,151,505,154,399,168,268,182,155,184,-1,-1
frame_0693.jpg,330,0,443,6,200,8,538,14,76,16,756,69,0,74,688,128,26,136,603,149,516,154,408,170,275,185,160,187,-1,-1,-1,-1
frame_0694.jpg,333,0,447,5,543,11,201,10,77,19,731,20,765,65,0,77,695,126,27,138,609,148,523,153,414,169,279,186,162,190,-1,-1
frame_0696.jpg,332,0,202,6,78,12,443,8,538,16,721,31,0,68,753,76,684,132,24,130,599,152,514,155,408,168,275,182,159,183,-1,-1
frame_0697.jpg,330,0,202,3,79,5,439,10,531,23,708,40,0,58,741,84,22,121,672,139,587,156,504,157,398,167,154,176,268,178,-1,-1
frame_0698.jpg,79,0,201,0,327,0,434,14,526,28,701,48,0,49,732,93,22,110,662,145,497,157,579,158,392,165,151,167,264,172,-1,-1
frame_0700.jpg,82,0,203,6,327,12,433,29,522,45,0,46,692,74,20,108,720,118,649,167,145,168,485,172,383,175,567,177,257,178,-1,-1
frame_0701.jpg,81,0,202,5,326,12,431,30,520,48,0,43,19,104,717,122,648,169,143,166,483,172,381,174,254,176,564,178,-1,-1,-1,-1
frame_0702.jpg,81,0,201,6,324,14,429,33,0,43,518,49,17,103,714,128,139,166,644,174,479,176,377,177,250,178,561,183,-1,-1,-1,-1
frame_0703.jpg,80,0,200,5,322,12,427,30,0,42,516,46,687,79,17,102,713,123,139,165,643,169,477,173,375,175,249,175,559,179,-1,-1
frame_0705.jpg,81,0,199,9,320,19,423,40,0,41,510,60,16,101,704,138,136,165,245,178,634,182,369,181,471,181,551,190,-1,-1,-1,-1
frame_0706.jpg,81,0,197,10,317,22,0,39,420,43,507,63,674,100,15,98,698,144,133,164,241,178,364,182,465,184,627,188,545,194,-1,-1
frame_0707.jpg,82,0,198,13,317,27,0,37,418,51,504,74,13,97,668,112,692,157,130,164,237,181,359,187,460,191,620,199,540,202,-1,-1
frame_0708.jpg,82,0,198,13,317,28,0,37,417,53,503,77,13,96,667,117,688,161,128,164,235,182,357,189,456,194,619,202,535,205,-1,-1
frame_0710.jpg,81,0,197,6,316,14,418,32,0,41,505,50,673,79,16,98,696,123,134,157,627,168,464,168,242,169,363,169,544,175,-1,-1
frame_0712.jpg,82,0,199,6,317,13,420,31,0,40,508,48,674,79,15,97,697,121,133,157,628,166,463,167,361,168,240,168,544,173,-1,-1
frame_0713.jpg,82,0,196,8,314,17,415,36,0,39,503,55,670,86,14,96,694,127,130,156,622,171,236,169,457,171,356,171,539,178,-1,-1
frame_0714.jpg,82,0,195,10,312,21,0,38,413,41,501,60,665,94,14,95,687,137,128,156,234,170,352,174,453,175,617,179,532,184,-1,-1
frame_0716.jpg,83,0,196,14,311,28,0,36,410,52,494,75,12,92,654,113,673,156,123,158,227,174,345,182,445,187,603,194,523,197,-1,-1
frame_0717.jpg,83,0,197,14,310,30,0,35,408,55,493,76,11,92,650,116,120,158,668,160,224,175,341,184,439,190,597,199,516,201,-1,-1
frame_0719.jpg,83,0,196,11,311,24,0,38,409,45,495,63,13,94,654,102,674,142,125,156,230,170,347,175,445,178,606,181,523,186,-1,-1
frame_0721.jpg,84,0,198,10,314,23,0,36,413,45,499,66,11,92,661,102,680,143,122,154,228,169,346,175,446,178,610,182,526,187,-1,-1
frame_0722.jpg,85,0,199,11,315,24,0,36,415,47,500,69,10,92,665,104,683,148,121,155,226,170,344,178,445,181,612,186,527,191,-1,-1
frame_0725.jpg,83,0,197,7,313,15,416,33,0,42,506,51,678,81,12,97,700,125,124,156,627,168,231,167,453,169,349,170,538,176,-1,-1
frame_0727.jpg,79,2,191,0,308,1,412,11,505,23,680,40,0,49,705,82,16,101,633,129,542,144,456,144,352,151,130,152,235,155,-1,-1
frame_0728.jpg,79,0,193,0,309,2,414,14,507,25,684,47,0,45,708,89,15,99,636,135,457,147,544,149,128,150,353,153,235,155,-1,-1
frame_0729.jpg,80,2,193,0,309,2,415,13,510,25,690,45,0,48,714,88,14,102,639,135,456,148,545,149,126,153,351,155,232,158,-1,-1
frame_0730.jpg,78,1,191,0,309,1,416,12,513,24,697,44,0,47,721,88,14,100,644,135,458,149,549,150,126,151,351,155,232,157,-1,-1
frame_0732.jpg,190,0,308,0,76,6,417,10,516,17,707,35,0,53,730,81,16,105,651,130,553,146,461,147,353,154,127,155,233,159,-1,-1
frame_0735.jpg,81,0,195,2,313,8,420,22,516,36,0,47,699,60,14,102,719,107,639,150,125,156,454,161,544,163,230,163,348,165,-1,-1
frame_0736.jpg,82,0,197,3,315,9,422,25,517,40,0,45,698,66,14,100,717,111,638,153,126,154,455,162,231,162,349,165,543,165,-1,-1
frame_0738.jpg,84,0,199,6,318,17,424,36,0,43,519,54,618,66,701,87,12,98,719,134,121,157,226,169,637,174,344,177,450,177,541,182
frame_0739.jpg,85,0,200,6,318,16,426,34,521,50,0,44,620,62,704,81,13,99,722,128,123,157,640,168,229,167,453,173,347,174,542,178
frame_0740.jpg,84,0,199,6,318,17,426,36,0,45,521,53,704,85,12,100,721,132,121,158,227,169,639,173,453,177,346,177,542,182,-1,-1
frame_0741.jpg,85,0,202,6,320,19,428,39,0,44,523,56,706,90,12,100,724,137,121,159,227,171,641,176,346,179,454,180,544,185,-1,-1
frame_0742.jpg,86,0,201,11,320,25,0,42,426,47,522,67,620,83,10,99,702,105,719,152,118,160,224,175,342,186,635,189,449,189,537,196
frame_0743.jpg,88,0,203,14,321,32,0,40,428,57,521,80,618,97,9,96,700,121,115,161,713,169,221,179,338,193,445,199,630,204,533,208
frame_0744.jpg,88,0,202,13,321,30,0,40,427,55,521,76,618,94,9,96,700,119,115,160,715,167,220,177,338,191,444,197,630,202,533,206
frame_0745.jpg,87,0,202,13,320,30,0,41,427,55,521,76,619,94,9,97,701,118,115,161,715,166,220,178,338,192,445,197,630,202,533,207
frame_0748.jpg,84,0,200,4,319,12,428,28,525,42,0,46,710,70,13,100,729,117,124,157,647,160,231,166,459,168,549,172,351,171,-1,-1
frame_0750.jpg,82,1,200,0,322,3,431,15,527,27,711,48,0,50,733,94,15,106,655,142,561,157,471,157,132,160,363,164,241,166,-1,-1
frame_0751.jpg,325,0,201,1,81,5,434,8,530,17,712,33,0,58,737,77,19,115,661,128,568,147,480,149,374,160,140,166,250,167,-1,-1
frame_0752.jpg,83,1,204,0,329,1,439,12,535,23,716,45,0,52,739,90,18,110,661,140,570,155,482,156,375,164,139,164,250,168,-1,-1
frame_0753.jpg,82,1,203,0,329,2,439,14,534,24,631,33,717,46,0,53,741,93,18,112,664,143,574,159,487,159,379,167,141,167,253,171
frame_0754.jpg,82,0,204,0,330,2,439,14,533,28,711,49,0,51,738,95,19,111,661,145,489,160,573,160,381,168,144,167,255,172,-1,-1
frame_0755.jpg,82,1,205,0,332,3,443,17,537,30,720,53,0,52,745,100,18,113,668,151,492,165,578,166,142,171,383,173,255,176,-1,-1
frame_0756.jpg,82,0,206,0,337,0,450,14,547,25,735,50,0,52,763,97,19,113,684,150,503,164,592,165,146,170,393,172,260,176,-1,-1
frame_0759.jpg,85,0,213,0,345,1,458,14,555,25,736,50,0,56,766,97,22,120,692,151,604,168,518,167,409,176,156,180,274,184,-1,-1
frame_0760.jpg,84,2,214,0,349,0,461,14,559,24,744,50,0,56,775,96,22,122,700,152,612,169,525,168,414,178,158,182,277,185,-1,-1
frame_0761.jpg,85,1,215,0,351,0,466,14,563,25,748,51,0,56,781,98,24,123,707,153,619,171,533,170,421,180,162,184,282,189,-1,-1
frame_0762.jpg,87,0,217,2,352,5,466,20,561,36,744,62,0,54,775,109,22,122,700,165,530,179,615,181,420,187,160,187,281,193,-1,-1
frame_0763.jpg,86,0,217,6,352,14,464,33,558,48,0,52,736,83,22,121,764,133,691,187,158,192,526,194,608,199,418,198,278,201,-1,-1
frame_0764.jpg,86,0,215,8,350,16,462,38,554,55,0,51,20,122,761,141,686,194,155,194,521,202,413,205,274,206,602,207,-1,-1,-1,-1
frame_0765.jpg,214,0,352,6,465,26,559,43,0,47,21,118,773,128,697,183,159,190,531,192,613,197,421,197,278,200,-1,-1,-1,-1,-1,-1
frame_0766.jpg,83,0,215,5,356,9,472,28,568,42,0,55,788,128,24,126,712,187,545,196,628,200,165,198,433,203,287,207,-1,-1,-1,-1
frame_0767.jpg,83,0,216,7,359,12,477,33,573,50,0,55,670,65,761,86,23,127,797,139,720,198,167,202,551,205,636,210,439,210,290,213
frame_0769.jpg,84,0,219,11,360,21,473,45,0,52,565,65,743,106,23,128,777,157,167,207,704,214,545,216,436,219,291,220,624,224,-1,-1
frame_0770.jpg,87,0,222,16,363,30,0,51,475,57,565,79,22,129,167,214,697,232,290,230,543,231,435,231,619,241,-1,-1,-1,-1,-1,-1
frame_0772.jpg,88,0,227,14,370,29,0,49,484,58,574,80,25,130,784,181,175,218,711,238,301,234,558,235,450,235,634,245,-1,-1,-1,-1
frame_0773.jpg,89,0,228,20,371,37,0,49,485,68,574,94,24,131,780,198,779,198,778,200,173,223,300,242,449,245,709,253,556,248,633,260
frame_0774.jpg,229,0,373,19,0,28,485,51,573,77,24,112,774,183,175,205,300,226,450,229,554,231,702,240,629,245,-1,-1,-1,-1,-1,-1
frame_0775.jpg,91,0,231,23,375,46,0,46,485,81,22,130,769,220,170,229,296,252,445,259,551,264,697,274,623,278,-1,-1,-1,-1,-1,-1
frame_0778.jpg,92,0,237,22,389,40,0,48,505,73,27,134,772,155,808,206,188,232,320,254,478,256,588,260,736,269,663,274,-1,-1,-1,-1
frame_0779.jpg,94,0,241,24,392,42,0,49,509,75,29,136,814,209,194,236,329,258,489,258,598,261,746,268,672,275,-1,-1,-1,-1,-1,-1
frame_0780.jpg,248,0,0,11,402,29,521,70,22,103,185,218,828,231,323,250,486,262,601,270,754,288,679,291,-1,-1,-1,-1,-1,-1,-1,-1
frame_0781.jpg,102,0,254,34,0,43,410,64,530,108,22,138,330,289,496,301,613,311,767,330,689,330,-1,-1,-1,-1,-1,-1,-1,-1,-1,-1
frame_0782.jpg,105,0,258,37,0,41,415,71,537,117,23,138,191,260,848,288,333,295,503,311,618,324,774,346,695,346,-1,-1,-1,-1,-1,-1
frame_0783.jpg,105,0,261,40,0,38,417,77,536,125,21,136,192,263,334,301,501,318,616,332,767,355,692,355,-1,-1,-1,-1,-1,-1,-1,-1
frame_0785.jpg,117,0,0,29,277,54,436,103,20,133,552,161,340,326,509,351,621,373,695,401,767,408,-1,-1,-1,-1,-1,-1,-1,-1,-1,-1
frame_0787.jpg,128,0,0,23,293,65,453,122,12,131,569,186,187,289,338,345,511,377,625,403,698,433,770,442,-1,-1,-1,-1,-1,-1,-1,-1
frame_0788.jpg,133,0,0,23,303,65,469,122,14,133,589,187,197,293,353,350,531,382,650,408,724,441,798,450,-1,-1,-1,-1,-1,-1,-1,-1
frame_0789.jpg,140,0,0,25,316,66,490,123,15,137,617,189,709,243,370,357,556,389,681,415,762,449,839,457,-1,-1,-1,-1,-1,-1,-1,-1
frame_0790.jpg,144,0,0,24,330,63,510,119,15,139,647,185,747,240,215,302,388,359,583,390,972,407,973,404,715,417,803,453,886,460,-1,-1
frame_0791.jpg,152,0,0,24,346,63,536,118,17,139,679,186,228,304,409,363,1025,404,613,394,752,422,847,455,937,466,-1,-1,-1,-1,-1,-1
frame_0792.jpg,160,0,0,21,362,66,556,126,14,139,704,198,816,257,229,311,417,376,629,411,1066,432,777,443,875,480,973,491,-1,-1,-1,-1
frame_0793.jpg,168,0,0,22,375,68,581,129,13,139,740,203,233,315,431,384,655,425,816,460,923,500,1029,514,-1,-1,-1,-1,-1,-1,-1,-1
frame_0794.jpg,175,0,0,22,394,66,610,126,14,143,781,201,910,268,247,322,457,393,695,434,1207,460,870,469,986,512,1100,525,-1,-1,-1,-1
frame_0795.jpg,185,0,0,26,413,65,636,123,18,147,816,197,264,328,485,398,733,434,1265,452,916,466,1038,508,1156,521,-1,-1,-1,-1,-1,-1
frame_0796.jpg,193,0,0,23,423,69,652,130,11,148,835,206,259,331,486,405,740,445,1290,470,928,480,1055,525,1177,539,-1,-1,-1,-1,-1,-1
frame_0797.jpg,200,0,0,24,438,66,672,124,12,147,862,202,266,332,502,405,763,445,1340,469,959,481,1095,525,1223,540,-1,-1,-1,-1,-1,-1
frame_0799.jpg,208,0,0,36,455,48,704,91,915,156,14,156,1404,322,277,321,528,382,805,410,1025,437,1184,477,1336,486,-1,-1,-1,-1,-1,-1
frame_0801.jpg,222,0,0,38,474,48,723,89,937,152,8,159,1108,217,1437,312,273,321,532,379,1496,394,808,403,1034,429,1365,473,1204,466,-1,-1
frame_0803.jpg,231,0,0,37,487,49,742,91,1,154,962,158,1143,227,1492,328,259,318,525,380,1549,414,806,410,1046,439,1228,482,1405,491,-1,-1
frame_0805.jpg,235,0,494,40,2,39,753,74,988,136,0,153,1186,205,1571,301,253,311,525,369,1635,391,816,394,1076,422,1279,468,1479,476,-1,-1
frame_0806.jpg,239,0,497,40,5,39,757,73,996,135,0,153,1201,204,1602,302,246,307,518,367,1666,395,812,394,1078,424,1289,471,1502,480,-1,-1
frame_0807.jpg,235,0,491,31,4,45,749,59,992,116,0,155,1205,181,1623,271,241,302,513,357,1690,365,804,378,1075,404,1296,448,1519,455,-1,-1
frame_0808.jpg,236,0,489,33,5,44,743,62,984,119,0,153,1199,186,1617,279,233,298,501,352,1679,373,785,376,1056,403,1281,448,1508,457,-1,-1
frame_0811.jpg,209,0,455,16,708,29,0,56,957,73,1189,129,1639,202,198,291,1697,299,462,333,734,343,1012,358,1507,394,1253,395,-1,-1,-1,-1
frame_0815.jpg,1718,0,168,36,0,138,1474,169,1155,227,18,236,880,240,612,275,399,310,188,313,-1,-1,-1,-1,-1,-1,-1,-1,-1,-1,-1,-1
frame_0822.jpg,1425,0,861,86,614,108,1489,113,417,137,268,181,128,227,1240,307,0,322,908,380,9,406,647,401,425,440,279,471,122,475,-1,-1
frame_0823.jpg,1390,0,842,68,600,80,410,102,1447,117,265,139,127,178,0,269,1201,299,6,352,876,358,622,371,405,401,112,424,264,426,-1,-1
frame_0824.jpg,1365,0,1092,21,816,65,578,76,394,96,252,132,1421,122,123,169,0,256,5,337,844,357,594,366,384,393,106,410,250,413,-1,-1
frame_0826.jpg,1364,0,808,57,570,63,387,78,251,109,122,144,1421,128,0,229,4,310,1165,307,833,357,582,359,374,379,102,386,242,394,-1,-1
frame_0827.jpg,1392,0,1106,13,821,51,576,56,391,71,254,101,123,136,1444,131,0,221,5,303,1175,306,585,356,839,356,102,379,376,375,244,388
frame_0828.jpg,1413,0,1113,22,817,67,569,79,383,98,245,131,118,169,1469,141,0,260,5,343,1189,333,840,389,583,395,102,422,372,416,242,429
frame_0830.jpg,1405,0,1097,18,796,59,547,72,364,90,232,119,112,155,1466,146,0,245,10,327,1185,333,830,387,572,391,108,407,365,408,241,415
frame_0831.jpg,1391,0,780,71,533,89,352,109,223,140,106,178,1454,153,0,271,12,352,1173,343,819,402,562,410,110,431,362,430,240,438,-1,-1
frame_0832.jpg,1386,0,1068,21,764,69,517,86,338,105,214,134,102,171,1447,156,0,262,12,343,807,404,550,409,108,423,351,426,-1,-1,-1,-1
frame_0833.jpg,1385,0,1061,18,756,63,508,79,333,96,210,123,101,159,1443,164,0,249,11,329,1159,352,105,409,540,406,797,403,343,419,-1,-1
frame_0836.jpg,1370,0,1037,24,728,78,480,103,310,124,192,150,91,188,1439,177,0,284,21,364,1153,370,116,445,790,432,534,440,345,456,-1,-1
frame_0837.jpg,1372,0,1031,19,721,75,471,102,302,122,186,149,86,186,1441,177,0,284,21,365,1155,371,119,446,789,434,534,443,344,458,-1,-1
frame_0839.jpg,1382,0,713,89,461,120,289,143,176,167,80,209,1464,191,0,311,27,392,1176,387,804,459,544,471,354,487,-1,-1,-1,-1,-1,-1
frame_0840.jpg,1384,0,1029,26,713,91,459,126,288,149,174,175,79,215,1471,192,0,318,28,399,1180,387,808,461,549,477,360,493,-1,-1,-1,-1
frame_0841.jpg,1395,0,717,84,461,118,290,140,176,164,79,202,1483,195,0,307,30,388,1188,386,135,470,813,460,554,473,363,488,-1,-1,-1,-1
frame_0842.jpg,1402,0,1036,26,714,91,458,130,285,153,172,175,76,218,1496,200,0,324,1200,395,822,472,559,489,368,506,-1,-1,-1,-1,-1,-1
frame_0843.jpg,1407,0,1037,25,713,94,454,134,279,158,165,179,1507,203,0,332,1209,398,831,478,569,496,376,514,-1,-1,-1,-1,-1,-1,-1,-1
frame_0844.jpg,1427,0,719,79,458,118,283,139,169,157,73,198,1522,207,0,306,1217,391,836,466,571,482,377,496,-1,-1,-1,-1,-1,-1,-1,-1
frame_0845.jpg,1439,0,723,65,459,98,283,114,166,129,1536,216,0,276,1226,392,840,458,572,468,379,476,-1,-1,-1,-1,-1,-1,-1,-1,-1,-1
frame_0846.jpg,1064,5,1455,0,725,57,460,89,282,105,167,117,72,155,1548,220,0,262,1235,394,844,456,573,464,377,470,-1,-1,-1,-1,-1,-1
frame_0847.jpg,1062,0,725,56,459,90,280,106,163,120,71,158,1550,216,0,269,1236,393,849,459,578,470,384,476,-1,-1,-1,-1,-1,-1,-1,-1
frame_0848.jpg,1458,0,728,88,461,128,283,149,166,168,72,211,1557,219,0,322,1243,411,854,487,582,504,385,516,-1,-1,-1,-1,-1,-1,-1,-1
frame_0849.jpg,1467,0,1082,33,744,104,476,146,297,172,178,197,80,241,1560,207,0,351,33,435,1246,413,852,497,579,516,380,535,-1,-1,-1,-1
frame_0851.jpg,1107,0,776,93,1570,116,508,144,322,187,200,231,92,285,1266,371,0,398,26,485,873,479,595,512,385,550,-1,-1,-1,-1,-1,-1
frame_0852.jpg,842,0,564,44,361,88,225,141,103,200,1314,282,0,321,926,388,25,414,639,424,417,468,146,495,-1,-1,-1,-1,-1,-1,-1,-1
frame_0874.jpg,139,0,283,18,424,37,681,67,698,127,587,185,0,192,294,193,141,195,435,199,-1,-1,-1,-1,-1,-1,-1,-1,-1,-1,-1,-1
frame_0876.jpg,852,0,595,9,461,12,332,16,209,29,93,47,882,57,0,110,782,128,636,161,16,165,504,173,369,194,246,205,126,209,-1,-1
frame_0877.jpg,848,0,592,10,459,13,330,17,209,31,92,49,877,57,0,112,779,127,634,161,16,167,503,173,368,193,248,206,128,211,-1,-1
frame_0879.jpg,851,0,595,3,463,3,333,4,210,15,91,31,881,57,0,92,780,124,15,147,636,155,506,164,371,181,248,191,127,194,-1,-1
frame_0880.jpg,850,0,592,8,459,11,329,15,206,29,89,47,881,54,0,109,781,123,637,157,16,163,507,170,372,190,249,201,130,207,-1,-1
frame_0881.jpg,847,0,590,16,458,22,328,30,205,46,878,55,88,68,780,127,0,132,637,164,508,180,18,187,375,203,252,219,132,228,-1,-1
frame_0882.jpg,838,0,583,18,452,25,323,33,201,50,871,57,86,72,776,129,0,136,636,166,508,182,20,189,376,206,254,221,135,230,-1,-1
frame_0883.jpg,837,0,584,17,454,25,325,32,203,49,868,55,87,71,773,127,0,136,633,163,506,180,19,189,374,204,252,219,135,229,-1,-1
frame_0886.jpg,830,0,580,17,452,25,323,32,201,50,861,54,86,71,768,124,0,136,630,161,505,178,19,188,374,202,253,218,135,227,-1,-1
frame_0887.jpg,829,0,583,10,454,16,327,21,204,36,87,55,857,54,0,119,764,123,627,158,504,172,19,174,374,194,253,208,135,216,-1,-1
frame_0888.jpg,811,0,569,31,443,46,844,49,317,61,197,86,83,114,757,123,625,168,0,182,503,191,375,223,22,233,256,246,139,263,-1,-1
frame_0890.jpg,796,0,546,44,832,48,420,66,297,87,183,117,744,127,74,152,610,177,487,206,0,220,361,242,24,268,247,272,135,292,-1,-1
frame_0891.jpg,800,0,557,32,432,45,833,50,308,59,191,84,80,111,744,125,610,168,0,176,489,189,363,219,21,227,247,243,135,258,-1,-1
frame_0895.jpg,808,0,572,21,447,30,322,40,838,48,203,61,86,86,753,119,0,149,622,156,501,174,19,200,373,201,254,222,135,235,-1,-1
frame_0897.jpg,800,0,567,39,834,47,443,56,319,75,200,105,753,124,84,137,624,171,505,196,0,207,379,232,23,257,260,263,142,283,-1,-1
frame_0898.jpg,795,0,560,42,829,45,437,61,314,82,196,114,749,124,82,148,621,171,501,199,0,218,375,236,22,267,258,270,140,291,-1,-1
frame_0899.jpg,796,0,560,41,831,45,436,59,313,80,195,110,751,124,83,144,621,171,500,198,0,212,374,234,21,261,256,267,139,287,-1,-1
frame_0900.jpg,801,0,566,40,836,44,442,58,318,79,199,110,755,124,85,144,626,172,505,198,0,214,378,235,23,264,258,268,142,290,-1,-1
frame_0901.jpg,799,0,563,43,835,45,439,62,315,84,198,115,753,126,84,150,624,174,502,201,0,219,376,238,22,268,257,272,140,294,-1,-1
frame_0902.jpg,791,0,556,46,826,45,432,65,309,88,193,121,747,126,81,157,619,175,498,204,0,227,373,243,23,277,256,278,140,300,-1,-1
frame_0903.jpg,793,0,558,45,829,45,434,65,311,87,195,120,748,125,83,155,619,173,499,201,0,225,374,239,23,274,256,274,141,297,-1,-1
frame_0904.jpg,794,0,560,45,829,44,436,64,313,86,197,118,749,124,83,153,621,172,501,200,0,223,375,237,23,272,258,272,141,295,-1,-1
frame_0905.jpg,797,0,562,42,831,43,438,58,315,78,197,110,749,123,84,144,620,169,500,195,0,211,374,231,22,261,256,265,138,285,-1,-1
frame_0906.jpg,792,0,557,44,827,44,434,61,312,82,196,114,746,122,83,148,616,169,496,196,0,215,370,232,21,263,252,266,137,287,-1,-1
frame_0907.jpg,790,0,555,42,825,43,433,60,311,81,195,112,744,123,82,146,615,169,494,194,0,212,369,231,21,262,251,264,135,285,-1,-1
frame_0908.jpg,796,0,562,33,829,42,439,46,316,62,199,90,85,120,746,118,616,161,495,182,0,184,369,214,20,233,251,245,134,261,-1,-1
frame_0909.jpg,801,0,569,30,445,39,832,45,322,53,203,79,88,107,750,118,620,157,0,168,500,176,372,205,19,219,253,233,135,249,-1,-1
frame_0910.jpg,810,0,580,21,456,27,332,37,840,45,211,59,92,83,756,115,0,143,627,150,507,164,378,191,18,195,256,216,135,228,-1,-1
frame_0912.jpg,819,0,588,19,463,23,338,32,848,44,215,52,95,75,763,113,0,133,631,146,509,159,14,184,378,184,254,208,131,218,-1,-1
frame_0914.jpg,829,0,598,13,474,13,347,19,221,37,856,44,98,58,771,113,0,115,641,143,519,153,15,168,387,175,261,198,135,206,-1,-1
frame_0915.jpg,838,0,608,11,483,11,354,15,227,32,866,45,101,52,0,109,781,112,651,140,527,150,15,162,394,171,266,193,137,200,-1,-1
frame_0916.jpg,831,0,601,13,476,13,349,18,223,36,858,44,99,56,772,112,0,112,641,141,518,151,13,165,385,173,259,195,133,203,-1,-1
frame_0917.jpg,819,0,589,11,466,9,341,14,219,30,97,49,847,44,0,104,759,111,628,138,506,147,12,154,375,167,250,187,128,193,-1,-1
frame_0918.jpg,811,0,580,10,457,10,333,12,213,29,95,47,838,46,0,100,750,112,618,138,497,146,12,150,367,165,245,185,125,190,-1,-1
frame_0919.jpg,817,0,586,10,463,8,338,10,217,26,97,44,843,46,0,97,756,111,624,138,502,145,13,148,372,163,248,182,127,187,-1,-1
frame_0920.jpg,815,0,582,13,459,14,335,19,214,37,842,45,95,57,755,112,0,112,624,141,501,151,13,163,372,172,248,194,127,201,-1,-1
frame_0922.jpg,806,0,573,20,450,24,327,33,836,43,208,55,91,78,750,114,0,135,618,147,497,160,15,185,368,184,247,209,129,219,-1,-1
frame_0923.jpg,805,0,571,23,448,28,325,39,835,44,206,62,91,85,750,116,0,143,619,149,497,164,369,189,16,193,247,214,129,225,-1,-1
frame_0924.jpg,804,0,571,29,447,37,836,43,323,50,204,76,89,102,752,118,621,154,0,162,499,171,371,199,17,211,251,228,132,241,-1,-1
frame_0925.jpg,805,0,570,30,446,39,837,44,323,53,204,79,88,106,752,119,621,156,0,167,499,174,370,203,17,217,250,232,131,247,-1,-1
frame_0926.jpg,810,0,576,25,451,31,327,42,841,44,207,66,91,91,756,116,0,150,624,152,502,166,373,194,16,200,251,220,131,233,-1,-1
frame_0927.jpg,816,0,581,24,456,29,331,41,847,43,210,65,92,90,761,116,0,149,629,151,506,166,376,193,16,200,252,219,132,232,-1,-1
frame_0928.jpg,817,0,582,26,457,34,849,44,331,45,210,70,92,95,763,118,631,154,0,156,508,169,377,197,17,207,254,225,134,239,-1,-1
frame_0929.jpg,823,0,587,20,461,24,336,35,855,45,213,56,94,79,769,117,0,139,636,151,512,165,17,191,380,189,256,215,133,225,-1,-1
frame_0930.jpg,836,0,597,9,472,9,344,14,219,31,97,50,864,46,0,105,774,113,639,142,515,150,13,157,381,171,254,190,131,198,-1,-1
frame_0931.jpg,834,0,593,11,467,10,340,14,217,31,96,49,864,46,0,105,772,115,637,144,511,152,13,157,377,172,252,193,129,197,-1,-1
frame_0932.jpg,831,0,587,17,460,20,333,27,211,47,862,47,93,68,771,118,0,125,634,149,509,161,14,176,376,183,250,206,129,213,-1,-1
frame_0933.jpg,833,0,591,16,464,17,337,24,213,43,866,47,94,64,776,118,0,120,639,148,513,159,15,172,380,181,254,202,131,211,-1,-1
frame_0936.jpg,841,0,592,15,464,16,336,23,212,41,875,47,93,62,782,119,0,118,643,149,515,159,14,170,380,181,252,202,130,210,-1,-1
frame_0938.jpg,848,0,599,12,471,13,342,19,216,37,883,46,94,57,0,113,790,118,651,149,523,158,15,166,387,179,257,201,133,207,-1,-1
frame_0939.jpg,854,0,602,11,473,10,343,14,217,31,95,50,888,50,0,105,794,121,653,149,524,158,14,158,387,177,256,195,131,200,-1,-1
frame_0940.jpg,858,0,605,8,475,7,344,9,217,25,95,42,893,49,0,97,796,120,656,148,14,151,527,154,389,172,257,190,132,193,-1,-1
frame_0942.jpg,358,0,491,6,227,8,622,16,101,18,875,23,0,68,906,75,11,123,806,139,534,157,664,159,394,168,129,173,258,178,-1,-1
frame_0943.jpg,361,0,495,5,228,8,626,14,102,18,881,22,0,69,913,73,11,126,813,139,670,158,540,157,398,169,132,177,261,180,-1,-1
frame_0944.jpg,361,0,228,5,495,7,101,13,627,20,884,31,0,62,916,85,10,119,814,149,539,163,670,167,397,171,129,173,258,179,-1,-1
frame_0945.jpg,361,0,227,6,101,10,496,9,628,23,887,37,0,60,919,91,9,117,816,155,539,166,671,171,128,171,396,172,258,179,-1,-1
frame_0946.jpg,362,0,228,7,497,7,101,15,630,20,889,31,0,64,922,85,11,121,819,149,544,164,675,167,400,173,131,174,261,181,-1,-1
frame_0947.jpg,363,0,228,4,101,10,498,9,631,24,891,40,0,58,924,95,11,116,820,158,544,168,131,171,674,174,400,174,260,179,-1,-1
frame_0948.jpg,362,0,227,5,99,11,498,8,631,22,893,36,0,61,927,89,10,117,822,154,545,167,677,171,131,173,401,174,260,179,-1,-1
frame_0949.jpg,361,0,227,6,99,13,498,8,632,21,895,34,0,64,930,88,10,121,825,153,546,167,679,171,402,175,132,175,261,182,-1,-1
frame_0951.jpg,366,0,229,5,101,11,502,9,634,23,892,36,0,62,926,90,13,120,824,153,551,168,681,170,407,176,137,176,267,182,-1,-1
frame_0954.jpg,379,0,240,6,515,7,106,15,645,18,896,30,0,68,928,81,13,128,829,145,691,166,563,166,420,176,143,182,277,185,-1,-1
frame_0955.jpg,377,0,238,4,105,9,513,10,644,24,895,40,0,62,926,95,13,122,827,157,561,172,688,175,418,180,142,180,275,186,-1,-1
frame_0957.jpg,386,0,245,3,108,10,524,10,654,25,903,41,0,62,933,94,16,122,834,156,570,171,697,174,428,179,148,180,284,186,-1,-1
frame_0959.jpg,402,0,257,1,115,5,543,12,674,28,922,47,0,58,949,100,12,119,851,160,584,173,713,177,149,179,438,180,292,187,-1,-1
frame_0960.jpg,408,0,262,2,118,8,550,11,683,25,930,42,0,62,958,94,12,123,860,155,591,171,722,173,443,180,150,182,294,188,-1,-1
frame_0961.jpg,404,0,259,7,546,6,116,17,680,16,930,26,0,74,960,79,13,136,862,144,722,167,590,169,442,182,150,192,294,194,-1,-1
frame_0963.jpg,924,0,668,9,532,9,390,12,248,30,109,50,959,53,0,117,863,127,722,160,589,171,17,177,441,195,296,216,154,223,-1,-1
frame_0964.jpg,926,0,667,13,531,15,389,20,246,39,961,53,108,60,865,127,0,128,723,163,588,177,18,190,441,203,296,224,154,234,-1,-1
frame_0965.jpg,925,0,663,11,525,12,383,17,244,35,108,56,961,53,0,122,863,129,716,164,580,176,17,183,432,200,289,221,150,229,-1,-1
frame_0966.jpg,922,0,657,13,518,16,378,23,239,42,958,54,106,64,860,130,0,132,713,166,576,181,16,191,428,206,286,227,148,236,-1,-1
frame_0967.jpg,925,0,660,11,521,13,380,18,241,36,107,57,960,55,0,124,861,131,714,166,576,180,16,185,427,204,286,224,147,231,-1,-1
frame_0969.jpg,926,0,660,12,520,14,379,21,240,39,107,62,961,57,0,130,861,134,712,171,574,185,16,192,425,210,284,231,147,240,-1,-1
frame_0970.jpg,917,0,649,20,509,26,369,35,233,57,953,57,103,81,854,137,0,152,705,177,567,194,18,213,421,223,283,244,148,256,-1,-1
frame_0971.jpg,910,0,640,28,500,38,361,51,947,58,227,76,99,104,847,140,0,176,699,185,561,205,21,235,417,236,281,260,148,274,-1,-1
frame_0972.jpg,908,0,637,35,496,48,944,56,356,65,223,92,96,123,845,140,697,186,0,197,560,210,416,244,24,255,283,272,152,289,-1,-1
frame_0973.jpg,906,0,634,36,493,50,945,56,353,67,220,96,93,128,846,140,697,189,0,202,560,214,416,248,23,259,285,277,152,294,-1,-1
frame_0974.jpg,917,0,643,33,500,46,953,56,358,62,224,89,95,119,852,141,701,188,0,194,563,211,418,244,22,252,285,271,153,288,-1,-1
frame_0975.jpg,927,0,652,35,508,49,964,56,364,66,227,95,96,127,865,140,715,189,0,203,576,215,430,249,26,261,295,278,160,296,-1,-1
frame_0977.jpg,969,0,839,3,688,19,539,25,389,33,245,55,1003,60,106,81,897,141,0,156,742,183,599,202,22,219,446,231,304,252,161,264
frame_0978.jpg,976,0,846,3,693,16,544,23,393,30,247,50,1011,61,106,74,905,141,0,148,749,182,605,200,24,212,451,227,308,247,164,257
frame_0979.jpg,985,0,855,5,702,23,551,31,398,42,1021,59,250,65,107,94,916,142,0,171,760,187,616,208,26,235,461,239,316,262,170,277
frame_0980.jpg,996,0,866,7,713,28,561,39,406,53,1033,60,255,80,109,111,929,146,0,193,774,195,628,219,471,254,26,258,323,281,175,299
frame_0981.jpg,1004,0,719,27,565,39,408,53,1042,60,257,80,109,111,938,146,782,195,0,195,635,220,477,256,28,260,328,283,178,302,-1,-1
frame_0983.jpg,1020,0,885,9,727,34,570,51,1059,61,411,68,258,98,110,134,952,151,792,206,0,222,642,235,481,275,28,287,330,305,180,327
frame_0985.jpg,1042,0,902,6,738,27,576,41,415,54,1081,66,261,78,112,110,968,154,0,196,800,207,645,233,26,263,480,269,328,291,175,309
frame_0986.jpg,1053,0,741,26,577,40,414,53,1093,67,260,77,112,107,976,156,0,195,805,209,647,236,27,263,481,271,329,292,176,309,-1,-1
frame_0987.jpg,1063,0,917,5,746,26,581,42,416,55,1105,70,260,79,112,109,986,159,0,200,812,215,652,243,27,268,483,279,331,299,175,315
frame_0990.jpg,1080,0,922,2,743,24,572,41,405,52,250,73,1123,74,105,102,994,162,0,192,812,218,648,245,30,259,478,279,327,292,177,307
frame_0992.jpg,1085,0,926,5,746,29,574,48,405,62,1129,75,250,83,104,115,1000,164,0,206,817,223,653,254,31,274,483,289,330,303,180,320
frame_0993.jpg,1086,0,926,2,745,25,572,42,404,54,249,73,1130,77,103,102,999,166,0,194,815,221,650,251,30,261,480,285,329,295,178,311
frame_0994.jpg,926,0,1085,0,744,18,571,33,403,42,248,58,1127,76,103,85,995,162,0,173,812,214,29,240,646,241,476,272,324,279,176,292
frame_0995.jpg,926,0,1085,2,743,18,571,31,403,39,249,54,104,81,1128,79,995,163,0,168,810,216,29,236,643,241,474,270,323,277,173,289
frame_0996.jpg,926,0,1087,1,743,20,570,35,403,45,249,61,1129,81,104,89,994,169,0,178,808,223,27,247,641,250,470,280,320,288,170,299
frame_0998.jpg,1076,0,916,6,736,34,564,57,1122,73,396,75,241,98,97,132,993,162,0,225,812,225,650,260,33,291,482,299,333,313,184,334
frame_0999.jpg,1084,0,923,5,741,31,568,53,400,68,1130,78,244,89,99,122,998,166,0,215,816,227,651,260,33,281,483,297,332,309,183,327
frame_1000.jpg,924,4,1087,0,741,26,567,44,398,57,242,75,1130,79,98,104,995,166,0,196,812,223,648,253,34,263,480,286,330,296,184,311
frame_1001.jpg,929,1,1092,0,744,23,570,40,399,51,243,69,1134,78,98,96,996,163,0,186,811,218,646,247,32,251,478,277,328,285,181,300
frame_1003.jpg,941,0,1108,2,753,21,576,38,403,49,245,64,1148,81,97,92,1006,166,0,182,818,221,33,249,652,249,481,280,332,286,183,299
frame_1005.jpg,971,0,777,14,1141,9,594,23,416,26,253,35,102,56,1178,94,0,146,1029,175,32,216,834,223,664,245,336,267,489,268,185,274
frame_1006.jpg,982,0,1153,5,788,17,604,29,424,35,258,47,103,71,1189,91,0,162,1040,173,846,223,34,232,675,248,499,274,345,277,191,286
frame_1007.jpg,989,0,1160,6,794,17,609,29,428,35,259,48,104,71,1198,92,0,164,1048,175,854,226,35,235,683,251,506,278,349,279,194,290
frame_1008.jpg,996,0,1169,4,800,18,614,32,431,39,262,51,105,76,1208,90,0,169,1057,173,862,227,36,239,689,252,510,280,352,283,195,294
frame_1009.jpg,1005,1,1183,0,803,29,612,51,427,65,255,86,1224,88,100,117,1070,181,0,217,871,243,696,277,40,288,518,312,359,320,203,338
frame_1010.jpg,1019,1,1197,0,815,27,623,46,435,58,261,78,1238,89,101,107,1082,180,0,206,882,239,706,271,41,277,525,305,364,312,206,328
frame_1011.jpg,1031,3,1210,0,826,29,632,52,442,66,265,88,1249,89,103,120,1094,183,0,222,894,244,718,279,42,293,535,315,373,324,211,342
frame_1013.jpg,1227,0,1042,7,832,40,634,69,1270,89,441,90,263,116,100,154,1110,189,906,259,0,261,727,299,45,332,542,341,378,354,217,377
frame_1015.jpg,1242,0,1055,15,842,59,1289,89,642,96,444,125,263,158,1132,198,98,204,927,278,0,316,746,326,560,376,50,387,393,396,228,426
frame_1016.jpg,1246,0,1059,18,847,63,1295,90,646,102,447,133,264,169,1138,199,97,217,934,281,0,332,754,331,567,384,52,402,399,406,233,439
frame_1017.jpg,1254,0,1065,15,851,59,1302,88,650,98,451,128,267,163,1143,197,100,210,938,278,0,325,756,327,567,380,51,395,398,401,231,433
frame_1020.jpg,1269,0,1078,12,861,49,657,82,1317,92,457,105,272,135,103,177,1153,196,943,272,0,288,757,316,47,361,565,362,394,377,226,404
frame_1022.jpg,1280,0,1087,4,870,39,665,66,463,85,1325,92,277,110,107,148,1159,195,0,256,946,264,759,304,44,331,565,345,392,357,223,380
frame_1023.jpg,1280,0,1088,6,871,37,665,63,463,81,1326,94,277,105,107,141,1159,192,0,249,946,262,759,301,44,325,566,341,393,353,223,375
frame_1025.jpg,1104,2,1295,0,885,27,678,48,475,62,286,82,1337,94,112,115,1168,192,0,222,955,257,766,291,45,299,571,328,396,336,224,354
frame_1026.jpg,1098,0,1289,0,880,28,674,48,471,62,283,82,1332,94,111,116,1164,191,0,221,950,255,762,289,43,298,567,326,394,333,222,352
frame_1027.jpg,1089,2,1279,0,874,31,670,53,469,68,283,90,1322,93,111,124,1157,190,0,229,945,256,758,291,42,305,564,329,391,338,220,357
frame_1029.jpg,1074,0,1259,1,862,23,662,40,465,50,283,68,1300,92,113,99,1136,185,0,201,928,245,39,276,743,277,552,311,381,317,212,333
frame_1030.jpg,1060,2,1247,0,847,27,648,47,453,60,273,79,1289,91,108,111,1126,186,0,213,916,248,732,281,40,285,542,315,374,323,209,339
frame_1032.jpg,1207,0,817,31,623,52,434,66,262,88,1253,87,104,121,1096,185,0,218,890,247,708,279,38,290,523,315,360,325,200,341,-1,-1
frame_1033.jpg,1185,0,1006,6,804,35,614,56,429,73,1231,85,260,97,105,131,1081,184,0,228,880,246,701,280,37,299,519,316,358,330,199,348
frame_1036.jpg,1139,0,962,18,766,55,1190,79,582,83,405,108,246,142,100,183,1046,188,848,259,0,279,672,296,494,341,34,345,338,365,186,387
frame_1039.jpg,1079,0,913,20,729,61,1132,69,555,92,388,121,238,159,1002,181,98,202,814,252,645,291,0,296,474,339,31,360,323,371,176,397
frame_1041.jpg,1040,0,704,63,1091,66,537,92,376,122,230,162,968,176,95,205,788,246,625,285,0,296,460,333,30,359,313,367,171,393,-1,-1
frame_1042.jpg,1022,0,699,52,1071,65,536,77,378,102,233,136,954,167,97,177,780,231,0,264,621,265,459,309,29,327,314,340,171,364,-1,-1
frame_1043.jpg,1019,0,707,45,546,64,1065,66,389,84,243,116,103,152,951,163,781,221,0,239,624,252,462,293,28,303,316,322,170,344,-1,-1
frame_1044.jpg,1027,0,882,7,716,28,556,40,399,53,1068,65,251,79,110,109,950,156,0,190,778,205,621,228,24,256,458,262,311,286,164,301
frame_1045.jpg,1016,0,870,8,705,30,545,40,389,52,1057,64,243,77,105,106,939,153,0,184,767,202,610,223,22,247,449,255,303,278,159,291
frame_1046.jpg,1012,0,702,29,543,41,388,54,1054,64,244,80,106,109,937,156,0,186,765,203,609,225,22,249,447,257,302,280,158,294,-1,-1
frame_1047.jpg,1010,0,700,35,542,48,387,64,1053,64,244,91,106,123,937,157,0,202,765,208,608,232,23,267,447,267,302,293,158,309,-1,-1
frame_1048.jpg,1010,0,698,39,539,55,1056,62,385,73,242,104,105,138,942,159,769,212,0,218,611,239,448,277,22,281,303,305,158,323,-1,-1
frame_1050.jpg,1038,0,718,41,555,57,1087,63,396,75,247,107,107,141,970,162,793,217,0,223,631,243,463,282,23,287,314,312,164,329,-1,-1
frame_1051.jpg,1055,0,735,45,1105,62,571,64,409,85,256,120,110,158,990,165,816,223,0,245,653,253,484,296,27,312,328,330,175,352,-1,-1
frame_1053.jpg,1093,0,766,48,1146,64,599,68,430,92,269,130,116,170,1031,169,854,232,0,263,688,265,511,312,27,335,346,350,183,375,-1,-1
frame_1058.jpg,1173,0,816,49,1231,66,636,68,455,91,283,130,120,171,1100,179,911,240,0,263,734,271,544,317,28,336,364,356,194,380,-1,-1
frame_1059.jpg,1158,0,808,48,1217,64,632,66,452,91,279,131,117,173,1090,177,906,238,0,266,733,270,547,317,30,337,368,357,200,381,-1,-1
frame_1060.jpg,1144,0,808,38,635,52,1198,64,457,71,283,107,119,145,1075,168,898,224,0,235,731,252,548,294,30,308,370,331,201,352,-1,-1
frame_1061.jpg,1137,0,982,10,805,34,636,47,459,63,1189,64,286,97,121,131,1066,165,891,218,0,222,727,244,546,285,30,294,367,320,200,340
frame_1064.jpg,1135,0,812,25,645,33,469,46,1184,65,292,77,123,109,1061,162,0,197,892,211,732,233,554,270,29,270,373,302,204,319,-1,-1
frame_1066.jpg,1141,0,990,7,817,27,649,36,471,50,1193,64,292,81,123,113,1071,161,0,202,902,211,742,234,561,273,30,277,377,306,206,324
frame_1069.jpg,505,0,674,8,323,10,824,17,141,22,1099,26,1138,87,0,101,1031,161,26,180,886,193,745,201,576,223,392,240,214,245,-1,-1
frame_1070.jpg,499,0,320,7,664,9,140,16,810,22,1078,34,1114,94,0,95,1010,166,23,173,869,195,730,202,564,222,382,236,207,239,-1,-1
frame_1071.jpg,321,1,500,0,142,4,662,15,806,30,1067,50,0,78,1101,111,21,157,996,180,858,204,722,208,557,223,203,230,377,233,-1,-1
frame_1072.jpg,143,0,322,2,499,7,659,25,800,45,1058,74,0,69,1087,135,20,149,983,198,711,219,845,219,197,224,549,228,370,232,-1,-1
frame_1074.jpg,128,1,290,0,454,4,607,21,746,39,886,47,1005,65,0,65,1034,126,18,138,926,188,787,208,655,207,177,209,499,215,333,217
frame_1075.jpg,123,0,281,1,443,5,593,22,731,40,869,50,0,61,987,68,1016,128,17,133,909,188,640,204,172,203,770,207,487,211,325,212
frame_1076.jpg,125,0,286,4,447,11,597,32,731,53,0,58,868,66,981,86,19,130,1008,146,905,203,176,205,643,214,330,215,771,218,491,218
frame_1077.jpg,136,0,303,11,470,23,621,50,0,57,754,75,886,91,995,115,18,132,1020,172,182,212,918,225,342,226,661,231,508,233,788,238
frame_1078.jpg,0,0,180,16,356,36,513,68,648,97,778,117,885,144,906,201,45,221,216,240,806,251,391,250,549,251,676,261,-1,-1,-1,-1
frame_1079.jpg,0,0,184,25,347,60,485,93,617,114,721,142,742,199,34,231,216,242,641,248,379,246,510,257,-1,-1,-1,-1,-1,-1,-1,-1
frame_1081.jpg,141,0,319,24,476,57,609,88,838,136,857,191,0,208,172,225,760,239,349,235,507,239,633,248,-1,-1,-1,-1,-1,-1,-1,-1
frame_1082.jpg,0,0,179,14,352,35,504,65,634,93,760,112,861,138,881,193,42,216,211,234,783,242,536,244,382,242,659,252,-1,-1,-1,-1
frame_1083.jpg,133,0,297,5,458,15,603,35,728,55,0,60,951,86,15,130,972,140,877,193,175,202,636,206,755,209,331,211,492,212,-1,-1
frame_1084.jpg,264,1,414,0,115,5,552,11,675,23,903,42,0,68,928,95,19,135,834,152,711,174,595,178,457,190,166,194,308,196,-1,-1
frame_1085.jpg,389,0,246,1,105,7,525,9,649,20,775,23,882,36,0,67,908,89,19,131,813,147,688,169,572,172,437,183,158,187,293,189
frame_1086.jpg,376,0,634,9,510,4,235,8,870,13,99,18,899,67,0,82,804,129,20,143,680,156,563,163,429,180,288,191,157,194,-1,-1
frame_1087.jpg,859,0,622,2,499,0,366,1,228,13,96,29,890,52,0,93,797,115,672,146,21,152,555,157,422,177,284,192,155,198,-1,-1
frame_1088.jpg,843,0,611,3,488,3,358,4,223,17,93,33,875,51,0,97,785,115,661,145,21,154,546,156,416,177,280,192,154,198,-1,-1
frame_1089.jpg,835,0,612,3,492,3,363,4,228,17,96,33,865,49,0,99,781,111,663,141,550,153,22,156,422,175,287,191,158,199,-1,-1
frame_1090.jpg,612,4,831,3,494,1,365,0,230,12,97,25,859,52,0,90,776,112,660,141,21,148,548,152,420,171,285,186,157,193,-1,-1
frame_1093.jpg,232,0,365,0,102,3,491,11,605,22,818,40,0,57,840,89,15,115,755,140,638,158,528,159,401,167,142,168,269,172,-1,-1
frame_1094.jpg,369,0,236,2,103,9,495,8,611,18,822,31,0,65,846,78,15,122,761,131,645,152,535,156,407,167,145,173,274,174,-1,-1
frame_1097.jpg,369,0,612,9,496,4,234,8,823,14,101,19,847,60,0,78,767,115,21,135,654,139,544,147,418,163,285,176,156,180,-1,-1
frame_1098.jpg,810,0,599,1,484,0,359,0,227,12,98,25,836,44,0,86,756,101,643,129,534,138,19,141,409,158,278,174,151,182,-1,-1
frame_1099.jpg,797,0,585,4,471,2,347,4,219,17,93,31,825,45,0,91,745,103,631,131,522,141,20,145,399,161,270,178,148,185,-1,-1
frame_1101.jpg,802,0,589,3,474,2,350,3,221,16,94,32,829,45,0,92,750,105,636,132,526,142,19,147,401,162,272,180,148,187,-1,-1
frame_1103.jpg,793,0,578,9,464,10,341,15,215,30,821,44,91,48,743,106,0,109,628,136,518,148,20,162,395,170,268,190,147,200,-1,-1
frame_1104.jpg,792,0,577,8,463,8,340,13,214,28,91,45,822,44,742,106,0,106,627,135,518,146,20,159,395,167,268,187,146,196,-1,-1
frame_1105.jpg,797,0,583,4,468,1,344,3,217,16,93,30,825,45,0,88,746,104,631,131,520,140,19,142,397,159,269,176,146,183,-1,-1
frame_1106.jpg,805,2,590,4,351,0,475,1,222,13,96,26,832,47,0,84,751,106,635,132,18,138,525,139,399,157,269,174,145,179,-1,-1
frame_1107.jpg,349,0,805,6,588,6,473,1,221,12,96,24,832,51,0,81,750,110,633,135,17,134,522,141,397,158,267,173,143,178,-1,-1
frame_1108.jpg,353,0,478,4,594,12,224,10,812,15,97,20,840,60,0,75,756,119,15,129,636,142,525,146,398,160,266,174,141,175,-1,-1
frame_1109.jpg,354,0,225,6,479,6,97,14,596,16,815,24,0,67,842,71,15,122,758,128,638,147,525,149,397,160,141,171,266,172,-1,-1
frame_1110.jpg,362,0,101,4,229,2,488,11,605,26,825,42,0,54,850,89,14,110,763,143,530,155,643,159,400,163,140,164,268,170,-1,-1
frame_1111.jpg,103,3,233,1,366,0,493,12,610,28,830,47,0,49,854,95,13,105,766,148,531,157,139,160,645,161,401,162,267,168,-1,-1
frame_1112.jpg,361,0,229,3,100,7,487,10,606,24,830,39,0,55,858,87,13,111,768,142,530,155,644,158,399,162,138,162,265,169,-1,-1
frame_1113.jpg,362,0,102,7,230,2,490,9,610,24,838,40,0,55,866,87,14,110,774,144,533,156,649,159,401,162,138,163,266,170,-1,-1
frame_1114.jpg,365,0,101,5,232,2,494,11,614,27,844,45,0,52,873,93,13,109,781,150,536,159,655,163,138,164,403,165,266,170,-1,-1
frame_1115.jpg,105,1,372,0,236,1,502,13,623,31,851,52,0,47,880,101,14,105,788,156,545,162,142,161,411,165,662,168,273,171,-1,-1
frame_1116.jpg,105,2,374,0,238,2,505,12,626,29,856,49,0,49,885,97,14,106,792,154,549,160,144,163,414,165,667,166,274,171,-1,-1
frame_1117.jpg,374,0,237,2,104,5,506,11,628,27,861,45,0,54,890,93,13,111,797,150,551,160,669,165,415,165,142,166,274,174,-1,-1
frame_1118.jpg,375,0,236,5,103,8,508,11,633,26,871,41,0,57,902,91,15,114,808,149,558,161,679,165,421,168,146,169,278,176,-1,-1
frame_1119.jpg,376,0,237,6,512,8,103,11,638,21,882,33,0,63,914,83,16,121,819,145,566,159,688,162,427,168,150,174,283,179,-1,-1
frame_1120.jpg,382,0,520,7,239,9,103,16,648,19,896,30,0,67,929,80,15,125,831,144,573,160,698,161,432,170,150,179,286,183,-1,-1
frame_1121.jpg,388,0,529,6,244,10,661,17,105,19,917,26,0,72,952,76,17,131,852,143,586,161,714,162,441,173,154,184,291,187,-1,-1
frame_1123.jpg,403,0,551,5,691,15,253,13,963,19,109,25,1002,72,0,81,16,141,895,143,749,165,612,165,458,179,158,194,303,196,-1,-1
frame_1124.jpg,561,0,409,0,988,7,706,9,257,15,111,30,1030,60,0,87,920,136,18,149,768,162,626,164,469,181,309,200,162,201,-1,-1
frame_1126.jpg,435,0,593,8,274,10,120,20,741,23,1030,35,0,74,1072,90,16,139,958,164,655,180,802,183,490,191,167,200,323,205,-1,-1
frame_1127.jpg,444,0,606,7,280,12,758,20,122,24,1058,29,0,80,1100,87,17,147,982,164,671,183,821,186,502,196,171,208,329,212,-1,-1
frame_1129.jpg,465,0,634,5,294,12,129,24,791,21,1099,30,0,82,1146,89,17,152,1025,169,706,189,861,192,529,202,181,215,348,220,-1,-1
frame_1130.jpg,472,0,644,7,298,11,130,22,803,23,1119,35,0,83,1166,96,18,155,1045,178,718,197,877,200,538,210,184,221,354,226,-1,-1
frame_1131.jpg,480,0,655,6,301,14,817,20,132,26,1137,30,0,89,1186,92,20,161,1063,177,732,200,893,200,549,214,190,227,363,232,-1,-1
frame_1137.jpg,1284,0,919,13,732,8,533,14,334,41,146,67,1342,68,0,150,1201,172,1009,212,826,224,25,231,619,253,411,284,218,293,-1,-1
frame_1138.jpg,1289,5,740,0,541,1,926,9,340,23,149,46,1345,75,0,125,1204,175,26,209,1013,213,831,219,623,245,413,271,218,276,-1,-1
frame_1139.jpg,544,0,745,3,932,15,1298,19,342,18,150,36,1354,93,0,116,1213,192,24,200,1021,226,837,229,627,252,414,273,218,274,-1,-1
frame_1140.jpg,552,0,756,5,945,17,348,17,1316,25,152,35,1370,99,0,115,1222,198,23,203,1026,232,840,237,628,258,414,278,217,278,-1,-1
frame_1143.jpg,162,1,363,0,572,1,777,23,966,49,0,75,1334,87,19,164,1381,167,1226,251,212,257,845,264,631,270,413,272,1030,273,-1,-1
frame_1144.jpg,164,7,580,0,368,3,786,19,972,41,1169,52,1335,74,0,86,1382,153,22,178,1232,240,857,261,1039,265,223,267,645,273,428,278
frame_1145.jpg,170,0,380,0,595,3,801,28,987,55,1179,70,0,76,1342,94,20,171,1384,175,1234,258,226,267,865,273,1045,280,653,281,434,281
frame_1146.jpg,173,0,387,1,606,5,813,30,1000,57,1191,73,0,81,1353,99,1394,180,22,179,1246,264,233,278,878,282,1058,287,666,290,446,291
frame_1147.jpg,175,0,393,5,615,12,826,40,1014,71,0,81,1206,88,1367,117,25,181,1408,199,1257,280,240,282,888,295,453,297,1068,301,675,300
frame_1149.jpg,180,1,408,0,637,3,852,27,1042,53,1233,66,1393,91,0,90,1432,173,31,192,1282,257,1096,285,918,284,258,290,704,296,478,299
frame_1150.jpg,625,0,399,3,174,12,840,18,1032,37,1391,66,0,105,1433,148,30,204,1279,237,1090,270,910,274,695,291,253,295,470,299,-1,-1
frame_1152.jpg,392,3,617,0,172,9,831,18,1023,38,1219,46,1385,68,0,99,1426,152,29,199,1272,240,1080,272,899,275,247,290,685,290,461,295
frame_1154.jpg,612,0,387,6,168,17,828,15,1024,31,1226,36,1396,55,0,112,1438,141,31,211,1278,233,1082,269,899,275,683,294,248,299,459,302
frame_1156.jpg,606,0,381,9,827,11,1028,24,164,23,1236,26,1412,44,0,120,1457,134,31,219,1291,228,1089,268,900,277,680,298,455,306,245,306
frame_1157.jpg,613,0,383,5,165,15,833,16,1036,34,1243,38,1420,61,0,112,1464,150,30,213,1297,242,1095,280,906,285,686,303,247,305,460,309
frame_1158.jpg,621,0,391,7,844,12,168,20,1048,26,1255,28,1431,48,0,123,1476,138,34,225,1309,234,1107,274,919,284,698,306,470,314,255,314
frame_1159.jpg,626,0,393,10,852,12,1056,24,170,22,1266,25,1445,45,0,127,1489,134,1320,230,35,228,1116,272,926,283,703,305,473,314,258,316
frame_1161.jpg,627,0,1069,13,1287,11,857,7,391,12,1473,28,167,29,1521,122,0,138,1347,222,34,239,1136,270,939,286,710,313,476,322,258,326
frame_1162.jpg,640,0,1094,15,397,12,876,8,1319,13,169,29,1509,35,1545,132,0,143,1374,233,38,248,1157,282,956,298,722,325,485,332,265,337
frame_1166.jpg,1372,0,1145,11,1564,18,673,11,920,12,417,25,173,50,1604,118,0,183,1416,219,1200,280,49,292,1000,310,765,348,523,357,295,374
frame_1167.jpg,1384,0,1156,9,679,9,928,11,1577,18,420,22,173,44,1612,120,0,175,1420,220,1202,279,50,282,1002,308,766,343,524,349,296,365
frame_1168.jpg,1386,0,1155,9,1579,19,674,14,926,15,416,27,170,51,1607,123,0,184,1423,221,1202,282,50,288,999,313,762,348,521,353,294,370
frame_1169.jpg,1383,0,1151,14,1579,13,923,27,671,32,410,50,164,81,1615,118,1425,222,0,219,1207,289,55,323,1006,327,770,368,530,377,303,399
frame_1170.jpg,1392,0,1160,17,1587,13,929,30,676,36,415,55,165,89,1621,114,1428,219,0,227,1208,286,1009,325,57,331,774,369,533,380,307,404
frame_1171.jpg,1385,0,1154,16,1579,12,925,29,674,35,413,54,165,85,1618,115,1424,216,0,226,1207,283,1008,322,57,330,774,367,533,377,308,402
frame_1172.jpg,1370,0,1559,12,1146,18,921,32,673,39,413,59,166,91,1598,111,1412,211,0,232,1200,280,1005,320,58,335,775,366,536,378,310,406
frame_1174.jpg,1371,0,1147,18,1559,13,924,34,676,41,416,60,167,93,1596,113,1409,213,0,235,1197,281,1003,321,55,338,773,368,534,380,308,408
frame_1175.jpg,1375,0,1149,17,1565,13,924,31,674,36,415,53,166,85,1601,115,1410,214,0,223,1198,281,1002,320,56,327,770,363,532,373,307,399
frame_1176.jpg,1389,0,1162,14,1581,16,934,25,682,28,419,42,168,72,1614,119,0,212,1421,218,1205,282,57,316,1008,320,776,362,535,368,309,392
frame_1177.jpg,1396,0,1168,11,1586,16,942,20,690,21,425,33,170,60,1616,119,0,201,1424,216,1211,279,57,307,1014,316,782,356,541,362,312,384
frame_1178.jpg,1405,0,1179,11,1592,19,699,19,954,20,432,29,173,57,1622,121,0,198,1430,217,1217,279,59,304,1022,315,790,355,548,360,317,383
frame_1180.jpg,1433,2,1206,5,446,3,720,0,979,8,182,22,1620,26,1644,130,0,162,1447,220,57,272,1233,278,1035,308,553,342,799,343,318,358
frame_1181.jpg,1210,7,1441,3,446,3,721,0,979,8,181,21,1630,29,1657,135,0,161,1455,224,57,272,1237,282,1038,313,552,343,799,346,317,358
frame_1182.jpg,1218,8,446,3,1451,5,722,0,983,9,182,21,1642,32,1661,137,0,160,1463,230,57,270,1241,286,1039,318,550,345,798,350,315,359
frame_1183.jpg,1454,0,1220,3,447,5,724,0,986,7,1646,24,181,25,1672,130,0,166,1470,223,59,277,1250,282,1048,314,559,346,808,350,322,363
frame_1186.jpg,1461,0,1228,5,453,2,731,0,995,8,185,21,1654,26,1681,133,0,164,1477,224,57,275,1257,283,1054,316,561,346,812,350,322,363
frame_1187.jpg,453,3,1233,8,1468,6,733,0,998,9,185,19,1661,32,1686,139,0,159,1482,230,56,273,1260,288,1056,320,561,347,812,351,321,362
frame_1188.jpg,1470,3,1232,6,451,4,732,0,997,9,184,23,1662,29,1683,135,0,163,1484,228,58,276,1260,286,1056,319,561,348,812,351,322,363
frame_1189.jpg,1470,0,1234,6,453,5,732,3,997,9,1665,26,182,29,1686,133,0,169,1486,227,58,282,1262,286,1058,319,562,352,815,355,323,369
frame_1190.jpg,1470,0,1232,5,450,10,730,4,995,9,1663,25,182,31,1683,133,0,172,1486,225,1262,286,58,284,1058,320,561,353,813,356,322,370
frame_1194.jpg,1469,0,1234,5,453,7,733,2,998,9,1662,24,183,28,1688,130,0,170,1485,224,1263,284,58,282,1060,318,564,351,817,354,325,369
frame_1195.jpg,1471,0,1235,4,456,5,736,1,1000,8,1663,23,185,25,1690,131,0,170,1487,223,1266,283,60,281,1063,317,568,350,820,353,327,368
frame_1196.jpg,1468,0,1233,5,454,8,734,3,1000,10,1661,23,185,27,1689,131,0,172,1485,223,1265,284,59,284,1062,319,566,352,819,354,326,371
frame_1197.jpg,1468,0,1233,5,454,10,734,4,1000,11,1660,22,184,32,1689,130,0,176,1485,223,1263,283,58,287,1062,318,566,354,819,355,326,372
frame_1198.jpg,1465,0,1231,7,452,14,732,7,997,13,1658,23,183,35,1686,130,0,177,1483,223,1262,285,57,290,1061,320,565,356,817,357,325,375
frame_1199.jpg,1467,0,1233,6,455,9,736,4,998,10,1658,24,185,31,1688,132,0,173,1484,223,1264,283,59,285,1062,317,567,352,819,353,326,371
frame_1200.jpg,1464,0,1231,8,453,13,733,6,996,12,1657,24,184,34,1686,131,0,177,1483,223,1264,285,58,288,1061,318,566,355,818,355,325,374
frame_1205.jpg,1385,0,1160,14,1576,15,937,22,688,23,428,39,178,67,1618,115,0,202,1433,216,1220,282,48,308,1021,317,782,358,533,367,300,389
frame_1206.jpg,1364,0,1144,13,1552,14,926,21,681,22,425,39,178,66,1596,112,0,201,1418,215,1210,279,47,308,1012,314,777,355,531,367,298,388
frame_1207.jpg,1341,0,1525,10,1124,15,909,24,669,29,417,51,174,82,1572,105,1401,212,0,217,1198,278,1003,313,48,323,772,358,528,376,297,400
frame_1208.jpg,1321,0,1504,8,1107,17,893,25,657,32,410,57,172,88,1554,101,1386,208,0,220,1183,274,991,308,47,326,762,354,520,375,292,400
frame_1210.jpg,1278,0,1455,10,1072,11,868,13,640,15,402,34,171,61,1505,99,0,182,1346,202,1150,259,962,286,42,285,739,325,503,345,280,362
frame_1212.jpg,1212,0,1379,8,1018,12,825,12,610,14,383,34,162,62,1429,91,0,176,1283,193,1100,246,921,270,40,275,710,308,483,331,270,348
frame_1214.jpg,608,0,387,8,814,10,996,21,168,21,1179,21,1335,37,1381,116,0,123,1243,206,34,223,1069,247,899,260,693,286,471,300,259,307
frame_1215.jpg,619,0,396,4,173,13,823,13,1002,28,1179,32,1330,49,0,112,1373,126,1238,211,34,214,1068,250,902,260,700,284,478,296,263,300
frame_1223.jpg,192,0,419,13,645,30,847,63,0,81,1023,95,1197,115,1344,146,19,186,1380,225,1240,299,244,295,465,312,903,315,1069,321,695,320
frame_1224.jpg,189,0,410,17,634,35,837,72,0,79,1016,106,1196,129,1348,164,17,184,1384,248,234,297,1238,322,452,318,891,331,681,331,1063,340
frame_1225.jpg,186,0,406,13,629,31,835,67,0,78,1015,101,1200,125,1355,161,16,181,1395,244,230,292,448,314,1244,321,889,327,677,328,1064,338
frame_1227.jpg,191,0,416,11,642,26,848,58,1029,90,0,80,1211,111,1366,141,17,186,1407,226,238,296,1264,305,461,315,910,319,695,323,1084,326
frame_1228.jpg,194,0,420,16,647,35,854,71,0,79,1034,107,1219,132,1375,165,16,186,1414,251,237,301,1267,330,461,325,914,337,698,337,1089,346
frame_1230.jpg,209,0,451,19,688,39,900,78,0,81,1077,115,1259,140,1410,175,18,194,1452,258,260,315,1309,338,499,338,964,346,746,348,1137,355
frame_1231.jpg,213,0,459,18,699,38,912,77,0,81,1091,115,1271,139,1420,174,18,198,1464,257,265,322,1321,338,507,345,978,349,759,352,1150,358
frame_1232.jpg,211,0,457,18,699,38,914,77,0,81,1094,115,1428,176,18,198,1471,260,266,323,1329,341,509,345,983,352,763,354,1156,361,-1,-1
frame_1233.jpg,206,0,453,14,698,30,917,66,0,86,1101,103,1289,125,1447,160,21,203,1495,246,1347,334,270,326,997,347,513,347,771,352,1173,355
frame_1235.jpg,208,0,462,7,721,13,955,46,1151,79,1354,99,0,93,26,215,1431,319,287,336,1057,343,1243,348,816,352,541,353,-1,-1,-1,-1
frame_1237.jpg,229,0,501,15,774,28,1014,66,1212,106,0,92,1412,130,1584,165,26,220,1643,256,1489,354,312,357,1117,371,1305,379,584,377,872,378
frame_1238.jpg,237,0,514,16,789,29,1029,68,0,93,1425,133,1593,167,27,227,1652,258,1502,355,319,362,1132,373,1320,380,887,382,596,382,-1,-1
frame_1239.jpg,240,0,520,21,795,43,1033,88,0,86,1227,134,1423,164,1589,203,23,221,1645,296,316,366,1495,390,594,392,1132,397,887,400,1318,410
frame_1242.jpg,234,0,512,21,785,41,1015,85,0,88,1196,128,1383,157,1539,194,28,227,1590,277,1456,377,326,371,1124,390,599,394,1293,400,890,397
frame_1243.jpg,231,0,510,17,783,34,1014,76,0,90,1196,117,1538,179,30,227,1459,365,333,370,1130,381,1299,389,898,390,606,391,-1,-1,-1,-1
frame_1245.jpg,244,0,535,24,817,46,1053,93,0,88,1237,141,1421,171,30,234,1501,397,348,389,1176,409,633,414,1342,420,936,416,-1,-1,-1,-1
frame_1246.jpg,260,0,562,40,851,78,0,74,1088,139,1271,197,1453,236,27,229,1607,284,357,407,651,446,1528,469,962,461,1201,466,1371,484,-1,-1
frame_1248.jpg,284,0,598,60,0,61,894,115,1128,190,15,223,1485,308,1635,362,358,427,1690,458,667,483,990,512,1231,528,1549,548,1394,556,-1,-1
frame_1251.jpg,274,0,582,66,0,57,863,123,1077,196,30,226,1380,306,1510,357,385,435,678,486,980,507,1192,516,1325,539,-1,-1,-1,-1,-1,-1
frame_1252.jpg,262,0,0,51,559,72,826,134,1023,209,28,223,1295,320,1415,371,373,437,1461,456,649,489,933,511,1124,521,1353,537,-1,-1,-1,-1
frame_1254.jpg,237,0,516,64,0,60,772,118,957,187,35,226,1330,337,1372,407,361,427,619,471,891,486,1276,502,1068,492,1176,523,-1,-1,-1,-1
frame_1255.jpg,235,0,513,66,0,59,767,121,38,228,367,433,623,476,892,490,1263,508,1064,495,-1,-1,-1,-1,-1,-1,-1,-1,-1,-1,-1,-1
frame_1256.jpg,233,0,0,53,510,71,760,131,936,205,34,227,362,438,613,486,880,503,1048,510,1236,522,-1,-1,-1,-1,-1,-1,-1,-1,-1,-1
frame_1259.jpg,227,0,0,29,489,104,725,187,23,214,885,277,571,533,826,570,979,590,1138,617,-1,-1,-1,-1,-1,-1,-1,-1,-1,-1,-1,-1
frame_1267.jpg,164,0,0,54,364,72,552,134,675,201,19,204,241,385,414,427,608,452,725,462,-1,-1,-1,-1,-1,-1,-1,-1,-1,-1,-1,-1
frame_1268.jpg,160,0,362,66,0,57,549,124,676,187,21,203,926,319,245,375,418,414,612,436,-1,-1,-1,-1,-1,-1,-1,-1,-1,-1,-1,-1
frame_1269.jpg,163,0,364,63,0,59,552,119,678,181,23,203,928,309,246,372,418,409,612,429,870,441,730,434,798,459,-1,-1,-1,-1,-1,-1
frame_1271.jpg,164,0,368,60,0,66,557,115,19,212,937,300,244,379,417,411,871,435,611,431,732,434,-1,-1,-1,-1,-1,-1,-1,-1,-1,-1
frame_1272.jpg,168,0,374,59,0,71,566,113,694,172,20,221,249,388,426,417,885,430,744,435,624,435,-1,-1,-1,-1,-1,-1,-1,-1,-1,-1
frame_1273.jpg,173,0,384,55,0,82,580,106,711,162,24,237,261,401,439,424,759,432,638,437,-1,-1,-1,-1,-1,-1,-1,-1,-1,-1,-1,-1
frame_1274.jpg,177,0,397,48,598,94,0,92,731,145,29,249,920,394,275,404,782,415,457,418,660,425,-1,-1,-1,-1,-1,-1,-1,-1,-1,-1
frame_1275.jpg,182,0,407,41,613,82,0,107,748,129,1004,225,29,267,936,373,799,404,284,414,675,420,469,420,-1,-1,-1,-1,-1,-1,-1,-1
frame_1278.jpg,444,0,660,36,797,76,0,117,1045,154,967,312,29,289,828,365,702,396,490,405,298,421,-1,-1,-1,-1,-1,-1,-1,-1,-1,-1
frame_1279.jpg,209,0,455,26,674,62,814,101,1066,174,0,153,973,329,29,325,831,390,703,424,489,432,296,452,-1,-1,-1,-1,-1,-1,-1,-1
frame_1280.jpg,203,0,451,16,672,44,814,78,1072,142,0,161,905,355,30,329,838,368,707,406,492,420,299,447,-1,-1,-1,-1,-1,-1,-1,-1
frame_1281.jpg,204,0,453,13,677,38,821,69,1083,130,0,166,34,335,847,361,716,402,499,418,304,448,-1,-1,-1,-1,-1,-1,-1,-1,-1,-1
frame_1283.jpg,215,0,472,10,703,35,851,66,1117,123,0,174,876,362,34,346,742,406,520,424,318,459,-1,-1,-1,-1,-1,-1,-1,-1,-1,-1
frame_1284.jpg,222,0,485,9,720,35,869,64,1137,122,0,178,894,366,37,355,755,412,530,431,325,467,-1,-1,-1,-1,-1,-1,-1,-1,-1,-1
frame_1285.jpg,220,0,486,9,722,33,874,63,1143,119,1158,194,0,183,1046,286,970,348,900,366,36,360,762,413,533,433,327,471,-1,-1,-1,-1
frame_1286.jpg,224,0,491,7,727,30,879,58,1150,113,0,184,1055,283,908,363,38,363,769,411,540,432,332,472,-1,-1,-1,-1,-1,-1,-1,-1
frame_1287.jpg,227,0,497,7,734,30,886,58,1155,112,1170,190,0,186,1060,281,913,364,38,367,774,413,544,435,335,477,-1,-1,-1,-1,-1,-1
frame_1288.jpg,229,0,499,6,738,29,890,58,1158,110,0,190,1067,282,987,341,916,363,37,370,779,413,548,436,337,479,-1,-1,-1,-1,-1,-1
frame_1289.jpg,233,0,507,4,746,26,1168,106,0,191,1075,277,925,361,39,373,789,412,555,436,343,482,-1,-1,-1,-1,-1,-1,-1,-1,-1,-1
frame_1291.jpg,512,3,234,0,760,24,919,51,1199,104,0,197,1101,276,943,368,37,380,799,421,559,444,342,489,-1,-1,-1,-1,-1,-1,-1,-1
frame_1292.jpg,514,4,235,0,766,27,927,55,1213,108,0,196,1110,285,952,375,37,380,804,427,561,448,342,492,-1,-1,-1,-1,-1,-1,-1,-1
frame_1294.jpg,512,2,233,0,761,23,1204,100,0,197,1110,275,1026,341,951,367,40,381,806,421,565,445,346,490,-1,-1,-1,-1,-1,-1,-1,-1
frame_1295.jpg,230,0,505,5,751,27,908,55,1189,110,0,192,937,370,40,374,793,421,556,443,341,485,-1,-1,-1,-1,-1,-1,-1,-1,-1,-1
frame_1296.jpg,226,0,498,8,738,32,893,62,1169,119,0,186,993,351,920,372,38,366,778,420,546,439,337,479,-1,-1,-1,-1,-1,-1,-1,-1
frame_1298.jpg,235,0,507,11,743,35,894,65,1161,120,0,177,1071,280,992,336,919,356,41,354,782,402,556,423,345,462,-1,-1,-1,-1,-1,-1
frame_1299.jpg,235,0,505,10,737,33,888,61,1154,116,0,177,1067,274,992,338,919,354,36,354,556,423,342,465,-1,-1,-1,-1,-1,-1,-1,-1
frame_1300.jpg,234,0,497,19,727,46,873,77,1140,143,0,164,1061,301,983,356,33,345,911,373,776,417,548,435,334,467,-1,-1,-1,-1,-1,-1
frame_1301.jpg,232,0,489,36,714,76,858,118,0,142,1121,200,26,323,1045,352,969,395,895,408,760,440,535,448,321,465,-1,-1,-1,-1,-1,-1
frame_1302.jpg,229,0,479,54,696,107,0,112,1097,261,20,289,868,444,514,457,304,453,735,463,-1,-1,-1,-1,-1,-1,-1,-1,-1,-1,-1,-1
frame_1303.jpg,227,0,468,75,0,83,679,143,11,254,1065,329,280,439,486,464,834,481,700,485,-1,-1,-1,-1,-1,-1,-1,-1,-1,-1,-1,-1
frame_1305.jpg,222,0,0,47,454,99,658,184,6,212,786,260,878,312,1029,407,258,417,458,467,666,507,950,525,797,519,872,533,-1,-1,-1,-1
frame_1306.jpg,227,0,3,29,456,111,0,191,654,209,779,293,865,351,241,410,1012,452,439,473,646,526,774,547,927,565,850,566,-1,-1,-1,-1
frame_1309.jpg,417,0,616,93,0,98,824,229,901,277,233,302,965,326,425,360,624,405,746,422,887,438,817,442,-1,-1,-1,-1,-1,-1,-1,-1
frame_1310.jpg,191,0,387,100,507,186,588,244,0,292,721,347,189,357,386,410,506,432,641,450,644,452,573,454,-1,-1,-1,-1,-1,-1,-1,-1
frame_1311.jpg,209,0,390,92,584,243,0,266,185,338,712,351,380,399,497,426,630,454,561,454,-1,-1,-1,-1,-1,-1,-1,-1,-1,-1,-1,-1
frame_1312.jpg,386,0,495,94,572,159,0,153,639,217,177,234,694,271,365,302,479,335,541,362,610,370,-1,-1,-1,-1,-1,-1,-1,-1,-1,-1
frame_1315.jpg,344,0,0,22,498,102,592,187,164,225,659,248,719,302,310,303,472,368,774,410,573,403,629,438,691,445,-1,-1,-1,-1,-1,-1
frame_1316.jpg,15,0,325,100,0,122,471,197,563,279,151,316,626,339,684,391,290,391,736,444,445,454,543,490,740,503,-1,-1,-1,-1,-1,-1
frame_1317.jpg,148,0,7,15,304,96,0,135,449,182,542,259,607,315,150,316,284,382,437,438,532,468,586,499,648,507,-1,-1,-1,-1,-1,-1
frame_1319.jpg,127,0,4,24,272,75,0,132,408,145,499,211,139,289,262,345,408,389,690,408,501,414,615,447,-1,-1,-1,-1,-1,-1,-1,-1
frame_1321.jpg,117,0,3,23,256,77,0,131,389,149,480,219,547,271,130,289,248,347,670,371,388,395,481,424,594,462,536,453,-1,-1,-1,-1
frame_1323.jpg,1,0,255,68,0,97,389,151,476,226,130,266,537,285,248,333,387,388,474,423,659,441,526,456,585,469,-1,-1,-1,-1,-1,-1
frame_1325.jpg,1,0,262,53,0,94,397,128,487,199,552,253,138,253,259,314,398,363,488,393,673,403,599,434,-1,-1,-1,-1,-1,-1,-1,-1
frame_1326.jpg,0,0,245,35,379,96,6,96,469,157,534,206,141,234,257,283,393,320,666,340,481,344,536,369,-1,-1,-1,-1,-1,-1,-1,-1
frame_1327.jpg,97,0,0,37,232,48,362,95,12,130,455,145,526,184,145,251,258,288,667,311,390,314,480,330,596,353,535,350,-1,-1,-1,-1
frame_1328.jpg,91,0,222,41,0,40,351,81,445,126,12,128,652,231,142,238,252,270,664,283,383,292,472,304,532,322,531,322,-1,-1,-1,-1
frame_1329.jpg,88,0,217,36,0,41,346,72,443,114,16,127,515,148,145,233,668,264,255,262,386,280,476,291,598,308,-1,-1,-1,-1,-1,-1
frame_1330.jpg,88,0,216,35,0,43,347,68,441,110,16,128,651,207,146,232,671,258,255,260,386,276,476,287,535,301,600,303,537,306,-1,-1
frame_1331.jpg,217,0,0,7,346,34,442,75,15,92,144,195,672,224,253,223,385,240,475,251,600,267,537,266,-1,-1,-1,-1,-1,-1,-1,-1
frame_1333.jpg,88,0,220,28,0,44,352,56,453,94,530,123,17,127,150,223,263,248,396,261,492,267,622,279,555,282,-1,-1,-1,-1,-1,-1
frame_1335.jpg,90,0,224,26,0,46,360,51,464,85,546,113,21,126,723,219,160,218,277,240,414,251,512,257,651,265,581,269,-1,-1,-1,-1
frame_1336.jpg,92,0,227,25,0,45,362,51,465,85,548,112,20,125,719,218,158,218,276,239,412,250,508,256,649,263,578,267,-1,-1,-1,-1
frame_1337.jpg,95,0,229,27,0,44,363,55,466,90,549,118,18,123,155,216,719,226,273,240,408,253,506,260,647,270,576,272,-1,-1,-1,-1
frame_1339.jpg,95,0,227,26,0,44,360,52,464,86,548,114,15,121,707,169,148,210,723,219,263,233,397,247,499,253,646,262,572,265,-1,-1
frame_1343.jpg,89,0,218,15,348,30,0,49,453,55,540,76,701,118,17,119,722,166,147,193,260,207,646,212,491,213,390,212,567,220,-1,-1
frame_1344.jpg,88,0,215,9,346,19,452,39,541,56,0,51,706,91,19,118,729,138,654,187,149,185,496,193,263,195,393,196,574,197,-1,-1
frame_1346.jpg,84,0,211,1,342,3,451,18,541,31,715,53,0,55,740,101,22,120,666,153,583,169,503,169,398,178,154,180,268,184,-1,-1
frame_1347.jpg,209,0,84,2,338,1,447,13,539,23,712,44,0,58,737,91,22,121,664,144,582,161,499,163,396,173,154,178,267,180,-1,-1
frame_1348.jpg,81,2,206,0,333,2,441,14,532,24,704,46,0,57,729,93,22,119,657,145,574,161,494,163,391,173,151,177,263,179,-1,-1
frame_1350.jpg,321,0,199,1,79,5,425,10,513,16,678,35,0,59,701,78,21,118,632,128,552,146,475,149,375,161,254,169,146,169,-1,-1
frame_1351.jpg,313,0,194,2,77,7,416,8,502,16,666,29,0,61,691,72,622,124,21,118,544,141,467,145,369,157,250,166,144,167,-1,-1
frame_1352.jpg,305,0,189,4,407,6,74,10,493,10,652,23,676,64,0,64,613,114,21,121,536,134,461,139,365,153,247,164,143,167,-1,-1
frame_1353.jpg,191,0,77,3,308,1,407,11,491,18,647,37,0,54,670,77,21,111,607,124,529,141,455,144,360,154,244,161,140,161,-1,-1
frame_1354.jpg,80,0,195,0,312,3,409,16,493,27,646,47,0,48,667,88,18,104,601,133,525,147,450,148,356,156,136,157,239,160,-1,-1
frame_1355.jpg,80,0,197,2,313,9,411,23,494,36,0,47,647,58,667,100,17,104,603,143,527,156,452,156,136,159,358,161,241,164,-1,-1
frame_1356.jpg,84,0,202,6,319,16,417,32,498,47,0,47,648,75,15,105,668,116,602,158,133,164,453,167,528,169,358,171,239,171,-1,-1
frame_1357.jpg,86,0,204,11,321,24,417,44,0,43,498,62,645,94,13,102,662,136,130,165,597,175,236,176,449,179,354,180,522,183,-1,-1
frame_1358.jpg,85,0,202,13,318,27,0,41,414,49,493,68,639,103,12,99,655,144,127,162,232,176,589,181,442,182,348,182,514,188,-1,-1
frame_1359.jpg,85,0,203,12,317,27,0,40,413,50,492,69,12,98,654,144,127,161,231,174,587,181,441,182,348,181,513,188,-1,-1,-1,-1
frame_1360.jpg,84,0,198,14,312,31,0,39,405,54,483,75,11,97,627,111,642,152,124,161,225,176,339,184,576,188,430,187,501,194,-1,-1
frame_1363.jpg,81,0,189,19,0,33,297,39,387,67,463,90,9,88,113,155,615,173,209,174,318,188,407,195,548,205,476,206,-1,-1,-1,-1
frame_1364.jpg,80,0,187,20,0,32,295,42,383,70,458,94,9,87,111,155,207,175,611,179,315,190,404,198,544,209,471,210,-1,-1,-1,-1
frame_1366.jpg,77,0,181,17,0,31,285,38,373,64,446,87,8,84,584,130,105,149,597,170,198,168,304,182,391,189,531,200,458,201,-1,-1
frame_1368.jpg,77,0,180,20,0,31,284,43,371,72,7,85,444,97,580,141,105,153,197,173,592,182,302,189,389,198,526,211,455,211,-1,-1
frame_1369.jpg,77,0,180,20,0,30,284,42,370,71,8,83,443,95,577,140,105,150,197,170,590,179,301,186,387,195,525,208,453,208,-1,-1
frame_1370.jpg,77,0,179,20,0,30,281,43,366,71,8,83,439,94,574,144,103,150,193,171,584,181,297,187,381,197,518,211,447,209,-1,-1
frame_1372.jpg,76,0,178,20,0,30,279,43,364,72,7,83,435,97,569,142,102,150,192,170,580,182,295,187,379,196,515,210,445,209,-1,-1
frame_1373.jpg,76,0,177,20,0,30,278,43,362,71,7,84,434,96,506,116,101,150,191,170,579,181,294,186,378,196,512,209,443,208,-1,-1
frame_1375.jpg,76,0,175,22,0,29,276,46,359,75,6,81,430,100,502,122,99,147,187,170,572,186,289,187,372,198,437,211,507,213,-1,-1
frame_1376.jpg,75,0,175,22,0,28,276,47,359,77,6,80,429,102,561,150,98,148,187,170,571,189,289,188,372,199,437,213,-1,-1,-1,-1
frame_1378.jpg,74,0,173,19,0,30,273,40,357,67,7,82,428,90,559,133,99,145,188,164,570,172,289,179,372,188,506,200,436,200,-1,-1
frame_1379.jpg,75,0,174,18,0,30,273,40,357,67,7,80,427,90,560,132,100,144,188,164,571,172,289,179,372,188,507,200,437,199,-1,-1
frame_1380.jpg,74,0,173,17,0,30,273,37,357,63,427,85,7,81,100,145,189,163,573,167,290,177,373,185,508,196,439,196,-1,-1,-1,-1
frame_1383.jpg,75,0,174,19,0,28,274,43,357,71,5,80,428,95,500,116,560,141,96,145,184,166,570,180,285,184,370,193,505,207,434,206
frame_1384.jpg,76,0,173,22,0,29,273,45,357,74,5,81,428,99,559,146,95,147,183,169,569,186,284,187,368,198,503,212,434,210,-1,-1
frame_1386.jpg,76,0,174,24,0,27,274,52,3,79,355,84,425,111,90,149,556,162,178,174,278,195,565,203,361,209,427,224,498,228,-1,-1
frame_1387.jpg,77,0,173,26,0,26,272,55,2,78,354,88,425,115,495,141,88,149,554,169,174,174,274,198,561,210,357,212,423,229,494,235
frame_1388.jpg,79,0,0,25,175,30,273,64,2,77,354,100,424,129,85,151,171,180,552,189,269,208,352,225,558,231,417,244,488,251,-1,-1
frame_1389.jpg,78,0,0,23,174,30,272,64,0,75,352,101,421,132,82,150,168,179,550,192,266,207,349,226,555,234,414,245,484,254,-1,-1
frame_1390.jpg,79,0,0,23,175,31,272,66,0,75,353,104,421,135,82,150,166,181,550,196,264,209,347,229,554,238,412,248,483,257,-1,-1
frame_1391.jpg,79,0,1,21,175,31,272,67,0,73,352,105,421,137,81,149,166,179,550,200,264,210,346,230,554,241,411,250,483,259,-1,-1
frame_1393.jpg,81,0,2,20,177,31,273,67,0,71,353,105,423,137,81,146,165,177,550,200,264,208,346,229,554,242,411,249,484,259,-1,-1
frame_1394.jpg,83,0,4,20,180,33,276,70,0,71,356,110,424,143,81,149,166,182,552,208,264,214,348,236,556,251,412,257,485,267,-1,-1
frame_1396.jpg,82,0,3,23,179,31,277,65,0,75,359,102,430,133,83,150,169,180,562,195,270,210,355,229,568,238,422,249,495,257,-1,-1
frame_1398.jpg,78,0,178,23,0,29,281,50,368,82,2,81,445,107,522,135,91,152,587,164,181,176,285,200,596,207,374,213,444,229,522,233
frame_1400.jpg,77,0,181,18,0,32,287,41,379,69,4,85,461,92,615,142,98,152,191,174,627,187,300,192,394,203,551,217,469,216,-1,-1
frame_1401.jpg,77,0,181,16,0,34,289,36,384,63,467,85,6,87,552,107,626,133,103,153,197,173,641,178,308,189,403,198,564,210,480,210
frame_1402.jpg,78,0,182,15,290,33,0,35,385,59,470,80,7,88,629,125,103,151,199,169,643,170,308,185,404,193,567,202,481,204,-1,-1
frame_1403.jpg,77,0,181,14,289,30,0,37,385,54,470,74,8,89,634,115,105,150,650,160,200,167,310,180,407,187,572,193,485,197,-1,-1
frame_1406.jpg,77,0,182,13,292,30,0,38,391,54,479,75,8,90,648,117,105,151,663,163,201,169,312,182,411,189,582,197,492,200,-1,-1
frame_1408.jpg,78,0,184,13,295,30,0,36,394,55,482,77,8,88,654,119,105,150,669,166,202,168,314,182,413,190,587,199,496,201,-1,-1
frame_1410.jpg,78,0,184,8,297,18,400,37,0,40,494,54,673,88,10,91,691,134,110,147,209,160,324,169,608,172,427,171,513,179,-1,-1
frame_1411.jpg,78,0,185,7,297,19,401,38,0,40,493,56,675,90,10,91,692,137,111,148,209,161,324,171,609,175,427,174,514,182,-1,-1
frame_1413.jpg,80,0,187,9,300,22,0,39,405,44,499,62,9,90,682,101,699,148,108,149,207,164,322,175,427,180,613,184,515,189,-1,-1
frame_1414.jpg,81,0,189,12,303,27,0,38,408,50,504,71,604,89,8,90,690,112,106,151,706,161,207,168,322,181,428,188,618,196,518,199
frame_1415.jpg,82,0,191,13,306,30,0,37,412,56,509,79,8,89,698,123,106,151,207,170,712,172,322,186,430,195,623,206,521,207,-1,-1
frame_1416.jpg,83,0,192,15,307,35,0,35,414,62,511,87,6,87,701,137,102,151,203,173,714,187,318,191,427,203,519,217,622,218,-1,-1
frame_1417.jpg,83,0,193,15,0,34,309,37,416,65,514,91,6,86,704,143,103,152,203,174,718,192,319,193,428,205,521,222,627,223,-1,-1
frame_1419.jpg,86,0,195,19,0,33,309,41,414,71,6,85,510,99,611,123,697,152,102,153,203,177,316,197,708,201,424,211,514,227,618,230
frame_1420.jpg,86,0,195,18,0,33,309,41,414,71,5,85,511,99,611,122,696,150,102,152,203,175,317,195,708,199,424,209,516,225,618,228
frame_1421.jpg,86,0,196,17,0,33,310,39,416,68,5,86,513,96,700,148,102,153,203,175,318,195,713,197,426,208,519,224,622,227,-1,-1
frame_1422.jpg,87,0,197,19,0,33,312,43,420,74,4,86,518,101,101,154,708,157,203,178,318,201,719,208,427,215,521,233,626,237,-1,-1
frame_1424.jpg,89,0,200,21,0,31,316,48,423,81,4,85,524,113,627,139,99,155,715,172,202,182,318,206,726,223,428,223,524,243,631,250
frame_1425.jpg,88,0,199,22,0,28,314,50,3,81,421,85,520,117,98,153,710,180,200,182,316,208,426,227,720,230,520,248,626,256,-1,-1
frame_1428.jpg,93,0,205,28,0,28,319,61,1,83,425,100,522,137,97,160,200,192,706,204,315,222,424,243,715,254,517,267,622,278,-1,-1
frame_1429.jpg,94,0,0,24,206,29,320,65,0,80,425,106,521,144,94,159,196,193,704,216,311,226,420,250,711,268,512,276,617,289,-1,-1
frame_1430.jpg,94,0,0,24,206,30,321,64,0,79,426,105,523,144,94,157,198,192,709,215,313,224,423,249,715,267,516,275,622,289,-1,-1
frame_1431.jpg,96,0,1,24,208,30,323,66,0,79,428,107,525,146,94,159,198,193,710,219,313,227,423,252,717,271,518,279,624,292,-1,-1
frame_1432.jpg,96,0,1,23,208,31,323,68,0,78,429,111,527,151,92,159,196,195,713,227,312,230,423,256,721,278,518,284,625,299,-1,-1
frame_1433.jpg,99,0,3,21,210,34,324,73,0,76,430,118,527,160,91,160,194,199,309,235,713,241,420,265,719,293,515,295,623,311,-1,-1
frame_1434.jpg,100,0,3,20,210,36,0,74,324,78,429,125,90,160,526,168,192,199,628,209,307,239,711,253,418,270,512,301,716,304,619,321
frame_1435.jpg,100,0,4,19,211,37,0,74,325,79,429,127,89,160,525,171,191,201,305,242,709,256,416,273,510,305,713,309,616,325,-1,-1
frame_1436.jpg,102,0,5,18,213,36,0,73,326,79,429,128,89,159,525,174,191,200,305,241,708,260,414,274,508,307,711,313,615,328,-1,-1
frame_1438.jpg,94,0,208,24,0,30,325,53,3,85,433,90,534,125,100,160,726,190,207,190,323,218,436,237,735,242,533,260,641,269,-1,-1
frame_1439.jpg,91,0,206,14,326,33,0,37,436,61,538,85,7,92,735,134,111,158,219,179,749,185,338,196,452,206,658,220,549,220,-1,-1
frame_1440.jpg,88,0,205,7,326,17,438,35,0,46,542,53,648,66,738,86,12,100,756,136,123,159,232,171,669,177,466,180,352,179,563,186
frame_1441.jpg,204,0,86,2,327,3,441,14,545,25,739,45,0,53,760,92,17,107,677,139,574,156,478,157,134,159,366,163,245,164,-1,-1
frame_1442.jpg,209,0,88,3,332,4,445,15,549,25,741,44,0,54,761,91,16,108,679,138,576,154,481,156,135,160,368,163,247,164,-1,-1
frame_1445.jpg,330,0,207,2,86,8,445,8,549,15,742,27,0,62,765,73,18,116,684,123,582,143,487,148,374,159,252,165,139,165,-1,-1
frame_1446.jpg,333,0,209,2,87,8,447,8,550,16,742,28,0,62,763,74,19,116,685,123,583,144,488,148,376,159,254,165,140,164,-1,-1
frame_1447.jpg,334,0,209,2,87,7,447,8,550,17,740,30,0,61,762,75,18,116,684,125,583,145,489,149,377,160,254,166,141,165,-1,-1
frame_1448.jpg,331,0,207,2,86,7,445,7,546,15,737,26,0,62,761,72,19,117,681,122,581,142,488,146,377,158,253,164,141,164,-1,-1
frame_1449.jpg,329,0,204,5,543,12,441,6,84,13,645,12,733,22,757,67,0,69,679,119,20,124,581,141,488,146,377,160,254,168,142,171
frame_1450.jpg,328,0,204,4,442,5,542,11,83,12,732,21,756,66,0,68,677,119,21,122,581,140,488,146,378,159,255,168,143,169,-1,-1
frame_1451.jpg,328,0,204,4,441,6,542,12,83,10,731,23,0,67,754,69,674,121,20,122,577,142,486,147,376,160,253,167,142,169,-1,-1
frame_1454.jpg,320,0,530,5,629,4,431,2,198,7,715,11,79,19,740,55,0,77,664,109,570,133,22,131,482,140,375,157,253,169,144,174
frame_1457.jpg,524,0,711,0,427,0,315,1,194,13,76,27,738,43,0,86,663,99,570,125,481,136,24,139,375,155,254,170,146,178,-1,-1
frame_1460.jpg,319,0,532,5,432,2,197,8,723,10,80,19,747,54,0,75,669,108,21,128,572,132,480,139,371,155,250,166,141,171,-1,-1
frame_1461.jpg,319,0,533,6,432,3,198,7,724,12,80,17,749,56,0,73,670,109,21,126,572,133,479,140,370,155,249,165,140,169,-1,-1
frame_1462.jpg,320,0,199,5,534,9,433,4,727,14,80,16,750,61,0,71,671,113,20,125,571,136,478,143,369,157,248,166,139,169,-1,-1
frame_1464.jpg,323,0,201,3,436,6,83,10,538,12,730,22,0,65,752,69,673,119,19,118,572,140,479,145,368,157,248,163,138,164,-1,-1
frame_1465.jpg,323,0,201,4,435,5,537,10,82,13,729,19,753,64,0,67,673,115,19,120,573,136,479,142,369,155,248,163,138,165,-1,-1
frame_1467.jpg,322,0,200,5,436,4,539,9,644,9,82,14,734,17,757,63,0,68,677,114,18,121,574,137,480,143,368,157,247,164,137,166
frame_1468.jpg,323,0,540,9,437,4,200,7,83,14,736,16,760,62,0,70,680,114,20,123,577,137,482,143,370,157,249,165,138,167,-1,-1
frame_1469.jpg,322,0,539,8,436,4,200,6,735,15,81,16,759,60,0,72,679,113,19,125,577,136,481,143,370,157,248,166,138,169,-1,-1
frame_1470.jpg,322,0,538,6,435,3,199,7,734,11,81,17,758,57,0,74,679,110,19,127,577,134,482,142,371,157,249,167,139,170,-1,-1
frame_1471.jpg,322,0,539,6,436,2,200,5,735,11,82,16,758,57,0,72,680,109,19,125,578,133,482,140,371,155,249,165,138,167,-1,-1
frame_1472.jpg,324,0,202,4,540,10,438,5,645,9,84,12,736,19,759,65,0,68,680,115,19,121,577,138,482,144,370,157,248,164,137,166
frame_1473.jpg,325,0,203,2,439,6,85,8,542,13,738,24,0,62,760,70,18,116,680,120,577,141,481,146,369,157,247,163,135,163,-1,-1
frame_1474.jpg,325,0,203,3,84,9,439,7,543,14,738,25,0,63,761,72,17,116,680,122,577,142,481,147,368,159,246,164,135,163,-1,-1
frame_1475.jpg,324,0,202,3,438,6,84,11,542,12,739,23,0,65,762,69,681,120,17,118,578,141,481,147,369,159,246,164,135,166,-1,-1
frame_1476.jpg,324,0,202,3,543,11,438,5,83,12,647,11,738,20,762,67,0,67,681,118,18,120,578,140,482,146,369,158,247,165,136,166
frame_1478.jpg,540,5,321,0,436,2,199,7,741,8,81,19,766,55,0,76,684,108,19,128,580,133,484,142,370,158,248,167,137,171,-1,-1
frame_1479.jpg,540,0,743,0,435,0,320,1,197,11,80,25,769,47,0,84,688,103,583,132,19,137,485,142,372,160,249,172,138,178,-1,-1
frame_1480.jpg,650,0,542,6,744,5,435,4,320,5,197,14,80,27,771,52,0,85,689,107,584,135,20,138,486,144,373,161,249,173,138,179
frame_1483.jpg,637,0,733,4,534,7,430,7,316,9,194,20,78,34,762,48,0,94,685,105,583,133,487,144,20,146,375,163,251,177,140,185
frame_1484.jpg,728,0,530,9,427,13,313,18,192,35,759,45,77,53,684,104,0,114,584,136,489,150,22,166,377,173,254,191,143,202,-1,-1
frame_1485.jpg,721,0,526,12,424,18,311,25,752,42,190,44,75,64,681,102,0,127,582,135,488,150,378,174,22,177,255,197,145,210,-1,-1
frame_1487.jpg,703,0,512,22,412,31,738,41,301,42,183,66,70,92,672,106,578,141,0,156,486,160,379,189,26,207,259,217,150,234,-1,-1
frame_1488.jpg,700,0,511,19,412,26,302,36,733,40,184,59,71,83,666,103,573,137,0,147,482,154,376,183,26,197,256,210,149,226,-1,-1
frame_1492.jpg,688,0,505,13,410,18,302,25,718,40,184,46,71,67,655,100,0,126,565,129,479,142,375,167,26,175,256,193,149,206,-1,-1
frame_1493.jpg,694,0,509,8,411,11,303,16,184,34,728,38,70,53,660,98,0,111,570,125,482,137,377,160,25,161,256,183,148,195,-1,-1
frame_1494.jpg,697,0,512,7,415,6,306,10,187,26,72,42,728,42,662,99,0,99,573,125,485,135,25,151,379,156,258,177,149,187,-1,-1
frame_1495.jpg,703,0,516,3,421,2,311,4,191,19,75,34,733,41,0,91,666,99,577,123,489,133,24,144,382,153,259,173,149,181,-1,-1
frame_1498.jpg,525,2,429,0,317,3,193,18,75,35,746,38,0,92,678,98,589,124,501,133,26,146,393,154,267,176,155,184,-1,-1,-1,-1
frame_1499.jpg,530,1,432,0,320,4,195,22,751,35,75,41,683,99,0,101,594,126,505,137,26,156,397,160,270,184,157,195,-1,-1,-1,-1
frame_1500.jpg,715,0,527,7,431,7,318,11,194,30,750,41,74,48,683,105,0,108,596,130,509,141,401,165,28,164,274,190,161,201,-1,-1
frame_1502.jpg,708,0,525,12,428,13,317,19,745,39,192,42,71,64,683,104,0,125,599,132,512,144,408,169,30,180,280,199,167,213,-1,-1
frame_1503.jpg,526,0,431,0,321,1,195,16,74,33,743,41,0,91,679,102,596,126,512,134,29,148,406,155,278,180,165,189,-1,-1,-1,-1
frame_1506.jpg,325,0,197,7,75,12,435,9,528,17,0,63,739,78,25,123,671,134,587,150,506,150,400,162,157,175,269,177,-1,-1,-1,-1
frame_1507.jpg,325,0,75,5,198,3,436,12,527,23,0,54,740,88,25,114,671,143,507,154,590,157,403,163,158,170,270,174,-1,-1,-1,-1
frame_1509.jpg,80,0,204,4,335,7,446,24,539,37,0,48,23,110,749,114,677,167,514,172,156,174,594,178,407,177,272,183,-1,-1,-1,-1
frame_1510.jpg,80,0,208,6,341,10,453,30,0,48,726,80,23,113,759,128,688,182,159,182,523,184,414,188,604,192,277,192,-1,-1,-1,-1
frame_1513.jpg,93,0,221,31,0,30,352,61,454,101,14,102,537,135,146,196,264,228,718,245,399,245,500,260,573,280,647,284,-1,-1,-1,-1
frame_1514.jpg,94,0,0,29,225,32,355,63,459,104,15,103,540,137,149,201,267,233,715,249,404,251,503,265,575,286,647,291,-1,-1,-1,-1
frame_1516.jpg,95,0,229,33,0,31,361,63,462,103,16,108,156,208,276,239,713,245,413,253,512,265,648,290,579,286,-1,-1,-1,-1,-1,-1
frame_1517.jpg,93,0,229,27,0,34,363,52,468,88,20,111,168,207,727,219,290,233,429,241,528,250,666,267,597,268,-1,-1,-1,-1,-1,-1
frame_1518.jpg,92,0,228,27,0,35,363,51,469,86,23,112,171,207,737,218,294,233,433,240,535,248,674,267,604,266,-1,-1,-1,-1,-1,-1
frame_1519.jpg,94,0,232,31,0,33,370,58,475,97,21,113,170,213,744,238,294,243,435,252,537,263,677,286,608,283,-1,-1,-1,-1,-1,-1
frame_1521.jpg,101,0,249,33,0,32,395,62,510,104,26,113,598,140,184,219,316,251,797,253,466,262,574,276,726,302,650,298,-1,-1,-1,-1
frame_1522.jpg,104,0,0,29,256,37,406,70,524,114,24,113,186,223,321,260,818,272,476,274,588,290,666,314,745,319,-1,-1,-1,-1,-1,-1
frame_1523.jpg,110,0,0,27,264,42,418,79,21,113,537,128,186,229,326,272,484,289,834,296,600,308,678,336,759,342,-1,-1,-1,-1,-1,-1
frame_1526.jpg,116,0,285,21,454,38,0,42,588,74,693,105,33,129,934,213,224,232,556,254,381,256,683,259,860,275,774,277,-1,-1,-1,-1
frame_1527.jpg,118,0,293,14,466,21,608,49,0,51,717,77,37,138,972,174,239,232,714,235,899,242,582,237,809,249,401,249,-1,-1,-1,-1
frame_1528.jpg,120,0,483,5,302,5,633,28,749,55,0,57,1022,142,40,145,944,216,746,216,848,227,606,224,249,233,418,244,-1,-1,-1,-1
frame_1529.jpg,127,0,499,2,313,4,655,23,776,49,0,62,1059,134,41,151,980,209,771,214,879,222,624,224,257,237,432,245,-1,-1,-1,-1
frame_1531.jpg,143,0,343,11,538,19,700,48,0,59,826,80,37,154,1117,180,1028,254,805,254,261,255,650,258,918,265,448,270,-1,-1,-1,-1
frame_1532.jpg,152,0,358,10,560,16,728,43,858,74,0,62,38,161,1156,172,1064,248,835,250,674,257,954,259,272,258,466,272,-1,-1,-1,-1
frame_1534.jpg,176,0,398,19,611,34,0,60,787,69,924,105,1178,154,34,165,1224,218,282,278,1130,290,885,287,714,290,494,297,1009,302,-1,-1
frame_1535.jpg,185,0,416,24,635,46,0,54,815,87,955,129,29,163,1215,185,1258,251,282,283,728,310,502,311,905,312,1158,323,1034,330,-1,-1
frame_1536.jpg,192,0,428,25,652,44,0,59,838,85,986,127,28,166,1256,182,1300,249,285,286,744,310,511,313,928,313,1194,322,1064,330,-1,-1
frame_1537.jpg,193,0,427,16,653,30,846,64,0,63,999,103,1285,151,29,163,1331,218,280,277,1220,293,934,292,743,293,508,298,1079,305,-1,-1
frame_1539.jpg,180,0,400,9,622,15,822,46,991,80,0,68,1314,126,24,170,1362,201,248,276,1232,285,907,287,701,291,466,296,1069,300,-1,-1
frame_1540.jpg,175,0,393,7,614,12,818,40,992,74,0,67,1329,120,23,164,1381,195,245,268,1245,279,905,281,694,285,461,288,1073,294,-1,-1
frame_1542.jpg,551,0,126,8,335,5,755,19,936,45,1289,75,1343,151,0,168,1203,241,843,256,1020,264,189,264,629,266,401,276,-1,-1,-1,-1
frame_1543.jpg,142,8,560,0,347,5,762,19,943,45,1293,76,1348,151,0,173,1207,240,847,256,1025,263,203,263,636,266,410,275,-1,-1,-1,-1
frame_1547.jpg,148,4,522,0,333,1,702,18,866,39,1180,65,0,74,1221,137,18,157,1095,213,767,233,927,236,200,238,581,242,384,248,-1,-1
frame_1548.jpg,148,0,330,1,518,4,695,24,855,49,0,65,1159,82,17,148,1198,152,1072,225,197,232,754,237,571,243,910,243,378,243,-1,-1
frame_1549.jpg,134,0,315,5,499,10,673,33,830,58,991,72,1127,94,0,146,1162,163,1039,232,177,231,726,242,356,245,546,246,879,249,-1,-1
frame_1553.jpg,951,1,812,0,650,10,494,10,328,14,161,34,0,55,993,64,876,148,717,187,567,201,398,227,227,248,66,257,-1,-1,-1,-1
frame_1554.jpg,943,3,802,0,639,10,483,10,319,14,155,32,0,53,984,65,864,147,703,185,553,198,386,223,219,243,64,251,-1,-1,-1,-1
frame_1556.jpg,1028,0,885,1,723,18,568,22,408,31,252,52,1074,62,106,77,955,149,0,153,793,192,643,208,23,219,479,236,318,259,171,269
frame_1557.jpg,1028,0,716,17,560,24,400,34,245,57,1073,62,102,81,952,148,0,156,788,192,637,209,23,219,473,237,312,257,168,268,-1,-1
frame_1558.jpg,1014,0,708,22,554,29,396,39,241,62,1058,63,100,87,939,149,0,161,778,192,629,209,24,223,468,237,310,259,167,269,-1,-1
frame_1560.jpg,988,0,694,20,545,27,391,36,239,59,1032,59,99,83,918,142,0,157,765,184,621,203,24,218,464,231,308,252,167,264,-1,-1
frame_1561.jpg,979,0,688,17,541,22,388,31,237,53,1022,59,98,76,909,141,0,149,757,181,616,198,24,210,460,226,306,245,166,256,-1,-1
frame_1564.jpg,931,0,803,3,658,17,518,23,373,31,229,52,968,58,95,73,862,135,0,145,718,174,585,191,23,204,439,218,292,236,159,247
frame_1565.jpg,917,0,647,15,509,21,366,28,224,47,954,58,92,69,848,132,0,140,706,170,575,187,23,199,431,214,289,231,158,242,-1,-1
frame_1566.jpg,905,2,783,0,643,10,507,12,367,15,226,30,94,48,939,60,0,116,834,131,695,165,22,175,566,178,425,200,285,214,155,221
frame_1568.jpg,644,3,374,0,512,1,897,4,233,9,99,22,927,60,0,87,825,124,20,145,690,153,564,163,425,181,284,190,154,195,-1,-1
frame_1569.jpg,900,0,645,3,512,3,373,4,233,16,99,33,931,57,0,101,829,125,692,158,18,161,565,171,424,192,284,203,151,209,-1,-1
frame_1570.jpg,908,0,645,5,509,6,369,8,228,20,97,36,940,59,0,106,833,128,692,163,20,165,563,176,421,197,281,207,151,214,-1,-1
frame_1571.jpg,912,1,787,0,642,13,506,20,364,26,223,43,93,62,944,60,834,132,0,134,691,172,562,189,22,193,420,213,280,227,153,237
frame_1572.jpg,925,0,795,4,646,22,504,32,359,43,959,61,218,64,88,89,844,136,0,163,697,181,564,202,25,220,420,230,280,247,153,260
frame_1574.jpg,927,0,638,25,495,39,349,53,968,57,209,76,83,102,855,134,0,173,704,181,568,202,25,226,422,232,280,250,154,263,-1,-1
frame_1575.jpg,903,0,772,8,624,33,484,50,944,58,342,67,205,92,80,121,837,137,692,187,0,196,560,213,418,246,27,251,280,268,156,285
frame_1576.jpg,887,0,759,11,614,39,929,55,477,60,337,80,202,108,826,136,78,140,684,189,0,216,555,217,417,254,28,269,280,279,157,300
frame_1577.jpg,889,0,761,9,617,35,480,52,929,57,340,70,205,96,80,125,825,136,684,186,0,201,555,213,416,247,26,255,280,269,156,288
frame_1578.jpg,894,0,768,5,622,24,485,38,345,50,931,57,209,72,83,98,825,133,0,172,683,177,554,200,26,227,414,231,278,249,154,263
frame_1579.jpg,902,0,631,12,494,19,353,25,215,41,87,61,936,59,826,129,0,132,683,168,554,186,24,189,414,210,277,222,152,231,-1,-1
frame_1581.jpg,900,2,777,0,635,15,498,24,358,31,218,48,932,60,88,69,827,130,0,143,686,171,559,190,25,201,420,216,284,231,157,242
frame_1582.jpg,789,0,646,6,368,5,911,10,509,6,227,14,94,29,939,73,0,100,829,141,24,163,687,175,560,187,420,205,284,211,155,215
frame_1583.jpg,236,0,379,1,101,4,519,11,655,20,793,22,911,37,0,67,934,97,18,128,823,152,683,175,557,179,149,185,279,187,417,189
frame_1584.jpg,241,0,104,3,385,1,525,13,658,22,794,27,909,43,0,65,933,102,19,125,826,157,689,179,564,182,152,183,284,187,424,190
frame_1585.jpg,276,0,434,3,120,6,583,15,719,26,855,30,965,45,0,81,982,108,21,148,877,163,743,188,617,194,471,206,320,207,173,207
frame_1589.jpg,279,0,443,0,117,9,601,9,744,19,886,23,1001,37,0,86,1021,99,36,154,921,158,786,185,657,193,508,208,354,211,203,215
frame_1590.jpg,882,0,743,4,441,0,599,2,276,7,996,9,110,24,1023,69,0,109,924,134,791,168,31,177,662,183,513,207,357,219,203,229
frame_1593.jpg,852,1,714,5,412,0,570,3,245,8,966,12,79,24,993,70,895,134,762,169,0,178,633,184,483,206,326,219,171,231,-1,-1
frame_1594.jpg,714,4,853,1,412,0,571,2,245,8,967,9,80,23,993,69,895,133,762,168,0,176,633,183,483,206,327,219,171,230,-1,-1
frame_1597.jpg,879,0,740,4,440,1,597,3,992,9,275,10,110,26,1019,68,0,110,921,134,788,168,30,179,660,183,510,207,356,220,201,231
frame_1598.jpg,839,0,699,6,955,7,561,7,412,7,259,17,109,33,977,69,0,112,870,135,733,169,25,176,608,185,463,206,316,217,174,226
frame_1599.jpg,815,0,672,8,937,7,532,10,386,11,239,22,98,38,962,69,0,114,852,136,710,172,26,176,583,187,440,208,300,218,166,225
frame_1600.jpg,812,0,667,7,935,6,528,10,382,11,236,22,96,39,961,69,0,114,851,136,709,172,27,175,581,187,439,208,299,217,166,225
frame_1601.jpg,825,0,686,6,942,7,401,7,548,7,249,16,102,32,968,68,0,109,865,134,729,169,29,174,603,184,461,206,318,216,179,225
frame_1602.jpg,817,0,677,6,935,7,393,6,539,6,243,15,100,29,960,67,0,104,855,132,718,166,28,166,592,180,450,200,308,210,172,217
frame_1604.jpg,385,0,240,5,668,10,530,7,811,9,101,15,934,22,958,87,0,86,842,150,21,150,697,179,568,188,426,202,286,205,154,206
frame_1605.jpg,385,0,238,3,672,14,530,8,100,12,818,13,942,27,0,80,965,92,21,143,848,154,701,180,571,187,427,199,155,199,286,201
frame_1606.jpg,237,1,382,0,668,12,528,7,99,11,815,13,940,26,0,78,964,90,22,140,847,151,700,178,570,185,155,196,426,196,286,198
frame_1607.jpg,238,2,383,0,100,10,527,8,666,15,811,16,934,30,0,76,958,94,21,137,843,153,698,178,568,184,153,194,285,196,425,196
frame_1609.jpg,380,0,234,4,670,10,526,6,819,8,98,14,949,22,0,81,973,89,20,143,850,151,699,179,565,186,419,198,149,198,280,199
frame_1611.jpg,381,0,236,3,669,11,527,6,816,10,99,13,941,23,0,82,966,87,22,143,848,149,700,177,569,185,425,198,154,199,285,199
frame_1613.jpg,384,0,237,4,669,11,529,7,813,10,99,13,936,24,0,81,960,87,22,144,845,149,700,177,571,185,428,198,288,200,156,200
frame_1614.jpg,386,0,239,4,670,10,531,6,814,9,101,12,936,21,0,83,960,85,24,144,846,147,703,175,574,183,431,197,291,200,159,200
frame_1615.jpg,385,0,239,4,669,12,530,7,814,11,100,14,935,22,0,82,959,86,23,146,846,148,702,176,573,184,430,198,290,201,158,201
