x__1,x__2,x__3,x__4,x__5,x__6,x__7,x__8,x__9,x__10,x__11,x__12,x__13,x__14,x__15,x__16,x__17,x__18,x__19,x__20,x__21,x__22,x__23,x__24,x__25,x__26,x__27,x__28,x__29,x__30,x__31,x__32,y
798,0,916,5,660,9,523,14,380,16,234,29,95,47,943,63,0,121,840,132,704,168,578,185,28,185,440,208,302,222,169,231,0
798,0,916,5,659,9,523,13,380,16,235,27,94,46,943,63,0,121,840,132,704,168,578,185,28,185,440,208,302,221,169,231,0
799,0,917,4,661,10,524,14,381,16,236,27,95,47,944,63,0,122,841,132,705,168,579,185,28,185,441,208,303,221,169,231,0
797,0,916,5,659,10,523,13,380,16,234,29,95,46,943,63,0,121,840,132,703,169,578,185,28,185,440,208,302,221,169,231,0
798,0,916,5,660,10,523,14,380,16,235,28,95,46,943,63,0,122,840,132,704,168,578,185,28,185,440,209,302,221,169,231,0
797,0,916,4,659,10,523,14,380,16,235,27,95,46,943,63,0,122,840,132,704,168,578,185,28,185,440,209,302,221,168,231,0
798,0,916,4,659,10,523,14,380,15,234,29,95,46,943,63,0,121,840,132,704,168,578,185,28,185,440,209,302,221,169,231,0
797,0,916,6,660,11,523,15,380,17,234,29,95,47,943,64,0,123,840,133,704,169,578,186,27,186,440,209,302,222,169,232,0
797,0,916,5,660,10,523,13,380,16,234,28,95,47,943,63,0,121,840,132,703,168,578,185,27,186,440,209,302,221,169,231,0
799,0,917,3,660,8,524,12,381,15,235,28,96,45,944,62,0,121,841,131,705,168,579,184,28,185,441,207,303,220,170,230,0
798,0,916,4,660,9,523,13,380,15,234,27,95,45,943,62,0,121,840,131,704,167,578,184,28,184,440,207,302,220,169,230,0
799,0,917,4,661,8,524,12,381,15,236,27,96,45,944,62,0,121,841,131,705,167,579,184,28,184,441,207,304,221,169,230,0
797,0,916,4,659,9,523,13,380,16,234,28,95,46,943,63,0,121,840,132,704,168,578,185,27,186,440,208,302,221,168,231,0
798,0,916,3,660,9,523,13,380,15,234,28,94,46,943,62,0,120,840,131,703,168,578,184,27,184,440,207,302,220,169,230,0
797,0,916,5,660,10,523,14,380,16,235,27,94,47,942,63,0,121,840,132,703,169,578,185,28,185,440,209,302,221,169,231,0
798,0,915,4,659,9,523,14,380,16,234,28,95,46,943,64,0,122,840,132,704,168,578,185,27,185,440,208,302,221,169,231,0
798,0,915,5,659,9,524,14,380,16,235,28,95,46,943,64,0,122,840,132,704,168,578,185,27,186,440,208,302,221,169,231,0
798,0,916,5,660,10,523,14,380,15,234,28,94,45,943,63,0,121,840,132,704,168,578,185,27,185,440,208,302,221,168,231,0
798,0,916,5,660,10,523,14,380,16,234,30,95,45,943,63,0,122,840,132,704,169,578,185,27,185,440,208,302,221,169,231,0
798,0,916,5,660,10,524,14,380,16,235,29,96,46,943,63,0,122,840,132,704,169,578,185,28,185,440,208,303,222,169,231,0
798,0,916,5,661,10,523,13,380,16,234,28,95,47,943,63,0,122,840,132,704,168,578,185,28,185,440,209,302,221,169,232,0
799,0,916,3,659,8,523,13,380,15,235,26,95,45,943,62,0,121,840,131,704,167,578,184,27,184,440,208,302,220,169,230,0
798,0,916,5,659,9,523,13,380,16,235,27,95,46,943,63,0,121,840,132,704,168,578,185,27,185,440,208,302,221,169,231,0
798,0,916,6,659,11,523,14,379,17,235,29,95,46,943,64,0,122,840,132,703,169,578,185,27,186,440,209,301,222,168,232,0
798,0,916,5,659,10,523,14,380,16,234,29,95,47,943,63,0,122,840,132,704,169,578,185,28,186,440,209,302,221,169,232,0
800,0,916,4,663,9,527,12,385,14,238,26,97,43,942,62,0,119,841,130,706,166,581,182,27,182,443,205,304,218,170,228,0
796,0,911,6,659,7,523,9,382,9,236,19,96,35,939,63,0,108,838,129,703,163,27,172,578,178,439,200,302,211,168,220,0
794,1,660,5,386,0,527,4,241,7,909,9,100,20,934,67,0,90,833,130,23,153,699,160,575,172,436,190,297,198,163,204,0
658,3,384,0,907,6,525,2,241,6,99,22,934,62,0,91,833,126,25,154,699,157,575,169,437,189,298,198,164,204,-1,-1,0
790,0,655,6,904,5,381,6,522,7,238,16,99,31,932,62,0,102,832,126,698,159,25,164,574,172,437,194,298,205,164,212,0
791,0,657,4,384,0,525,2,241,7,905,8,101,20,931,64,0,90,831,128,23,153,698,158,574,170,436,189,296,198,162,204,0
787,0,902,4,654,8,521,9,381,10,237,21,98,39,930,61,0,110,831,127,698,162,24,173,574,176,437,199,298,211,164,220,0
897,0,785,0,653,13,523,20,382,27,238,45,927,52,98,68,835,122,0,143,706,161,584,181,28,204,448,210,308,229,172,244,0
904,2,792,0,661,11,529,16,388,21,243,36,934,55,100,57,841,122,0,132,712,160,590,178,28,195,453,205,313,224,175,237,0
801,0,669,5,911,5,537,5,396,4,249,14,104,30,938,59,0,102,844,123,714,156,26,166,592,169,453,191,311,205,173,213,0
803,3,398,0,671,5,540,3,251,8,912,10,106,21,939,64,0,91,844,127,715,157,25,156,592,168,453,188,310,200,170,206,0
382,0,646,8,774,5,519,4,239,6,884,14,98,19,910,69,0,86,812,132,24,150,686,160,567,169,434,187,294,197,162,201,0
378,0,640,8,515,4,235,7,879,13,98,18,906,68,0,84,808,130,23,147,681,159,563,167,430,185,291,194,160,198,-1,-1,0
763,0,636,4,377,0,870,7,512,2,235,10,97,23,897,59,0,90,804,122,680,153,25,153,565,163,433,183,295,196,164,201,0
634,1,864,0,510,1,376,1,234,12,96,28,891,52,0,96,799,117,680,147,565,160,25,158,434,181,296,196,165,204,-1,-1,0
856,0,625,12,502,15,369,20,228,36,885,52,92,57,796,119,0,127,676,154,563,171,27,188,433,196,297,216,167,229,-1,-1,0
847,0,619,15,497,22,365,31,878,49,225,51,91,73,792,117,0,147,674,155,562,175,434,204,29,207,299,227,170,244,-1,-1,0
856,2,750,0,625,11,502,14,369,19,230,34,886,52,93,55,795,120,0,126,675,155,562,171,27,188,433,197,296,216,167,228,0
865,0,631,4,507,5,372,7,231,20,94,36,894,52,0,107,799,119,677,152,562,166,26,169,431,188,293,204,164,214,-1,-1,0
379,0,237,2,98,10,514,8,638,16,764,19,871,30,0,74,897,83,23,136,801,141,677,165,562,171,430,184,292,190,161,191,0
99,0,232,5,370,15,503,34,628,54,0,54,864,89,14,117,883,146,137,182,261,195,776,196,529,202,397,202,646,208,-1,-1,0
98,0,230,3,367,9,496,26,617,41,740,51,0,55,846,70,16,117,866,126,764,177,141,179,265,188,527,188,640,191,399,192,0
227,0,95,1,363,3,491,16,611,28,732,34,837,50,0,58,859,104,18,119,761,157,639,175,527,175,144,176,268,182,400,182,0
356,0,220,4,484,6,603,13,90,11,830,25,0,72,853,77,20,132,758,134,637,158,526,164,400,177,268,183,146,183,-1,-1,0
718,2,596,5,350,0,478,2,216,7,822,9,87,20,847,61,0,83,754,122,23,142,635,150,525,159,401,175,270,186,150,190,0
810,0,589,2,472,2,345,3,212,14,85,29,837,50,0,94,748,112,632,142,25,152,525,154,403,174,273,188,154,195,-1,-1,0
700,0,587,4,352,0,476,2,796,5,218,9,87,22,821,54,0,87,738,113,630,141,26,146,529,151,410,170,281,184,159,191,0
793,0,589,6,479,8,355,12,220,27,86,47,820,46,742,109,0,117,639,141,540,156,31,176,422,181,294,201,171,215,-1,-1,0
696,0,788,4,586,6,477,7,354,8,219,19,86,36,814,51,0,105,736,110,635,140,536,153,30,164,420,176,292,194,170,204,0
209,1,336,0,87,6,452,8,556,15,750,29,0,63,772,75,20,120,690,124,586,146,490,151,377,162,255,167,142,168,-1,-1,0
211,0,338,0,88,5,454,7,559,15,664,17,753,28,0,62,774,75,20,119,693,125,590,145,494,150,381,162,258,167,144,167,0
213,0,88,3,339,1,455,12,560,20,666,24,755,38,0,58,774,85,19,115,692,133,587,152,491,155,378,165,140,165,255,167,0
212,0,88,3,338,2,455,12,561,20,668,25,757,37,0,59,777,85,20,116,694,133,589,153,491,157,378,166,141,167,255,168,0
212,0,88,3,339,3,455,15,562,24,669,30,759,42,0,58,777,91,19,115,693,139,588,157,491,160,140,168,377,169,255,170,0
214,0,89,0,342,5,459,17,565,28,671,34,761,49,0,55,779,98,18,113,695,145,589,162,492,164,140,167,255,171,378,171,0
213,0,88,0,341,4,459,16,567,27,676,32,767,48,0,56,785,98,18,115,698,145,590,164,492,166,140,169,377,174,254,173,0
216,0,90,1,345,5,464,18,573,29,681,35,773,50,0,57,791,100,19,115,704,147,596,166,497,167,142,170,258,174,382,175,0
92,0,219,5,349,15,469,33,578,49,0,55,691,60,784,80,16,115,798,133,705,177,136,175,251,184,492,189,593,191,375,191,0
94,0,221,8,352,22,472,43,0,51,582,62,694,76,787,98,16,113,800,151,134,177,250,189,706,193,492,199,374,199,593,203,0
96,0,225,12,356,31,0,48,475,58,585,79,14,111,790,122,801,177,132,178,249,194,373,209,705,215,491,213,593,221,-1,-1,0
96,0,225,15,354,35,0,46,473,63,582,87,692,106,12,107,782,133,129,177,792,186,245,195,369,212,486,218,699,222,587,227,0
98,0,225,17,353,39,0,45,472,68,579,91,11,106,688,113,778,142,127,176,789,194,243,196,367,214,484,221,695,228,584,232,0
97,0,223,15,351,37,0,44,469,65,577,88,685,108,10,105,775,136,125,174,785,188,241,193,364,210,481,218,692,223,581,227,0
97,0,222,15,350,35,0,46,468,61,576,83,685,102,11,106,774,128,126,173,785,180,241,190,364,207,481,212,693,216,581,221,0
97,0,222,13,349,32,0,46,467,58,574,80,680,97,11,105,774,124,126,172,786,176,241,189,365,205,481,210,693,212,582,218,0
96,0,221,13,349,33,0,45,466,59,573,81,682,99,10,105,772,125,124,172,784,178,240,189,363,205,480,210,691,213,580,219,0
95,0,220,12,346,29,0,46,464,53,571,74,680,91,11,105,770,116,784,167,125,170,240,186,362,200,690,204,479,204,579,212,0
95,0,218,12,346,28,0,47,463,51,570,70,679,87,11,106,771,110,784,161,126,170,240,184,692,199,363,198,480,201,580,207,0
95,0,220,11,347,28,0,47,464,51,570,70,679,87,11,106,769,110,783,162,127,171,241,184,692,198,365,198,481,201,581,207,0
95,0,220,9,347,23,464,44,0,50,571,61,679,76,769,97,13,108,783,148,129,171,245,182,693,187,484,194,368,193,583,198,0
95,0,222,7,350,20,467,40,573,55,0,49,681,69,770,90,14,108,784,140,133,169,695,181,249,181,489,189,373,190,587,192,0
95,0,222,7,350,17,468,35,573,48,0,53,679,59,768,78,16,112,784,127,698,169,137,171,254,179,592,183,494,182,379,186,0
98,0,229,9,359,24,478,46,0,50,583,63,688,77,774,98,15,112,789,148,140,176,703,188,260,187,501,195,386,196,599,199,0
100,0,232,11,364,27,483,50,0,50,588,68,693,83,778,106,16,111,792,155,141,176,262,188,707,194,388,199,505,199,602,203,0
99,0,233,9,366,24,485,45,0,51,590,62,696,77,781,97,17,112,796,146,144,175,711,186,266,187,510,194,394,195,608,197,0
99,0,232,8,363,25,481,48,0,50,586,66,692,81,776,102,16,110,790,151,141,175,262,186,704,191,504,197,388,196,601,201,0
99,0,229,8,360,21,478,42,0,50,582,58,686,71,772,92,15,110,786,140,141,171,701,180,260,182,501,188,386,190,598,191,0
94,0,222,0,349,8,465,21,569,33,672,39,760,56,0,53,776,103,16,110,694,147,590,163,494,165,138,164,256,170,380,171,0
94,0,222,3,351,9,468,24,573,38,0,53,766,62,784,110,16,111,702,154,140,168,598,169,500,169,258,173,384,175,-1,-1,0
97,0,226,3,355,11,473,25,579,39,685,47,0,53,772,63,791,111,17,112,709,156,142,170,604,171,506,171,262,175,390,177,0
98,0,230,1,363,6,482,19,588,32,782,54,0,55,801,102,17,117,719,150,615,167,516,168,146,173,398,177,269,177,-1,-1,0
361,0,228,3,590,12,483,6,697,11,95,11,786,20,810,66,0,72,731,118,22,131,628,142,529,150,411,166,281,175,157,179,0
606,6,374,0,497,3,236,6,802,11,98,18,827,57,0,82,749,111,646,138,23,144,546,149,426,168,292,181,163,188,-1,-1,0
707,0,600,4,798,5,492,5,369,5,233,15,97,31,822,50,0,98,745,107,642,136,542,150,23,158,423,172,289,188,161,200,0
779,0,686,1,577,14,469,21,347,30,810,45,215,49,85,74,735,110,634,147,0,148,536,166,420,196,30,207,290,222,169,240,0
786,0,584,20,475,30,352,41,817,45,218,64,85,94,743,113,643,153,0,172,545,175,429,209,32,230,299,238,175,260,-1,-1,0
807,0,714,1,604,14,493,21,367,30,837,47,226,51,87,77,762,115,661,152,0,155,563,173,445,205,34,217,311,231,184,252,0
819,3,725,0,614,11,503,15,375,20,232,38,848,49,91,59,770,113,0,135,667,148,566,166,448,193,32,197,311,217,182,234,0
617,5,378,0,505,3,822,8,236,8,94,23,848,57,0,92,765,117,661,145,561,157,29,156,440,178,304,194,175,202,-1,-1,0
380,0,238,4,618,15,507,8,97,11,730,16,823,26,847,75,0,76,762,132,25,141,656,156,556,163,434,180,297,189,168,193,0
376,0,235,4,505,8,616,14,96,12,729,15,826,26,850,78,0,78,762,136,24,143,654,161,550,169,428,185,291,194,164,197,0
375,0,232,4,619,12,504,6,94,14,736,14,836,25,859,79,0,80,765,140,22,147,651,166,547,173,422,190,284,198,159,201,0
239,0,100,2,380,2,506,15,617,27,728,32,821,47,0,63,844,98,21,128,757,151,651,171,549,174,427,185,160,187,289,189,0
238,0,98,2,379,2,503,14,613,25,815,44,0,62,839,94,22,126,753,146,649,166,549,170,428,181,162,183,290,185,-1,-1,0
248,0,103,4,391,2,516,14,624,24,731,28,821,41,0,66,845,90,22,133,764,143,662,164,563,169,442,183,301,189,169,190,0
109,0,256,3,401,11,528,27,635,42,740,50,0,59,829,68,850,117,20,128,769,166,667,184,568,186,168,192,445,195,303,196,0
251,0,106,2,395,0,519,12,625,23,730,28,818,41,0,64,841,90,22,132,761,143,661,164,565,169,443,182,302,189,169,189,0
375,0,236,4,496,7,601,14,97,11,796,24,822,72,0,77,743,127,23,142,644,151,548,159,430,176,293,188,166,192,-1,-1,0
231,0,96,3,368,1,488,13,594,25,789,43,0,60,815,92,20,124,733,143,632,163,535,166,417,176,156,180,282,183,-1,-1,0
366,0,230,4,94,10,487,8,591,17,787,30,0,71,814,76,735,132,23,134,636,153,540,160,422,174,287,185,162,187,-1,-1,0
231,0,95,4,367,1,488,13,0,62,816,89,20,127,734,144,633,163,537,166,418,178,157,183,282,184,-1,-1,-1,-1,-1,-1,0
95,0,228,0,363,4,483,17,588,31,690,38,784,53,0,56,807,101,19,120,725,152,624,169,528,170,411,178,154,178,277,182,0
227,0,94,3,363,0,483,11,586,22,781,40,0,59,806,87,21,122,725,140,626,159,530,161,414,172,156,177,280,179,-1,-1,0
361,0,227,6,481,6,585,13,93,15,778,22,805,68,0,75,728,123,23,136,630,146,535,153,419,169,285,181,161,186,-1,-1,0
689,2,585,5,362,0,482,2,778,7,226,12,91,25,806,52,0,90,733,110,637,137,542,148,26,151,427,169,293,187,169,196,0
365,0,589,6,484,3,780,10,229,9,92,22,808,55,0,86,734,113,637,139,544,149,26,148,428,168,293,186,169,194,-1,-1,0
363,0,588,10,483,4,228,7,93,17,781,18,808,63,0,79,732,120,634,144,23,141,539,152,423,170,288,184,163,189,-1,-1,0
811,0,592,23,477,32,849,43,350,45,214,72,83,101,773,115,665,155,0,174,559,177,436,211,31,232,300,242,174,263,-1,-1,0
829,0,726,1,608,12,492,17,363,24,225,45,863,46,92,67,780,115,0,137,668,151,561,166,434,196,27,197,296,221,168,236,0
835,0,612,6,495,7,365,10,226,26,92,44,868,47,784,114,0,111,671,145,560,158,26,171,433,182,295,203,167,214,-1,-1,0
840,1,737,0,617,9,500,10,369,14,230,30,93,49,873,49,789,114,0,117,675,147,564,161,25,177,437,185,298,207,168,218,0
376,0,632,6,510,2,863,9,235,10,98,23,895,58,0,87,805,122,683,149,23,148,568,157,436,176,294,191,162,196,-1,-1,0
381,0,638,8,515,4,872,12,239,11,100,23,903,62,0,86,813,126,23,148,690,153,573,161,439,179,297,193,163,197,-1,-1,0
388,0,647,8,523,3,244,9,881,14,104,20,911,64,0,85,820,127,22,147,696,154,578,162,443,179,299,193,163,197,-1,-1,0
392,0,530,4,247,7,658,12,107,17,897,19,928,71,0,81,833,134,20,145,704,161,583,167,445,184,299,196,161,198,-1,-1,0
427,0,729,8,879,5,269,6,582,4,1010,17,116,19,1045,80,0,94,931,151,20,164,779,184,638,194,480,213,321,220,171,224,0
437,0,276,5,741,10,593,6,119,18,1016,19,1048,84,0,95,936,153,22,167,786,186,646,197,488,216,330,223,175,226,-1,-1,0
430,0,734,8,270,6,587,5,1015,16,116,18,1045,82,0,95,930,151,23,166,778,185,638,196,482,215,326,222,174,225,-1,-1,0
431,0,737,8,889,6,271,4,589,5,1018,18,116,17,1049,82,0,94,933,150,24,164,781,183,640,194,484,213,326,219,175,222,0
887,0,733,7,1019,8,425,5,583,7,266,14,112,30,1051,75,0,110,932,146,25,180,779,184,637,198,481,220,325,229,176,235,0
733,6,888,2,424,0,264,6,582,4,1021,15,111,19,1051,82,0,97,930,152,24,168,775,186,634,198,478,218,323,223,174,227,0
270,0,431,3,115,6,590,14,741,22,899,27,1031,45,0,80,1055,115,23,152,929,179,772,206,630,212,171,218,318,221,473,224,0
270,0,116,2,431,5,591,20,743,33,900,40,1034,62,0,71,1057,131,22,142,928,190,168,210,769,213,627,216,315,216,469,223,0
911,0,757,4,442,1,276,7,605,4,1042,11,115,20,1071,78,0,103,952,145,28,174,798,182,658,198,500,220,340,224,187,232,0
910,0,755,7,1040,10,441,7,603,9,275,14,114,30,1070,76,0,114,952,145,800,184,29,185,659,202,501,225,343,232,189,241,0
909,0,756,7,1038,8,605,11,443,11,276,20,114,37,1069,73,0,122,953,142,803,183,30,192,663,202,506,227,347,236,192,247,0
907,0,1036,4,756,13,605,22,443,27,276,42,113,65,1069,68,956,141,0,156,808,187,670,211,34,226,514,242,355,257,200,274,0
903,0,1031,4,753,15,603,25,442,32,276,48,1066,66,114,73,956,140,0,164,810,187,671,212,31,234,514,245,353,262,198,281,0
1025,0,904,1,760,19,614,30,452,41,1059,60,283,63,114,93,959,137,822,186,0,190,689,215,536,253,37,262,374,279,214,303,0
1017,0,897,2,754,22,609,36,449,49,1051,59,280,73,113,107,952,139,815,190,0,205,684,220,533,260,38,276,372,288,214,315,0
1004,0,884,0,742,17,599,27,441,37,275,59,1037,58,112,88,937,135,801,182,0,180,670,208,520,244,35,251,361,270,206,292,0
877,0,996,2,736,12,595,19,439,25,275,43,1029,59,113,66,927,131,0,151,791,174,662,196,33,220,512,227,353,247,200,265,0
983,0,867,0,731,13,594,20,440,28,277,47,1016,58,114,73,919,131,0,162,789,175,663,198,516,231,34,232,358,255,204,275,0
881,0,746,7,994,6,609,6,455,7,289,19,122,36,1024,63,0,121,927,131,797,168,670,186,29,192,521,213,359,231,201,244,0
467,0,759,9,297,7,621,6,1004,18,126,19,1033,75,0,101,935,140,806,173,27,176,679,188,528,212,363,224,201,234,-1,-1,0
469,0,299,5,760,12,624,6,893,10,127,16,1003,22,1030,79,0,98,932,144,802,177,26,174,677,190,527,213,361,224,200,233,0
460,0,293,4,749,11,613,6,124,16,994,22,1021,80,0,97,921,144,28,171,791,176,667,189,518,210,356,221,198,228,-1,-1,0
872,1,739,5,451,0,604,3,984,10,286,8,120,23,1013,67,0,105,914,134,785,168,29,179,661,183,514,208,353,222,198,233,0
868,0,735,4,448,0,600,3,980,7,282,10,118,24,1009,65,0,105,910,131,782,166,30,177,658,181,512,206,353,220,198,231,0
452,0,738,7,604,4,286,7,983,13,120,22,1011,72,0,102,913,137,785,170,29,175,661,185,514,208,354,221,199,231,-1,-1,0
451,0,737,10,286,5,871,8,604,5,121,17,981,18,1009,76,0,97,911,140,29,171,782,173,659,186,512,207,352,219,197,227,0
297,0,466,1,126,6,620,11,754,20,886,23,994,38,0,82,1021,94,925,153,28,157,798,181,675,191,526,208,362,216,202,219,0
311,0,485,2,132,6,644,13,779,23,1018,41,0,84,1045,97,951,157,32,162,826,185,701,195,550,213,382,222,215,226,-1,-1,0
867,0,736,6,975,5,603,6,452,6,285,18,119,36,1004,61,0,120,908,129,783,165,662,183,30,193,517,210,357,229,202,242,0
444,0,282,4,725,15,593,8,119,14,855,14,965,27,991,85,0,91,891,148,27,165,764,178,643,189,499,209,341,218,191,224,0
438,0,850,6,719,9,276,6,586,5,961,16,115,18,988,74,0,96,889,139,29,168,763,171,642,183,498,205,342,216,192,225,0
848,0,717,4,436,0,584,2,958,8,274,9,113,25,987,64,0,105,889,131,763,165,31,176,644,180,501,204,346,219,196,229,0
836,0,947,6,705,7,574,8,426,8,267,20,109,39,976,62,0,121,879,131,755,168,635,185,30,191,494,211,340,228,193,241,0
825,0,934,4,696,9,567,12,422,14,264,29,107,50,965,58,871,127,0,129,749,164,631,182,30,198,492,210,339,229,192,242,0
885,2,753,5,466,0,619,3,997,9,295,11,123,28,1030,65,0,110,935,134,810,168,687,183,32,186,539,210,372,229,211,241,0
458,0,608,4,740,12,869,9,292,9,979,17,123,22,1012,72,0,99,916,143,794,173,27,176,672,184,525,207,359,225,200,233,0
856,0,720,6,973,7,587,1,436,0,272,13,111,31,1011,61,0,105,913,134,783,167,659,178,29,178,512,202,349,222,196,231,0
731,4,445,0,984,7,597,2,279,14,116,32,1021,62,0,109,924,136,796,169,671,181,29,183,522,206,356,227,200,236,-1,-1,0
455,0,609,5,745,12,882,10,287,11,1000,18,122,25,1036,75,0,101,936,148,805,178,28,176,678,188,525,210,357,228,199,235,0
454,0,610,6,748,13,286,11,1009,20,121,24,1045,78,0,97,942,151,26,173,808,181,677,189,523,210,354,227,196,231,-1,-1,0
451,0,608,5,749,11,892,8,1016,16,284,12,120,25,1054,75,0,100,949,149,26,174,811,180,679,189,522,211,353,228,195,233,0
467,0,630,3,775,9,1051,12,295,13,126,29,1090,73,0,105,983,151,840,182,27,181,702,192,540,215,366,235,201,241,-1,-1,0
473,0,639,3,788,11,1069,16,299,12,128,26,1109,76,0,103,999,154,27,178,852,186,711,194,546,216,371,234,203,239,-1,-1,0
482,0,651,4,801,11,1087,15,305,14,131,29,1128,75,0,108,1017,156,27,186,867,189,724,198,556,222,378,242,207,248,-1,-1,0
814,7,491,0,1105,7,661,2,311,16,134,34,1146,69,0,116,1036,150,884,186,28,194,738,197,568,223,385,245,211,253,-1,-1,0
499,0,985,2,1121,6,828,7,672,1,316,16,136,35,1163,69,0,117,1051,152,899,187,27,196,749,200,575,225,391,249,213,257,0
503,0,836,9,678,2,1132,8,319,16,139,33,1175,71,0,116,1061,154,905,191,27,196,753,202,578,228,392,251,212,258,-1,-1,0
1133,0,828,4,666,0,491,1,311,20,134,40,1177,62,0,122,1059,149,897,187,26,200,742,199,565,227,382,250,205,258,-1,-1,0
1124,0,812,7,649,4,475,7,299,27,130,47,1168,63,0,128,1047,151,880,189,722,202,25,203,546,229,367,252,196,261,-1,-1,0
1127,0,810,6,645,4,472,5,298,23,130,44,1169,66,0,124,1046,154,875,192,22,199,715,204,537,230,360,251,191,259,-1,-1,0
476,0,986,1,1134,7,817,7,650,1,301,15,132,33,1175,74,0,110,1049,160,22,187,876,195,715,204,536,227,359,245,189,249,0
480,0,656,3,823,10,1144,11,304,15,134,32,1184,78,0,108,1057,164,21,183,882,197,719,205,538,227,361,244,188,246,-1,-1,0
1149,1,999,0,825,10,655,6,478,7,302,26,133,47,1191,70,0,126,1064,160,886,198,22,202,721,210,538,235,362,257,189,262,0
1155,1,1005,0,830,13,658,12,480,16,303,38,133,63,1197,68,0,144,1072,160,893,201,726,216,24,222,544,245,367,269,192,278,0
1158,2,1007,0,831,9,659,4,481,5,306,23,135,45,1198,69,0,124,1070,160,890,197,21,199,722,209,538,234,363,255,188,260,0
1147,1,996,0,821,12,648,10,472,14,300,34,133,58,1188,67,0,136,1061,158,880,198,20,209,711,211,528,238,356,260,183,268,0
1129,0,801,17,630,19,457,25,289,47,128,74,1171,67,0,153,1044,161,861,204,693,220,21,226,512,248,343,272,176,281,-1,-1,0
1111,0,780,20,608,23,438,31,277,54,1154,66,122,79,0,158,1027,160,842,204,673,221,21,230,495,250,332,273,171,282,-1,-1,0
1117,0,965,2,791,16,620,19,449,25,285,47,1159,65,126,74,0,153,1035,157,853,201,684,217,21,225,505,246,341,270,176,280,0
1125,0,799,16,627,19,455,26,289,49,1166,66,129,75,0,156,1041,160,858,204,689,221,20,229,509,250,343,274,176,284,-1,-1,0
1124,0,788,24,614,32,441,43,279,68,1167,68,122,99,1037,168,0,182,850,216,679,236,23,254,500,269,338,294,176,307,-1,-1,0
1130,0,970,6,786,27,609,35,436,47,1172,69,275,74,121,106,1037,173,0,188,846,221,672,241,22,260,493,274,332,300,172,312,0
1182,0,1018,4,827,23,641,28,458,38,288,65,1224,72,125,95,1086,175,0,181,890,223,710,243,27,256,522,275,356,300,186,311,0
1203,0,1040,1,849,15,660,15,474,20,300,42,132,71,1243,75,0,157,1105,175,907,221,24,235,725,237,534,266,363,287,188,295,0
1211,0,1046,1,855,16,666,17,479,23,305,45,135,73,1251,75,0,161,1112,175,913,222,729,239,23,240,536,269,363,291,187,300,0
1209,0,1041,3,847,23,659,28,473,38,300,64,1250,74,133,95,1108,180,0,184,906,229,722,249,23,261,529,282,358,307,184,318,0
1200,0,1030,6,834,27,643,33,459,44,290,71,1245,76,127,103,1100,183,0,191,895,234,709,254,23,267,517,288,350,312,179,323,0
1200,0,821,40,629,54,446,70,1247,77,281,102,123,137,1099,192,0,226,887,249,698,273,23,300,507,311,342,338,176,352,-1,-1,0
1194,0,1011,19,807,56,614,78,1247,78,432,103,270,141,116,183,1097,205,882,270,0,277,691,302,502,347,27,352,341,380,178,400,0
1200,0,804,60,1253,79,608,82,426,108,264,148,114,191,1099,204,879,274,0,284,686,307,496,353,26,358,336,386,174,406,-1,-1,0
1207,0,1018,17,808,51,610,71,1259,79,426,94,264,131,113,171,1103,205,0,262,882,269,688,298,27,337,497,340,337,370,175,387,0
1221,0,1034,15,823,45,626,61,440,80,1271,81,275,114,120,151,1113,203,0,242,892,263,696,290,26,317,503,328,340,357,176,371,0
1237,0,1047,13,836,43,635,57,447,77,1287,81,281,109,121,147,1128,204,0,239,906,264,709,289,27,316,513,328,347,355,181,370,0
1259,0,1069,11,856,41,653,55,460,73,1310,82,287,108,125,145,1151,205,0,240,928,265,729,292,28,320,529,332,359,360,187,376,0
1294,0,1103,13,887,44,681,59,482,78,1346,83,303,114,132,154,1186,208,0,252,961,272,759,299,28,334,553,342,376,372,195,389,0
1303,0,1109,13,891,43,684,57,484,76,1354,83,303,112,133,151,1193,208,0,249,965,271,761,299,28,330,554,341,375,371,194,387,0
1312,0,1114,13,892,46,682,60,481,80,1365,85,301,117,131,155,1199,214,0,255,966,279,760,306,27,336,551,348,373,378,193,394,0
1323,0,1120,17,891,51,678,69,1378,86,476,92,298,131,129,173,1206,220,0,272,968,286,758,316,29,353,548,360,371,391,192,408,0
1326,0,1120,18,890,54,674,72,1383,90,472,96,295,135,128,177,1209,227,0,278,967,295,755,325,29,360,545,368,368,401,192,417,0
1331,0,1122,17,889,53,672,71,1387,89,470,94,294,132,127,176,1210,225,0,274,967,292,753,322,28,355,542,364,366,396,189,411,0
1340,0,1128,17,892,52,674,70,470,93,1395,89,293,132,127,173,1215,226,0,272,968,294,752,323,28,353,540,365,365,396,188,411,0
1351,0,1138,14,901,46,681,61,476,81,1406,90,297,116,129,157,1225,225,0,255,976,290,758,317,27,338,543,357,367,385,188,398,0
1368,0,1155,11,918,43,695,55,487,72,1423,92,305,106,135,146,1239,226,0,243,989,289,769,314,26,327,552,352,371,378,190,390,0
1384,0,1166,9,926,40,701,52,491,69,1439,93,308,103,135,140,1252,228,0,240,997,290,774,314,28,326,554,352,374,378,190,389,0
1408,0,1182,18,935,60,703,83,1470,95,490,109,305,151,132,196,1280,243,0,304,1020,317,792,351,34,389,569,398,386,430,201,448,0
1425,0,1199,19,951,64,716,88,1486,99,497,116,309,160,132,208,1299,248,0,324,1041,328,812,366,37,411,588,417,402,450,213,472,0
1434,0,1207,23,957,70,719,97,1497,101,498,126,307,172,130,222,1310,252,1049,335,0,338,819,376,38,427,593,428,407,462,216,485,0
1458,0,1228,23,972,72,729,102,1522,102,505,132,311,178,130,229,1330,255,1067,341,0,350,834,384,41,439,605,439,416,472,223,497,0
1474,0,1234,27,974,82,1542,107,727,116,500,152,306,200,128,254,1344,264,1075,356,0,379,839,405,609,463,44,468,418,497,227,524,0
1488,0,1242,29,975,89,1561,109,724,129,496,167,301,217,122,273,1358,271,1084,369,0,399,845,421,612,481,46,488,422,514,230,543,0
1500,0,1249,35,978,101,1573,114,724,148,491,192,295,245,1370,282,117,307,1096,388,0,441,856,447,625,513,53,530,436,548,244,582,0
1521,0,1263,28,984,88,1595,115,727,134,492,172,292,219,115,274,1382,272,1101,373,0,403,858,429,53,491,624,489,437,513,244,544,0
1533,0,1272,31,993,96,1606,119,732,144,495,185,293,234,1393,278,113,293,1113,385,0,428,869,444,635,508,55,516,444,535,252,568,0
1338,0,1574,4,1074,28,823,43,578,54,354,80,147,117,1628,115,0,240,1417,241,1152,312,42,339,917,346,673,386,460,398,248,413,0
1328,0,1570,4,1057,27,803,41,560,52,341,77,141,113,1626,118,0,231,1407,243,1134,313,41,327,896,344,653,380,444,389,239,401,0
1552,0,1312,0,1044,30,794,47,553,61,335,89,1612,112,137,126,1398,239,0,244,1130,311,43,337,894,343,653,382,445,393,242,407,0
1303,0,1046,9,570,6,805,9,1529,14,352,19,151,43,1578,124,0,149,1367,232,34,244,1106,285,877,301,429,326,639,325,224,327,0
1302,0,1042,9,562,7,799,9,1532,14,345,20,145,44,1586,126,0,150,1376,238,36,247,1113,291,882,306,434,330,229,331,642,330,0
1309,0,1046,9,563,4,801,8,345,17,1543,16,147,39,1591,129,0,143,33,238,1376,241,1109,290,875,304,223,323,425,324,635,326,0
1302,0,1530,10,1044,15,803,21,565,23,347,42,146,69,1584,121,0,178,1375,235,37,273,1115,293,886,314,647,342,436,347,232,352,0
1297,0,1524,6,1039,19,799,28,562,36,343,58,143,90,1579,113,0,202,1373,231,38,296,1116,293,888,319,651,352,440,361,237,371,0
1297,0,1523,4,1040,21,799,33,562,41,343,66,143,99,1577,111,0,213,1371,231,1114,295,40,307,887,323,651,358,442,370,238,381,0
1295,0,1523,5,1038,23,795,34,558,44,341,67,141,101,1579,113,0,214,1371,234,1114,297,40,308,886,324,649,359,440,370,237,381,0
1293,0,1517,6,1040,19,801,28,565,34,347,56,145,89,1571,112,0,200,1369,228,1115,290,40,295,890,315,654,349,444,359,239,369,0
1289,0,1505,6,1042,17,808,25,573,31,354,51,148,82,1561,108,0,194,1368,222,1122,281,40,288,899,307,664,341,452,352,244,362,0
1297,0,1507,7,1056,16,823,21,588,26,367,45,156,76,1562,107,0,190,1375,219,1133,280,38,288,912,306,676,341,459,354,245,365,0
1305,0,1513,8,1065,15,834,20,598,22,373,41,160,72,1565,110,0,185,1380,222,1140,282,38,285,920,306,683,341,466,353,247,363,0
1304,0,1062,12,1514,9,830,13,595,13,372,29,161,56,1565,111,0,168,1377,222,36,267,1134,278,912,300,674,331,457,340,241,348,0
1303,0,1063,8,596,0,830,5,374,12,1514,16,162,36,1563,118,0,143,1372,227,33,243,1128,277,906,293,667,320,453,325,236,327,0
1300,0,1058,9,591,1,825,5,370,14,1512,16,161,38,1563,116,0,144,1371,225,33,243,1126,276,903,293,665,319,449,325,235,327,0
588,0,1299,5,1055,10,822,5,368,12,1511,20,159,35,1561,123,0,139,1368,230,30,239,1120,280,897,295,658,320,443,323,230,325,0
1298,0,1052,11,1512,11,583,10,817,11,364,25,157,53,1563,115,0,159,1368,228,31,257,1119,281,894,300,656,327,444,335,231,339,0
1292,0,1510,8,1046,17,810,19,576,22,359,41,154,71,1564,110,0,180,1370,227,36,276,1120,283,894,305,657,336,444,347,235,354,0
1505,1,1286,0,1040,21,805,31,571,41,355,65,151,99,1563,103,0,213,1372,224,1123,289,37,308,897,316,660,354,447,370,238,381,0
1301,0,1518,9,1054,14,817,14,583,15,364,33,158,61,1571,112,0,170,1377,228,32,269,1126,283,898,304,658,334,445,344,231,350,0
1307,0,1059,8,588,3,823,6,1524,13,369,17,161,41,1577,116,0,148,1380,230,33,247,1127,280,899,296,658,323,444,329,231,331,0
586,0,369,7,821,9,1060,19,1312,16,162,26,1533,36,0,128,1584,143,27,227,1381,252,1121,297,888,305,220,318,432,323,645,324,0
590,0,371,8,826,10,1065,21,1316,18,163,26,1536,38,0,128,1587,144,27,228,1385,253,1125,298,893,306,220,319,435,325,649,325,0
596,0,375,8,833,10,1073,22,1323,19,166,25,1543,38,0,130,1593,146,28,231,1392,256,1133,301,902,309,224,324,440,329,656,329,0
606,0,383,9,845,10,1085,20,1334,18,171,29,1554,37,0,132,1604,143,29,234,1404,252,1146,298,913,308,227,326,448,330,666,328,0
613,0,390,4,177,17,852,17,1090,37,1339,42,1557,65,0,111,1607,171,20,214,1406,280,214,314,1146,314,910,314,438,326,659,327,0
612,0,847,9,390,14,1083,23,1327,19,177,34,1542,35,0,131,1596,135,20,232,1402,251,1146,293,912,299,662,319,217,324,439,329,0
604,0,835,5,1065,17,1303,10,1512,19,386,18,176,41,1568,113,0,135,1383,230,19,232,1133,273,903,280,657,305,214,318,435,321,0
1451,0,1002,51,775,63,1515,82,555,87,352,130,158,173,1336,223,0,271,1087,287,861,313,24,358,624,359,412,400,207,417,-1,-1,0
1269,0,1340,65,847,89,640,115,452,152,290,206,1185,213,135,258,938,288,719,326,0,347,506,382,13,420,331,437,158,463,-1,-1,0
1276,0,1346,64,850,95,643,123,456,164,293,219,1189,214,136,271,940,293,719,334,0,363,506,394,13,438,330,451,156,479,-1,-1,0
1389,0,1472,65,906,113,676,144,475,188,1290,240,305,250,142,307,1002,325,753,366,0,399,518,430,8,477,333,493,151,520,-1,-1,0
1384,0,1468,65,902,125,673,161,472,210,1288,244,303,275,142,333,1001,338,751,383,0,430,515,450,8,505,333,518,152,550,-1,-1,0
1361,0,1443,62,877,143,649,186,455,240,1259,253,296,308,965,355,141,371,713,405,0,468,483,477,7,544,311,550,138,583,-1,-1,0
1353,0,1433,61,864,151,637,196,445,252,1248,258,290,323,950,362,139,386,698,416,0,483,471,491,5,559,302,564,132,599,-1,-1,0
1333,0,1415,59,850,159,623,206,1233,260,435,265,285,336,935,370,135,402,683,425,0,500,459,504,4,575,294,577,125,612,-1,-1,0
1329,0,1410,59,845,162,619,212,1226,261,432,272,283,344,927,377,135,410,675,433,0,510,450,512,3,586,288,588,123,624,-1,-1,0
1341,0,1424,64,843,169,615,220,1232,278,427,280,280,352,921,390,136,419,664,446,1,516,438,524,0,592,280,599,116,632,-1,-1,0
1349,0,1435,60,843,185,612,242,1241,278,424,307,278,385,926,401,135,455,666,465,440,550,0,555,2,630,282,630,119,668,-1,-1,0
1374,0,1463,61,861,193,626,252,1266,285,436,320,287,399,946,413,140,474,680,479,448,567,0,575,2,653,287,650,119,690,-1,-1,0
1363,0,1453,60,839,214,605,280,1253,299,417,354,273,437,927,437,133,514,662,509,434,601,0,617,278,687,3,694,116,729,-1,-1,0
1425,0,813,173,580,244,1226,247,397,322,899,393,261,407,125,484,635,469,415,565,0,589,267,653,4,663,112,694,-1,-1,-1,-1,0
1254,0,1352,71,733,270,506,354,1156,355,343,437,818,527,556,616,0,716,351,716,3,798,92,838,-1,-1,-1,-1,-1,-1,-1,-1,0
1330,0,760,263,522,344,352,422,842,553,566,634,0,696,355,728,93,834,-1,-1,-1,-1,-1,-1,-1,-1,-1,-1,-1,-1,-1,-1,0
1390,0,1507,105,769,268,519,347,345,421,860,598,568,671,0,686,350,755,4,777,-1,-1,-1,-1,-1,-1,-1,-1,-1,-1,-1,-1,0
1417,0,765,268,510,345,336,414,852,611,0,669,559,678,5,757,343,753,94,823,-1,-1,-1,-1,-1,-1,-1,-1,-1,-1,-1,-1,0
1428,0,1533,137,758,245,502,315,328,377,1255,455,0,621,548,661,5,710,336,726,-1,-1,-1,-1,-1,-1,-1,-1,-1,-1,-1,-1,0
1386,0,1502,138,737,238,487,306,318,366,1229,451,0,603,826,596,334,712,-1,-1,-1,-1,-1,-1,-1,-1,-1,-1,-1,-1,-1,-1,0
1354,0,1469,141,727,239,481,310,314,371,203,429,814,594,0,614,535,653,331,717,-1,-1,-1,-1,-1,-1,-1,-1,-1,-1,-1,-1,0
1342,0,1452,139,724,232,479,300,314,360,805,583,0,601,529,641,10,688,328,705,-1,-1,-1,-1,-1,-1,-1,-1,-1,-1,-1,-1,0
1335,0,725,214,483,277,318,334,0,567,799,568,527,620,-1,-1,-1,-1,-1,-1,-1,-1,-1,-1,-1,-1,-1,-1,-1,-1,-1,-1,0
1333,0,1432,146,725,201,483,259,319,312,209,362,109,426,1169,428,0,539,793,555,520,602,321,658,-1,-1,-1,-1,-1,-1,-1,-1,0
1365,0,725,165,1456,162,480,210,316,251,206,292,1165,434,0,455,3,540,774,534,501,560,-1,-1,-1,-1,-1,-1,-1,-1,-1,-1,0
1363,0,1032,71,730,158,1452,161,483,198,318,237,208,277,0,438,776,525,504,550,307,587,-1,-1,-1,-1,-1,-1,-1,-1,-1,-1,0
1366,0,1044,68,746,152,1461,158,496,193,327,234,215,275,0,441,802,525,524,554,319,594,86,615,-1,-1,-1,-1,-1,-1,-1,-1,0
1370,0,736,172,1471,165,485,218,319,262,208,304,1190,441,0,475,798,548,520,581,319,624,-1,-1,-1,-1,-1,-1,-1,-1,-1,-1,0
1382,0,1051,78,749,174,1481,162,496,224,325,269,212,312,0,489,815,555,532,592,328,638,95,663,-1,-1,-1,-1,-1,-1,-1,-1,0
1353,0,1463,164,724,213,472,279,303,334,194,386,0,575,821,593,544,647,19,665,343,704,-1,-1,-1,-1,-1,-1,-1,-1,-1,-1,0
1034,0,1502,76,720,118,464,183,296,236,1204,379,0,468,806,507,527,554,330,604,108,634,-1,-1,-1,-1,-1,-1,-1,-1,-1,-1,0
1397,0,1513,180,714,212,459,275,293,326,0,551,803,607,521,649,323,696,-1,-1,-1,-1,-1,-1,-1,-1,-1,-1,-1,-1,-1,-1,0
1423,0,1046,84,722,187,1543,195,463,240,295,283,189,323,0,501,1226,491,806,604,518,635,-1,-1,-1,-1,-1,-1,-1,-1,-1,-1,0
1504,0,1109,42,767,112,492,142,316,169,203,196,0,364,1258,486,825,561,527,566,319,583,-1,-1,-1,-1,-1,-1,-1,-1,-1,-1,0
1348,0,958,25,606,82,313,102,121,122,0,148,1438,228,1090,475,341,543,653,542,117,555,-1,-1,-1,-1,-1,-1,-1,-1,-1,-1,0
1061,0,703,61,411,84,223,107,103,132,0,183,1558,200,1194,456,749,524,211,538,-1,-1,-1,-1,-1,-1,-1,-1,-1,-1,-1,-1,0
1593,0,1159,40,792,108,504,135,321,160,206,186,111,235,1696,247,0,352,1299,514,531,578,314,588,839,579,-1,-1,-1,-1,-1,-1,0
1629,0,1161,68,779,163,484,208,302,243,191,275,1756,255,0,455,1349,555,866,648,547,659,334,677,-1,-1,-1,-1,-1,-1,-1,-1,0
1171,0,787,93,491,137,305,172,193,203,1767,191,0,383,1355,490,111,587,871,579,554,589,335,607,-1,-1,-1,-1,-1,-1,-1,-1,0
1651,0,1176,61,789,150,492,191,307,224,196,253,103,308,1774,263,0,433,1357,557,869,642,550,648,331,663,-1,-1,-1,-1,-1,-1,0
72,0,0,25,168,28,267,59,4,89,343,95,403,123,98,173,185,201,288,221,363,234,414,251,470,254,-1,-1,-1,-1,-1,-1,0
73,0,174,28,0,29,277,58,355,93,5,92,418,120,102,175,191,201,549,216,297,221,376,232,488,251,431,248,-1,-1,-1,-1,0
71,0,174,24,0,32,279,49,360,79,7,94,425,104,108,172,199,194,562,197,306,209,387,218,503,232,443,232,-1,-1,-1,-1,0
72,0,177,20,0,33,283,40,366,68,10,95,114,168,577,178,206,188,315,199,397,205,517,216,-1,-1,-1,-1,-1,-1,-1,-1,0
78,0,185,21,0,35,295,43,380,73,450,96,8,97,114,172,600,186,211,193,325,204,410,211,538,221,472,224,-1,-1,-1,-1,0
80,0,188,22,0,35,296,46,383,76,455,100,6,97,587,148,112,172,603,192,209,194,322,208,409,216,540,228,473,229,-1,-1,0
79,0,190,18,0,34,301,38,390,65,463,89,9,96,600,132,118,167,616,173,218,187,332,197,420,203,555,210,485,214,-1,-1,0
83,0,196,19,0,35,309,41,398,70,473,94,9,96,609,138,120,169,626,180,221,189,336,201,427,207,562,216,493,218,-1,-1,0
84,0,198,19,0,34,310,42,401,70,475,95,8,95,118,168,628,180,219,187,335,200,426,206,563,216,491,218,-1,-1,-1,-1,0
84,0,198,18,0,34,312,39,404,67,478,91,9,95,120,165,636,176,223,184,339,196,430,202,570,211,497,213,-1,-1,-1,-1,0
84,0,199,16,313,34,0,37,406,59,483,80,560,98,10,96,625,119,642,161,122,164,225,180,341,189,433,193,576,198,504,202,0
83,0,198,15,312,32,0,39,405,55,482,76,10,98,625,113,641,155,123,164,225,179,341,187,434,189,577,192,504,197,-1,-1,0
82,0,195,10,308,22,402,42,0,42,480,59,626,90,14,99,643,130,126,158,579,169,228,169,434,172,342,173,505,178,-1,-1,0
78,0,191,6,305,14,400,30,479,45,0,44,626,71,15,100,644,112,581,153,129,157,436,161,507,164,344,165,231,164,-1,-1,0
79,0,193,4,307,11,402,27,483,39,0,44,630,66,15,101,649,106,585,148,439,157,130,156,510,159,346,162,232,162,-1,-1,0
80,0,193,6,307,14,402,31,483,46,0,47,632,72,14,104,650,113,585,154,128,161,438,164,510,166,345,168,231,168,-1,-1,0
79,0,192,3,307,9,402,24,483,37,0,48,635,61,654,102,16,104,588,144,513,157,439,157,130,159,346,163,232,164,-1,-1,0
78,0,190,1,304,5,401,18,483,29,636,50,0,49,657,91,16,106,591,135,513,150,440,150,346,159,130,158,232,161,-1,-1,0
300,0,185,4,484,11,399,6,73,11,643,21,666,62,0,66,600,110,20,120,521,131,446,136,351,151,237,160,136,163,-1,-1,0
300,0,185,3,74,8,399,7,484,13,644,25,0,62,666,67,600,114,19,117,520,134,444,140,348,153,235,161,134,163,-1,-1,0
188,0,75,2,304,2,403,13,489,19,574,26,650,38,0,54,669,82,17,110,601,127,520,144,443,147,346,157,131,159,232,160,0
193,0,79,2,309,2,410,12,498,20,658,39,0,56,677,81,17,112,607,127,524,144,447,148,350,158,234,162,132,162,-1,-1,0
79,0,193,1,311,5,412,17,499,28,663,48,0,53,682,93,17,110,608,137,525,154,447,156,130,162,349,163,233,165,-1,-1,0
79,0,193,1,311,6,412,19,499,29,664,51,0,52,683,95,16,108,609,139,525,155,446,156,129,161,347,164,231,165,-1,-1,0
79,0,193,0,311,5,413,17,500,27,664,48,0,51,683,93,16,107,610,136,526,152,448,154,130,159,349,162,233,163,-1,-1,0
194,0,78,3,311,1,413,11,502,19,590,24,667,37,0,56,689,82,15,113,617,129,534,147,454,151,355,161,131,164,236,165,0
309,0,190,4,500,10,412,6,74,13,670,21,696,63,0,69,627,115,19,125,544,136,464,142,364,157,244,168,139,171,-1,-1,0
310,0,503,9,414,4,189,8,673,16,74,17,700,60,0,75,632,114,20,133,549,137,469,144,369,160,247,173,142,178,-1,-1,0
311,0,190,6,506,10,415,6,73,14,678,21,705,66,0,71,637,120,22,128,555,141,475,147,373,162,251,174,145,177,-1,-1,0
316,0,193,4,75,9,420,8,510,14,679,29,0,64,706,73,638,125,22,122,556,144,478,148,377,161,254,172,146,172,-1,-1,0
319,0,195,6,76,11,424,8,514,14,685,28,714,70,0,67,646,124,21,126,563,144,484,148,382,162,256,174,147,175,-1,-1,0
326,0,198,5,435,7,76,13,528,16,707,27,741,72,0,70,672,130,23,132,588,151,505,154,399,168,268,182,155,184,-1,-1,0
330,0,443,6,200,8,538,14,76,16,756,69,0,74,688,128,26,136,603,149,516,154,408,170,275,185,160,187,-1,-1,-1,-1,0
333,0,447,5,543,11,201,10,77,19,731,20,765,65,0,77,695,126,27,138,609,148,523,153,414,169,279,186,162,190,-1,-1,0
334,0,447,6,203,8,543,11,77,18,730,23,765,68,0,75,696,127,26,136,609,149,522,153,413,169,279,185,162,187,-1,-1,0
332,0,202,6,78,12,443,8,538,16,721,31,0,68,753,76,684,132,24,130,599,152,514,155,408,168,275,182,159,183,-1,-1,0
79,0,201,0,327,0,434,14,526,28,701,48,0,49,732,93,22,110,662,145,497,157,579,158,392,165,151,167,264,172,-1,-1,0
82,0,203,6,327,12,433,29,522,45,0,46,692,74,20,108,720,118,649,167,145,168,485,172,383,175,567,177,257,178,-1,-1,0
80,0,200,5,322,12,427,30,0,42,516,46,687,79,17,102,713,123,139,165,643,169,477,173,375,175,249,175,559,179,-1,-1,0
81,0,199,9,320,19,423,40,0,41,510,60,16,101,704,138,136,165,245,178,634,182,369,181,471,181,551,190,-1,-1,-1,-1,0
81,0,197,10,317,22,0,39,420,43,507,63,674,100,15,98,698,144,133,164,241,178,364,182,465,184,627,188,545,194,-1,-1,0
82,0,198,13,317,27,0,37,418,51,504,74,13,97,668,112,692,157,130,164,237,181,359,187,460,191,620,199,540,202,-1,-1,0
82,0,198,13,317,28,0,37,417,53,503,77,13,96,667,117,688,161,128,164,235,182,357,189,456,194,619,202,535,205,-1,-1,0
82,0,197,11,316,23,0,40,418,45,503,66,14,97,693,145,130,162,237,176,358,181,460,183,622,188,538,193,-1,-1,-1,-1,0
82,0,197,6,316,12,419,30,506,48,0,42,672,76,16,99,696,119,134,158,628,163,464,166,362,168,242,169,544,172,-1,-1,0
82,0,196,8,314,17,415,36,0,39,503,55,670,86,14,96,694,127,130,156,622,171,236,169,457,171,356,171,539,178,-1,-1,0
82,0,196,12,312,25,0,36,411,47,495,69,12,92,657,105,678,147,124,156,229,172,348,178,447,181,608,187,527,191,-1,-1,0
83,0,197,14,310,30,0,35,408,55,493,76,11,92,650,116,120,158,668,160,224,175,341,184,439,190,597,199,516,201,-1,-1,0
82,0,195,12,309,26,0,36,407,48,490,70,12,92,649,106,668,149,122,156,226,172,342,178,440,183,599,188,517,192,-1,-1,0
83,0,196,11,311,24,0,38,409,45,495,63,13,94,654,102,674,142,125,156,230,170,347,175,445,178,606,181,523,186,-1,-1,0
85,0,199,11,315,24,0,36,415,47,500,69,10,92,665,104,683,148,121,155,226,170,344,178,445,181,612,186,527,191,-1,-1,0
84,0,197,10,312,22,0,37,414,43,503,61,10,92,669,98,688,141,120,153,226,168,344,174,446,177,616,181,527,186,-1,-1,0
84,0,198,9,313,20,0,38,415,40,504,60,674,94,11,93,695,137,121,153,228,167,345,173,449,174,622,177,534,183,-1,-1,0
83,0,197,7,313,15,416,33,0,42,506,51,678,81,12,97,700,125,124,156,627,168,231,167,453,169,349,170,538,176,-1,-1,0
192,1,79,3,309,0,412,11,503,21,679,38,0,49,703,80,16,103,632,128,542,143,457,143,354,150,130,152,235,155,-1,-1,0
79,2,191,0,308,1,412,11,505,23,680,40,0,49,705,82,16,101,633,129,542,144,456,144,352,151,130,152,235,155,-1,-1,0
78,1,191,0,309,1,416,12,513,24,697,44,0,47,721,88,14,100,644,135,458,149,549,150,126,151,351,155,232,157,-1,-1,0
190,0,308,0,76,6,417,10,516,17,707,35,0,53,730,81,16,105,651,130,553,146,461,147,353,154,127,155,233,159,-1,-1,0
191,0,310,0,78,2,417,9,514,19,700,35,0,51,722,81,17,104,644,128,549,144,460,145,353,153,130,153,235,156,-1,-1,0
81,0,195,2,313,8,420,22,516,36,0,47,699,60,14,102,719,107,639,150,125,156,454,161,544,163,230,163,348,165,-1,-1,0
82,0,197,3,315,9,422,25,517,40,0,45,698,66,14,100,717,111,638,153,126,154,455,162,231,162,349,165,543,165,-1,-1,0
83,0,198,5,315,15,422,32,518,50,0,44,699,79,12,98,716,125,121,156,636,167,227,166,451,171,345,172,539,176,-1,-1,0
85,0,200,6,318,16,426,34,521,50,0,44,620,62,704,81,13,99,722,128,123,157,640,168,229,167,453,173,347,174,542,178,0
85,0,202,6,320,19,428,39,0,44,523,56,706,90,12,100,724,137,121,159,227,171,641,176,346,179,454,180,544,185,-1,-1,0
88,0,203,14,321,32,0,40,428,57,521,80,618,97,9,96,700,121,115,161,713,169,221,179,338,193,445,199,630,204,533,208,0
88,0,202,13,321,30,0,40,427,55,521,76,618,94,9,96,700,119,115,160,715,167,220,177,338,191,444,197,630,202,533,206,0
87,0,202,13,320,30,0,41,427,55,521,76,619,94,9,97,701,118,115,161,715,166,220,178,338,192,445,197,630,202,533,207,0
86,0,202,10,321,26,0,40,427,50,522,70,9,95,702,111,718,158,116,159,222,175,340,188,447,192,634,195,536,201,-1,-1,0
84,0,200,4,319,12,428,28,525,42,0,46,710,70,13,100,729,117,124,157,647,160,231,166,459,168,549,172,351,171,-1,-1,0
82,0,198,2,319,8,429,23,528,35,627,46,0,47,714,63,15,102,736,110,655,155,128,158,468,165,236,166,558,167,358,169,0
325,0,201,1,81,5,434,8,530,17,712,33,0,58,737,77,19,115,661,128,568,147,480,149,374,160,140,166,250,167,-1,-1,0
83,1,204,0,329,1,439,12,535,23,716,45,0,52,739,90,18,110,661,140,570,155,482,156,375,164,139,164,250,168,-1,-1,0
82,1,203,0,329,2,439,14,534,24,631,33,717,46,0,53,741,93,18,112,664,143,574,159,487,159,379,167,141,167,253,171,0
82,0,204,0,330,2,439,14,533,28,711,49,0,51,738,95,19,111,661,145,489,160,573,160,381,168,144,167,255,172,-1,-1,0
82,0,206,0,337,0,450,14,547,25,735,50,0,52,763,97,19,113,684,150,503,164,592,165,146,170,393,172,260,176,-1,-1,0
83,0,208,1,339,5,452,19,549,32,736,60,0,52,766,108,19,113,686,160,507,172,595,174,146,175,396,178,262,182,-1,-1,0
84,2,214,0,349,0,461,14,559,24,744,50,0,56,775,96,22,122,700,152,612,169,525,168,414,178,158,182,277,185,-1,-1,0
85,1,215,0,351,0,466,14,563,25,748,51,0,56,781,98,24,123,707,153,619,171,533,170,421,180,162,184,282,189,-1,-1,0
87,0,217,2,352,5,466,20,561,36,744,62,0,54,775,109,22,122,700,165,530,179,615,181,420,187,160,187,281,193,-1,-1,0
86,0,217,6,352,14,464,33,558,48,0,52,736,83,22,121,764,133,691,187,158,192,526,194,608,199,418,198,278,201,-1,-1,0
214,0,352,6,465,26,559,43,0,47,21,118,773,128,697,183,159,190,531,192,613,197,421,197,278,200,-1,-1,-1,-1,-1,-1,0
83,0,216,7,359,12,477,33,573,50,0,55,670,65,761,86,23,127,797,139,720,198,167,202,551,205,636,210,439,210,290,213,0
82,0,216,6,357,11,472,32,568,47,0,54,25,127,788,134,715,193,552,201,171,202,633,206,441,207,294,212,-1,-1,-1,-1,0
87,0,222,16,363,30,0,51,475,57,565,79,22,129,167,214,697,232,290,230,543,231,435,231,619,241,-1,-1,-1,-1,-1,-1,0
89,0,225,16,368,31,0,50,481,58,572,81,23,129,777,181,170,216,705,237,295,233,551,234,443,234,628,245,-1,-1,-1,-1,0
88,0,227,14,370,29,0,49,484,58,574,80,25,130,784,181,175,218,711,238,301,234,558,235,450,235,634,245,-1,-1,-1,-1,0
89,0,228,20,371,37,0,49,485,68,574,94,24,131,780,198,779,198,778,200,173,223,300,242,449,245,709,253,556,248,633,260,0
91,0,231,23,375,46,0,46,485,81,22,130,769,220,170,229,296,252,445,259,551,264,697,274,623,278,-1,-1,-1,-1,-1,-1,0
89,0,230,20,377,40,0,47,490,73,26,132,783,208,180,228,307,250,458,254,567,257,713,266,639,271,-1,-1,-1,-1,-1,-1,0
105,0,261,40,0,38,417,77,536,125,21,136,192,263,334,301,501,318,616,332,767,355,692,355,-1,-1,-1,-1,-1,-1,-1,-1,0
112,0,0,32,268,49,423,95,16,133,540,150,629,194,183,270,326,315,832,338,495,340,608,360,758,391,684,387,-1,-1,-1,-1,0
125,0,0,26,287,60,446,113,16,131,563,174,191,282,340,333,840,368,509,362,622,385,695,413,766,421,-1,-1,-1,-1,-1,-1,0
140,0,0,25,316,66,490,123,15,137,617,189,709,243,370,357,556,389,681,415,762,449,839,457,-1,-1,-1,-1,-1,-1,-1,-1,0
152,0,0,24,346,63,536,118,17,139,679,186,228,304,409,363,1025,404,613,394,752,422,847,455,937,466,-1,-1,-1,-1,-1,-1,0
160,0,0,21,362,66,556,126,14,139,704,198,816,257,229,311,417,376,629,411,1066,432,777,443,875,480,973,491,-1,-1,-1,-1,0
168,0,0,22,375,68,581,129,13,139,740,203,233,315,431,384,655,425,816,460,923,500,1029,514,-1,-1,-1,-1,-1,-1,-1,-1,0
175,0,0,22,394,66,610,126,14,143,781,201,910,268,247,322,457,393,695,434,1207,460,870,469,986,512,1100,525,-1,-1,-1,-1,0
185,0,0,26,413,65,636,123,18,147,816,197,264,328,485,398,733,434,1265,452,916,466,1038,508,1156,521,-1,-1,-1,-1,-1,-1,0
200,0,0,24,438,66,672,124,12,147,862,202,266,332,502,405,763,445,1340,469,959,481,1095,525,1223,540,-1,-1,-1,-1,-1,-1,0
205,0,0,30,449,59,692,110,13,152,892,183,273,330,1345,362,517,399,786,434,1401,447,995,466,1141,510,1279,522,-1,-1,-1,-1,0
235,0,494,40,2,39,753,74,988,136,0,153,1186,205,1571,301,253,311,525,369,1635,391,816,394,1076,422,1279,468,1479,476,-1,-1,0
239,0,497,40,5,39,757,73,996,135,0,153,1201,204,1602,302,246,307,518,367,1666,395,812,394,1078,424,1289,471,1502,480,-1,-1,0
235,0,491,31,4,45,749,59,992,116,0,155,1205,181,1623,271,241,302,513,357,1690,365,804,378,1075,404,1296,448,1519,455,-1,-1,0
1386,0,1068,21,764,69,517,86,338,105,214,134,102,171,1447,156,0,262,12,343,807,404,550,409,108,423,351,426,-1,-1,-1,-1,0
1385,0,1061,18,756,63,508,79,333,96,210,123,101,159,1443,164,0,249,11,329,1159,352,105,409,540,406,797,403,343,419,-1,-1,0
1382,0,1057,19,748,63,499,79,327,95,204,119,98,154,1441,174,0,246,14,326,1155,361,106,408,533,410,789,410,340,422,-1,-1,0
1380,0,1049,19,737,67,488,86,316,104,196,129,92,164,1443,179,0,258,16,339,1157,367,230,432,531,422,788,421,338,434,-1,-1,0
1370,0,1037,24,728,78,480,103,310,124,192,150,91,188,1439,177,0,284,21,364,1153,370,116,445,790,432,534,440,345,456,-1,-1,0
1372,0,1031,19,721,75,471,102,302,122,186,149,86,186,1441,177,0,284,21,365,1155,371,119,446,789,434,534,443,344,458,-1,-1,0
1382,0,713,89,461,120,289,143,176,167,80,209,1464,191,0,311,27,392,1176,387,804,459,544,471,354,487,-1,-1,-1,-1,-1,-1,0
1384,0,1029,26,713,91,459,126,288,149,174,175,79,215,1471,192,0,318,28,399,1180,387,808,461,549,477,360,493,-1,-1,-1,-1,0
1395,0,717,84,461,118,290,140,176,164,79,202,1483,195,0,307,30,388,1188,386,135,470,813,460,554,473,363,488,-1,-1,-1,-1,0
1402,0,1036,26,714,91,458,130,285,153,172,175,76,218,1496,200,0,324,1200,395,822,472,559,489,368,506,-1,-1,-1,-1,-1,-1,0
1407,0,1037,25,713,94,454,134,279,158,165,179,1507,203,0,332,1209,398,831,478,569,496,376,514,-1,-1,-1,-1,-1,-1,-1,-1,0
850,0,592,8,459,11,329,15,206,29,89,47,881,54,0,109,781,123,637,157,16,163,507,170,372,190,249,201,130,207,-1,-1,0
838,0,583,18,452,25,323,33,201,50,871,57,86,72,776,129,0,136,636,166,508,182,20,189,376,206,254,221,135,230,-1,-1,0
837,0,584,17,454,25,325,32,203,49,868,55,87,71,773,127,0,136,633,163,506,180,19,189,374,204,252,219,135,229,-1,-1,0
834,0,585,17,456,25,327,33,205,51,865,54,87,74,772,125,0,139,634,163,508,180,20,193,378,205,256,221,137,231,-1,-1,0
830,0,580,17,452,25,323,32,201,50,861,54,86,71,768,124,0,136,630,161,505,178,19,188,374,202,253,218,135,227,-1,-1,0
811,0,569,31,443,46,844,49,317,61,197,86,83,114,757,123,625,168,0,182,503,191,375,223,22,233,256,246,139,263,-1,-1,0
796,0,553,47,832,50,428,70,304,93,188,125,747,133,78,160,616,186,494,216,0,233,369,255,23,283,253,286,139,308,-1,-1,0
796,0,546,44,832,48,420,66,297,87,183,117,744,127,74,152,610,177,487,206,0,220,361,242,24,268,247,272,135,292,-1,-1,0
800,0,557,32,432,45,833,50,308,59,191,84,80,111,744,125,610,168,0,176,489,189,363,219,21,227,247,243,135,258,-1,-1,0
806,0,571,26,447,39,837,47,322,52,201,77,85,104,752,119,623,160,0,170,502,181,375,211,21,221,256,235,138,251,-1,-1,0
827,0,594,18,467,25,340,35,855,47,216,54,93,78,767,116,0,141,637,151,515,168,18,193,385,194,262,216,139,228,-1,-1,0
800,0,567,39,834,47,443,56,319,75,200,105,753,124,84,137,624,171,505,196,0,207,379,232,23,257,260,263,142,283,-1,-1,0
795,0,560,42,829,45,437,61,314,82,196,114,749,124,82,148,621,171,501,199,0,218,375,236,22,267,258,270,140,291,-1,-1,0
796,0,560,41,831,45,436,59,313,80,195,110,751,124,83,144,621,171,500,198,0,212,374,234,21,261,256,267,139,287,-1,-1,0
799,0,563,43,835,45,439,62,315,84,198,115,753,126,84,150,624,174,502,201,0,219,376,238,22,268,257,272,140,294,-1,-1,0
791,0,556,46,826,45,432,65,309,88,193,121,747,126,81,157,619,175,498,204,0,227,373,243,23,277,256,278,140,300,-1,-1,0
793,0,558,45,829,45,434,65,311,87,195,120,748,125,83,155,619,173,499,201,0,225,374,239,23,274,256,274,141,297,-1,-1,0
794,0,560,45,829,44,436,64,313,86,197,118,749,124,83,153,621,172,501,200,0,223,375,237,23,272,258,272,141,295,-1,-1,0
797,0,562,42,831,43,438,58,315,78,197,110,749,123,84,144,620,169,500,195,0,211,374,231,22,261,256,265,138,285,-1,-1,0
792,0,557,44,827,44,434,61,312,82,196,114,746,122,83,148,616,169,496,196,0,215,370,232,21,263,252,266,137,287,-1,-1,0
790,0,555,42,825,43,433,60,311,81,195,112,744,123,82,146,615,169,494,194,0,212,369,231,21,262,251,264,135,285,-1,-1,0
796,0,562,33,829,42,439,46,316,62,199,90,85,120,746,118,616,161,495,182,0,184,369,214,20,233,251,245,134,261,-1,-1,0
819,0,588,19,463,23,338,32,848,44,215,52,95,75,763,113,0,133,631,146,509,159,14,184,378,184,254,208,131,218,-1,-1,0
822,0,591,19,467,23,341,32,851,44,217,54,96,78,767,114,0,138,637,148,514,161,383,187,16,189,259,213,134,223,-1,-1,0
806,0,573,20,450,24,327,33,836,43,208,55,91,78,750,114,0,135,618,147,497,160,15,185,368,184,247,209,129,219,-1,-1,0
805,0,571,23,448,28,325,39,835,44,206,62,91,85,750,116,0,143,619,149,497,164,369,189,16,193,247,214,129,225,-1,-1,0
804,0,571,29,447,37,836,43,323,50,204,76,89,102,752,118,621,154,0,162,499,171,371,199,17,211,251,228,132,241,-1,-1,0
816,0,581,24,456,29,331,41,847,43,210,65,92,90,761,116,0,149,629,151,506,166,376,193,16,200,252,219,132,232,-1,-1,0
817,0,582,26,457,34,849,44,331,45,210,70,92,95,763,118,631,154,0,156,508,169,377,197,17,207,254,225,134,239,-1,-1,0
836,0,597,9,472,9,344,14,219,31,97,50,864,46,0,105,774,113,639,142,515,150,13,157,381,171,254,190,131,198,-1,-1,0
834,0,593,11,467,10,340,14,217,31,96,49,864,46,0,105,772,115,637,144,511,152,13,157,377,172,252,193,129,197,-1,-1,0
831,0,587,17,460,20,333,27,211,47,862,47,93,68,771,118,0,125,634,149,509,161,14,176,376,183,250,206,129,213,-1,-1,0
833,0,591,16,464,17,337,24,213,43,866,47,94,64,776,118,0,120,639,148,513,159,15,172,380,181,254,202,131,211,-1,-1,0
362,0,227,6,99,13,499,8,631,21,894,34,0,64,929,89,12,122,825,154,548,169,681,172,405,177,134,177,264,183,-1,-1,0
366,0,229,5,101,11,502,9,634,23,892,36,0,62,926,90,13,120,824,153,551,168,681,170,407,176,137,176,267,182,-1,-1,0
370,0,234,3,102,8,506,12,637,27,892,44,0,57,924,97,12,116,822,158,552,170,137,173,680,174,409,176,268,180,-1,-1,0
375,0,238,3,105,9,512,10,642,24,895,40,0,61,927,94,13,121,827,156,559,170,688,172,416,177,140,177,273,184,-1,-1,0
924,0,668,9,532,9,390,12,248,30,109,50,959,53,0,117,863,127,722,160,589,171,17,177,441,195,296,216,154,223,-1,-1,0
926,0,667,13,531,15,389,20,246,39,961,53,108,60,865,127,0,128,723,163,588,177,18,190,441,203,296,224,154,234,-1,-1,0
917,0,643,33,500,46,953,56,358,62,224,89,95,119,852,141,701,188,0,194,563,211,418,244,22,252,285,271,153,288,-1,-1,0
927,0,652,35,508,49,964,56,364,66,227,95,96,127,865,140,715,189,0,203,576,215,430,249,26,261,295,278,160,296,-1,-1,0
969,0,839,3,688,19,539,25,389,33,245,55,1003,60,106,81,897,141,0,156,742,183,599,202,22,219,446,231,304,252,161,264,0
976,0,846,3,693,16,544,23,393,30,247,50,1011,61,106,74,905,141,0,148,749,182,605,200,24,212,451,227,308,247,164,257,0
996,0,866,7,713,28,561,39,406,53,1033,60,255,80,109,111,929,146,0,193,774,195,628,219,471,254,26,258,323,281,175,299,0
1004,0,719,27,565,39,408,53,1042,60,257,80,109,111,938,146,782,195,0,195,635,220,477,256,28,260,328,283,178,302,-1,-1,0
1021,0,732,29,575,42,416,57,1058,61,262,84,112,117,953,149,794,201,0,204,646,227,484,265,27,270,334,292,181,312,-1,-1,0
1020,0,885,9,727,34,570,51,1059,61,411,68,258,98,110,134,952,151,792,206,0,222,642,235,481,275,28,287,330,305,180,327,0
1027,0,890,9,729,32,570,46,410,61,1066,64,257,88,109,121,956,153,793,205,0,207,640,233,478,270,27,272,328,295,177,315,0
1042,0,902,6,738,27,576,41,415,54,1081,66,261,78,112,110,968,154,0,196,800,207,645,233,26,263,480,269,328,291,175,309,0
1085,0,926,5,746,29,574,48,405,62,1129,75,250,83,104,115,1000,164,0,206,817,223,653,254,31,274,483,289,330,303,180,320,0
926,0,1085,2,743,18,571,31,403,39,249,54,104,81,1128,79,995,163,0,168,810,216,29,236,643,241,474,270,323,277,173,289,0
1077,0,915,6,735,34,563,56,395,73,1122,76,241,96,98,127,992,165,0,219,810,225,646,259,33,284,478,296,329,309,181,328,0
1076,0,916,6,736,34,564,57,1122,73,396,75,241,98,97,132,993,162,0,225,812,225,650,260,33,291,482,299,333,313,184,334,0
1084,0,923,5,741,31,568,53,400,68,1130,78,244,89,99,122,998,166,0,215,816,227,651,260,33,281,483,297,332,309,183,327,0
929,1,1092,0,744,23,570,40,399,51,243,69,1134,78,98,96,996,163,0,186,811,218,646,247,32,251,478,277,328,285,181,300,0
961,0,1132,7,768,15,587,25,411,29,250,39,102,61,1168,89,0,148,1019,169,32,214,824,216,654,237,330,262,481,261,181,270,0
971,0,777,14,1141,9,594,23,416,26,253,35,102,56,1178,94,0,146,1029,175,32,216,834,223,664,245,336,267,489,268,185,274,0
982,0,1153,5,788,17,604,29,424,35,258,47,103,71,1189,91,0,162,1040,173,846,223,34,232,675,248,499,274,345,277,191,286,0
989,0,1160,6,794,17,609,29,428,35,259,48,104,71,1198,92,0,164,1048,175,854,226,35,235,683,251,506,278,349,279,194,290,0
1254,0,1065,15,851,59,1302,88,650,98,451,128,267,163,1143,197,100,210,938,278,0,325,756,327,567,380,51,395,398,401,231,433,0
1260,0,1070,15,855,57,1309,90,652,94,452,122,268,156,1148,198,100,201,941,277,0,314,757,325,567,375,49,386,396,396,230,426,0
1269,0,1078,12,861,49,657,82,1317,92,457,105,272,135,103,177,1153,196,943,272,0,288,757,316,47,361,565,362,394,377,226,404,0
1276,0,1083,7,866,42,661,73,1323,91,460,94,275,122,105,162,1156,195,945,267,0,272,757,310,46,345,565,353,393,367,224,392,0
1280,0,1087,4,870,39,665,66,463,85,1325,92,277,110,107,148,1159,195,0,256,946,264,759,304,44,331,565,345,392,357,223,380,0
1098,1,1289,0,880,29,675,52,472,67,284,88,1332,94,111,122,1165,191,0,231,952,257,765,293,45,307,570,332,397,340,224,360,0
1262,0,1073,4,860,34,658,57,460,74,277,97,1307,90,108,132,1145,189,0,237,936,255,751,292,43,312,559,331,389,342,220,363,0
1074,0,1259,1,862,23,662,40,465,50,283,68,1300,92,113,99,1136,185,0,201,928,245,39,276,743,277,552,311,381,317,212,333,0
1060,2,1247,0,847,27,648,47,453,60,273,79,1289,91,108,111,1126,186,0,213,916,248,732,281,40,285,542,315,374,323,209,339,0
1230,0,1043,3,831,30,634,51,442,65,268,86,1273,89,107,119,1111,186,0,218,901,249,718,282,38,290,530,316,365,325,203,341,0
1185,0,1006,6,804,35,614,56,429,73,1231,85,260,97,105,131,1081,184,0,228,880,246,701,280,37,299,519,316,358,330,199,348,0
1173,0,802,30,615,49,433,63,265,86,1217,82,108,120,1070,179,0,215,872,240,696,271,34,287,514,307,353,321,193,337,-1,-1,0
1162,0,985,7,788,38,602,60,423,77,1208,81,260,103,107,138,1059,183,0,233,859,246,681,278,33,302,501,316,342,333,186,350,0
1118,0,945,17,752,56,1170,76,571,85,399,110,241,146,99,186,1032,186,837,256,0,280,662,294,486,338,32,347,332,365,182,388,0
1099,0,930,20,743,60,1151,74,566,89,396,116,242,153,1018,184,99,196,827,254,0,289,656,292,483,339,33,354,330,368,181,393,0
1079,0,913,20,729,61,1132,69,555,92,388,121,238,159,1002,181,98,202,814,252,645,291,0,296,474,339,31,360,323,371,176,397,0
1022,0,699,52,1071,65,536,77,378,102,233,136,954,167,97,177,780,231,0,264,621,265,459,309,29,327,314,340,171,364,-1,-1,0
1019,0,707,45,546,64,1065,66,389,84,243,116,103,152,951,163,781,221,0,239,624,252,462,293,28,303,316,322,170,344,-1,-1,0
1027,0,882,7,716,28,556,40,399,53,1068,65,251,79,110,109,950,156,0,190,778,205,621,228,24,256,458,262,311,286,164,301,0
1016,0,870,8,705,30,545,40,389,52,1057,64,243,77,105,106,939,153,0,184,767,202,610,223,22,247,449,255,303,278,159,291,0
1012,0,702,29,543,41,388,54,1054,64,244,80,106,109,937,156,0,186,765,203,609,225,22,249,447,257,302,280,158,294,-1,-1,0
1010,0,698,39,539,55,1056,62,385,73,242,104,105,138,942,159,769,212,0,218,611,239,448,277,22,281,303,305,158,323,-1,-1,0
1038,0,718,41,555,57,1087,63,396,75,247,107,107,141,970,162,793,217,0,223,631,243,463,282,23,287,314,312,164,329,-1,-1,0
1091,0,765,45,1142,63,597,63,431,85,272,121,119,162,1026,166,847,227,0,251,679,259,502,304,22,321,336,340,176,364,-1,-1,0
1093,0,766,48,1146,64,599,68,430,92,269,130,116,170,1031,169,854,232,0,263,688,265,511,312,27,335,346,350,183,375,-1,-1,0
1111,0,780,43,610,59,1165,65,439,80,275,115,119,154,1046,170,866,228,0,244,697,258,518,302,25,316,349,338,184,360,-1,-1,0
1162,0,812,44,634,60,1220,66,454,82,283,119,120,158,1092,177,904,238,0,250,730,266,542,311,28,324,364,348,194,370,-1,-1,0
1173,0,816,49,1231,66,636,68,455,91,283,130,120,171,1100,179,911,240,0,263,734,271,544,317,28,336,364,356,194,380,-1,-1,0
1158,0,808,48,1217,64,632,66,452,91,279,131,117,173,1090,177,906,238,0,266,733,270,547,317,30,337,368,357,200,381,-1,-1,0
1144,0,808,38,635,52,1198,64,457,71,283,107,119,145,1075,168,898,224,0,235,731,252,548,294,30,308,370,331,201,352,-1,-1,0
1129,0,805,26,638,34,462,48,1178,63,287,78,120,111,1054,161,0,197,885,209,726,231,548,268,29,269,369,300,202,317,-1,-1,0
1135,0,812,25,645,33,469,46,1184,65,292,77,123,109,1061,162,0,197,892,211,732,233,554,270,29,270,373,302,204,319,-1,-1,0
1143,0,818,25,650,32,472,44,1194,66,294,74,124,106,1071,162,0,192,900,212,740,233,30,267,559,269,376,301,206,318,-1,-1,0
1127,0,813,19,650,24,474,34,296,61,1178,64,125,90,1059,158,0,177,897,203,742,223,31,252,565,258,382,288,210,304,-1,-1,0
1109,4,973,0,815,7,659,4,487,4,307,22,132,41,1152,66,0,125,1041,150,888,187,740,201,29,203,568,228,385,251,212,262,0
505,0,674,8,323,10,824,17,141,22,1099,26,1138,87,0,101,1031,161,26,180,886,193,745,201,576,223,392,240,214,245,-1,-1,0
499,0,320,7,664,9,140,16,810,22,1078,34,1114,94,0,95,1010,166,23,173,869,195,730,202,564,222,382,236,207,239,-1,-1,0
143,0,322,2,499,7,659,25,800,45,1058,74,0,69,1087,135,20,149,983,198,711,219,845,219,197,224,549,228,370,232,-1,-1,0
136,0,307,2,476,7,633,26,773,46,912,56,0,66,1030,76,1060,137,18,142,952,200,681,217,185,218,813,219,522,224,350,226,0
123,0,281,1,443,5,593,22,731,40,869,50,0,61,987,68,1016,128,17,133,909,188,640,204,172,203,770,207,487,211,325,212,0
125,0,286,4,447,11,597,32,731,53,0,58,868,66,981,86,19,130,1008,146,905,203,176,205,643,214,330,215,771,218,491,218,0
136,0,303,11,470,23,621,50,0,57,754,75,886,91,995,115,18,132,1020,172,182,212,918,225,342,226,661,231,508,233,788,238,0
133,0,297,5,458,15,603,35,728,55,0,60,951,86,15,130,972,140,877,193,175,202,636,206,755,209,331,211,492,212,-1,-1,0
389,0,246,1,105,7,525,9,649,20,775,23,882,36,0,67,908,89,19,131,813,147,688,169,572,172,437,183,158,187,293,189,0
843,0,611,3,488,3,358,4,223,17,93,33,875,51,0,97,785,115,661,145,21,154,546,156,416,177,280,192,154,198,-1,-1,0
385,0,246,3,108,9,515,8,633,17,847,28,0,70,870,76,785,131,18,128,669,153,557,157,427,171,289,179,155,180,-1,-1,0
238,2,374,0,103,8,501,10,618,20,830,33,0,65,853,81,16,122,769,134,653,155,543,158,414,170,279,176,150,176,-1,-1,0
232,0,365,0,102,3,491,11,605,22,818,40,0,57,840,89,15,115,755,140,638,158,528,159,401,167,142,168,269,172,-1,-1,0
369,0,236,2,103,9,495,8,611,18,822,31,0,65,846,78,15,122,761,131,645,152,535,156,407,167,145,173,274,174,-1,-1,0
366,0,234,3,493,6,101,11,609,14,820,24,0,69,843,72,761,127,18,127,645,149,536,154,409,166,276,176,149,176,-1,-1,0
367,0,610,10,494,5,233,8,821,16,100,19,845,62,0,79,763,119,19,137,650,143,541,150,414,166,281,179,153,183,-1,-1,0
369,0,612,9,496,4,234,8,823,14,101,19,847,60,0,78,767,115,21,135,654,139,544,147,418,163,285,176,156,180,-1,-1,0
810,0,599,1,484,0,359,0,227,12,98,25,836,44,0,86,756,101,643,129,534,138,19,141,409,158,278,174,151,182,-1,-1,0
797,0,583,8,469,8,345,12,218,27,93,44,825,46,0,105,745,108,631,137,521,148,20,159,398,169,270,189,147,198,-1,-1,0
793,0,578,9,464,10,341,15,215,30,821,44,91,48,743,106,0,109,628,136,518,148,20,162,395,170,268,190,147,200,-1,-1,0
792,0,577,8,463,8,340,13,214,28,91,45,822,44,742,106,0,106,627,135,518,146,20,159,395,167,268,187,146,196,-1,-1,0
797,0,583,4,468,1,344,3,217,16,93,30,825,45,0,88,746,104,631,131,520,140,19,142,397,159,269,176,146,183,-1,-1,0
805,2,590,4,351,0,475,1,222,13,96,26,832,47,0,84,751,106,635,132,18,138,525,139,399,157,269,174,145,179,-1,-1,0
353,0,478,4,594,12,224,10,812,15,97,20,840,60,0,75,756,119,15,129,636,142,525,146,398,160,266,174,141,175,-1,-1,0
354,0,225,6,479,6,97,14,596,16,815,24,0,67,842,71,15,122,758,128,638,147,525,149,397,160,141,171,266,172,-1,-1,0
362,0,101,4,229,2,488,11,605,26,825,42,0,54,850,89,14,110,763,143,530,155,643,159,400,163,140,164,268,170,-1,-1,0
103,3,233,1,366,0,493,12,610,28,830,47,0,49,854,95,13,105,766,148,531,157,139,160,645,161,401,162,267,168,-1,-1,0
361,0,229,3,100,7,487,10,606,24,830,39,0,55,858,87,13,111,768,142,530,155,644,158,399,162,138,162,265,169,-1,-1,0
374,0,237,2,104,5,506,11,628,27,861,45,0,54,890,93,13,111,797,150,551,160,669,165,415,165,142,166,274,174,-1,-1,0
376,0,237,6,512,8,103,11,638,21,882,33,0,63,914,83,16,121,819,145,566,159,688,162,427,168,150,174,283,179,-1,-1,0
435,0,593,8,274,10,120,20,741,23,1030,35,0,74,1072,90,16,139,958,164,655,180,802,183,490,191,167,200,323,205,-1,-1,0
444,0,606,7,280,12,758,20,122,24,1058,29,0,80,1100,87,17,147,982,164,671,183,821,186,502,196,171,208,329,212,-1,-1,0
465,0,634,5,294,12,129,24,791,21,1099,30,0,82,1146,89,17,152,1025,169,706,189,861,192,529,202,181,215,348,220,-1,-1,0
480,0,655,6,301,14,817,20,132,26,1137,30,0,89,1186,92,20,161,1063,177,732,200,893,200,549,214,190,227,363,232,-1,-1,0
1284,0,919,13,732,8,533,14,334,41,146,67,1342,68,0,150,1201,172,1009,212,826,224,25,231,619,253,411,284,218,293,-1,-1,0
1289,5,740,0,541,1,926,9,340,23,149,46,1345,75,0,125,1204,175,26,209,1013,213,831,219,623,245,413,271,218,276,-1,-1,0
557,0,762,9,349,14,954,24,152,29,1156,26,1329,37,0,108,1383,115,24,196,1231,211,1033,243,846,244,632,262,219,274,417,277,0
164,7,580,0,368,3,786,19,972,41,1169,52,1335,74,0,86,1382,153,22,178,1232,240,857,261,1039,265,223,267,645,273,428,278,0
173,0,387,1,606,5,813,30,1000,57,1191,73,0,81,1353,99,1394,180,22,179,1246,264,233,278,878,282,1058,287,666,290,446,291,0
175,0,393,5,615,12,826,40,1014,71,0,81,1206,88,1367,117,25,181,1408,199,1257,280,240,282,888,295,453,297,1068,301,675,300,0
182,0,408,9,635,22,847,56,1034,91,0,79,1225,113,1383,146,26,182,1419,229,247,290,1269,307,465,309,904,315,691,317,1083,325,0
180,1,408,0,637,3,852,27,1042,53,1233,66,1393,91,0,90,1432,173,31,192,1282,257,1096,285,918,284,258,290,704,296,478,299,0
618,0,393,4,173,12,832,17,1024,36,1219,41,1385,60,0,105,1426,144,30,205,1274,233,1083,267,902,271,688,289,250,295,465,297,0
392,3,617,0,172,9,831,18,1023,38,1219,46,1385,68,0,99,1426,152,29,199,1272,240,1080,272,899,275,247,290,685,290,461,295,0
614,0,389,5,169,14,830,16,1024,34,1222,39,1389,60,0,110,1431,145,32,211,1276,236,1085,272,902,278,687,296,251,301,465,304,0
612,0,387,6,168,17,828,15,1024,31,1226,36,1396,55,0,112,1438,141,31,211,1278,233,1082,269,899,275,683,294,248,299,459,302,0
606,0,381,9,827,11,1028,24,164,23,1236,26,1412,44,0,120,1457,134,31,219,1291,228,1089,268,900,277,680,298,455,306,245,306,0
613,0,383,5,165,15,833,16,1036,34,1243,38,1420,61,0,112,1464,150,30,213,1297,242,1095,280,906,285,686,303,247,305,460,309,0
621,0,391,7,844,12,168,20,1048,26,1255,28,1431,48,0,123,1476,138,34,225,1309,234,1107,274,919,284,698,306,470,314,255,314,0
626,0,393,10,852,12,1056,24,170,22,1266,25,1445,45,0,127,1489,134,1320,230,35,228,1116,272,926,283,703,305,473,314,258,316,0
625,0,393,8,852,10,1059,19,1273,21,169,23,1454,39,0,127,1500,130,1328,226,33,228,1122,270,928,282,702,306,471,313,254,316,0
1370,0,1559,12,1146,18,921,32,673,39,413,59,166,91,1598,111,1412,211,0,232,1200,280,1005,320,58,335,775,366,536,378,310,406,0
1364,0,1549,12,1142,17,922,32,675,38,417,57,168,88,1587,110,1403,209,0,229,1195,277,1003,317,56,332,774,362,536,375,309,402,0
1375,0,1149,17,1565,13,924,31,674,36,415,53,166,85,1601,115,1410,214,0,223,1198,281,1002,320,56,327,770,363,532,373,307,399,0
1396,0,1168,11,1586,16,942,20,690,21,425,33,170,60,1616,119,0,201,1424,216,1211,279,57,307,1014,316,782,356,541,362,312,384,0
1405,0,1179,11,1592,19,699,19,954,20,432,29,173,57,1622,121,0,198,1430,217,1217,279,59,304,1022,315,790,355,548,360,317,383,0
1418,0,1192,6,711,8,440,15,965,11,1603,21,178,38,1631,123,0,180,1438,217,1225,277,59,289,1031,312,797,349,553,351,319,371,0
1459,2,1228,6,454,2,733,0,995,9,185,21,1648,28,1675,134,0,161,1473,224,57,274,1255,282,1054,314,563,345,814,348,324,362,0
1461,0,1228,5,453,2,731,0,995,8,185,21,1654,26,1681,133,0,164,1477,224,57,275,1257,283,1054,316,561,346,812,350,322,363,0
1470,0,1234,6,453,5,732,3,997,9,1665,26,182,29,1686,133,0,169,1486,227,58,282,1262,286,1058,319,562,352,815,355,323,369,0
1470,0,1232,5,450,10,730,4,995,9,1663,25,182,31,1683,133,0,172,1486,225,1262,286,58,284,1058,320,561,353,813,356,322,370,0
1469,0,1231,6,449,14,729,7,994,12,1662,25,181,36,1681,134,0,180,1486,226,1262,287,59,290,1058,322,562,357,813,358,323,375,0
1470,0,1233,4,451,9,732,2,998,9,1663,24,183,27,1687,130,0,171,1486,224,1263,284,58,283,1060,318,564,352,816,354,324,369,0
1469,0,1234,5,453,7,733,2,998,9,1662,24,183,28,1688,130,0,170,1485,224,1263,284,58,282,1060,318,564,351,817,354,325,369,0
1471,0,1235,4,456,5,736,1,1000,8,1663,23,185,25,1690,131,0,170,1487,223,1266,283,60,281,1063,317,568,350,820,353,327,368,0
1468,0,1233,5,454,8,734,3,1000,10,1661,23,185,27,1689,131,0,172,1485,223,1265,284,59,284,1062,319,566,352,819,354,326,371,0
1468,0,1233,5,454,10,734,4,1000,11,1660,22,184,32,1689,130,0,176,1485,223,1263,283,58,287,1062,318,566,354,819,355,326,372,0
1465,0,1231,7,452,14,732,7,997,13,1658,23,183,35,1686,130,0,177,1483,223,1262,285,57,290,1061,320,565,356,817,357,325,375,0
1467,0,1233,6,455,9,736,4,998,10,1658,24,185,31,1688,132,0,173,1484,223,1264,283,59,285,1062,317,567,352,819,353,326,371,0
1459,0,1226,6,453,13,731,6,993,11,1651,21,185,33,1681,127,0,174,1480,219,1261,280,58,285,1059,315,565,351,817,352,324,371,0
1441,0,1213,9,1632,20,724,15,983,17,450,25,185,49,1666,121,0,189,1470,215,1254,278,56,298,1053,315,813,355,561,357,321,379,0
1417,0,1188,16,1611,14,958,29,703,34,435,51,178,81,1648,115,1458,217,0,223,1241,286,1041,327,54,331,800,373,549,381,313,407,0
1405,0,1177,14,1596,16,950,24,697,26,432,43,178,70,1633,116,0,209,1448,216,1232,283,51,317,1032,321,792,364,542,372,307,395,0
1385,0,1160,14,1576,15,937,22,688,23,428,39,178,67,1618,115,0,202,1433,216,1220,282,48,308,1021,317,782,358,533,367,300,389,0
1364,0,1144,13,1552,14,926,21,681,22,425,39,178,66,1596,112,0,201,1418,215,1210,279,47,308,1012,314,777,355,531,367,298,388,0
1341,0,1525,10,1124,15,909,24,669,29,417,51,174,82,1572,105,1401,212,0,217,1198,278,1003,313,48,323,772,358,528,376,297,400,0
1299,0,1482,6,1087,19,877,29,644,38,401,66,1534,96,168,100,1369,207,0,232,1171,273,980,308,48,335,753,355,514,380,290,406,0
1278,0,1455,10,1072,11,868,13,640,15,402,34,171,61,1505,99,0,182,1346,202,1150,259,962,286,42,285,739,325,503,345,280,362,0
181,0,409,2,633,8,834,33,1007,56,1178,69,1321,92,0,89,1358,169,29,192,1224,247,1061,275,900,277,261,288,700,291,478,294,0
189,0,420,7,648,17,850,45,1021,72,1191,88,0,87,1332,112,1368,190,27,191,1236,265,1073,291,912,291,262,293,711,302,484,303,0
192,0,419,13,645,30,847,63,0,81,1023,95,1197,115,1344,146,19,186,1380,225,1240,299,244,295,465,312,903,315,1069,321,695,320,0
189,0,410,17,634,35,837,72,0,79,1016,106,1196,129,1348,164,17,184,1384,248,234,297,1238,322,452,318,891,331,681,331,1063,340,0
186,0,406,13,629,31,835,67,0,78,1015,101,1200,125,1355,161,16,181,1395,244,230,292,448,314,1244,321,889,327,677,328,1064,338,0
185,0,408,9,631,24,838,56,1019,87,0,79,1203,108,1360,140,20,182,1403,222,239,291,1257,300,458,309,902,314,689,318,1077,321,0
191,0,416,11,642,26,848,58,1029,90,0,80,1211,111,1366,141,17,186,1407,226,238,296,1264,305,461,315,910,319,695,323,1084,326,0
186,0,417,35,626,71,0,118,1017,204,31,284,949,353,813,394,690,417,480,421,292,424,-1,-1,-1,-1,-1,-1,-1,-1,-1,-1,0
195,0,429,32,640,69,0,131,1029,195,29,301,958,350,820,396,694,423,485,429,296,440,-1,-1,-1,-1,-1,-1,-1,-1,-1,-1,0
209,0,455,26,674,62,814,101,1066,174,0,153,973,329,29,325,831,390,703,424,489,432,296,452,-1,-1,-1,-1,-1,-1,-1,-1,0
203,0,451,16,672,44,814,78,1072,142,0,161,905,355,30,329,838,368,707,406,492,420,299,447,-1,-1,-1,-1,-1,-1,-1,-1,0
215,0,472,10,703,35,851,66,1117,123,0,174,876,362,34,346,742,406,520,424,318,459,-1,-1,-1,-1,-1,-1,-1,-1,-1,-1,0
222,0,485,9,720,35,869,64,1137,122,0,178,894,366,37,355,755,412,530,431,325,467,-1,-1,-1,-1,-1,-1,-1,-1,-1,-1,0
220,0,486,9,722,33,874,63,1143,119,1158,194,0,183,1046,286,970,348,900,366,36,360,762,413,533,433,327,471,-1,-1,-1,-1,0
224,0,491,7,727,30,879,58,1150,113,0,184,1055,283,908,363,38,363,769,411,540,432,332,472,-1,-1,-1,-1,-1,-1,-1,-1,0
227,0,497,7,734,30,886,58,1155,112,1170,190,0,186,1060,281,913,364,38,367,774,413,544,435,335,477,-1,-1,-1,-1,-1,-1,0
229,0,499,6,738,29,890,58,1158,110,0,190,1067,282,987,341,916,363,37,370,779,413,548,436,337,479,-1,-1,-1,-1,-1,-1,0
510,2,236,0,753,23,909,49,1182,100,0,196,934,361,39,380,794,413,558,439,343,486,-1,-1,-1,-1,-1,-1,-1,-1,-1,-1,0
512,3,234,0,760,24,919,51,1199,104,0,197,1101,276,943,368,37,380,799,421,559,444,342,489,-1,-1,-1,-1,-1,-1,-1,-1,0
514,4,235,0,766,27,927,55,1213,108,0,196,1110,285,952,375,37,380,804,427,561,448,342,492,-1,-1,-1,-1,-1,-1,-1,-1,0
514,2,234,0,766,23,927,48,1214,102,0,198,1115,277,1114,283,1031,343,956,371,38,381,809,424,564,447,346,493,-1,-1,-1,-1,0
230,0,505,5,751,27,908,55,1189,110,0,192,937,370,40,374,793,421,556,443,341,485,-1,-1,-1,-1,-1,-1,-1,-1,-1,-1,0
226,0,498,8,738,32,893,62,1169,119,0,186,993,351,920,372,38,366,778,420,546,439,337,479,-1,-1,-1,-1,-1,-1,-1,-1,0
230,0,503,16,742,45,893,77,1163,139,0,177,40,354,913,376,776,419,548,435,339,470,-1,-1,-1,-1,-1,-1,-1,-1,-1,-1,0
235,0,507,11,743,35,894,65,1161,120,0,177,1071,280,992,336,919,356,41,354,782,402,556,423,345,462,-1,-1,-1,-1,-1,-1,0
235,0,505,10,737,33,888,61,1154,116,0,177,1067,274,992,338,919,354,36,354,556,423,342,465,-1,-1,-1,-1,-1,-1,-1,-1,0
92,0,227,25,0,45,362,51,465,85,548,112,20,125,719,218,158,218,276,239,412,250,508,256,649,263,578,267,-1,-1,-1,-1,0
95,0,229,27,0,44,363,55,466,90,549,118,18,123,155,216,719,226,273,240,408,253,506,260,647,270,576,272,-1,-1,-1,-1,0
94,0,228,27,0,44,362,54,466,90,549,118,17,122,702,174,152,215,721,225,268,239,404,252,502,259,648,269,573,272,-1,-1,0
95,0,227,26,0,44,360,52,464,86,548,114,15,121,707,169,148,210,723,219,263,233,397,247,499,253,646,262,572,265,-1,-1,0
92,0,223,18,356,39,0,45,460,69,546,93,15,118,705,141,724,193,146,200,261,219,394,229,496,232,648,237,571,243,-1,-1,0
89,0,218,15,349,31,0,48,454,58,540,79,701,122,18,118,721,171,149,195,263,210,648,217,495,217,393,216,570,225,-1,-1,0
89,0,218,15,348,30,0,49,453,55,540,76,701,118,17,119,722,166,147,193,260,207,646,212,491,213,390,212,567,220,-1,-1,0
88,0,215,9,346,19,452,39,541,56,0,51,706,91,19,118,729,138,654,187,149,185,496,193,263,195,393,196,574,197,-1,-1,0
84,0,211,1,342,3,451,18,541,31,715,53,0,55,740,101,22,120,666,153,583,169,503,169,398,178,154,180,268,184,-1,-1,0
209,0,84,2,338,1,447,13,539,23,712,44,0,58,737,91,22,121,664,144,582,161,499,163,396,173,154,178,267,180,-1,-1,0
81,2,206,0,333,2,441,14,532,24,704,46,0,57,729,93,22,119,657,145,574,161,494,163,391,173,151,177,263,179,-1,-1,0
202,1,327,0,80,3,433,10,524,18,612,25,691,38,0,59,715,82,22,120,645,133,565,151,485,154,385,165,261,174,150,173,0
321,0,199,1,79,5,425,10,513,16,678,35,0,59,701,78,21,118,632,128,552,146,475,149,375,161,254,169,146,169,-1,-1,0
305,0,189,4,407,6,74,10,493,10,652,23,676,64,0,64,613,114,21,121,536,134,461,139,365,153,247,164,143,167,-1,-1,0
80,0,195,0,312,3,409,16,493,27,646,47,0,48,667,88,18,104,601,133,525,147,450,148,356,156,136,157,239,160,-1,-1,0
79,0,186,18,0,32,292,40,380,67,454,91,9,87,592,133,109,154,204,173,605,175,311,187,399,195,538,206,466,206,-1,-1,0
77,0,180,21,0,32,283,43,370,72,7,86,443,97,581,141,103,153,195,174,593,183,300,190,387,199,526,213,454,212,-1,-1,0
74,0,174,21,0,29,274,44,358,73,6,81,428,98,559,143,98,146,187,167,570,182,287,184,371,194,505,209,435,207,-1,-1,0
74,0,173,19,0,30,273,40,357,67,7,82,428,90,559,133,99,145,188,164,570,172,289,179,372,188,506,200,436,200,-1,-1,0
75,0,174,18,0,30,273,40,357,67,7,80,427,90,560,132,100,144,188,164,571,172,289,179,372,188,507,200,437,199,-1,-1,0
74,0,173,17,0,30,273,37,357,63,427,85,7,81,100,145,189,163,573,167,290,177,373,185,508,196,439,196,-1,-1,-1,-1,0
75,0,174,19,0,30,275,42,357,70,6,81,430,92,561,137,98,146,187,167,571,177,288,183,371,192,507,205,437,204,-1,-1,0
76,0,173,22,0,29,273,45,357,74,5,81,428,99,559,146,95,147,183,169,569,186,284,187,368,198,503,212,434,210,-1,-1,0
76,0,174,24,0,27,274,52,3,79,355,84,425,111,90,149,556,162,178,174,278,195,565,203,361,209,427,224,498,228,-1,-1,0
77,0,173,26,0,26,272,55,2,78,354,88,425,115,495,141,88,149,554,169,174,174,274,198,561,210,357,212,423,229,494,235,0
78,0,183,14,293,33,0,35,391,58,479,79,7,86,570,100,647,125,102,148,198,167,661,169,309,183,408,191,579,201,489,203,0
78,0,184,13,295,30,0,36,394,55,482,77,8,88,654,119,105,150,669,166,202,168,314,182,413,190,587,199,496,201,-1,-1,0
78,0,185,7,297,19,401,38,0,40,493,56,675,90,10,91,692,137,111,148,209,161,324,171,609,175,427,174,514,182,-1,-1,0
78,0,185,7,298,19,401,39,0,39,494,57,675,91,10,90,691,139,109,148,208,161,322,171,426,174,609,176,512,183,-1,-1,0
80,0,187,9,300,22,0,39,405,44,499,62,9,90,682,101,699,148,108,149,207,164,322,175,427,180,613,184,515,189,-1,-1,0
81,0,189,12,303,27,0,38,408,50,504,71,604,89,8,90,690,112,106,151,706,161,207,168,322,181,428,188,618,196,518,199,0
83,0,192,15,307,35,0,35,414,62,511,87,6,87,701,137,102,151,203,173,714,187,318,191,427,203,519,217,622,218,-1,-1,0
85,0,194,18,0,33,309,40,414,70,6,85,512,96,700,149,103,152,203,176,317,196,712,199,425,209,517,226,621,229,-1,-1,0
86,0,195,18,0,33,309,41,414,71,5,85,511,99,611,122,696,150,102,152,203,175,317,195,708,199,424,209,516,225,618,228,0
86,0,196,17,0,33,310,39,416,68,5,86,513,96,700,148,102,153,203,175,318,195,713,197,426,208,519,224,622,227,-1,-1,0
96,0,1,23,208,31,323,68,0,78,429,111,527,151,92,159,196,195,713,227,312,230,423,256,721,278,518,284,625,299,-1,-1,0
99,0,3,21,210,34,324,73,0,76,430,118,527,160,91,160,194,199,309,235,713,241,420,265,719,293,515,295,623,311,-1,-1,0
100,0,3,20,210,36,0,74,324,78,429,125,90,160,526,168,192,199,628,209,307,239,711,253,418,270,512,301,716,304,619,321,0
100,0,4,19,211,37,0,74,325,79,429,127,89,160,525,171,191,201,305,242,709,256,416,273,510,305,713,309,616,325,-1,-1,0
102,0,5,18,213,36,0,73,326,79,429,128,89,159,525,174,191,200,305,241,708,260,414,274,508,307,711,313,615,328,-1,-1,0
94,0,208,24,0,30,325,53,3,85,433,90,534,125,100,160,726,190,207,190,323,218,436,237,735,242,533,260,641,269,-1,-1,0
91,0,206,14,326,33,0,37,436,61,538,85,7,92,735,134,111,158,219,179,749,185,338,196,452,206,658,220,549,220,-1,-1,0
204,0,86,2,327,3,441,14,545,25,739,45,0,53,760,92,17,107,677,139,574,156,478,157,134,159,366,163,245,164,-1,-1,0
209,0,88,3,332,4,445,15,549,25,741,44,0,54,761,91,16,108,679,138,576,154,481,156,135,160,368,163,247,164,-1,-1,0
208,0,330,1,87,4,445,9,548,18,742,33,0,57,763,79,17,111,682,127,579,145,483,149,371,158,136,160,249,161,-1,-1,0
331,0,207,2,86,7,445,8,549,16,654,18,743,29,0,60,765,74,18,114,685,123,581,143,485,147,372,158,137,162,250,163,0
330,0,207,2,86,8,445,8,549,15,742,27,0,62,765,73,18,116,684,123,582,143,487,148,374,159,252,165,139,165,-1,-1,0
334,0,209,2,87,7,447,8,550,17,740,30,0,61,762,75,18,116,684,125,583,145,489,149,377,160,254,166,141,165,-1,-1,0
329,0,204,5,543,12,441,6,84,13,645,12,733,22,757,67,0,69,679,119,20,124,581,141,488,146,377,160,254,168,142,171,0
327,0,203,4,439,7,82,12,538,14,726,25,0,66,749,71,670,122,21,122,574,143,484,148,376,160,253,168,143,169,-1,-1,0
320,0,530,5,629,4,431,2,198,7,715,11,79,19,740,55,0,77,664,109,570,133,22,131,482,140,375,157,253,169,144,174,0
526,2,712,4,429,0,318,0,196,10,78,23,738,48,0,82,663,102,570,128,23,135,481,138,375,155,255,170,146,176,-1,-1,0
322,0,200,5,436,4,539,9,644,9,82,14,734,17,757,63,0,68,677,114,18,121,574,137,480,143,368,157,247,164,137,166,0
323,0,540,9,437,4,200,7,83,14,736,16,760,62,0,70,680,114,20,123,577,137,482,143,370,157,249,165,138,167,-1,-1,0
322,0,539,8,436,4,200,6,735,15,81,16,759,60,0,72,679,113,19,125,577,136,481,143,370,157,248,166,138,169,-1,-1,0
322,0,538,6,435,3,199,7,734,11,81,17,758,57,0,74,679,110,19,127,577,134,482,142,371,157,249,167,139,170,-1,-1,0
322,0,539,6,436,2,200,5,735,11,82,16,758,57,0,72,680,109,19,125,578,133,482,140,371,155,249,165,138,167,-1,-1,0
324,0,202,4,540,10,438,5,645,9,84,12,736,19,759,65,0,68,680,115,19,121,577,138,482,144,370,157,248,164,137,166,0
324,0,202,3,438,6,84,11,542,12,739,23,0,65,762,69,681,120,17,118,578,141,481,147,369,159,246,164,135,166,-1,-1,0
324,0,202,3,543,11,438,5,83,12,647,11,738,20,762,67,0,67,681,118,18,120,578,140,482,146,369,158,247,165,136,166,0
688,0,507,6,413,8,305,12,188,29,719,38,74,47,652,96,0,104,563,124,478,135,25,156,374,157,254,179,147,189,-1,-1,0
688,0,505,13,410,18,302,25,718,40,184,46,71,67,655,100,0,126,565,129,479,142,375,167,26,175,256,193,149,206,-1,-1,0
694,0,509,8,411,11,303,16,184,34,728,38,70,53,660,98,0,111,570,125,482,137,377,160,25,161,256,183,148,195,-1,-1,0
697,0,512,7,415,6,306,10,187,26,72,42,728,42,662,99,0,99,573,125,485,135,25,151,379,156,258,177,149,187,-1,-1,0
703,0,516,3,421,2,311,4,191,19,75,34,733,41,0,91,666,99,577,123,489,133,24,144,382,153,259,173,149,181,-1,-1,0
708,0,520,6,424,6,313,10,190,27,742,40,73,45,674,102,0,102,584,128,496,137,26,155,389,159,264,181,154,192,-1,-1,0
525,2,429,0,317,3,193,18,75,35,746,38,0,92,678,98,589,124,501,133,26,146,393,154,267,176,155,184,-1,-1,-1,-1,0
530,1,432,0,320,4,195,22,751,35,75,41,683,99,0,101,594,126,505,137,26,156,397,160,270,184,157,195,-1,-1,-1,-1,0
80,0,208,6,341,10,453,30,0,48,726,80,23,113,759,128,688,182,159,182,523,184,414,188,604,192,277,192,-1,-1,-1,-1,0
86,0,212,13,345,27,0,38,454,54,542,78,21,107,741,171,156,186,273,204,408,208,512,212,669,221,591,224,-1,-1,-1,-1,0
93,0,221,31,0,30,352,61,454,101,14,102,537,135,146,196,264,228,718,245,399,245,500,260,573,280,647,284,-1,-1,-1,-1,0
94,0,227,33,0,31,359,64,460,105,15,107,154,206,273,238,717,249,410,254,509,267,649,293,578,289,-1,-1,-1,-1,-1,-1,0
95,0,229,33,0,31,361,63,462,103,16,108,156,208,276,239,713,245,413,253,512,265,648,290,579,286,-1,-1,-1,-1,-1,-1,0
93,0,229,27,0,34,363,52,468,88,20,111,168,207,727,219,290,233,429,241,528,250,666,267,597,268,-1,-1,-1,-1,-1,-1,0
92,0,228,27,0,35,363,51,469,86,23,112,171,207,737,218,294,233,433,240,535,248,674,267,604,266,-1,-1,-1,-1,-1,-1,0
104,0,0,29,256,37,406,70,524,114,24,113,186,223,321,260,818,272,476,274,588,290,666,314,745,319,-1,-1,-1,-1,-1,-1,0
110,0,0,27,264,42,418,79,21,113,537,128,186,229,326,272,484,289,834,296,600,308,678,336,759,342,-1,-1,-1,-1,-1,-1,0
116,0,281,31,0,37,443,56,572,96,29,124,671,132,211,233,896,248,361,265,530,271,652,281,823,304,738,303,-1,-1,-1,-1,0
116,0,285,21,454,38,0,42,588,74,693,105,33,129,934,213,224,232,556,254,381,256,683,259,860,275,774,277,-1,-1,-1,-1,0
120,0,483,5,302,5,633,28,749,55,0,57,1022,142,40,145,944,216,746,216,848,227,606,224,249,233,418,244,-1,-1,-1,-1,0
135,0,326,8,517,11,676,36,801,65,0,59,38,152,1086,159,1002,231,784,234,634,241,896,244,255,245,436,257,-1,-1,-1,-1,0
143,0,343,11,538,19,700,48,0,59,826,80,37,154,1117,180,1028,254,805,254,261,255,650,258,918,265,448,270,-1,-1,-1,-1,0
185,0,416,24,635,46,0,54,815,87,955,129,29,163,1215,185,1258,251,282,283,728,310,502,311,905,312,1158,323,1034,330,-1,-1,0
1028,0,716,17,560,24,400,34,245,57,1073,62,102,81,952,148,0,156,788,192,637,209,23,219,473,237,312,257,168,268,-1,-1,0
1014,0,708,22,554,29,396,39,241,62,1058,63,100,87,939,149,0,161,778,192,629,209,24,223,468,237,310,259,167,269,-1,-1,0
999,0,858,4,699,23,547,31,391,43,1045,59,239,67,98,92,930,145,0,167,772,189,626,207,26,229,467,237,310,259,169,272,0
988,0,694,20,545,27,391,36,239,59,1032,59,99,83,918,142,0,157,765,184,621,203,24,218,464,231,308,252,167,264,-1,-1,0
979,0,688,17,541,22,388,31,237,53,1022,59,98,76,909,141,0,149,757,181,616,198,24,210,460,226,306,245,166,256,-1,-1,0
960,0,678,12,534,14,385,20,236,38,98,58,1000,60,0,129,891,136,743,174,605,188,23,190,453,213,302,230,163,237,-1,-1,0
931,0,803,3,658,17,518,23,373,31,229,52,968,58,95,73,862,135,0,145,718,174,585,191,23,204,439,218,292,236,159,247,0
905,2,783,0,643,10,507,12,367,15,226,30,94,48,939,60,0,116,834,131,695,165,22,175,566,178,425,200,285,214,155,221,0
645,4,372,0,511,2,901,7,232,9,98,23,931,64,0,88,826,129,21,147,688,158,562,167,423,184,284,194,153,196,-1,-1,0
644,3,374,0,512,1,897,4,233,9,99,22,927,60,0,87,825,124,20,145,690,153,564,163,425,181,284,190,154,195,-1,-1,0
900,0,645,3,512,3,373,4,233,16,99,33,931,57,0,101,829,125,692,158,18,161,565,171,424,192,284,203,151,209,-1,-1,0
912,1,787,0,642,13,506,20,364,26,223,43,93,62,944,60,834,132,0,134,691,172,562,189,22,193,420,213,280,227,153,237,0
925,0,795,4,646,22,504,32,359,43,959,61,218,64,88,89,844,136,0,163,697,181,564,202,25,220,420,230,280,247,153,260,0
928,0,795,3,642,20,501,31,355,42,214,62,964,60,87,85,849,136,0,157,698,177,563,198,23,211,417,224,277,240,150,251,0
927,0,638,25,495,39,349,53,968,57,209,76,83,102,855,134,0,173,704,181,568,202,25,226,422,232,280,250,154,263,-1,-1,0
903,0,772,8,624,33,484,50,944,58,342,67,205,92,80,121,837,137,692,187,0,196,560,213,418,246,27,251,280,268,156,285,0
894,0,768,5,622,24,485,38,345,50,931,57,209,72,83,98,825,133,0,172,683,177,554,200,26,227,414,231,278,249,154,263,0
902,0,631,12,494,19,353,25,215,41,87,61,936,59,826,129,0,132,683,168,554,186,24,189,414,210,277,222,152,231,-1,-1,0
899,0,774,2,630,19,493,29,352,38,214,57,934,60,86,81,827,133,0,155,686,175,557,196,25,212,418,224,282,240,155,252,0
900,2,777,0,635,15,498,24,358,31,218,48,932,60,88,69,827,130,0,143,686,171,559,190,25,201,420,216,284,231,157,242,0
789,0,646,6,368,5,911,10,509,6,227,14,94,29,939,73,0,100,829,141,24,163,687,175,560,187,420,205,284,211,155,215,0
236,0,379,1,101,4,519,11,655,20,793,22,911,37,0,67,934,97,18,128,823,152,683,175,557,179,149,185,279,187,417,189,0
276,0,434,3,120,6,583,15,719,26,855,30,965,45,0,81,982,108,21,148,877,163,743,188,617,194,471,206,320,207,173,207,0
839,0,699,6,955,7,561,7,412,7,259,17,109,33,977,69,0,112,870,135,733,169,25,176,608,185,463,206,316,217,174,226,0
812,0,667,7,935,6,528,10,382,11,236,22,96,39,961,69,0,114,851,136,709,172,27,175,581,187,439,208,299,217,166,225,0
825,0,686,6,942,7,401,7,548,7,249,16,102,32,968,68,0,109,865,134,729,169,29,174,603,184,461,206,318,216,179,225,0
817,0,677,6,935,7,393,6,539,6,243,15,100,29,960,67,0,104,855,132,718,166,28,166,592,180,450,200,308,210,172,217,0
385,0,240,5,668,10,530,7,811,9,101,15,934,22,958,87,0,86,842,150,21,150,697,179,568,188,426,202,286,205,154,206,0
385,0,238,3,672,14,530,8,100,12,818,13,942,27,0,80,965,92,21,143,848,154,701,180,571,187,427,199,155,199,286,201,0
382,0,237,3,667,12,527,7,99,12,812,12,937,25,0,79,960,90,21,141,843,151,697,178,567,185,152,197,423,198,283,198,0
380,0,234,4,670,10,526,6,819,8,98,14,949,22,0,81,973,89,20,143,850,151,699,179,565,186,419,198,149,198,280,199,0
386,0,239,4,670,10,531,6,814,9,101,12,936,21,0,83,960,85,24,144,846,147,703,175,574,183,431,197,291,200,159,200,0
385,0,239,4,669,12,530,7,814,11,100,14,935,22,0,82,959,86,23,146,846,148,702,176,573,184,430,198,290,201,158,201,0
384,0,238,3,668,10,529,6,813,10,99,13,935,23,0,82,958,85,22,145,845,147,701,175,572,184,429,197,289,200,157,200,0
385,0,239,4,670,11,530,6,814,10,100,13,936,23,0,83,960,86,23,146,846,148,702,176,573,184,430,198,291,201,158,201,0
511,0,363,4,660,10,212,23,813,32,73,68,917,103,0,166,927,221,22,308,839,340,123,414,709,422,568,475,257,477,413,498,1
512,0,364,4,659,10,213,23,814,31,75,67,918,103,0,166,927,221,23,308,840,340,124,414,709,422,569,475,259,478,414,498,1
513,0,364,4,661,10,214,23,815,31,75,67,919,103,0,167,928,222,23,309,840,340,124,414,710,422,569,476,259,478,415,499,1
511,0,363,4,660,9,213,22,814,30,74,67,918,103,0,166,927,221,22,308,840,340,124,414,709,422,569,475,258,478,414,498,1
512,0,364,4,660,10,214,23,815,31,74,68,919,103,0,167,927,221,23,308,840,340,125,414,710,421,569,475,259,477,415,498,1
512,0,363,4,660,10,213,23,815,32,75,67,918,103,0,167,928,222,23,308,840,340,125,414,710,422,569,476,259,478,415,499,1
529,0,379,1,676,13,225,17,826,36,79,60,925,108,0,161,933,224,22,306,848,341,127,416,721,422,581,476,266,480,426,501,1
541,0,386,3,694,10,229,21,853,34,81,67,960,107,0,169,970,228,20,318,881,351,126,431,745,436,598,494,268,498,434,519,1
411,0,570,6,247,11,726,27,91,49,888,59,995,140,0,151,1003,267,11,311,908,391,116,436,766,475,264,517,610,529,437,547,1
428,0,261,8,589,10,746,35,100,40,908,72,0,138,1016,154,1024,279,3,298,928,404,105,429,781,486,255,515,617,537,436,552,1
398,0,557,5,241,13,722,25,94,48,899,58,2,141,1019,142,1027,279,0,290,913,412,87,414,747,494,220,502,572,538,391,545,1
397,0,558,3,242,13,725,24,96,50,907,58,2,142,1029,143,1035,284,0,291,83,416,916,419,745,502,214,505,567,546,384,551,1
540,0,382,4,712,14,232,24,901,39,92,66,1032,124,3,159,1041,272,0,305,917,417,78,427,737,506,203,514,554,553,369,559,1
703,0,900,3,527,7,368,30,220,70,1042,71,82,129,1072,220,0,233,11,382,962,385,103,497,788,499,604,570,240,572,415,598,1
749,0,959,5,562,8,392,32,235,72,1113,78,88,133,1141,238,0,242,7,399,1020,413,100,523,830,533,243,605,631,607,428,636,1
790,0,589,6,1017,6,412,30,249,72,1185,88,96,134,0,244,1213,264,0,410,1073,456,86,542,859,581,230,635,640,653,422,675,1
822,0,1065,2,611,9,427,37,261,82,1245,88,105,148,5,262,1273,276,0,432,1119,481,85,569,885,616,227,667,651,691,424,712,1
839,0,624,5,1088,6,437,31,269,75,1274,97,113,139,8,252,1301,296,0,425,1136,507,78,568,891,641,218,673,648,713,416,727,1
911,0,684,1,1166,13,479,24,287,66,1356,108,111,134,0,259,1389,303,3,449,1236,514,108,602,999,652,278,710,752,734,502,757,1
699,0,924,1,1172,18,491,19,295,60,1356,111,113,128,0,255,1394,299,8,448,1255,502,125,604,1029,641,303,710,789,725,538,753,1
751,0,534,10,977,13,1221,38,322,44,124,107,1399,139,0,238,1432,324,8,445,1298,521,137,612,1080,655,332,725,840,739,581,770,1
776,0,558,7,997,12,1229,39,337,41,128,104,1398,134,0,242,1433,309,14,454,1314,497,160,622,1115,631,885,722,371,727,628,762,1
723,0,519,2,926,18,311,27,1140,49,115,80,1296,143,0,208,1328,307,14,410,1219,480,152,572,1036,601,350,676,827,682,591,713,1
861,0,1074,4,663,6,469,30,1239,76,276,78,98,147,1291,230,0,276,1203,409,30,463,1035,544,172,602,835,643,371,683,606,696,1
701,0,504,5,896,15,303,32,1100,41,114,85,1245,128,0,210,1273,281,17,402,1168,443,153,551,995,558,797,636,345,643,573,671,1
536,0,742,6,324,18,941,31,121,69,1147,69,1288,168,0,197,1305,327,18,403,1191,488,159,564,1013,600,356,666,813,673,587,702,1
544,0,755,8,325,18,962,35,119,68,1172,77,1313,181,0,202,1324,345,23,410,1201,506,168,571,1018,615,364,673,817,684,593,710,1
556,0,772,8,333,14,982,37,122,67,1199,82,1339,192,0,204,1344,361,18,416,1211,524,160,580,1019,633,355,685,812,702,585,726,1
550,0,772,2,324,21,990,25,1217,67,115,81,1364,180,0,226,1367,355,30,438,1228,524,176,598,1032,637,370,697,824,709,597,735,1
550,0,773,3,323,20,992,27,1219,70,113,78,1363,183,0,223,1363,356,31,431,1222,521,177,590,1026,631,370,688,819,701,595,725,1
552,0,774,6,327,15,995,31,117,70,1223,76,1369,192,0,212,1370,366,26,422,1228,531,169,583,1028,640,361,686,817,708,588,729,1
576,0,339,9,810,13,1042,47,120,63,1280,101,0,208,1425,229,1409,409,26,422,1248,572,171,586,1037,672,361,693,819,732,588,743,1
573,0,811,8,336,13,1050,38,116,73,1297,89,1448,217,0,219,1434,402,29,430,1268,568,173,593,1050,672,366,699,827,733,594,746,1
891,0,682,5,1115,6,479,30,278,78,1285,87,97,152,1328,251,0,288,1226,435,34,481,1046,573,179,622,841,672,376,705,610,722,1
671,0,871,0,1085,13,475,17,281,57,1244,93,100,124,0,250,1280,252,1179,426,24,437,1002,555,160,578,801,643,349,663,576,686,1
1070,0,836,14,627,38,1254,63,435,81,254,142,90,224,1315,230,0,354,1214,432,30,533,1023,587,160,664,808,695,344,741,574,753,1
1069,0,824,29,1266,57,609,65,418,118,244,188,1332,233,87,276,0,407,1221,452,28,582,1014,619,149,709,787,734,326,784,550,795,1
1058,0,808,39,1262,54,593,84,406,144,239,219,1333,236,87,312,0,446,1218,473,26,623,1003,653,140,752,771,776,310,829,532,840,1
988,0,1202,34,739,67,531,133,358,210,1289,220,211,299,76,401,1179,483,0,536,960,691,23,708,124,832,726,832,283,904,492,908,1
1069,0,1270,41,827,45,614,94,425,159,1353,207,252,241,92,342,1260,439,0,481,1059,629,27,663,829,770,154,792,579,854,342,861,1
1097,0,868,12,662,32,1275,62,468,70,283,128,107,209,1337,223,0,338,1239,423,16,524,1046,580,142,663,822,694,334,745,574,757,1
674,0,890,9,471,10,1129,35,279,42,105,103,1296,139,0,227,1314,319,14,412,1170,501,127,560,956,619,296,661,736,687,508,706,1
680,0,917,5,467,16,1179,29,269,53,93,121,1364,147,0,256,1376,348,29,445,1213,543,149,595,986,663,319,696,758,731,530,745,1
777,0,541,1,1024,22,313,24,1284,64,107,90,1456,192,0,237,1456,387,37,447,1291,567,182,608,1068,681,374,714,839,747,602,762,1
572,0,812,5,336,18,1056,31,1311,79,120,79,1477,207,0,228,1477,400,30,446,1315,579,176,616,1093,693,377,727,861,762,615,778,1
867,0,1118,11,612,10,1379,45,356,45,119,128,1549,164,0,301,1559,359,54,537,1410,552,1198,688,234,704,970,782,462,800,719,826,1
420,0,540,2,300,9,666,13,175,33,755,61,61,74,774,154,0,156,716,256,23,273,616,332,115,358,502,384,235,405,371,413,1
445,2,323,0,563,13,194,13,684,33,71,45,765,87,0,124,780,176,15,244,718,271,104,336,617,338,500,384,226,391,366,406,1
549,0,424,3,680,6,298,17,174,46,775,54,57,92,799,150,0,178,740,258,27,297,638,339,122,381,520,398,246,426,386,431,1
436,0,314,4,557,8,187,22,681,24,67,59,767,76,0,137,783,169,17,258,721,267,617,339,106,347,500,388,227,399,366,412,1
316,0,191,5,435,8,552,27,71,28,671,54,0,99,749,113,755,203,5,216,686,292,84,311,580,351,196,373,462,387,330,398,1
316,0,193,2,435,11,73,22,552,32,672,61,0,91,749,123,2,208,752,214,679,302,77,304,570,358,186,369,449,391,317,398,1
565,0,725,3,401,13,891,18,233,44,1007,85,77,101,1028,208,0,214,949,340,39,370,819,438,166,480,673,508,327,539,504,547,1
466,0,655,1,272,18,841,19,1033,53,94,71,1157,148,0,195,1160,296,28,374,1044,440,154,509,878,536,319,591,703,598,512,621,1
319,0,531,7,118,35,737,33,937,77,1144,142,0,156,1263,263,5,351,1238,424,120,510,1085,560,284,619,891,639,484,677,692,680,1
85,0,212,1,345,25,457,60,6,70,558,103,659,155,0,218,727,234,728,331,82,351,663,418,196,446,567,471,332,495,459,499,1
93,0,224,1,357,25,472,61,8,71,573,104,675,155,0,220,741,234,738,330,80,354,669,417,195,447,571,469,462,497,332,494,1
193,0,323,6,69,16,437,25,542,53,650,89,0,94,726,156,11,234,737,251,682,344,103,351,593,406,224,427,488,446,363,457,1
199,0,75,7,326,13,435,39,532,72,0,82,633,113,699,183,2,225,706,274,89,346,649,361,562,418,204,427,461,453,338,462,1
108,0,229,15,354,53,25,63,456,101,544,154,633,216,0,213,688,301,64,357,676,397,163,463,605,477,511,520,287,524,408,538,1
82,0,215,7,355,39,3,75,473,84,575,137,681,201,0,244,753,292,757,403,86,401,694,499,209,515,597,556,355,577,489,585,1
261,0,436,5,615,27,96,31,799,65,989,120,0,136,1102,233,12,302,1087,380,110,440,953,500,251,537,780,567,423,592,603,600,1
414,0,603,3,240,12,805,22,81,61,1026,62,0,173,1172,175,27,334,1170,340,134,465,1026,483,279,555,836,565,457,605,645,607,1
648,0,854,6,449,12,1070,29,257,38,82,105,1214,128,0,237,1225,287,49,413,1104,443,186,541,930,547,748,615,357,617,553,642,1
869,0,655,0,450,17,1098,19,254,50,80,121,1255,120,0,256,1267,285,51,433,1138,450,190,561,955,560,764,633,363,637,563,661,1
691,0,477,6,911,11,271,32,1142,44,86,97,1290,154,0,235,1289,323,49,421,1150,481,190,556,962,584,366,638,769,647,567,669,1
700,0,484,6,922,12,275,30,1155,45,88,96,1304,157,0,235,1302,327,49,422,1159,486,190,557,968,587,367,640,773,651,570,672,1
689,0,912,7,474,12,1146,32,267,42,84,112,1301,141,0,252,1302,311,50,435,1162,475,192,568,972,582,369,647,777,651,572,675,1
871,0,648,5,1117,13,441,26,248,64,1293,116,79,136,0,269,1318,293,45,446,1183,471,179,579,984,590,355,661,778,665,563,691,1
638,0,442,8,853,11,258,33,1092,42,93,89,1262,153,0,210,1282,339,17,389,1139,516,125,537,929,628,287,641,710,679,489,680,1
688,0,505,6,886,15,330,31,1109,38,161,66,1276,112,39,147,1311,261,0,295,1171,425,68,429,938,529,212,532,686,583,432,590,1
538,0,723,2,361,16,922,26,186,43,1145,61,53,116,1308,143,0,265,1329,298,56,404,1174,455,194,515,928,548,410,583,668,590,1
526,1,403,0,283,11,657,10,166,34,747,65,58,77,0,158,762,164,695,270,21,273,587,346,103,357,469,396,212,407,341,420,1
534,1,410,0,663,9,290,12,171,36,751,61,61,79,766,159,0,160,699,265,19,275,591,341,101,358,472,392,211,407,341,418,1
512,0,391,3,641,7,275,16,162,41,731,57,57,83,749,153,0,161,683,259,17,270,576,334,94,351,457,386,201,399,329,410,1
341,0,208,1,468,12,78,23,588,35,710,67,0,100,789,131,793,226,6,227,721,318,91,331,611,379,211,398,489,416,352,427,1
545,0,425,2,668,6,304,15,178,43,757,52,61,90,780,144,0,178,726,249,26,299,630,330,122,383,518,390,247,426,386,427,1
448,0,321,3,572,9,190,19,698,27,66,55,783,84,0,142,795,179,22,267,730,278,627,350,117,358,510,400,239,411,378,424,1
209,0,344,5,78,20,471,22,593,49,716,86,0,97,791,156,5,224,788,252,87,329,709,340,596,395,202,399,473,427,338,432,1
392,0,540,2,237,14,684,15,829,40,86,53,925,109,0,154,936,220,17,302,858,334,734,416,123,415,593,474,267,481,433,501,1
408,0,554,4,261,8,120,29,703,30,849,80,12,112,917,178,0,236,890,303,84,348,783,401,208,421,645,452,351,465,500,474,1
408,0,555,4,261,8,120,28,704,30,849,80,12,112,916,178,0,236,890,304,84,348,783,400,208,421,645,452,351,465,500,474,1
409,0,555,5,261,8,120,28,704,30,849,80,12,112,916,178,0,235,891,304,84,348,783,401,208,421,645,452,351,465,500,474,1
409,0,554,4,261,8,120,28,704,30,849,80,11,113,916,178,0,236,890,304,84,348,783,400,208,421,645,452,351,465,500,474,1
408,0,555,5,261,7,120,28,703,30,849,80,11,112,916,178,0,236,890,303,84,348,783,400,208,421,645,452,351,464,500,474,1
408,0,555,4,261,8,120,28,704,30,849,79,12,112,917,178,0,236,890,304,84,348,783,401,208,421,645,452,351,465,500,474,1
408,0,555,4,261,8,120,28,704,31,849,80,12,112,917,178,0,236,890,304,85,347,783,401,208,421,645,452,351,465,500,474,1
408,0,555,4,261,8,120,28,703,30,849,80,12,112,916,178,0,236,890,304,84,348,783,400,208,421,645,452,351,465,500,474,1
408,0,554,4,261,8,120,28,703,30,849,80,12,112,916,178,0,236,890,304,84,348,783,400,208,421,645,452,351,465,500,474,1
408,0,555,4,261,8,120,27,704,30,849,80,12,112,916,178,0,236,891,304,84,348,783,400,208,421,645,452,351,465,500,475,1
408,0,555,4,261,7,119,29,704,30,849,79,11,112,916,178,0,236,891,304,84,348,783,400,208,421,645,452,351,465,500,474,1
409,0,554,4,261,8,120,29,704,31,849,80,12,112,916,179,0,236,891,304,84,348,783,400,208,421,645,452,351,465,500,474,1
409,0,554,4,261,8,120,28,704,30,849,80,12,112,916,178,0,236,890,304,84,348,783,400,208,421,645,452,351,464,500,474,1
407,0,554,4,260,8,120,29,704,30,849,79,12,112,917,178,0,236,891,304,84,348,783,400,208,421,645,452,351,465,500,474,1
408,0,554,4,261,7,120,28,704,31,849,79,11,113,916,179,0,236,890,304,84,347,783,401,208,421,645,452,351,465,500,474,1
408,0,554,4,261,8,120,28,703,30,849,80,12,112,916,178,0,236,890,304,84,348,783,401,208,421,645,452,351,464,500,475,1
408,0,554,4,262,8,120,28,704,30,849,80,12,112,916,178,0,236,890,304,84,348,783,401,208,421,645,452,351,465,500,474,1
408,0,555,4,261,8,120,28,703,30,849,80,12,112,916,178,0,236,890,304,84,348,783,401,208,421,645,452,351,464,500,474,1
408,0,555,4,261,8,120,27,703,30,849,80,11,112,916,178,0,236,890,304,84,348,783,401,208,421,645,452,351,464,500,474,1
408,0,554,5,261,8,119,29,703,30,849,80,12,112,916,178,0,236,890,304,84,348,783,401,208,421,645,452,351,465,500,474,1
408,0,554,4,261,8,119,29,704,30,849,79,12,112,916,178,0,236,890,303,85,348,783,401,208,421,645,452,351,465,500,474,1
408,0,554,4,261,8,120,29,703,31,849,80,12,112,916,178,0,236,890,304,84,348,783,401,208,421,645,452,351,465,500,474,1
408,0,554,4,261,8,120,28,703,30,849,79,12,112,916,178,0,236,890,303,84,348,783,401,208,421,645,452,351,465,500,474,1
408,0,555,4,261,8,120,28,704,30,849,79,12,112,917,178,0,236,890,303,84,348,783,401,208,421,645,452,351,465,500,475,1
409,0,555,5,261,9,120,30,703,31,849,81,12,113,917,179,0,237,891,305,84,349,783,402,208,422,645,453,351,465,500,476,1
408,0,555,4,261,8,120,28,704,30,849,79,11,112,916,178,0,236,890,304,84,348,783,401,208,421,645,452,351,464,500,474,1
407,0,555,4,261,8,120,29,703,30,849,80,12,112,916,178,0,236,890,304,84,348,783,401,208,421,645,452,351,465,500,474,1
408,0,554,4,261,7,120,28,703,30,849,80,11,113,916,178,0,236,890,304,84,348,783,401,208,421,645,452,351,465,500,474,1
409,0,555,5,261,8,120,28,703,30,849,79,12,112,917,178,0,236,890,303,84,348,783,401,208,421,645,452,351,465,500,474,1
408,0,554,4,261,8,120,28,704,31,849,80,12,112,917,178,0,236,891,304,84,348,783,400,208,421,645,452,351,465,500,475,1
409,0,555,4,262,8,121,28,705,30,850,80,13,112,917,179,0,236,891,303,85,348,784,400,209,421,646,452,352,465,501,474,1
408,0,555,4,261,8,119,29,703,30,849,80,11,112,916,178,0,236,890,304,84,348,783,400,208,421,645,452,351,465,500,474,1
409,0,554,4,261,8,120,28,704,31,849,80,12,112,916,178,0,236,891,304,84,348,783,401,208,421,645,452,351,465,500,474,1
408,0,555,4,261,8,120,28,703,30,849,80,11,112,916,178,0,236,891,304,84,348,783,401,208,421,645,452,351,465,500,474,1
408,0,555,4,261,8,120,28,703,30,849,80,12,112,916,178,0,235,890,304,84,348,783,400,208,421,645,452,351,465,500,475,1
408,0,555,5,261,8,120,28,703,30,849,79,12,112,916,178,0,236,890,304,84,348,783,400,208,421,645,452,351,465,500,474,1
409,0,556,4,262,8,121,28,704,30,850,80,13,112,917,178,0,236,891,304,85,348,784,401,209,421,646,452,352,465,501,475,1
408,0,555,4,261,8,120,28,703,30,849,80,12,112,916,178,0,235,890,304,84,348,783,401,208,421,645,452,351,464,500,474,1
409,0,556,4,262,8,121,28,705,30,850,80,13,112,916,178,0,236,891,304,85,348,784,401,209,421,646,452,352,465,501,475,1
408,0,555,4,261,7,120,28,704,30,849,80,12,112,916,178,0,236,890,304,84,348,783,401,208,421,645,452,351,465,500,474,1
409,0,556,4,262,8,121,28,704,30,850,80,13,112,917,178,0,236,891,304,85,348,784,400,209,421,646,452,352,464,501,474,1
408,0,554,5,261,8,120,29,704,31,849,81,12,113,916,179,0,237,890,305,84,349,783,401,208,422,645,453,351,466,500,476,1
408,0,555,4,261,8,119,29,703,30,849,80,12,112,916,178,0,236,890,303,84,348,783,400,208,421,645,452,351,465,500,474,1
408,0,554,5,262,9,119,30,704,31,849,81,12,113,915,179,0,237,891,305,84,349,783,402,208,422,645,453,351,466,500,475,1
408,0,555,4,261,8,121,27,703,30,849,80,12,112,916,178,0,236,890,304,84,348,783,400,208,421,645,452,351,465,500,474,1
409,0,555,4,261,8,120,29,703,30,849,79,11,112,916,178,0,236,890,303,84,348,783,401,208,421,645,452,351,465,500,474,1
408,0,555,4,261,8,120,29,704,30,849,80,11,112,916,178,0,236,890,304,84,348,783,400,208,421,645,452,351,465,500,474,1
408,0,554,5,261,9,120,29,704,31,849,80,12,113,916,179,0,237,891,305,84,349,783,401,208,422,645,453,351,466,500,475,1
409,0,555,4,261,8,120,28,703,30,849,80,11,112,916,178,0,236,890,304,84,348,783,401,208,421,645,452,351,465,500,475,1
407,0,554,4,261,8,120,29,703,30,849,79,11,113,916,178,0,236,890,304,84,348,783,400,208,421,645,452,351,464,500,474,1
408,0,554,4,261,8,120,28,704,30,849,80,11,112,916,178,0,236,890,304,84,348,783,400,208,421,645,452,351,465,500,474,1
408,0,555,4,261,8,119,29,704,30,849,80,13,111,916,178,0,236,890,304,84,348,783,400,208,421,645,452,351,465,500,475,1
408,0,555,4,261,8,120,28,704,30,849,80,12,112,916,178,0,236,890,304,84,348,783,401,208,421,645,452,351,465,500,475,1
408,0,555,5,261,8,120,29,703,30,849,80,12,112,916,178,0,236,891,304,84,348,783,401,208,421,645,452,351,465,500,475,1
408,0,555,4,261,8,120,28,703,30,849,80,11,112,917,178,0,235,891,304,84,348,783,401,208,421,645,452,351,465,500,474,1
407,0,555,5,261,7,121,27,704,30,850,80,11,112,916,178,0,236,890,304,84,348,783,401,208,421,645,452,351,465,500,475,1
408,0,554,5,261,8,120,28,703,30,849,80,12,112,916,178,0,235,890,304,84,348,783,401,208,421,645,452,351,465,500,474,1
408,0,555,6,261,8,121,29,703,31,849,81,12,113,916,180,0,237,890,305,84,349,783,402,208,422,645,453,351,466,500,475,1
408,0,554,4,261,8,120,28,703,30,849,80,12,112,916,178,0,236,891,304,84,348,783,401,208,421,645,452,351,465,500,474,1
409,0,554,5,261,9,120,29,703,31,849,80,12,112,916,179,0,236,891,305,84,348,783,401,208,421,645,453,351,465,500,475,1
407,0,554,4,261,7,120,28,703,30,849,80,12,111,916,178,0,235,890,303,84,347,782,400,208,420,644,452,350,464,499,474,1
409,0,555,5,262,8,121,28,704,30,850,79,12,112,916,178,0,235,891,303,84,346,783,399,208,420,645,451,350,464,500,473,1
408,0,554,5,260,9,118,29,702,30,848,79,11,112,916,177,0,236,892,302,85,349,786,398,211,422,649,451,355,465,504,474,1
409,0,556,6,262,8,120,28,704,31,849,81,10,112,917,178,0,237,894,303,87,350,789,399,214,423,653,451,359,466,508,474,1
410,0,556,6,263,8,123,26,703,33,847,82,14,110,913,179,0,233,888,304,83,345,782,400,206,420,644,452,349,464,499,474,1
409,0,554,4,263,8,122,29,703,30,847,77,13,112,915,175,0,235,890,300,83,347,783,397,207,420,645,449,350,463,500,472,1
410,0,555,4,264,8,124,27,704,30,849,78,15,109,917,176,0,231,891,301,82,342,782,397,204,416,643,449,346,460,496,470,1
410,0,555,3,263,8,123,28,703,29,849,77,14,110,917,174,0,234,893,299,83,345,787,397,207,419,648,449,350,463,501,472,1
410,0,555,4,263,9,123,28,703,29,848,77,14,111,917,173,0,233,893,298,82,344,786,396,205,417,646,447,349,460,500,470,1
408,0,554,3,262,9,703,27,124,30,852,74,16,111,923,172,0,233,898,300,81,344,788,399,202,418,645,451,345,463,497,474,1
409,0,556,3,263,9,707,27,124,29,856,76,16,112,926,175,0,233,901,302,80,345,790,400,202,419,646,453,345,464,497,475,1
423,0,577,1,270,13,740,26,127,36,902,75,17,120,979,179,0,244,951,317,80,358,827,421,203,435,671,475,351,483,511,497,1
582,0,425,1,270,15,747,22,126,40,914,71,16,127,994,177,0,253,967,317,81,367,843,425,206,444,684,482,357,493,520,505,1
447,0,612,2,286,11,785,30,136,34,961,84,20,120,1044,197,0,249,1011,344,80,369,207,453,876,454,362,508,705,508,532,526,1
615,0,447,1,283,15,792,24,132,40,973,78,16,131,1060,193,0,263,1033,341,85,385,898,458,217,468,727,516,377,521,551,538,1
452,0,621,0,288,14,797,25,134,39,975,76,16,131,1063,189,0,267,1038,338,90,390,909,453,226,474,740,514,389,526,565,539,1
646,0,472,2,301,19,828,24,141,48,1012,76,17,146,1103,192,0,289,1078,347,93,419,945,470,235,504,770,537,406,556,589,566,1
486,0,664,0,312,15,849,27,148,43,1036,81,19,142,1127,200,0,287,1100,359,95,420,964,482,240,509,786,549,414,564,601,576,1
521,0,343,5,700,11,175,21,886,50,34,111,1073,115,1164,242,0,259,1134,403,85,405,231,509,991,526,411,579,803,585,608,604,1
529,0,347,7,715,10,178,23,910,49,35,111,1109,117,1205,249,0,257,82,401,1170,417,224,506,1013,541,405,581,813,597,607,611,1
529,0,345,8,718,9,175,26,919,48,35,114,1124,117,1224,253,0,260,80,404,1188,424,222,511,1026,551,403,588,819,609,608,621,1
536,0,350,6,729,11,178,22,933,55,37,110,1142,128,0,255,1242,267,80,402,1202,442,221,512,1034,568,402,591,823,621,609,630,1
534,0,348,7,726,11,176,24,929,53,34,115,1135,124,0,264,1235,264,85,412,1198,439,230,522,1035,567,412,599,829,622,618,633,1
534,0,350,3,175,16,719,15,909,58,30,106,1099,127,1192,255,0,257,93,406,1163,418,246,513,1019,539,431,585,830,597,631,612,1
475,0,691,2,275,19,928,25,99,74,1194,76,0,199,1367,212,16,384,1354,413,124,536,1166,587,278,646,927,680,477,711,698,720,1
846,0,617,3,1111,17,417,23,241,62,84,129,1299,133,0,254,1310,340,22,426,1137,535,124,565,905,650,272,663,679,709,465,714,1
641,0,817,5,468,19,993,38,291,54,122,102,1086,139,0,221,1082,287,6,374,978,419,131,494,829,506,298,558,663,562,482,582,1
667,0,490,12,845,14,309,40,1021,52,133,81,1112,156,2,197,1104,303,0,353,994,432,124,481,840,516,293,552,668,568,481,582,1
680,0,501,7,858,17,318,31,1034,61,140,68,1125,168,6,183,1114,318,0,342,1002,447,122,474,845,529,291,551,670,578,481,587,1
696,0,513,8,881,17,325,33,1066,62,144,71,1161,174,7,189,1149,330,0,351,1031,463,124,487,866,547,296,567,686,596,490,604,1
713,0,525,9,901,18,334,34,1087,64,150,74,1182,179,8,194,1167,339,0,359,1046,476,124,499,877,561,298,581,693,611,495,620,1
720,0,529,10,913,18,335,38,1105,64,149,78,1203,181,7,200,1189,344,0,367,1064,484,125,508,892,571,302,591,704,621,502,630,1
732,0,538,8,927,18,342,34,1122,66,154,74,1221,185,10,195,1206,350,0,363,1078,490,125,505,902,577,303,591,710,626,505,633,1
739,0,544,7,936,20,346,34,1133,69,157,71,1235,189,11,192,1220,355,0,361,1091,497,125,506,913,583,304,594,718,632,509,638,1
764,0,562,12,970,18,357,41,1176,65,161,84,1286,188,11,211,1275,363,0,386,1144,512,132,536,957,607,320,625,754,661,535,669,1
787,0,999,14,577,16,366,51,1212,58,161,102,1327,184,6,239,1321,365,0,425,1191,525,142,579,1003,628,342,667,795,691,568,706,1
796,0,1012,13,582,20,1230,55,364,60,157,112,1347,182,2,254,1342,366,0,444,1211,530,147,599,1022,637,352,686,812,704,582,723,1
814,0,1031,15,598,15,377,51,1249,61,165,102,1367,189,5,244,1361,373,0,437,1230,535,151,597,1040,641,360,686,827,707,594,725,1
837,0,618,11,1057,22,393,44,1275,72,177,91,1391,204,10,231,1381,390,0,427,1245,552,148,593,1050,657,358,689,833,720,595,733,1
872,0,647,6,1094,27,417,34,192,78,1315,83,1428,221,16,219,1413,412,0,422,1272,575,150,596,1074,679,365,699,851,739,608,749,1
895,0,665,6,1123,28,429,35,198,80,1348,86,17,222,1461,227,1446,421,0,429,1300,587,153,605,1095,691,372,710,869,752,621,761,1
911,0,677,5,1144,29,438,32,204,75,1373,91,18,220,1489,234,1472,432,0,430,1322,599,153,611,1111,704,374,719,879,765,626,772,1
920,0,682,6,1157,29,440,34,206,77,1394,91,20,221,1513,239,0,432,1495,440,1339,611,151,614,1122,717,372,725,883,777,625,782,1
931,0,688,9,1177,27,441,41,204,88,1422,87,1550,238,18,237,1535,449,0,450,1377,627,154,635,1153,739,380,748,906,801,641,807,1
940,0,695,12,1186,25,445,47,1431,82,204,95,1562,231,14,249,1554,441,0,468,1403,622,164,656,1184,739,401,766,938,807,668,819,1
986,0,734,9,1235,27,474,43,1482,89,221,93,1611,241,19,253,1600,454,0,483,1446,640,171,680,1224,760,418,794,974,833,697,849,1
993,0,740,9,1244,28,479,43,1492,89,222,94,1622,241,19,255,1611,455,0,487,1456,641,173,684,1235,762,423,799,982,836,703,852,1
994,0,742,7,1244,31,480,38,226,86,1493,94,1624,248,22,246,1612,462,0,476,1455,647,169,675,1231,767,416,792,977,838,697,849,1
996,0,742,6,1246,30,481,38,225,87,1496,94,21,244,1625,249,1612,464,0,475,1454,649,168,674,1228,768,415,793,974,839,694,850,1
994,0,741,7,1245,31,480,37,225,86,1494,95,21,244,1624,251,1611,466,0,476,1453,652,169,676,1228,771,414,795,973,842,694,853,1
994,0,742,5,1244,32,479,36,225,81,1492,98,21,238,1620,253,1606,467,0,469,1449,651,169,669,1225,767,415,789,973,837,694,847,1
952,0,702,10,1200,27,450,44,1450,89,207,93,1578,243,17,247,1562,456,0,467,1402,638,159,656,1175,753,391,769,927,819,657,826,1
931,0,687,11,1179,25,438,46,1426,84,201,95,1555,236,16,246,1540,447,0,461,1381,627,157,645,1158,740,385,756,911,805,646,813,1
918,0,676,10,1161,26,432,43,1403,84,197,92,1530,233,15,241,1517,440,0,454,1362,618,157,636,1143,729,382,746,901,793,640,800,1
905,0,669,10,1144,26,427,43,1380,84,195,92,1504,230,14,238,1491,433,0,448,1339,606,154,627,1124,717,376,735,887,780,630,788,1
878,0,648,11,1105,22,411,46,1333,78,183,96,1450,217,9,243,1437,413,0,450,1294,581,157,623,1092,690,376,722,868,755,622,768,1
826,0,609,14,1044,19,385,50,1259,67,170,98,1374,196,6,241,1366,380,0,437,1233,542,150,599,1043,648,361,690,830,713,596,730,1
821,0,608,9,1034,22,386,40,1244,74,173,85,1354,203,10,223,1343,385,0,418,1210,543,147,581,1022,644,353,675,813,705,583,717,1
819,0,608,5,1028,26,388,30,176,70,1234,83,13,203,1338,214,1321,393,0,394,1187,544,141,558,1000,639,341,654,792,694,567,702,1
804,0,595,4,1010,27,380,27,171,67,1215,84,12,196,1317,214,0,383,1299,391,1164,539,138,544,978,631,332,640,773,683,553,688,1
786,0,580,3,369,26,990,28,166,65,1192,84,12,190,1292,214,0,373,1273,389,132,531,1136,535,952,623,320,626,750,672,534,675,1
752,0,556,3,355,24,946,25,163,58,1139,80,15,177,1235,202,0,350,1216,368,125,501,1086,507,908,591,304,591,716,637,508,639,1
742,0,549,2,351,22,931,26,161,56,1120,79,15,171,1215,200,0,341,1196,363,123,490,1069,498,895,581,299,580,705,626,501,627,1
726,0,538,3,343,22,913,25,155,56,1098,76,11,174,1191,195,0,344,1176,355,1056,489,126,491,889,572,303,579,704,619,504,623,1
535,0,718,0,343,16,895,27,157,47,1070,80,13,160,1156,194,0,327,1139,346,1021,473,122,473,861,552,296,558,684,597,491,601,1
528,0,705,3,340,15,880,30,158,42,1053,82,16,152,1138,195,0,314,1121,345,117,457,1005,469,286,544,845,545,669,588,478,589,1
613,1,409,0,208,8,813,24,1018,66,56,74,1242,121,1411,211,0,231,1450,360,81,389,1322,504,261,523,1089,589,527,607,820,625,1
187,3,380,0,579,7,772,36,46,66,965,83,1175,141,0,227,1334,234,1373,378,90,387,1261,516,274,523,1052,598,532,609,808,628,1
527,0,401,0,663,9,282,11,167,35,758,64,59,76,0,155,776,167,17,268,705,276,590,353,95,353,466,402,203,407,333,424,1
516,0,393,1,648,7,276,14,163,39,741,60,58,81,0,160,759,161,691,271,16,273,579,350,92,358,457,401,198,409,327,425,1
673,0,495,8,848,17,307,31,1014,65,127,72,1090,174,0,195,1065,320,3,357,949,442,128,482,800,520,290,551,641,568,467,580,1
679,0,499,7,852,18,311,29,1019,65,129,68,1094,174,0,192,1067,318,3,350,953,438,129,477,804,514,293,544,644,561,470,574,1
673,0,497,8,845,16,308,31,1012,61,129,70,1088,167,0,192,1065,310,3,350,952,430,129,474,805,507,293,540,645,555,471,568,1
667,0,839,3,489,20,1007,38,302,57,121,111,1090,142,0,246,1075,288,12,408,970,418,827,508,146,526,671,570,316,582,497,597,1
662,0,832,4,486,21,999,37,299,57,120,111,1082,138,0,244,1072,280,14,404,972,408,833,497,152,521,679,560,323,574,506,588,1
689,0,859,9,510,15,315,47,1024,48,128,97,1103,150,0,233,1088,293,15,401,986,419,846,505,159,522,692,566,335,578,520,594,1
687,0,856,8,510,18,1017,46,317,51,131,102,1095,149,0,240,1077,294,8,405,972,420,832,509,146,528,678,571,320,584,504,599,1
839,0,670,0,495,26,1004,30,305,68,123,128,1087,130,0,269,1077,276,978,408,17,435,841,503,159,550,690,571,333,599,518,606,1
841,0,667,4,1010,29,488,34,296,81,1095,130,116,144,1084,280,0,290,982,417,20,454,843,515,161,567,689,585,333,615,517,621,1
834,0,664,5,1001,26,487,36,296,84,1086,125,115,152,1078,271,0,298,982,407,24,464,847,506,170,575,698,579,345,617,528,619,1
835,0,668,3,997,28,493,31,302,76,1082,125,119,141,1074,268,0,289,984,401,26,457,854,498,177,569,708,571,540,612,355,611,1
845,0,680,2,1005,30,505,28,312,71,1086,127,125,134,1077,270,0,284,984,402,22,455,855,499,709,572,174,570,540,614,354,613,1
849,0,684,0,509,24,1009,31,314,68,1087,128,126,128,1079,271,0,278,985,401,21,448,855,498,172,565,709,570,538,610,352,608,1
851,0,686,0,509,26,1012,30,315,69,1090,128,126,133,1081,273,0,284,985,405,20,456,854,503,171,572,708,577,537,617,351,617,1
853,0,686,0,509,26,1015,32,314,70,1094,131,126,132,1081,275,0,282,987,408,20,456,855,505,170,572,707,578,350,616,535,618,1
855,1,686,0,508,26,1017,32,313,69,1095,131,125,132,1082,277,0,281,984,410,18,451,850,506,165,567,701,578,343,613,528,616,1
850,0,683,2,1013,30,506,28,312,73,1094,129,124,136,1085,274,0,287,988,407,21,457,857,505,172,573,707,577,350,616,536,618,1
851,0,684,2,1011,29,508,30,315,75,1091,126,125,140,1082,269,0,292,990,402,23,465,861,501,715,575,177,579,545,618,358,620,1
852,0,686,3,1012,27,509,32,314,80,1092,125,125,146,1083,270,0,301,990,405,23,476,861,505,716,582,176,589,545,627,358,629,1
852,0,686,5,1014,28,509,34,315,82,1094,125,125,149,1086,269,0,304,995,402,25,477,867,503,722,580,181,589,550,624,364,629,1
864,0,692,15,1031,18,511,56,1119,110,312,117,118,199,1122,255,0,366,1037,396,912,505,40,541,768,593,212,643,597,652,404,669,1
878,0,707,12,1045,23,524,49,321,108,1134,118,124,187,1132,264,0,354,1049,405,923,513,38,534,778,599,212,641,604,656,408,670,1
902,0,730,5,1065,26,546,37,338,89,1149,121,132,164,1146,265,0,332,1060,400,936,505,35,515,790,589,214,626,614,644,415,657,1
909,0,738,2,1072,29,553,32,344,79,1154,127,136,153,1149,270,0,321,1062,406,935,509,34,507,789,592,211,622,612,645,413,657,1
897,2,724,0,542,25,1058,36,336,69,135,134,1136,138,1125,285,0,292,1029,420,24,476,895,520,747,596,187,597,571,639,378,641,1
897,2,727,0,543,23,1058,38,337,66,136,129,1136,141,1122,289,0,289,1024,424,22,472,890,523,741,598,184,595,566,641,372,640,1
874,0,700,4,1041,28,518,35,318,85,1123,129,124,154,1114,278,0,312,1018,416,28,487,885,517,735,595,186,601,561,639,372,642,1
859,0,688,8,1027,26,507,42,310,95,1113,125,121,166,1106,274,0,323,1011,413,28,496,878,517,729,595,184,607,555,641,367,646,1
850,0,670,15,1026,18,486,58,292,119,1118,117,110,195,1114,271,0,351,1016,414,34,517,880,521,728,602,188,620,554,649,368,656,1
842,0,1018,14,661,19,479,64,1115,109,286,128,105,209,1117,259,0,368,1027,404,894,513,42,532,746,598,203,630,574,649,387,661,1
851,0,1035,12,668,23,482,72,1133,108,288,138,106,222,1134,263,0,381,1039,411,902,523,42,545,748,609,201,644,573,662,384,674,1
853,0,1037,12,668,21,481,69,1137,108,287,136,105,218,1139,261,0,377,1045,408,908,519,43,541,754,604,204,640,578,657,389,669,1
870,0,1061,15,677,20,485,66,1161,118,289,129,108,210,1154,277,0,365,1047,427,35,527,899,536,736,617,187,630,556,663,367,667,1
901,0,712,8,1084,24,519,43,316,94,1178,126,121,167,1171,278,0,323,1069,418,35,491,926,520,766,596,197,599,583,639,387,641,1
908,0,710,9,1103,25,513,46,310,98,1199,133,121,168,1183,292,0,317,1066,437,25,484,907,538,174,597,737,612,356,643,549,649,1
944,0,728,2,522,32,1161,37,316,76,130,135,1265,159,0,275,1241,336,5,440,1097,487,135,568,911,585,311,635,716,646,510,664,1
720,0,921,14,522,12,320,37,1119,63,132,83,1212,184,0,213,1185,347,4,376,1051,480,133,508,877,563,306,582,693,612,498,619,1
723,0,922,12,526,15,324,44,1117,58,134,90,1209,176,0,221,1182,337,5,386,1051,470,137,516,880,555,312,587,699,608,505,620,1
724,0,923,12,527,14,325,42,1117,59,134,88,1208,177,0,221,1183,337,5,387,1052,471,138,517,881,555,313,588,700,609,506,620,1
728,0,929,13,528,14,327,40,1125,62,136,86,1214,182,0,218,1183,345,2,382,1047,478,130,514,872,562,302,586,688,612,494,622,1
719,0,923,7,518,18,317,51,1125,50,130,101,1221,170,0,234,1194,336,7,395,1057,474,137,523,881,561,309,593,696,613,501,625,1
715,0,922,3,514,23,1127,42,313,61,127,114,1228,160,0,249,1204,326,9,410,1068,465,140,534,892,557,314,600,705,614,508,630,1
716,0,922,5,515,22,1128,45,315,58,128,112,1229,163,0,246,1209,331,8,410,1075,474,140,538,898,566,316,607,710,622,512,638,1
725,0,929,9,525,19,323,50,1131,54,132,102,1228,174,0,236,1205,341,5,402,1072,481,138,534,897,570,315,606,710,626,512,639,1
744,0,952,15,540,13,336,40,1160,65,143,86,1259,190,2,217,1235,364,0,386,1095,505,130,527,911,592,309,608,716,643,510,650,1
739,0,952,11,533,17,330,50,1166,57,138,99,1274,183,0,233,1254,359,2,403,1114,506,135,541,927,598,315,621,728,652,519,661,1
752,0,543,14,969,17,337,42,1185,68,141,89,1292,198,0,222,1271,378,0,397,1128,525,134,541,938,615,317,627,736,666,524,671,1
766,0,554,12,984,17,344,40,1201,69,147,84,1308,201,0,219,1285,381,1,396,1141,528,136,542,950,618,322,629,746,669,531,674,1
760,0,986,17,545,14,339,45,1216,69,146,91,1333,207,3,224,1309,396,0,398,127,546,1154,548,308,637,950,639,736,688,516,688,1
775,0,557,9,1004,22,347,35,152,79,1237,83,6,209,1351,227,0,387,1321,422,126,541,1159,574,305,638,951,660,513,696,734,702,1
764,0,542,13,1007,19,336,42,1256,79,147,87,7,214,1379,233,0,383,1340,436,117,532,1159,591,286,630,934,672,487,693,708,707,1
742,0,519,15,990,17,319,46,1249,80,136,94,4,220,1376,239,0,387,1333,450,112,533,1145,607,275,632,913,687,469,698,686,717,1
694,0,945,7,478,25,289,63,1217,58,121,114,1364,218,1,236,0,394,1329,440,104,535,1136,606,258,632,895,688,447,696,663,718,1
697,0,953,9,480,23,293,61,1230,62,125,112,2,237,1378,230,0,398,1340,462,102,543,1138,631,255,644,441,714,893,711,658,738,1
686,0,944,11,470,22,287,58,1229,69,123,108,5,229,1381,243,0,389,1340,479,98,534,245,638,1130,649,427,713,879,724,642,745,1
663,0,921,7,448,28,271,68,1208,61,112,123,1365,240,0,249,4,410,1326,487,104,553,250,655,1119,659,428,728,869,738,636,759,1
658,0,915,2,444,30,1198,51,267,73,110,130,1355,228,0,258,5,419,1316,474,108,560,1112,648,254,659,431,728,866,729,638,754,1
668,0,921,13,459,19,285,53,1200,76,127,102,8,223,1349,256,0,385,1303,500,92,533,233,641,1094,668,406,720,846,739,614,756,1
656,0,913,10,446,23,273,60,1200,70,117,112,1,236,1359,258,0,398,1317,512,93,547,236,655,1104,687,409,737,851,759,617,775,1
649,0,911,5,438,28,266,68,1207,61,114,122,1,247,1371,251,0,406,1325,512,91,552,228,660,1102,691,399,741,843,764,606,778,1
672,0,931,13,458,21,283,55,1219,76,124,107,6,229,1373,266,0,393,1324,518,94,543,236,654,1108,689,411,735,854,760,620,773,1
672,0,928,11,457,23,281,59,1211,71,119,113,1,242,1368,256,0,409,1330,508,101,561,250,669,1125,683,429,749,876,761,642,781,1
673,0,929,8,462,24,284,63,1212,65,124,116,4,245,1369,248,0,412,1330,499,99,563,245,672,1125,678,425,750,873,759,639,781,1
668,0,927,7,457,26,282,66,1216,64,123,121,4,249,1376,250,0,415,1336,511,92,567,236,677,1122,693,413,758,864,773,626,792,1
1065,0,777,19,540,73,362,148,1267,158,227,227,101,313,0,454,1277,474,0,621,1075,745,78,766,202,867,812,886,363,933,568,945,1
1044,0,760,13,527,62,356,133,1239,165,225,204,105,287,6,421,1234,483,0,582,67,724,1022,745,181,826,758,872,328,897,522,918,1
993,0,719,12,496,58,332,125,1184,169,211,191,99,271,6,398,1176,486,0,553,61,691,966,741,164,792,708,857,300,866,481,893,1
921,0,673,3,467,43,315,103,202,164,1092,161,96,238,6,360,1084,457,0,509,57,643,896,694,154,741,660,804,282,812,451,838,1
904,0,657,6,454,47,306,108,196,169,1074,162,93,244,6,367,1066,462,0,515,56,648,878,702,152,746,647,811,276,817,440,844,1
897,0,653,6,451,48,301,109,1063,163,89,247,5,370,1054,464,0,518,57,651,869,703,153,748,642,811,276,818,440,844,-1,-1,1
890,0,644,7,445,50,297,111,190,172,1057,163,88,248,6,370,1045,463,0,516,56,646,856,701,149,743,269,813,628,807,429,839,1
877,0,634,7,436,51,292,113,1045,161,87,251,5,373,1036,464,0,519,56,650,853,703,148,746,267,816,625,810,427,843,-1,-1,1
870,0,627,10,431,56,285,119,1038,161,181,182,85,259,5,380,1030,466,0,526,56,656,847,709,148,753,265,822,621,817,422,849,1
885,0,638,8,438,51,293,113,1054,167,88,249,7,370,1040,475,0,516,52,647,848,716,142,745,259,817,617,820,417,848,-1,-1,1
902,0,651,9,445,53,298,116,190,177,1076,170,92,252,9,373,1058,485,0,519,52,650,855,729,141,750,257,825,619,831,417,857,1
916,0,655,5,449,49,191,173,1092,174,91,248,8,370,1072,495,0,517,52,651,143,751,867,739,259,827,626,839,421,863,-1,-1,1
902,0,651,3,449,42,303,101,197,159,1073,169,95,231,9,349,1055,475,0,493,51,626,138,725,856,712,255,800,618,812,415,835,1
880,0,637,5,441,45,296,105,189,165,1047,163,90,237,7,355,1033,461,0,499,52,629,844,697,143,726,259,797,618,798,418,827,1
868,0,634,3,438,41,295,98,191,156,1029,161,92,228,10,346,1015,455,0,490,53,619,832,685,141,716,258,786,610,787,414,815,1
631,1,864,0,438,38,297,94,193,151,1020,160,95,222,10,338,1003,447,0,479,51,608,821,674,139,703,253,773,600,774,409,801,1
847,0,619,1,430,37,291,93,188,149,1001,155,90,220,7,335,990,438,0,476,50,604,815,664,137,698,253,767,599,764,407,794,1
835,0,614,3,429,40,290,96,187,152,987,152,90,225,7,341,981,432,0,483,52,611,814,659,142,705,602,764,257,772,411,797,1
465,0,337,5,606,15,217,18,104,43,750,53,15,116,823,147,0,220,801,273,62,316,693,371,160,382,555,420,280,425,414,438,1
461,0,333,4,602,15,214,18,102,43,746,54,14,115,820,147,0,219,801,275,62,315,694,372,160,382,555,421,280,426,415,439,1
470,0,342,1,220,12,611,19,107,33,752,61,15,105,823,157,0,210,801,283,61,309,160,378,693,378,280,424,555,425,415,440,1
353,0,482,3,231,7,114,26,622,26,761,73,19,95,829,169,0,200,803,293,59,301,158,373,694,385,278,422,554,429,414,441,1
359,0,489,3,235,7,117,25,629,26,769,71,19,95,837,167,0,202,813,291,61,304,162,377,705,385,286,425,566,429,424,443,1
356,0,487,0,234,9,628,21,116,30,769,65,19,102,840,160,0,209,818,287,62,310,162,381,709,382,287,429,569,430,425,445,1
482,0,351,2,227,15,626,17,109,39,770,58,14,114,843,154,0,223,823,283,64,324,716,383,167,394,575,434,292,439,432,453,1
479,0,346,5,624,14,223,20,106,47,771,54,13,123,848,151,0,232,829,282,66,332,719,384,168,400,577,436,294,444,433,457,1
477,0,344,7,626,14,221,24,104,51,776,52,12,129,854,150,0,239,834,283,67,338,723,387,169,406,580,440,294,449,434,461,1
353,0,482,1,230,7,623,22,112,28,762,66,17,100,832,161,0,207,810,285,63,308,164,379,704,379,566,425,288,425,425,441,1
346,0,474,0,224,9,612,21,110,29,751,64,16,100,820,158,0,205,798,281,61,303,160,373,692,374,281,418,555,419,416,434,1
458,0,330,4,210,17,597,16,97,42,738,54,10,117,812,147,0,222,796,271,66,319,694,368,168,385,561,418,290,427,424,438,1
461,0,334,3,215,15,597,16,101,38,733,54,11,111,804,143,0,215,790,261,67,310,692,354,170,374,562,403,293,414,427,425,1
463,0,337,2,218,14,597,16,104,36,732,55,12,109,801,143,0,213,784,261,65,308,688,354,167,374,558,403,289,414,423,424,1
454,0,331,1,214,12,587,17,103,33,720,56,14,103,787,144,0,204,768,261,62,298,669,352,159,363,540,399,277,404,407,416,1
439,0,317,3,203,15,571,16,96,37,707,53,11,105,777,141,0,204,760,259,61,295,662,349,157,358,533,395,272,399,401,411,1
436,0,317,2,203,12,567,15,97,34,701,52,12,102,770,138,0,199,752,254,59,290,654,343,153,352,526,389,267,393,395,406,1
430,0,311,3,559,13,199,16,93,39,691,49,10,108,761,135,0,205,746,250,61,295,652,341,155,357,526,388,270,396,397,407,1
428,0,314,3,205,13,553,14,99,35,677,49,14,102,741,130,0,198,727,241,58,287,636,329,150,348,514,376,263,386,389,395,1
425,0,311,1,202,12,549,15,98,33,674,50,14,98,739,132,0,193,725,242,56,282,633,330,148,343,511,375,260,383,384,394,1
423,0,309,2,200,13,546,14,97,35,672,48,15,101,738,130,0,196,724,242,57,285,633,331,148,346,511,378,260,386,383,396,1
414,0,299,4,538,12,192,16,90,39,665,44,10,106,733,125,0,200,722,236,59,287,632,325,152,346,511,372,263,383,386,391,1
315,0,430,0,206,8,552,18,100,26,674,56,15,90,735,138,0,186,718,246,57,275,627,330,148,337,506,373,259,377,382,389,1
319,0,435,2,208,6,102,22,561,22,686,63,16,86,748,148,0,182,729,258,57,272,148,337,634,341,260,379,510,381,383,395,1
322,0,439,2,210,8,565,20,104,26,692,60,17,90,755,145,0,186,736,257,56,277,148,341,640,342,260,384,514,384,385,398,1
437,0,318,1,206,10,566,17,100,30,696,56,14,96,762,142,0,195,746,257,59,287,650,345,153,351,524,390,268,393,395,406,1
443,0,322,2,208,13,572,17,99,33,703,55,12,102,770,141,0,202,754,256,61,294,658,345,157,357,532,391,274,398,402,409,1
444,0,318,3,202,15,582,15,92,38,723,54,9,109,796,145,0,210,777,267,63,302,675,358,161,365,543,404,278,407,408,420,1
448,0,323,4,206,16,586,14,95,40,726,52,9,112,799,143,0,213,781,262,65,304,679,355,163,368,546,402,281,408,412,420,1
445,0,586,10,316,9,196,25,731,45,86,53,3,131,808,135,0,234,794,259,68,325,693,356,171,386,561,408,292,423,426,431,1
438,0,583,7,308,10,188,29,733,41,78,58,816,132,0,137,0,239,804,258,72,329,703,357,176,389,569,409,298,426,432,433,1
490,0,345,2,214,12,646,21,92,37,803,73,3,121,874,184,0,232,838,321,72,334,176,404,718,415,298,452,574,458,433,471,1
474,0,333,3,204,15,629,16,83,42,786,63,0,125,863,166,4,236,837,297,83,333,727,390,192,397,589,436,316,440,451,453,1
483,0,342,3,212,14,637,18,90,40,790,66,2,123,861,172,0,234,828,304,74,333,713,397,179,399,574,442,301,444,435,457,1
472,0,331,7,628,14,203,21,84,50,786,58,0,136,860,162,1,245,831,295,76,340,715,391,181,404,575,439,302,445,436,457,1
468,0,327,7,624,14,200,21,82,50,783,56,0,134,861,160,3,240,833,291,79,334,718,387,183,397,578,433,305,438,439,451,1
452,0,605,4,315,13,189,34,763,38,75,66,848,131,0,151,11,255,834,258,93,343,731,357,203,398,597,410,328,431,462,435,1
459,0,608,9,323,10,199,26,759,45,81,59,839,138,0,143,5,250,824,263,85,341,724,359,196,399,592,413,322,434,457,439,1
460,0,609,8,325,9,199,26,760,44,82,57,839,137,0,141,5,248,824,263,84,340,724,359,195,398,592,412,321,433,456,438,1
462,0,326,8,610,11,200,24,761,48,83,53,0,138,839,142,4,244,824,267,83,337,723,362,194,396,591,415,320,432,455,439,1
464,0,329,6,613,12,203,20,85,48,763,52,0,132,840,146,2,240,823,272,81,334,721,366,191,394,589,418,317,433,452,440,1
465,0,329,6,614,12,203,19,84,47,764,53,0,131,840,148,3,239,823,273,82,333,722,367,193,394,590,418,319,433,454,441,1
464,0,329,7,613,11,202,22,84,51,763,50,0,135,840,143,3,243,824,268,83,336,723,363,193,395,591,414,320,432,455,439,1
463,0,328,7,611,12,202,21,84,50,762,51,0,132,839,145,1,240,821,269,80,333,719,364,189,393,586,415,315,430,450,438,1
466,0,329,7,617,13,202,21,84,49,769,53,0,132,848,150,1,241,829,278,78,336,725,374,188,398,589,425,314,438,451,446,1
469,0,331,6,620,13,203,20,84,49,775,53,0,132,854,151,1,240,835,279,79,335,727,376,188,398,591,426,315,438,451,447,1
468,0,330,7,621,11,202,22,84,51,778,51,0,135,859,150,3,244,840,279,80,338,732,376,189,401,594,427,316,441,453,450,1
469,0,331,8,624,12,203,23,84,52,782,51,0,137,864,150,2,246,845,281,81,341,736,379,190,403,597,430,318,443,456,453,1
470,0,330,9,626,11,202,24,785,50,83,55,0,140,868,150,2,249,849,282,81,343,739,381,191,406,598,433,318,446,457,455,1
473,0,332,9,630,11,202,24,790,51,84,54,0,140,873,152,2,249,853,283,81,344,742,383,191,406,600,435,318,447,457,456,1
474,0,333,10,633,11,203,26,796,52,83,58,0,143,879,153,2,253,858,287,81,349,745,387,190,412,602,440,319,452,458,463,1
477,0,637,11,334,10,203,27,802,50,84,58,0,145,887,153,4,254,866,288,83,350,752,389,193,413,607,441,322,453,462,464,1
479,0,643,10,335,10,203,28,810,49,83,60,0,147,897,153,3,257,875,290,83,352,758,391,192,416,610,445,321,457,463,467,1
480,0,644,9,335,11,203,29,813,49,83,61,0,148,901,154,4,257,879,292,83,353,762,394,194,417,613,448,323,459,465,469,1
484,0,337,10,648,11,205,28,818,51,84,59,0,146,905,157,3,257,882,295,82,354,763,398,193,418,614,450,323,460,466,472,1
486,0,651,9,339,10,205,30,823,50,84,61,0,150,911,157,4,261,887,296,84,358,768,400,195,422,618,453,326,464,469,475,1
486,0,651,9,338,11,205,29,823,49,83,63,0,151,912,155,5,263,890,295,86,360,772,399,198,424,622,453,329,465,473,476,1
488,0,655,7,340,12,206,32,828,46,85,66,917,151,0,156,5,267,896,292,87,364,778,397,200,427,627,453,333,467,477,477,1
486,0,652,7,338,12,205,31,825,46,83,65,916,151,0,154,4,266,895,291,87,362,777,396,199,425,626,452,331,465,477,475,1
484,0,649,7,338,12,204,31,821,45,83,65,911,149,0,154,5,265,891,289,87,361,774,394,199,425,625,450,331,465,476,474,1
482,0,646,8,336,12,204,32,817,46,83,65,907,148,0,153,4,264,888,287,86,359,772,391,200,422,624,448,331,462,476,471,1
485,0,648,10,339,10,206,27,816,51,84,60,0,149,904,155,4,262,883,294,85,360,768,397,199,424,622,451,331,465,474,474,1
487,0,341,9,648,11,209,25,814,52,86,57,0,144,900,155,3,256,879,291,85,353,764,393,198,417,619,446,329,458,473,468,1
486,0,342,10,645,11,210,27,808,50,87,58,0,145,892,152,3,258,874,285,83,355,762,387,197,418,618,442,329,458,473,466,1
483,0,340,8,642,11,209,25,804,51,87,55,0,142,889,154,0,255,870,290,80,354,759,392,193,419,615,446,325,460,468,470,1
488,0,344,9,647,11,211,26,809,50,87,59,0,147,894,152,5,260,877,286,88,359,768,388,204,422,626,444,337,462,481,469,1
487,0,646,8,342,12,210,31,809,45,87,64,895,144,0,152,5,264,878,277,89,359,770,379,205,421,628,437,338,458,482,464,1
489,0,646,7,346,11,213,32,807,43,89,65,893,140,0,154,3,268,880,274,86,366,774,379,204,427,633,439,340,464,486,468,1
500,0,353,9,662,13,216,27,826,54,90,59,0,150,912,158,2,268,894,298,86,370,782,403,205,436,636,460,340,478,488,486,1
647,0,484,3,339,24,817,26,205,54,83,96,914,122,0,191,908,262,9,306,802,378,98,401,658,447,220,457,509,485,359,488,1
649,0,486,2,340,23,820,27,207,53,85,95,917,124,0,190,911,267,7,306,804,385,95,403,658,454,217,461,506,492,356,494,1
496,0,662,3,348,16,835,37,213,41,88,79,931,136,0,171,921,279,5,289,91,388,810,394,212,451,659,460,353,489,505,491,1
503,0,671,7,352,14,215,38,846,43,90,75,942,149,0,169,5,289,930,297,90,392,814,412,211,458,661,476,351,500,505,506,1
512,0,682,10,360,12,221,34,858,50,93,68,953,159,0,162,2,283,938,308,87,390,819,422,209,459,663,484,351,503,505,511,1
520,0,697,5,363,16,221,42,883,43,91,81,984,155,0,178,5,301,967,311,94,407,844,431,218,475,682,496,361,518,520,526,1
523,0,704,5,364,18,221,45,896,40,91,85,1001,156,0,185,6,309,986,316,96,416,859,440,221,486,694,507,366,529,528,537,1
532,0,716,4,371,19,909,40,225,48,93,90,1016,154,0,192,6,318,1001,317,97,426,873,443,225,495,705,513,374,538,537,545,1
541,0,729,2,376,20,927,38,228,50,93,94,1036,156,0,198,1020,321,6,328,101,438,889,452,231,508,719,523,382,551,548,558,1
551,0,745,4,383,21,949,41,232,51,96,96,1059,163,0,202,6,333,1039,333,100,444,902,464,232,516,727,536,384,561,552,568,1
559,0,758,4,388,21,969,42,234,51,97,95,1084,168,0,202,4,334,1063,344,98,448,921,478,230,523,738,549,385,570,558,580,1
562,0,764,2,388,21,981,43,235,52,97,98,1099,173,0,204,5,337,1077,353,96,453,929,490,228,530,742,561,383,579,558,591,1
565,0,770,2,389,24,991,41,235,56,97,102,1114,171,0,211,8,345,1095,354,103,461,947,494,236,538,757,568,394,588,572,599,1
576,0,783,4,398,20,241,50,1006,46,100,95,1130,176,0,202,4,338,1110,358,100,455,959,498,236,534,767,569,395,586,576,600,1
584,0,793,2,403,21,1019,42,244,54,100,100,1147,175,0,211,6,351,1132,362,105,471,984,507,245,552,789,583,411,605,596,616,1
838,0,618,1,427,29,1071,38,258,67,106,120,1203,173,0,242,1190,368,10,391,119,517,1039,524,271,597,841,610,446,647,641,652,1
637,0,861,2,439,24,1099,44,265,61,108,112,1233,183,0,235,1217,378,12,388,126,516,1063,533,281,598,861,616,461,649,659,655,1
658,0,885,5,458,21,279,55,1124,51,115,106,1256,192,0,231,10,387,1237,389,126,519,1080,542,284,605,877,626,469,658,670,666,1
672,0,903,10,467,20,283,53,1145,59,117,101,1278,206,0,228,9,388,1258,406,124,527,1099,559,286,616,891,643,475,672,681,682,1
688,0,925,12,479,19,292,49,1172,67,122,99,1307,219,0,226,8,388,1282,425,123,530,1116,580,286,623,902,661,475,684,685,698,1
693,0,938,13,482,17,294,47,1198,72,124,96,0,221,1333,233,1,383,1298,447,110,527,1113,605,267,625,886,682,454,691,664,711,1
697,0,949,11,482,20,291,52,1219,71,122,101,0,228,1361,238,2,392,1323,459,113,537,1133,621,270,636,899,700,458,704,673,727,1
706,0,963,8,485,21,292,56,1239,64,120,109,1388,231,0,237,6,403,1354,456,122,548,1164,620,285,645,927,702,478,714,697,733,1
968,1,705,0,481,30,1254,49,288,72,116,129,1415,215,0,264,12,431,1389,447,132,575,1197,622,300,670,955,713,497,735,719,751,1
989,1,721,0,493,32,1279,48,294,76,118,137,1440,217,0,279,17,451,1416,452,142,598,1226,632,316,693,985,726,520,755,746,768,1
751,0,1024,2,515,30,1315,54,308,75,124,136,1473,225,0,282,18,461,1444,460,152,609,1252,639,333,706,1010,735,540,767,771,777,1
801,0,1093,5,549,31,1405,63,330,75,133,140,1571,245,0,293,17,481,1535,496,156,641,1326,683,345,744,1066,782,565,812,811,826,1
180,0,265,22,30,31,335,49,0,123,450,136,30,221,440,279,89,291,379,330,164,337,311,353,240,357,-1,-1,-1,-1,-1,-1,1
186,0,273,22,32,34,344,48,0,127,464,138,482,208,32,226,453,285,92,297,390,338,169,344,320,361,247,364,-1,-1,-1,-1,1
176,0,264,21,27,35,336,47,398,82,0,129,460,136,35,229,459,284,99,299,399,338,179,347,330,362,256,367,-1,-1,-1,-1,1
168,0,248,18,28,36,314,42,423,123,0,127,33,222,418,260,91,287,363,312,164,330,301,338,236,345,-1,-1,-1,-1,-1,-1,1
164,0,245,18,312,40,26,40,423,118,0,131,34,225,93,290,366,310,166,331,304,337,239,346,-1,-1,-1,-1,-1,-1,-1,-1,1
164,0,246,18,313,39,26,40,370,71,426,118,0,131,35,225,425,258,94,290,370,312,168,332,307,339,241,347,-1,-1,-1,-1,1
161,0,244,16,309,37,24,43,0,134,36,228,97,292,372,307,170,332,310,336,244,345,-1,-1,-1,-1,-1,-1,-1,-1,-1,-1,1
164,0,247,15,313,34,25,45,0,137,35,230,429,247,97,293,375,303,172,331,246,343,-1,-1,-1,-1,-1,-1,-1,-1,-1,-1,1
165,0,248,13,316,33,25,47,0,139,37,231,97,292,378,300,173,330,247,341,-1,-1,-1,-1,-1,-1,-1,-1,-1,-1,-1,-1,1
171,0,256,14,325,32,26,50,442,106,0,143,35,235,438,247,95,296,381,303,315,333,171,334,246,345,-1,-1,-1,-1,-1,-1,1
172,0,257,12,328,30,388,55,27,54,447,103,0,148,466,166,36,240,384,301,96,300,173,337,248,346,-1,-1,-1,-1,-1,-1,1
170,0,256,10,328,25,24,59,451,94,0,155,450,236,38,246,393,296,101,304,179,339,255,346,-1,-1,-1,-1,-1,-1,-1,-1,1
167,0,256,6,330,16,21,69,457,79,479,144,0,166,459,224,41,255,401,287,106,310,335,324,186,341,264,343,-1,-1,-1,-1,1
169,0,259,5,332,17,22,71,460,78,0,167,461,223,42,256,403,286,107,310,335,322,186,339,264,342,-1,-1,-1,-1,-1,-1,1
170,0,261,4,334,14,461,73,21,72,484,136,0,169,461,217,41,256,403,280,106,308,334,318,186,337,264,338,-1,-1,-1,-1,1
165,0,255,2,330,9,460,64,17,77,0,174,43,260,408,273,111,311,341,314,270,337,190,337,-1,-1,-1,-1,-1,-1,-1,-1,1
164,0,255,2,329,10,19,77,482,129,0,173,44,259,407,272,111,310,341,312,270,335,191,336,-1,-1,-1,-1,-1,-1,-1,-1,1
163,0,252,1,327,8,456,62,18,76,0,173,45,258,405,268,339,308,113,308,270,331,192,333,-1,-1,-1,-1,-1,-1,-1,-1,1
164,0,252,1,326,8,455,61,18,78,0,174,44,259,405,267,340,308,112,309,270,331,193,333,-1,-1,-1,-1,-1,-1,-1,-1,1
165,0,254,1,329,9,458,64,19,76,0,173,44,258,407,270,111,308,340,309,271,333,192,333,-1,-1,-1,-1,-1,-1,-1,-1,1
166,0,255,3,328,10,459,65,20,76,0,173,45,259,408,271,113,310,342,312,272,335,194,336,-1,-1,-1,-1,-1,-1,-1,-1,1
165,0,254,2,328,10,457,65,18,76,481,128,0,173,42,259,406,272,110,310,340,312,270,335,191,336,-1,-1,-1,-1,-1,-1,1
166,0,256,2,329,10,458,65,20,76,0,172,45,258,408,270,341,310,112,308,272,333,193,334,-1,-1,-1,-1,-1,-1,-1,-1,1
166,0,255,2,329,10,457,66,20,75,0,171,463,206,43,257,406,271,110,308,338,310,268,333,190,334,-1,-1,-1,-1,-1,-1,1
168,0,256,5,329,15,21,71,456,73,0,168,42,254,402,275,109,307,336,313,266,335,189,334,-1,-1,-1,-1,-1,-1,-1,-1,1
171,0,260,10,332,25,22,63,460,94,0,162,42,258,411,307,108,320,343,343,192,355,272,361,-1,-1,-1,-1,-1,-1,-1,-1,1
185,0,97,0,357,31,26,60,488,108,0,166,511,182,42,267,428,329,113,333,356,365,197,372,281,381,-1,-1,-1,-1,-1,-1,1
187,0,283,13,362,31,26,59,497,109,0,166,502,266,45,269,441,332,118,337,369,369,206,376,293,385,-1,-1,-1,-1,-1,-1,1
181,0,278,10,356,25,426,55,21,67,495,101,524,173,0,177,507,261,49,281,450,331,127,348,380,371,218,386,304,391,-1,-1,1
186,0,362,27,23,65,0,177,504,259,52,281,450,325,129,347,381,366,219,382,305,387,-1,-1,-1,-1,-1,-1,-1,-1,-1,-1,1
195,0,293,13,372,31,439,62,27,65,506,109,0,178,511,268,47,287,451,337,124,355,380,378,215,393,304,399,-1,-1,-1,-1,1
193,0,98,4,295,9,377,25,23,74,518,100,0,192,53,302,472,339,135,370,400,385,231,406,321,409,-1,-1,-1,-1,-1,-1,1
186,0,290,2,373,12,445,35,518,77,17,88,0,208,536,242,59,315,480,320,411,371,144,376,333,401,241,405,-1,-1,-1,-1,1
193,0,297,2,379,12,94,12,451,34,521,75,19,90,548,145,0,210,532,234,477,310,59,313,407,360,143,371,330,391,240,397,1
201,0,305,3,389,14,100,12,528,78,22,93,0,215,534,239,475,314,56,319,403,363,142,377,327,395,236,402,-1,-1,-1,-1,1
203,0,308,2,391,10,101,15,463,31,531,71,22,96,0,218,536,229,477,304,58,320,405,354,141,374,328,388,237,397,-1,-1,1
300,0,195,2,384,6,94,20,455,25,18,105,537,224,0,229,482,303,63,332,412,356,149,384,337,392,246,404,-1,-1,-1,-1,1
304,0,200,1,388,7,98,18,459,26,527,65,21,103,535,225,0,227,478,302,60,329,407,355,147,382,331,391,242,402,-1,-1,1
303,0,198,1,387,5,96,18,459,26,529,64,20,103,535,224,0,226,478,302,60,327,407,354,145,380,330,389,241,400,-1,-1,1
305,0,199,0,390,7,98,17,461,27,531,67,21,102,557,138,537,229,0,225,478,306,60,327,407,358,143,381,328,392,239,403,1
301,0,194,2,386,5,94,20,458,25,529,63,18,106,556,134,538,227,0,230,481,306,60,332,410,359,146,385,333,395,243,406,1
301,0,194,3,386,5,459,25,92,22,530,64,17,108,558,135,539,228,0,233,481,307,60,336,410,361,146,388,333,397,244,409,1
301,0,195,3,389,5,462,25,92,22,534,64,18,110,561,137,542,230,0,235,483,310,60,337,411,364,146,391,334,400,243,412,1
300,0,386,4,192,5,461,23,88,26,533,62,15,114,561,134,543,227,0,241,486,308,63,342,415,363,152,394,339,400,249,413,1
302,0,388,4,193,4,464,24,90,25,537,63,16,114,547,230,0,242,491,311,66,344,419,366,153,397,341,403,251,416,-1,-1,1
301,0,388,4,192,4,463,24,88,25,537,63,14,114,550,231,0,241,492,312,64,343,420,367,153,397,343,404,250,416,-1,-1,1
297,0,386,4,189,4,462,20,536,62,13,113,0,240,494,309,66,342,423,365,156,395,346,401,254,414,-1,-1,-1,-1,-1,-1,1
300,0,192,2,387,6,90,20,462,26,534,66,15,108,564,140,547,234,0,236,490,315,64,340,420,369,152,395,343,405,252,416,1
303,0,194,3,390,5,89,22,539,66,16,109,552,235,0,237,493,316,65,341,421,370,153,396,344,406,253,417,-1,-1,-1,-1,1
305,0,197,2,395,7,93,20,469,25,544,68,17,106,555,237,0,232,496,317,64,337,422,371,152,393,343,406,251,416,-1,-1,1
303,0,192,2,390,6,464,27,538,66,15,106,568,140,552,235,0,233,494,315,62,337,422,370,151,393,344,405,251,416,-1,-1,1
303,0,195,1,389,7,93,18,536,68,17,104,0,231,548,236,490,316,63,337,419,370,150,392,341,406,248,415,-1,-1,-1,-1,1
197,0,304,1,390,9,535,74,18,99,0,226,545,241,488,320,61,333,416,373,148,390,339,407,247,415,-1,-1,-1,-1,-1,-1,1
197,0,304,4,92,12,390,15,460,40,530,83,16,96,0,226,540,248,485,325,65,335,417,376,154,393,340,409,251,417,-1,-1,1
197,0,305,1,393,11,89,16,465,34,536,75,12,105,564,148,550,239,0,237,497,317,72,345,431,370,167,399,356,406,267,419,1
216,0,106,4,327,11,413,30,20,85,554,108,576,183,0,219,558,273,66,334,498,345,429,393,159,398,350,422,260,427,-1,-1,1
149,0,251,14,353,43,53,58,432,74,496,115,555,173,0,173,29,291,522,335,97,369,445,395,186,421,363,426,277,437,-1,-1,1
151,0,252,14,353,44,53,58,434,75,500,117,0,172,557,177,28,290,525,338,98,371,448,399,186,422,363,429,277,440,-1,-1,1
253,0,354,31,54,42,434,62,499,105,0,156,558,165,28,275,524,327,94,355,446,387,184,408,361,417,276,427,-1,-1,-1,-1,1
151,0,253,16,354,47,54,57,435,79,0,172,558,182,27,292,524,345,96,374,447,406,185,427,363,436,277,446,-1,-1,-1,-1,1
152,0,253,15,355,46,55,58,435,78,499,120,0,171,557,180,27,290,522,342,95,371,444,401,183,423,360,432,275,442,-1,-1,1
151,0,253,13,355,43,54,59,435,74,500,115,558,175,0,174,28,293,523,339,96,373,446,400,184,425,361,431,275,443,-1,-1,1
132,0,235,3,340,22,423,45,42,69,555,134,0,188,534,301,39,303,462,369,113,376,380,407,205,418,297,427,-1,-1,-1,-1,1
217,0,324,8,113,9,408,22,480,48,30,88,547,94,0,211,541,262,50,319,475,336,398,383,130,382,318,412,225,413,-1,-1,1
211,0,321,4,408,13,106,14,482,37,553,80,26,97,0,220,552,249,486,326,55,326,409,376,138,385,328,407,235,412,-1,-1,1
297,0,190,4,386,5,457,24,87,25,531,63,13,116,546,231,0,244,488,312,66,347,155,399,343,405,254,418,-1,-1,-1,-1,1
301,0,389,2,193,5,89,29,534,56,13,124,0,254,485,307,65,355,415,364,339,404,153,405,251,420,-1,-1,-1,-1,-1,-1,1
314,0,403,3,203,4,96,27,549,62,18,122,553,234,0,254,490,318,62,358,417,375,148,411,338,414,248,428,-1,-1,-1,-1,1
309,0,398,4,198,4,472,23,93,26,545,63,16,119,0,249,491,314,63,351,419,370,152,403,339,407,250,421,-1,-1,-1,-1,1
303,0,392,2,194,6,466,18,87,32,537,55,13,127,548,222,0,258,492,305,68,358,422,363,345,404,158,406,256,421,-1,-1,1
310,0,400,3,201,6,95,29,545,60,17,124,551,226,0,255,492,308,66,356,421,365,344,404,155,405,254,421,-1,-1,-1,-1,1
310,0,397,1,200,6,93,31,543,56,570,129,16,126,552,224,0,257,493,306,66,358,421,364,344,404,155,406,254,421,-1,-1,1
310,0,397,2,200,5,93,30,544,57,570,129,16,125,551,224,0,256,493,306,65,357,422,364,344,404,155,406,253,421,-1,-1,1
312,0,400,2,201,6,475,16,95,30,548,56,16,126,554,224,0,257,495,306,65,358,423,364,344,405,154,407,254,422,-1,-1,1
311,0,399,2,200,6,474,15,93,32,547,55,574,127,16,127,554,222,0,257,496,304,66,358,423,362,346,403,155,406,254,421,1
312,0,402,2,201,6,472,21,95,31,548,55,575,128,16,126,555,223,0,257,496,306,64,358,423,365,345,406,154,407,253,422,1
315,0,407,2,203,7,482,15,96,33,557,56,17,130,562,227,0,261,501,311,64,362,425,369,346,411,154,411,254,427,-1,-1,1
405,0,315,0,202,7,483,17,95,33,556,55,16,129,564,226,0,261,502,311,64,362,427,370,347,411,154,411,255,427,-1,-1,1
391,0,303,2,465,14,192,11,86,41,539,49,12,140,552,218,0,272,495,303,425,365,67,372,349,409,159,418,259,430,-1,-1,1
389,0,300,1,463,13,190,12,86,41,537,48,11,141,553,216,0,274,497,302,427,364,70,373,351,408,161,418,260,429,-1,-1,1
387,0,299,3,462,13,188,15,537,46,82,45,10,145,552,215,0,277,499,302,428,364,70,376,353,410,160,422,262,431,-1,-1,1
388,0,300,2,462,12,190,13,85,43,537,47,11,143,551,215,0,275,497,301,427,364,69,375,351,408,161,420,260,430,-1,-1,1
388,0,300,3,465,13,190,15,539,47,85,46,12,147,555,216,0,279,500,303,429,366,69,378,353,412,162,424,262,434,-1,-1,1
388,0,299,3,465,14,188,15,539,47,84,45,11,145,555,217,0,278,500,304,431,366,71,377,353,412,161,422,262,433,-1,-1,1
381,0,291,6,456,9,182,21,531,42,78,55,8,157,554,211,0,289,501,300,434,365,75,387,359,413,166,430,268,437,-1,-1,1
386,0,297,3,460,13,186,15,535,46,9,148,553,215,0,280,499,302,69,379,354,412,161,424,262,434,-1,-1,-1,-1,-1,-1,1
388,0,299,2,462,12,188,14,536,46,84,44,12,144,553,215,0,277,499,302,430,365,69,376,354,411,161,421,263,432,-1,-1,1
386,0,296,4,460,13,186,18,536,45,82,49,10,150,556,214,0,283,502,303,433,366,72,381,357,413,164,426,266,435,-1,-1,1
383,0,295,4,184,17,535,44,80,50,9,151,555,213,0,284,502,302,432,366,70,382,356,413,163,427,265,436,-1,-1,-1,-1,1
385,0,297,4,461,12,186,16,536,45,80,48,9,149,556,214,0,282,502,302,433,366,71,381,356,412,163,425,264,435,-1,-1,1
383,0,293,5,458,10,182,20,535,42,77,54,7,155,559,213,0,288,505,302,437,368,72,387,360,415,165,431,268,439,-1,-1,1
378,0,289,6,454,11,179,22,530,42,75,56,7,158,0,290,501,300,434,365,73,387,359,414,166,431,268,438,-1,-1,-1,-1,1
381,0,294,5,456,12,183,18,530,44,79,50,8,151,0,283,499,299,431,362,72,381,357,410,165,425,265,433,-1,-1,-1,-1,1
395,0,307,1,196,9,470,13,90,37,543,51,571,123,15,135,556,220,0,269,500,306,429,367,69,370,352,411,160,418,261,431,1
394,0,306,0,194,9,469,15,542,51,13,137,556,221,0,271,499,307,429,369,69,374,353,414,159,421,260,433,-1,-1,-1,-1,1
390,0,301,2,466,14,190,13,85,43,540,48,12,143,557,217,0,277,503,305,433,367,70,378,357,413,163,424,265,435,-1,-1,1
391,0,302,3,467,15,192,14,85,44,542,49,11,144,559,219,0,279,505,307,71,381,359,417,164,427,266,438,-1,-1,-1,-1,1
391,0,300,3,467,13,187,17,542,47,80,48,8,151,563,220,0,287,508,310,438,374,73,388,361,420,167,433,270,443,-1,-1,1
389,0,299,3,466,13,186,16,542,46,80,48,7,151,563,218,0,288,510,307,441,372,74,388,365,419,169,434,273,443,-1,-1,1
387,0,297,5,464,13,184,19,542,46,77,52,576,118,5,156,565,218,0,293,513,308,445,375,75,394,368,423,172,439,276,448,1
389,0,298,5,467,11,184,21,545,44,77,55,5,160,571,217,0,299,518,309,449,376,77,399,372,425,174,443,279,451,-1,-1,1
389,0,471,8,295,10,178,30,554,39,69,70,1,179,587,217,534,312,0,319,464,384,83,419,386,436,182,460,291,465,-1,-1,1
393,0,476,9,297,9,179,29,559,40,69,69,599,117,0,177,592,219,539,314,0,317,469,385,80,417,388,437,183,460,292,465,1
403,0,304,7,486,10,186,27,571,41,75,65,610,117,2,173,601,223,0,314,545,320,472,390,81,416,391,442,183,461,292,468,1
399,0,485,9,301,9,180,30,571,40,69,69,0,178,608,221,553,318,1,318,482,390,85,419,400,442,189,463,300,470,-1,-1,1
394,0,297,8,480,10,178,28,567,41,68,65,609,116,0,172,604,221,0,312,553,318,482,389,85,414,401,440,191,460,302,467,1
399,0,303,4,483,13,184,20,568,47,73,53,1,157,602,226,0,297,550,320,478,388,83,401,398,437,188,450,298,460,-1,-1,1
398,0,302,3,482,15,183,18,569,50,73,48,612,125,1,148,607,229,0,288,555,322,483,389,85,394,404,437,189,445,302,458,1
309,0,406,3,190,9,491,23,78,33,577,62,4,128,620,140,613,244,0,267,559,335,83,379,485,398,188,436,403,440,302,455,1
302,0,399,4,184,8,486,24,73,29,574,64,0,119,618,244,0,255,565,334,86,367,493,395,192,426,410,435,307,448,-1,-1,1
303,0,400,5,185,9,488,25,74,29,576,65,2,116,622,141,619,243,0,250,569,332,84,361,495,393,193,421,411,431,307,443,1
303,0,402,6,185,8,491,28,74,28,581,68,1,114,629,145,626,249,0,248,574,339,85,362,499,399,192,424,414,437,310,448,1
305,0,404,6,186,7,74,25,494,28,586,69,0,109,635,144,636,245,1,242,587,334,91,354,514,392,203,416,428,429,322,440,1
307,0,188,6,407,7,497,31,590,72,0,104,640,148,0,236,642,250,591,338,89,350,518,396,201,415,430,432,322,441,-1,-1,1
313,0,192,5,412,8,78,21,503,32,597,74,1,103,646,151,0,236,647,253,595,342,91,351,520,400,202,417,433,435,325,443,1
316,0,193,6,416,8,78,22,508,32,602,73,1,103,653,150,0,237,655,251,603,340,90,351,527,398,206,416,439,433,328,442,1
331,0,441,6,205,7,84,25,540,30,642,73,3,108,696,153,0,242,694,260,636,351,92,357,553,410,210,424,456,445,338,452,1
335,0,445,7,207,7,85,23,548,32,651,74,3,106,704,154,0,240,702,260,642,352,92,355,557,410,210,422,458,445,340,451,1
344,0,215,5,454,8,91,20,555,34,657,77,5,101,710,157,0,234,706,263,646,353,91,351,559,411,210,419,459,444,340,449,1
346,0,215,5,457,8,90,21,560,33,663,77,2,104,718,158,0,239,717,264,657,355,94,357,570,414,217,425,468,449,349,455,1
350,0,219,5,464,7,92,20,567,32,671,75,2,103,726,155,0,238,725,261,666,352,97,356,579,411,221,424,478,446,355,453,1
367,0,230,6,483,9,97,21,590,34,697,78,2,108,752,160,0,247,750,267,689,360,101,368,601,420,231,436,495,457,369,465,1
380,0,240,7,502,7,103,24,613,33,723,78,5,112,780,163,0,255,775,275,708,371,99,379,612,434,230,449,503,471,373,479,1
392,0,518,7,246,8,106,27,636,34,753,80,7,116,812,168,0,258,806,284,733,383,100,383,631,445,233,455,514,482,379,488,1
399,0,529,7,252,8,110,27,650,34,770,81,8,115,832,169,0,258,824,286,100,382,748,386,643,448,235,455,523,484,383,489,1
402,0,533,6,253,9,111,29,655,32,778,78,7,118,841,167,0,260,835,285,758,385,101,384,651,449,237,457,529,486,387,491,1
407,0,540,5,256,10,663,30,112,31,788,75,8,120,852,165,0,262,844,285,767,386,100,387,657,451,237,460,533,488,389,494,1
410,0,546,5,259,9,115,29,672,31,798,77,9,119,862,168,0,262,855,289,101,387,775,392,664,456,238,462,537,493,391,497,1
418,0,265,7,553,8,120,25,680,35,808,84,11,115,871,177,0,258,861,298,98,386,780,400,666,463,236,463,537,499,390,501,1
421,0,269,6,559,9,122,23,685,38,811,88,13,111,873,181,0,255,863,303,98,384,781,405,234,462,665,467,537,501,389,502,1
419,0,556,7,266,8,119,27,685,35,813,82,12,117,877,175,0,261,869,298,101,388,788,401,674,465,240,465,544,501,395,503,1
422,0,269,4,557,9,123,20,683,39,811,89,13,108,874,183,0,253,864,304,98,383,781,405,236,462,668,467,538,501,391,502,1
276,0,428,1,130,9,562,16,686,50,17,94,810,105,870,199,0,238,857,319,96,371,773,417,231,455,659,475,384,500,531,504,1
280,0,431,4,133,7,563,21,685,57,20,87,808,114,866,209,0,231,852,329,92,366,769,425,226,453,654,481,379,501,526,508,1
279,1,134,0,426,9,551,30,667,67,18,73,782,123,840,212,0,216,834,323,99,353,764,415,239,442,659,469,394,489,538,496,1
281,0,135,4,427,5,551,23,664,59,19,81,777,110,833,198,0,228,831,310,102,367,763,405,244,453,662,463,544,496,401,496,1
399,0,253,7,523,10,109,22,639,38,755,83,4,106,825,167,0,255,836,281,779,384,116,389,686,450,266,468,572,492,428,501,1
402,0,255,4,527,12,109,16,641,42,760,89,3,98,829,174,0,249,841,290,119,386,787,392,695,458,273,469,580,498,436,505,1
404,0,258,3,528,12,111,15,644,41,762,87,5,96,831,171,0,248,843,284,789,386,118,386,695,452,272,467,581,492,435,501,1
399,0,252,6,524,9,106,20,640,38,761,82,2,103,831,167,0,254,846,282,794,385,121,392,702,454,277,472,588,496,443,505,1
398,0,250,8,524,9,105,23,640,37,761,80,0,107,833,164,1,259,849,279,797,382,125,395,707,451,281,474,593,495,447,506,1
399,0,251,7,524,10,105,20,641,38,761,82,0,105,833,165,1,257,848,279,797,382,125,393,708,450,283,473,594,493,449,504,1
402,0,253,6,529,10,105,20,645,40,765,85,1,104,837,170,0,259,851,286,800,389,123,398,708,459,282,479,595,501,449,511,1
405,0,254,7,534,11,106,21,653,40,778,87,0,106,852,174,0,262,866,293,812,399,124,403,719,468,284,486,602,512,453,521,1
414,0,259,5,546,12,108,18,668,44,796,92,1,104,872,183,0,262,888,306,126,409,832,414,736,485,289,496,616,528,464,535,1
426,0,267,6,562,11,110,20,688,43,819,94,0,110,896,189,1,278,913,316,857,429,133,430,759,503,303,519,637,548,480,558,1
451,0,284,6,590,15,119,18,719,49,854,101,0,109,936,196,2,283,958,325,905,440,147,442,808,517,329,537,684,565,520,576,1
469,0,296,2,125,9,612,20,742,60,1,101,878,117,961,216,0,285,984,350,149,459,931,470,834,549,340,563,707,599,537,607,1
135,0,308,1,479,8,621,33,747,78,5,87,878,141,957,242,0,274,976,375,147,455,922,492,824,568,336,566,699,612,532,617,1
148,0,322,11,491,30,628,64,16,77,748,117,872,186,0,266,944,291,958,423,138,460,902,536,323,583,806,607,516,643,682,646,1
144,0,316,10,485,27,620,59,11,82,738,109,860,175,932,277,0,273,947,407,145,464,895,518,332,581,803,591,684,633,524,635,1
149,0,320,13,487,32,620,66,14,80,735,117,854,184,0,271,921,286,933,413,142,462,880,523,325,579,788,593,671,633,513,634,1
154,0,323,17,487,40,619,76,20,77,730,130,847,199,0,265,911,302,920,430,135,458,863,538,312,579,770,605,496,639,652,642,1
151,0,319,17,482,41,612,78,19,75,722,132,838,202,0,264,901,305,908,433,132,457,852,540,307,578,761,606,488,639,644,643,1
150,0,317,17,478,42,607,79,20,74,716,134,829,205,0,261,892,307,899,434,131,454,842,540,303,576,750,606,483,636,637,641,1
149,0,315,17,476,42,603,80,18,76,712,134,821,205,0,264,881,306,888,431,131,456,833,537,303,576,743,603,479,635,630,638,1
152,0,315,21,475,48,22,74,601,89,708,146,819,218,0,260,878,323,880,449,124,454,820,554,290,577,728,617,463,641,615,649,1
155,0,318,24,478,55,25,71,601,98,709,157,817,233,0,259,874,338,123,455,874,465,813,568,285,581,720,629,458,648,606,660,1
165,0,328,32,485,70,30,67,609,117,712,181,816,259,0,254,867,365,117,456,860,490,798,588,278,586,704,646,447,657,593,672,1
173,0,333,34,39,64,489,74,610,124,711,189,0,249,812,270,859,376,108,451,848,501,262,584,781,598,685,653,428,658,573,676,1
172,0,333,37,36,60,488,83,607,137,708,205,0,247,806,290,853,398,108,455,843,523,260,593,775,619,680,672,425,671,567,693,1
331,0,39,18,484,47,600,103,697,174,0,205,793,260,837,369,103,412,822,493,249,552,755,588,411,633,660,639,550,657,-1,-1,1
160,0,317,29,473,65,32,65,596,113,698,178,0,248,804,259,854,369,107,447,846,497,257,580,779,597,684,653,424,656,571,676,1
158,0,318,30,478,66,28,67,603,115,709,180,0,252,820,263,877,374,112,455,872,506,271,592,807,609,710,667,442,670,593,691,1
169,0,333,29,498,64,35,65,625,113,735,178,0,250,848,260,900,372,110,451,890,502,268,588,819,606,717,663,442,666,595,686,1
178,0,347,33,37,64,513,73,644,126,757,195,0,254,871,280,926,396,114,464,917,530,278,607,846,635,742,692,459,691,616,715,1
188,0,362,33,534,73,38,68,670,125,786,194,0,261,904,280,959,397,117,474,950,533,288,617,876,639,768,699,473,699,637,723,1
691,0,501,16,907,15,333,49,1137,59,174,88,37,186,1261,201,0,334,1226,408,67,474,1038,571,194,576,364,646,801,649,572,673,1
688,0,500,14,902,19,332,43,1129,66,173,81,35,176,1251,206,0,323,1216,408,68,463,197,566,1031,568,367,637,799,643,573,665,1
691,0,504,9,903,23,337,35,177,70,1125,74,37,164,1239,218,0,312,1199,421,64,454,192,559,1014,575,359,632,785,645,563,663,1
673,0,486,16,888,17,319,48,1116,64,164,87,32,184,1235,208,0,329,1194,413,66,467,191,568,1005,572,356,638,775,645,555,665,1
652,0,470,12,865,16,310,40,163,75,1097,66,36,166,1220,212,0,304,1176,419,58,438,171,539,980,574,326,614,742,639,519,650,1
638,0,457,11,856,21,301,36,157,71,1094,76,33,161,1220,234,0,299,54,435,1171,450,164,541,966,604,312,622,724,662,502,665,1
631,0,449,11,850,20,294,37,150,72,1088,76,30,164,1215,232,0,302,58,436,1168,449,168,540,967,601,318,620,727,659,507,663,1
608,0,832,13,425,15,269,43,1085,68,129,82,17,184,1229,232,0,327,68,464,1197,462,188,571,1001,624,344,652,761,687,539,696,1
612,0,425,15,838,17,269,42,127,83,1091,76,15,189,1231,246,0,336,73,475,1194,476,196,581,998,635,352,663,763,697,543,705,1
600,0,837,13,410,18,253,46,1105,72,114,89,7,197,1255,249,0,342,76,479,1215,484,200,582,1010,643,356,664,770,701,549,706,1
593,0,832,14,403,16,246,43,107,85,1102,76,4,192,1251,254,0,335,80,470,1209,488,203,573,1004,642,356,656,765,697,546,700,1
597,0,403,11,839,20,244,32,104,71,1110,93,3,176,1250,274,0,316,80,448,1194,499,202,549,353,630,985,637,537,677,749,681,1
596,0,399,11,843,22,240,33,101,72,1120,97,0,180,1264,285,1,321,81,456,1207,514,205,557,354,641,993,654,539,691,753,697,1
600,0,404,6,243,24,844,27,102,60,1113,106,0,165,1251,293,1,308,83,443,1193,514,206,546,358,629,985,647,540,679,751,686,1
602,0,405,7,243,26,843,24,101,62,1111,105,0,171,1249,289,2,315,87,451,1195,513,214,554,368,637,992,647,551,686,761,690,1
614,0,413,9,248,29,858,25,101,69,1126,101,0,183,1264,285,5,333,98,471,1212,509,231,574,1014,645,389,653,786,694,577,696,1
623,0,420,7,252,27,867,26,103,67,1132,102,0,183,1270,286,8,336,105,477,1222,507,242,580,1028,646,404,659,803,696,594,700,1
643,0,436,5,263,23,888,31,110,62,1151,111,0,179,1285,295,6,336,104,481,1233,517,246,586,1040,653,411,667,814,704,603,708,1
642,0,436,4,264,21,890,31,110,59,1157,113,0,174,1292,301,4,329,100,474,1235,522,239,580,402,663,1035,659,593,708,806,706,1
639,0,431,6,259,24,890,30,108,61,1165,113,0,176,1303,303,4,331,99,475,1247,529,236,582,400,667,1042,666,592,713,808,713,1
441,0,657,0,266,14,922,39,111,48,1214,137,0,164,1,322,1356,344,93,473,229,588,1287,580,392,683,1063,715,588,741,814,752,1
447,0,665,1,268,13,933,42,113,47,1230,141,0,162,1,319,1376,351,92,470,227,586,1303,591,392,683,1072,723,589,744,817,758,1
664,0,443,3,266,18,936,35,113,54,1242,133,0,169,1,325,1395,345,93,476,228,592,1323,591,395,689,1087,727,595,749,828,763,1
664,0,442,6,265,22,941,33,111,63,1255,128,0,181,2,338,1415,346,96,488,232,605,1344,598,400,703,1104,740,604,764,839,778,1
659,0,437,11,259,33,941,27,105,77,1263,117,0,198,1427,335,8,356,104,505,1361,593,243,619,412,714,1120,739,617,771,855,780,1
657,0,432,14,941,22,255,38,102,84,1266,109,0,206,1431,325,10,364,109,510,1365,583,250,620,419,712,1125,729,623,766,859,773,1
658,0,434,15,943,23,256,39,103,85,1269,109,0,208,1434,323,12,364,110,510,1371,580,251,621,421,711,1130,728,627,765,864,772,1
659,0,436,11,943,25,258,33,105,78,1266,115,0,201,1433,332,12,359,111,508,1371,587,253,620,423,714,1131,734,629,769,866,777,1
658,0,434,13,940,24,256,37,101,82,1261,109,0,206,1428,324,12,366,114,513,1365,580,257,623,428,714,1131,726,633,767,869,772,1
663,0,439,14,940,21,259,37,103,85,1252,103,0,212,1420,306,18,373,127,520,1368,554,278,627,1147,703,454,713,893,756,663,758,1
671,0,447,13,951,22,265,38,106,84,1264,106,0,211,1431,313,14,374,123,524,1376,562,274,634,1152,714,452,722,896,767,661,769,1
679,0,450,15,960,25,266,39,108,88,1276,106,0,218,1444,316,17,382,127,533,1389,569,279,644,1163,723,458,732,905,779,669,780,1
683,0,454,12,968,25,269,37,108,82,1286,112,0,211,1451,326,16,376,123,529,1389,581,276,641,454,731,1159,731,664,780,900,782,1
680,0,450,15,967,23,265,42,107,88,1291,108,0,217,1462,321,17,381,125,532,1401,576,277,643,455,732,1167,731,666,781,904,782,1
677,0,448,17,966,20,265,43,107,91,1292,105,0,218,1463,317,13,379,119,529,1398,575,267,639,445,727,1161,726,656,777,895,778,1
698,0,968,12,478,22,293,57,1271,77,130,107,7,230,1435,270,0,394,1389,531,93,548,238,662,1160,710,420,750,890,782,642,793,1
701,0,968,9,483,26,301,64,1266,67,138,116,13,237,1421,253,0,396,1372,514,87,545,226,656,1140,693,404,739,870,766,620,781,1
693,0,947,10,483,22,304,58,1228,63,142,104,17,217,1384,235,0,371,1340,478,82,515,219,622,1119,653,395,702,854,727,610,741,1
671,0,908,8,471,25,1165,53,300,64,143,112,1308,208,18,223,0,377,1275,435,83,518,1078,609,219,618,394,689,835,690,602,715,1
672,0,894,10,478,20,307,57,1132,55,148,102,1262,200,19,210,0,363,1232,410,84,503,1052,576,221,601,824,658,397,666,602,687,1
677,0,897,11,485,20,312,55,1130,55,151,101,1257,197,20,208,0,361,1229,401,86,501,1055,564,227,598,831,647,405,661,611,678,1
680,0,897,13,489,19,316,53,1125,54,155,96,1250,191,22,201,0,352,1225,389,86,490,1054,549,227,585,833,632,406,647,613,663,1
684,0,898,11,494,18,322,51,1125,53,161,95,1248,187,26,197,0,346,1223,384,83,483,1052,544,223,579,831,627,403,641,610,658,1
694,0,504,11,909,20,331,37,168,74,1136,72,31,173,1258,212,0,323,1229,412,78,466,215,570,1053,567,393,641,827,643,603,666,1
706,0,511,7,924,25,334,30,170,62,1156,82,32,159,1280,229,0,308,1249,431,78,454,216,562,1067,582,395,637,835,653,606,670,1
736,0,538,6,950,25,351,31,177,64,1173,80,31,165,1289,220,0,323,1261,410,89,471,1094,562,241,576,874,639,433,645,650,667,1
740,0,540,8,959,22,351,34,174,71,1186,74,29,173,1307,211,0,331,1282,402,93,478,1115,556,249,582,892,637,444,648,665,667,1
758,0,555,4,363,25,979,27,182,57,1209,84,33,159,1331,228,0,317,1305,421,92,470,1133,575,247,580,905,652,446,653,672,678,1
587,0,795,0,386,20,1019,34,198,49,1251,98,39,151,1371,244,0,318,1343,441,93,478,255,594,1168,597,461,672,935,674,696,700,1
593,0,804,4,390,17,198,42,1027,40,1259,107,38,145,1379,254,0,313,1352,449,96,475,263,594,1179,602,473,674,949,677,709,702,1
610,0,402,9,818,12,206,28,1032,55,1249,128,39,127,1357,271,0,299,1326,458,101,467,273,588,1163,601,485,668,946,673,717,696,1
417,0,621,3,217,7,819,27,1015,79,44,98,1206,157,0,268,1295,292,102,436,1262,459,276,558,1112,585,484,638,916,647,705,667,1
218,0,413,2,610,14,798,43,47,84,982,99,1159,178,0,247,1238,308,97,414,1203,462,264,535,1061,577,465,615,875,632,675,646,1
210,0,400,3,591,19,772,52,44,82,948,110,1118,191,0,243,1191,319,96,410,1155,470,258,531,1019,580,450,611,842,631,651,643,1
581,0,376,2,778,12,175,23,971,49,1154,118,16,139,1233,242,0,312,1198,398,123,465,1062,518,300,561,887,588,498,618,699,624,1
376,0,580,3,177,16,778,21,973,64,18,127,1157,138,1233,268,0,296,1191,424,117,449,1048,538,288,549,868,599,481,610,679,626,1
373,0,575,2,179,14,772,19,968,62,22,117,1155,136,1232,264,0,277,1187,417,110,424,274,522,1038,527,854,582,464,585,662,605,1
376,0,575,6,182,15,771,25,969,70,26,121,1158,149,1236,283,0,285,106,438,1188,443,267,543,1036,558,455,613,848,615,653,636,1
358,2,558,0,757,11,168,23,961,49,1158,122,18,134,1240,257,0,296,1195,420,109,445,1041,539,270,544,852,602,458,608,657,627,1
542,0,744,2,341,13,954,30,154,43,1161,95,12,158,1252,227,0,319,1211,394,113,460,1057,521,277,552,866,590,467,610,668,622,1
544,0,755,2,339,12,975,31,150,44,1195,103,11,160,1291,244,0,321,1243,421,110,465,1075,549,272,560,872,615,462,623,667,642,1
761,0,547,0,339,13,985,31,149,46,1210,102,9,164,1308,244,0,327,1259,422,114,471,1089,553,278,566,884,619,470,629,676,646,1
563,0,782,4,350,10,1008,38,154,41,1232,114,10,160,1325,262,0,329,1270,443,116,478,1097,573,282,576,890,638,475,641,682,663,1
789,0,566,0,351,14,1022,32,154,48,1255,105,9,170,1354,253,0,338,1300,437,117,486,1122,570,285,583,908,639,482,647,694,666,1
792,0,565,8,1031,25,345,29,143,72,1270,93,0,203,1380,244,0,378,1336,437,128,528,1163,581,306,623,949,659,512,683,731,696,1
807,0,581,2,359,19,1041,29,152,57,1272,99,2,188,1373,246,0,366,1327,429,132,517,1158,568,314,612,950,644,521,669,737,680,1
804,0,579,4,357,23,1035,27,150,62,1264,95,0,197,1366,239,0,377,1326,424,135,530,1162,566,320,623,958,646,528,678,746,686,1
807,0,582,6,360,27,1037,25,151,68,1264,91,2,201,1363,232,0,380,1321,417,135,529,1157,558,318,621,953,638,526,675,742,679,1
817,0,590,5,365,25,1050,28,153,67,1276,95,0,204,1375,241,0,385,1329,427,136,538,1163,568,322,631,959,649,531,685,748,690,1
834,0,601,3,371,22,1072,29,156,64,1305,101,0,203,1403,251,0,385,1350,440,136,540,1177,581,322,636,967,660,533,691,752,699,1
850,0,610,3,375,21,1098,32,157,63,1338,107,1,200,1437,263,0,383,1377,457,134,540,1193,598,320,638,975,674,531,698,754,710,1
871,0,622,4,380,25,1129,32,158,66,1383,111,0,208,1488,272,0,397,1429,473,141,557,1238,619,332,657,1011,698,550,720,781,733,1
668,0,934,2,408,17,1208,42,169,57,1471,131,0,208,1573,305,3,409,1503,514,153,580,1300,663,356,688,1062,740,584,757,823,773,1
679,0,944,4,419,11,1215,47,175,51,1474,138,0,203,1574,309,4,405,1505,515,158,577,1304,659,364,686,1070,736,594,752,833,769,1
517,0,786,8,258,13,1051,39,1311,108,43,143,1562,217,0,365,1661,397,137,577,1594,612,352,724,1386,763,604,821,1132,836,871,858,1
549,0,284,3,819,15,1077,55,1325,133,56,127,1562,247,0,353,1659,429,135,577,1599,640,356,736,1403,791,617,842,1154,862,892,883,1
1072,0,850,12,1290,28,621,57,378,124,1403,152,147,212,1397,338,0,402,1275,512,38,611,1105,642,914,740,230,747,694,796,457,797,1
1111,0,892,0,660,32,1320,40,410,85,1418,166,164,165,1400,347,0,355,1276,511,30,571,1105,630,225,713,916,721,458,769,695,771,1
1112,2,894,0,662,30,1321,45,411,80,165,156,1417,170,1398,349,0,343,1272,510,30,556,1101,627,224,701,910,715,454,756,691,761,1
1108,0,886,0,653,33,1321,42,403,85,160,164,1417,168,1396,351,0,348,1265,513,31,560,1091,630,221,701,899,718,447,757,680,762,1
1101,0,877,2,1314,39,644,37,395,94,1412,167,156,174,1387,351,0,358,1255,514,31,564,1078,630,218,701,886,717,439,756,669,761,1
1097,0,870,6,1317,38,632,43,385,103,1418,168,152,183,1391,356,0,368,1252,522,31,570,1072,640,214,704,876,724,430,760,658,768,1
1100,0,870,6,1321,37,633,45,385,107,1423,168,151,188,1395,357,0,371,1256,524,32,574,1075,642,216,708,878,728,433,764,661,770,1
1096,0,868,5,1315,36,630,43,383,104,1418,166,149,186,1394,351,0,368,1258,517,35,570,1078,635,220,703,883,720,438,757,667,764,1
892,0,1113,6,659,27,1326,50,410,74,166,147,1430,180,0,327,1414,363,1287,526,27,544,1112,642,221,693,917,726,453,757,693,767,1
911,0,1132,16,678,18,426,57,1344,67,176,122,1450,200,0,300,1437,384,21,524,1312,548,1135,662,216,689,935,744,456,764,705,782,1
756,0,571,3,411,25,975,34,251,51,1209,94,87,128,1321,257,0,267,5,418,1241,491,85,546,224,650,986,663,431,712,693,721,1
833,0,623,9,1072,17,455,44,322,89,190,142,1207,166,59,235,0,373,1146,426,16,508,89,615,900,639,207,697,624,726,387,739,1
810,0,1053,6,599,17,435,60,306,111,1192,151,178,170,53,267,0,406,1136,417,16,538,91,642,894,641,208,720,619,737,385,756,1
1042,0,796,0,586,26,421,74,295,128,1186,141,170,190,48,289,0,428,1133,414,19,557,889,643,92,659,208,734,614,743,384,767,1
1029,0,784,6,575,36,412,87,287,147,1179,139,163,209,43,311,1136,410,0,450,24,581,901,646,100,680,220,752,630,753,398,782,1
1024,0,788,7,576,37,410,96,1180,115,284,164,158,233,39,341,1145,383,0,485,33,614,924,626,119,710,660,748,247,773,427,790,1
1055,0,815,6,606,32,440,83,1202,126,308,143,176,204,48,305,1168,374,0,445,30,575,943,602,114,672,673,717,245,737,434,756,1
1096,0,858,5,646,27,475,75,336,135,1242,127,196,196,58,298,1211,375,0,444,25,582,987,610,112,686,707,732,253,756,453,776,1
1123,0,876,9,655,39,476,94,1277,125,331,162,186,230,49,343,1255,381,0,498,1037,625,40,640,140,741,760,758,293,805,504,815,1
934,0,702,12,1194,12,512,52,352,107,198,163,1351,152,55,267,1316,398,0,418,40,561,1083,619,148,668,795,728,309,741,529,765,1
708,0,937,1,1189,27,519,30,359,76,203,124,1334,170,55,223,0,372,1296,408,38,515,1068,611,145,625,306,703,786,708,524,734,1
687,0,924,11,491,20,329,56,1192,59,175,99,41,199,1346,223,0,348,1308,471,53,495,170,611,1082,658,333,699,804,735,550,745,1
680,0,921,8,482,23,317,62,1193,54,164,108,32,215,1350,222,0,369,1314,476,63,518,186,633,1093,667,353,719,820,748,569,762,1
659,0,909,13,454,20,284,53,1190,73,128,100,9,219,1349,256,0,379,1314,505,86,529,224,641,1101,683,396,726,845,753,607,767,1
672,0,466,14,923,21,294,42,137,84,1200,89,13,201,1351,275,0,362,83,515,1306,523,219,630,1090,691,389,720,835,758,600,764,1
667,0,460,9,290,31,919,28,135,71,1200,106,12,185,1351,303,0,345,81,500,1301,553,212,620,378,717,1081,714,585,769,822,770,1
670,0,464,2,293,18,921,35,139,54,1200,123,18,164,0,322,1341,327,79,476,1276,573,205,596,365,695,1050,721,565,755,796,763,1
651,0,444,5,273,25,908,30,123,62,1197,116,7,174,0,329,1346,320,81,480,1283,567,209,596,369,692,1053,716,567,750,797,759,1
652,0,444,3,276,20,909,34,125,56,1196,123,10,166,0,321,1343,330,80,472,1277,576,205,591,364,689,1047,722,560,750,790,763,1
448,0,653,0,278,15,909,39,128,48,1192,131,11,157,0,311,1336,338,79,462,204,582,1267,583,362,681,1038,724,556,744,784,760,1
447,0,654,1,279,15,909,39,128,48,1192,132,11,156,0,310,1334,341,78,461,203,580,1264,583,359,680,1034,724,554,742,782,758,1
447,1,654,0,277,17,909,37,127,50,1193,129,11,160,0,314,1335,337,79,464,203,583,1265,581,360,681,1036,722,555,743,781,759,1
651,0,443,1,274,17,907,36,123,53,1192,126,10,161,0,316,1335,333,80,466,204,584,1266,577,362,682,1037,718,558,741,784,756,1
651,0,445,1,275,16,908,37,124,50,1192,129,8,160,0,314,1335,334,77,465,205,583,1265,578,362,680,1035,720,555,742,783,755,1
651,0,443,3,275,18,907,36,125,54,1192,127,9,164,0,317,1335,333,79,467,205,584,1268,577,363,682,1038,720,557,743,783,758,1
649,0,443,2,274,20,905,33,124,56,1191,121,9,166,0,320,1337,327,80,469,1271,572,207,586,365,683,1043,715,561,743,789,754,1
650,0,444,2,275,20,906,35,126,53,1192,123,11,162,0,315,1339,330,77,465,203,583,1271,577,361,681,1040,720,556,743,786,757,1
647,0,442,3,274,21,903,32,126,57,1191,119,11,167,0,320,1342,325,77,470,1277,577,202,588,360,687,1046,723,557,749,789,761,1
641,0,435,6,269,26,898,31,122,63,1188,115,10,172,0,325,1343,321,78,475,1283,573,204,592,363,690,1053,721,560,751,793,764,1
636,0,431,9,265,30,893,28,118,69,1184,110,6,181,1341,313,0,335,81,484,1286,566,208,600,368,697,1059,719,569,755,801,765,1
639,0,433,9,268,31,897,27,121,70,1188,107,8,183,1344,315,0,338,81,488,1286,570,208,605,367,702,1056,725,566,761,798,770,1
627,0,420,15,886,20,257,42,112,86,1181,92,2,202,1345,295,0,355,83,503,1292,554,213,616,374,708,1063,715,572,762,804,767,1
625,0,420,15,883,20,256,42,112,86,1178,94,3,201,1341,298,0,356,82,505,1287,559,210,618,371,711,1060,719,569,766,801,770,1
625,0,422,12,882,21,259,38,114,81,1176,99,4,196,1338,306,0,351,81,502,1283,568,208,618,367,713,1055,728,564,771,796,777,1
617,0,415,17,873,17,254,46,112,92,1168,87,2,208,1336,290,0,364,83,513,1290,554,212,627,374,719,1065,721,573,773,806,776,1
627,0,426,9,266,32,880,28,122,71,1167,112,9,186,1321,323,0,344,77,497,1261,589,200,617,354,717,1033,745,548,778,776,790,1
623,0,421,10,263,32,875,27,119,73,1163,110,8,186,1321,321,0,342,77,494,1262,585,199,613,354,711,1033,741,548,772,776,785,1
623,0,421,11,264,34,875,26,122,77,1165,111,10,192,1322,329,0,351,74,507,1262,602,194,629,349,731,1029,764,542,794,772,807,1
614,0,412,13,868,22,258,39,116,82,1161,102,7,197,1323,320,0,355,76,507,1264,591,197,627,349,727,1031,754,542,788,772,799,1
611,0,412,4,261,23,871,37,126,59,1176,139,15,168,0,323,1338,384,61,479,165,610,1253,676,305,725,489,808,990,827,719,845,1
605,0,406,10,257,35,864,30,122,75,1174,126,14,189,0,346,1340,375,63,502,168,631,1256,674,307,743,492,821,995,830,721,855,1
680,0,901,6,436,15,1104,45,198,51,1297,117,16,200,1377,258,0,415,1339,439,1195,586,153,595,1012,679,361,695,813,736,591,745,1
892,0,671,1,425,24,1095,31,187,67,1288,97,8,224,1370,235,1336,415,0,442,1197,565,161,614,1017,664,372,707,822,727,602,745,1
883,0,661,2,418,26,1083,30,181,70,1275,95,1358,230,3,229,1327,409,0,449,1194,560,166,621,1019,660,380,711,827,726,609,747,1
879,0,663,2,419,26,1078,29,182,71,1266,92,1348,225,4,230,1319,402,0,449,1187,550,164,619,1015,651,379,706,825,717,608,739,1
881,0,664,4,1079,27,423,28,187,73,1268,89,1349,221,8,233,1320,396,0,449,1187,545,164,617,1014,645,377,703,823,713,606,735,1
878,0,663,3,420,25,1077,27,182,69,1265,91,1347,223,2,229,1316,396,0,446,1185,544,166,616,1014,643,380,700,825,710,609,733,1
876,0,660,8,1076,23,417,37,1264,81,179,86,1344,211,1,252,1312,383,0,465,1182,530,168,626,1011,631,824,702,383,703,610,729,1
698,0,911,4,450,16,1102,39,200,55,1279,107,6,221,1351,238,1316,407,0,450,1189,549,177,626,1024,646,400,710,841,713,630,739,1
692,0,907,7,447,13,1100,45,200,49,1278,115,8,209,1353,250,1318,421,0,438,1189,564,172,619,1021,660,391,709,836,725,621,745,1
690,0,903,8,444,14,1097,46,196,50,1275,116,5,209,1351,250,1320,421,0,439,1194,565,176,620,1030,661,399,712,845,726,631,747,1
732,0,532,13,929,16,327,42,1123,66,135,88,1212,189,0,219,1183,355,0,390,1049,492,129,526,875,578,303,603,692,629,496,638,1
730,0,931,11,529,20,323,55,1128,57,132,107,1220,180,0,243,1193,351,6,414,1058,493,139,548,885,584,313,621,702,640,507,654,1
728,0,926,9,528,20,1122,54,322,56,131,109,1214,174,0,247,1190,342,9,417,1059,482,144,549,888,573,320,618,708,630,514,647,1
736,0,937,10,534,19,326,55,1134,56,133,107,1223,178,0,245,1191,346,6,415,1055,486,139,546,882,575,313,616,700,630,506,645,1
735,0,937,12,533,17,325,51,1133,59,132,101,1222,182,0,238,1193,348,8,406,1057,486,142,537,883,574,315,609,701,627,508,640,1
733,0,935,10,530,18,322,53,1134,57,131,104,1224,180,0,239,1193,345,8,407,1056,483,141,536,882,571,313,607,698,625,505,638,1
734,0,936,11,530,18,323,52,1133,59,130,104,1221,181,0,241,1188,346,11,409,1052,483,144,536,879,570,317,606,698,623,507,636,1
737,0,939,10,534,18,325,52,1136,58,132,104,1221,181,0,245,1187,347,11,414,1049,483,146,543,878,571,318,610,698,624,508,639,1
732,0,933,7,527,20,1129,53,321,58,129,112,1216,174,0,250,1182,339,13,416,1046,475,147,541,875,563,319,606,696,617,508,634,1
734,0,937,4,528,23,1136,47,320,64,127,122,1223,169,0,265,1189,336,15,432,1051,475,151,555,880,566,323,618,701,623,511,641,1
728,0,931,4,524,25,1129,45,316,66,126,123,1218,165,0,263,1186,330,15,429,1049,468,152,550,879,558,324,612,701,616,513,635,1
925,1,723,0,521,27,1123,40,314,70,124,130,1213,159,0,272,1182,324,17,437,1049,464,880,556,154,557,703,616,327,617,515,638,1
918,0,716,0,515,31,1115,36,310,76,121,138,1206,152,0,283,1180,317,20,449,1051,458,885,553,161,566,711,616,336,623,524,641,1
916,0,716,1,516,29,1111,34,311,75,122,135,1200,148,0,278,1176,312,20,442,1048,451,884,544,161,559,710,606,335,616,524,633,1
911,2,714,0,518,25,1103,39,315,65,126,123,1192,151,0,265,1170,311,18,428,1045,448,882,539,158,548,710,600,333,606,523,625,1
718,0,914,4,520,23,1104,44,317,60,127,116,1191,157,0,258,1165,316,16,424,1040,453,878,543,156,545,706,603,331,604,520,625,1
720,0,915,5,524,21,1105,47,320,56,127,111,1192,159,0,249,1167,316,14,415,1042,450,154,536,880,539,707,598,330,597,520,619,1
726,0,917,7,530,19,325,52,1104,50,132,105,1190,164,0,244,1162,321,13,412,1039,455,153,537,879,543,329,599,706,602,520,623,1
724,0,917,7,528,19,1104,49,324,53,131,107,1189,162,0,244,1162,317,12,411,1038,450,151,533,876,538,328,595,705,597,518,617,1
730,0,922,8,533,19,329,52,1108,50,134,105,1193,162,0,242,1168,319,13,410,1044,450,154,535,884,539,333,596,712,598,524,619,1
721,0,918,5,525,22,1110,44,321,61,130,116,1202,158,0,255,1182,318,14,423,1058,456,895,549,155,548,719,610,335,611,529,633,1
517,0,342,3,695,21,169,27,868,72,982,202,981,326,0,337,145,428,855,444,314,500,682,510,500,530,-1,-1,-1,-1,-1,-1,2
669,0,494,6,845,20,318,33,1013,66,145,80,0,166,1127,191,17,240,1133,312,158,356,1017,432,308,444,852,504,484,512,673,533,2
682,0,505,6,857,20,326,31,1024,68,150,78,0,165,1134,192,17,240,1138,311,161,357,1023,430,314,445,859,501,492,511,682,531,2
677,0,502,4,852,22,324,28,1021,71,148,71,0,155,1131,197,15,230,1134,317,154,348,1017,436,305,439,850,505,481,509,671,532,2
669,0,494,3,845,24,319,25,147,68,1014,74,0,150,1126,202,13,223,1128,324,147,341,294,434,1008,442,467,506,838,510,656,533,2
661,0,486,9,840,20,312,35,1014,66,142,81,0,167,1131,193,14,239,1137,318,149,355,1017,441,297,444,845,513,472,515,662,539,2
666,0,487,12,851,15,311,44,1030,58,141,94,0,184,1156,185,17,257,1164,313,155,371,1043,440,306,459,869,518,486,527,680,548,2
703,0,516,8,893,21,331,36,1078,72,151,84,0,174,1203,208,15,251,1209,341,157,376,1081,472,313,472,897,548,499,548,701,576,2
764,0,559,13,973,18,358,48,1179,68,162,106,0,207,1321,216,18,291,1330,362,174,423,1191,509,347,525,991,597,552,605,775,631,2
772,0,565,13,983,19,362,48,1192,69,164,106,0,207,1336,218,19,292,1346,366,178,425,1206,512,352,528,1003,602,559,610,785,636,2
829,0,607,13,1057,20,388,52,1280,74,176,114,0,223,1434,235,20,314,1444,393,188,457,1292,552,374,568,1074,648,596,656,839,684,2
840,0,614,11,1071,24,392,48,1298,82,178,108,0,216,1454,247,19,310,1463,408,187,457,1307,568,375,572,1084,662,600,664,845,696,2
864,0,634,6,1100,30,407,38,187,94,1330,95,0,199,1483,267,18,294,1487,432,185,448,373,570,1324,591,599,671,1094,681,850,710,2
912,0,668,7,1161,33,428,41,197,100,1404,100,0,212,1567,283,18,312,1572,459,194,476,392,606,1400,627,632,712,1157,723,897,754,2
908,0,665,10,1156,28,426,46,1401,94,194,108,0,221,1565,275,18,321,1572,450,196,482,396,610,1402,621,636,713,1160,719,902,753,2
878,0,643,13,1118,24,412,51,1354,85,188,114,0,225,1515,257,20,322,1524,426,193,475,1362,594,388,596,1130,691,623,693,880,728,2
822,0,603,8,1042,25,387,39,1255,85,176,95,0,200,1397,244,19,291,1401,397,185,435,1252,547,367,547,1042,633,583,635,817,666,2
797,0,585,8,1012,25,376,39,1220,81,171,93,0,195,1359,236,19,282,1363,384,178,420,354,529,1216,530,1010,614,563,615,791,644,2
722,0,530,8,916,21,340,37,1107,73,156,87,0,178,1234,215,16,256,1238,351,160,382,319,481,1103,485,508,560,914,561,714,588,2
695,0,512,6,879,19,329,34,1058,70,150,81,0,171,1178,202,17,247,1183,330,161,369,1060,456,317,462,886,530,500,534,697,559,2
635,0,467,3,805,21,300,24,138,63,972,69,0,141,1086,193,11,210,1091,313,136,323,275,413,973,428,442,486,805,493,626,515,2
494,0,667,2,320,18,840,30,147,55,1008,83,0,131,10,204,1118,212,139,326,1120,335,282,421,999,450,455,500,828,515,644,532,2
679,0,501,1,325,21,858,28,150,60,1033,81,0,139,10,214,1150,214,138,337,1153,341,284,436,1026,463,460,516,847,531,656,550,2
693,1,513,0,331,24,1060,81,0,145,1185,219,9,221,141,350,1194,351,291,453,1067,480,472,539,881,552,680,573,-1,-1,-1,-1,2
704,1,524,0,340,21,885,30,158,59,1061,81,0,138,1184,211,10,216,1194,337,151,340,307,441,1074,460,497,520,896,530,701,552,2
546,0,724,11,359,13,169,43,898,48,1066,105,0,115,6,194,1180,237,149,327,1188,358,309,436,1071,476,499,522,897,542,705,559,2
574,0,381,5,759,16,181,29,936,59,0,98,1104,124,5,182,1218,260,151,325,1226,384,316,443,1106,504,515,539,928,567,729,582,2
399,0,195,8,590,9,759,39,0,68,912,91,1059,162,2,158,1157,294,165,321,1168,411,339,452,1072,522,541,554,921,584,744,599,2
369,0,551,4,177,13,716,28,869,76,0,76,1018,143,5,162,1118,274,158,315,1130,392,323,438,1035,503,515,536,886,565,713,579,2
378,0,182,6,559,13,719,44,0,62,864,98,5,152,1005,170,1098,304,166,318,1112,420,334,451,1026,529,528,556,886,589,722,602,2
191,0,390,5,573,28,0,48,729,71,868,130,4,145,1002,213,174,330,1089,350,1103,466,348,476,1021,573,545,589,891,631,734,642,2
178,0,366,13,533,43,0,38,673,90,2,138,791,156,910,236,168,329,986,369,997,480,331,479,928,582,511,594,818,636,681,646,2
167,0,340,14,494,43,0,40,621,88,4,138,725,149,831,225,167,324,899,348,911,452,321,466,853,549,488,573,759,604,639,617,2
337,0,4,1,486,39,607,93,0,98,708,162,142,294,283,448,876,482,441,569,811,575,711,623,589,626,-1,-1,-1,-1,-1,-1,2
289,0,2,8,419,37,527,85,0,97,614,148,703,225,125,276,247,414,757,441,383,522,699,527,613,570,510,573,-1,-1,-1,-1,2
130,0,262,21,6,24,382,56,475,103,0,108,552,163,630,236,111,275,672,347,217,405,672,436,337,507,618,514,540,553,449,555,2
252,0,5,9,457,76,0,89,531,131,107,250,650,308,211,374,652,395,600,472,328,471,524,511,435,515,-1,-1,-1,-1,-1,-1,2
116,0,236,11,4,30,348,36,439,73,0,100,517,120,593,187,96,239,635,288,190,348,634,370,576,441,497,476,407,477,-1,-1,2
233,0,5,18,347,24,439,64,0,84,521,113,602,181,87,218,644,286,177,325,638,370,282,414,573,438,389,462,-1,-1,-1,-1,2
233,0,6,14,343,26,436,63,0,80,592,179,85,212,633,280,175,314,172,318,627,362,276,404,562,428,380,451,476,455,-1,-1,2
211,0,317,13,411,40,0,37,491,76,0,99,571,132,93,216,623,305,187,308,569,375,294,381,490,411,399,415,-1,-1,-1,-1,2
99,0,210,1,313,16,1,34,400,42,479,78,0,93,552,134,86,206,595,221,594,297,173,295,538,363,272,366,462,396,373,399,2
207,0,97,3,310,12,397,36,0,38,476,72,0,96,552,123,90,204,599,210,597,281,178,288,543,346,279,353,466,379,380,384,2
100,0,210,2,312,17,1,33,397,43,472,81,0,92,544,132,88,202,584,217,584,288,174,288,530,351,273,355,455,382,369,386,2
98,0,204,2,304,17,1,32,387,43,459,80,0,90,529,132,84,199,568,215,566,285,168,283,515,347,263,350,441,378,358,381,2
177,0,264,13,260,18,4,24,336,40,399,76,0,75,463,125,67,174,495,205,135,252,490,273,215,316,-1,-1,-1,-1,-1,-1,2
87,0,177,4,4,26,332,43,392,75,0,75,451,124,64,171,481,201,128,247,474,262,205,309,425,315,358,339,287,341,-1,-1,2
87,0,178,1,263,14,3,29,335,36,395,70,0,78,457,114,67,171,134,245,483,251,436,302,213,306,368,331,296,333,-1,-1,2
94,1,196,0,292,10,287,14,369,35,2,32,439,66,0,85,77,184,535,255,155,260,484,312,243,319,413,342,334,346,-1,-1,2
198,0,296,5,93,8,382,20,459,47,0,46,533,91,3,97,578,167,86,191,578,234,171,262,526,296,268,316,451,331,365,339,2
218,0,106,4,324,9,416,30,1,40,499,63,0,94,576,112,85,195,617,265,173,274,559,326,276,336,474,361,379,366,-1,-1,2
243,0,469,21,564,52,1,51,657,100,0,108,713,186,97,208,712,261,200,288,644,331,316,350,548,370,438,377,-1,-1,-1,-1,2
337,0,444,7,219,8,548,29,101,29,649,67,0,79,6,131,716,150,103,219,722,227,205,287,655,303,323,340,556,346,445,360,2
339,0,449,3,223,11,553,22,655,58,0,88,723,138,729,215,109,223,211,289,665,291,567,337,457,355,-1,-1,-1,-1,-1,-1,2
339,0,447,6,222,7,551,27,103,29,652,65,0,79,6,131,718,148,104,219,722,224,205,287,655,299,323,339,555,343,445,357,2
351,1,233,0,108,13,459,14,562,43,0,56,658,87,2,110,716,175,92,205,715,252,190,280,642,322,304,342,539,360,426,367,2
349,0,231,1,458,12,109,14,561,40,0,60,658,83,3,113,719,169,95,207,718,246,194,280,646,317,310,338,545,355,432,364,2
348,2,230,0,457,12,109,14,560,40,0,59,657,83,2,112,718,170,93,207,717,247,191,280,644,319,306,339,540,357,427,366,2
348,0,230,0,456,12,109,15,559,39,0,61,657,83,3,114,718,170,95,208,718,247,193,282,645,319,308,341,543,358,430,367,2
349,0,231,4,458,7,106,24,561,31,657,68,660,72,0,74,4,127,723,156,101,219,727,234,202,290,658,308,321,344,556,352,2
354,0,463,5,233,8,569,23,567,28,108,31,667,63,0,83,7,137,735,145,740,222,109,228,217,296,676,299,578,346,339,349,2
352,0,462,6,232,8,563,29,107,31,662,64,665,68,0,84,9,141,733,149,743,226,119,232,684,304,230,302,591,351,356,354,2
351,0,231,3,459,11,108,21,560,38,0,69,661,80,6,126,725,165,112,223,734,244,221,299,673,320,345,356,577,364,469,378,2
353,0,233,2,462,12,109,19,562,40,0,66,662,83,6,124,729,170,113,222,737,249,222,299,677,325,347,358,581,369,471,382,2
248,0,370,3,374,7,118,9,482,23,583,56,0,54,681,106,5,115,746,198,114,225,752,279,225,310,690,355,354,378,592,397,2
131,0,274,19,0,24,403,49,508,93,1,102,598,150,689,219,126,262,746,329,250,387,755,417,387,485,701,495,615,533,513,534,2
269,0,0,6,396,31,499,74,1,86,589,131,128,244,736,310,251,369,385,468,693,478,611,516,510,516,-1,-1,-1,-1,-1,-1,2
157,0,321,13,0,22,471,45,600,91,2,107,712,154,825,229,151,280,900,352,301,419,917,453,468,530,856,543,753,587,626,587,2
183,0,373,14,0,31,549,41,698,87,2,124,830,153,965,232,171,306,1056,366,345,454,1078,478,542,575,1005,582,884,632,731,634,2
188,0,389,4,572,26,0,38,732,68,874,131,6,131,183,310,1143,459,368,456,1069,568,576,573,938,624,776,629,-1,-1,-1,-1,2
608,3,409,0,198,14,789,27,957,77,0,72,1130,142,8,165,1262,274,197,326,1299,397,401,461,1218,522,638,567,1066,593,873,611,2
649,0,856,8,433,15,209,47,1056,47,1261,103,0,124,4,214,1420,243,180,365,1461,381,386,493,1352,527,642,597,1155,612,913,639,2
645,0,850,10,430,17,208,48,1052,48,1257,104,0,122,2,209,1418,243,172,357,1458,380,375,486,1347,525,626,590,1144,610,898,634,2
653,0,862,10,435,20,1070,44,1283,99,0,129,1,216,1454,239,171,365,1502,379,377,494,1390,531,637,601,1179,622,922,648,-1,-1,2
698,0,914,15,471,14,233,41,1125,57,5,109,1341,116,0,200,1514,259,175,356,1563,401,391,494,1452,550,666,610,1235,640,966,662,2
727,0,494,5,946,19,247,26,1160,66,8,92,1374,130,0,182,1545,276,178,346,1593,416,399,491,1479,567,682,614,1261,650,988,671,2
723,0,489,11,945,16,243,39,1163,60,7,105,1384,121,0,197,1561,269,178,356,1612,411,399,500,1495,566,683,622,1273,654,994,676,2
663,0,876,7,442,17,1086,44,1299,99,0,128,1,217,1468,241,173,366,1512,381,380,495,1397,531,641,602,1184,621,926,647,-1,-1,2
637,0,842,3,423,24,1048,32,203,65,1257,81,0,145,1424,217,3,233,1469,356,173,375,376,497,1358,506,629,595,1153,599,904,632,2
611,0,811,4,404,22,1010,35,195,58,1209,87,0,137,4,222,1365,225,1399,360,166,363,356,484,1283,505,591,579,1083,590,847,618,2
807,0,607,3,1006,28,402,30,192,72,1207,74,0,158,1365,209,8,245,1405,347,178,385,1299,494,373,500,1104,588,614,591,872,623,2
807,0,608,1,1007,24,401,31,1209,71,191,77,0,165,1366,204,9,252,1403,340,179,390,1293,489,376,503,1099,582,614,590,868,620,2
613,0,815,4,405,23,1016,36,193,61,1217,89,0,145,3,231,1369,232,1398,371,162,375,350,496,1274,519,581,594,1070,606,834,633,2
775,0,997,9,567,24,1228,41,368,70,172,130,1414,183,0,225,7,306,1451,340,146,433,1307,513,318,539,1068,620,543,628,805,659,2
768,0,987,15,563,19,1213,52,365,58,171,115,1394,197,0,205,5,286,1429,354,140,415,1282,523,308,526,527,618,1045,622,785,655,2
761,0,983,9,554,22,1213,42,359,68,167,129,1397,184,0,222,5,301,1428,345,135,426,1275,518,299,533,515,623,1032,621,771,656,2
953,0,724,3,1194,23,520,40,333,95,154,162,1393,164,0,261,6,338,1428,333,125,454,1261,521,279,556,1002,632,483,640,735,671,2
927,0,698,11,1170,15,497,53,318,114,1372,153,146,186,0,286,1409,325,8,361,123,474,1241,517,272,570,981,633,469,649,716,676,2
903,0,1144,12,676,13,480,57,306,119,1350,148,140,192,0,292,1388,321,9,365,120,475,1219,516,263,571,960,633,457,649,698,676,2
1028,0,790,10,575,45,399,104,1244,132,252,176,1282,315,0,356,8,425,94,525,1100,538,207,610,835,665,369,685,584,710,-1,-1,2
988,0,753,15,542,56,374,118,1203,131,237,192,1238,328,0,374,9,442,83,540,1046,560,186,627,779,689,332,703,536,732,-1,-1,2
948,0,714,19,509,64,350,130,1162,130,223,206,1194,335,0,387,69,550,995,577,162,637,727,708,297,716,487,748,-1,-1,-1,-1,2
902,0,677,28,479,78,1119,130,327,146,207,225,96,308,1153,337,0,407,7,473,67,568,957,585,154,653,698,720,282,729,466,760,2
854,0,646,24,458,70,315,136,1050,131,92,295,1070,333,0,389,59,548,884,572,139,632,640,700,255,707,425,738,-1,-1,-1,-1,2
838,0,639,12,459,51,318,110,1011,132,203,180,1022,325,0,352,846,547,132,595,245,670,615,667,409,702,-1,-1,-1,-1,-1,-1,2
786,0,595,30,422,82,963,116,290,151,86,313,987,306,0,411,823,538,64,561,607,670,253,700,412,719,-1,-1,-1,-1,-1,-1,2
697,0,890,59,517,75,360,162,947,228,243,257,154,353,824,490,0,560,626,671,75,687,436,762,278,779,-1,-1,-1,-1,-1,-1,2
710,0,905,42,528,87,371,185,972,195,252,289,160,396,865,462,0,623,670,664,85,746,476,779,178,793,308,815,-1,-1,-1,-1,2
808,0,1015,52,614,79,435,166,1078,208,299,266,190,371,953,471,0,597,13,659,734,666,88,728,190,780,517,776,331,808,-1,-1,2
830,0,1034,58,629,69,451,153,1096,217,311,248,198,351,967,473,0,575,747,664,194,766,527,769,336,798,-1,-1,-1,-1,-1,-1,2
892,0,688,50,1089,74,501,116,350,199,1144,232,223,292,1005,465,0,503,780,635,92,644,202,705,555,726,354,744,-1,-1,-1,-1,2
1007,0,790,25,587,69,1202,92,417,138,267,220,1249,246,123,309,0,420,1105,457,10,488,107,574,870,604,236,643,631,681,410,690,2
969,0,767,21,574,60,1151,95,408,123,261,201,1194,239,0,397,1066,433,12,464,116,548,854,570,248,614,633,645,422,656,-1,-1,2
958,0,756,16,565,55,1135,97,398,115,253,190,1173,239,115,276,0,382,1045,428,15,446,119,528,839,558,251,592,624,627,420,635,2
758,0,943,11,576,11,411,47,263,102,1092,121,0,259,1114,255,12,324,989,410,118,415,246,487,798,507,408,541,600,551,-1,-1,2
747,0,568,5,926,17,408,36,261,84,1064,133,120,146,0,233,1078,266,12,297,112,390,950,412,235,465,765,500,390,523,573,537,2
734,0,557,5,912,18,399,36,255,84,1051,134,118,144,0,230,1064,268,11,293,109,386,936,414,227,461,750,501,380,520,561,537,2
549,0,721,5,393,19,895,36,251,55,118,104,1026,158,0,178,7,240,1032,293,94,337,203,418,896,426,343,490,706,499,518,519,2
525,0,361,4,700,24,205,27,51,66,868,71,981,202,0,312,975,332,114,406,834,456,262,488,641,519,445,529,-1,-1,-1,-1,2
596,0,435,8,772,20,284,35,942,64,137,73,0,145,1060,197,1,211,82,318,1055,330,191,413,909,460,334,494,713,525,515,536,2
654,0,484,11,835,15,339,41,211,92,979,136,95,147,991,279,0,287,75,375,850,431,172,451,303,515,656,515,469,541,-1,-1,2
434,0,601,7,291,14,773,42,163,45,42,88,904,176,0,314,904,318,91,400,755,453,213,477,558,515,373,521,-1,-1,-1,-1,2
447,0,775,13,315,26,196,68,94,117,911,131,0,188,8,241,920,268,75,325,163,397,785,406,280,462,603,476,431,492,-1,-1,2
604,0,450,2,763,23,318,26,203,63,93,110,889,137,0,178,6,231,895,265,73,314,163,387,767,394,278,449,594,462,428,478,2
434,0,584,1,306,21,738,26,193,55,88,98,856,141,0,162,6,214,858,266,70,295,154,366,731,388,264,428,563,447,404,459,2
424,0,569,5,300,16,717,34,191,47,87,87,0,148,826,148,4,198,823,270,65,280,143,351,699,385,248,414,536,439,384,447,2
411,0,553,5,291,16,697,34,185,45,85,84,0,142,803,149,4,191,799,268,62,272,137,341,676,381,238,405,517,433,368,439,2
547,0,406,0,285,21,691,22,180,54,83,96,804,131,0,158,7,207,806,250,69,284,147,350,689,367,251,409,533,425,383,437,2
540,0,400,6,688,20,280,30,177,66,80,112,802,126,0,176,8,224,806,245,71,299,151,363,690,366,255,418,534,427,386,443,2
534,0,395,3,277,24,677,24,173,57,79,99,786,131,0,160,7,207,785,248,67,277,67,284,143,344,668,362,513,417,370,428,2
515,0,385,2,645,21,274,20,174,54,83,94,744,118,0,158,5,208,747,226,68,277,644,334,142,339,243,389,505,393,369,410,2
530,0,391,6,674,19,274,30,172,67,78,112,786,122,0,177,9,224,790,239,73,297,678,355,153,358,255,412,528,416,385,433,2
549,0,403,3,701,24,281,26,175,61,79,107,818,136,0,172,9,221,822,260,75,299,157,366,703,380,263,424,545,439,395,452,2
438,0,605,11,301,14,185,41,780,53,82,80,0,142,8,194,910,199,72,283,900,342,153,363,259,438,747,455,399,487,563,495,2
442,0,303,9,611,18,187,31,83,68,790,69,0,128,9,182,921,222,74,276,158,361,913,368,267,443,760,478,409,498,574,513,2
451,0,308,11,627,15,189,36,814,66,84,75,0,138,10,192,955,222,80,288,165,375,951,372,280,458,794,488,427,513,600,527,2
457,0,312,11,638,14,191,37,831,66,84,77,0,140,11,194,974,226,80,291,169,378,966,380,284,462,803,496,432,518,608,532,2
459,0,311,9,641,18,190,31,84,68,835,76,0,132,13,186,980,243,85,286,176,375,973,394,292,461,811,506,442,520,615,539,2
460,0,313,4,641,22,190,24,82,59,833,86,0,123,13,178,973,253,90,280,180,370,964,401,298,457,806,508,444,518,617,535,2
318,0,469,1,193,15,653,29,84,47,0,108,846,102,14,165,93,269,982,273,186,361,967,421,302,450,450,513,807,516,617,538,2
352,0,216,6,510,11,94,35,696,49,0,97,881,134,16,158,105,274,1001,306,205,372,979,448,330,465,480,529,826,534,645,554,2
348,0,507,6,212,10,694,43,0,104,883,115,18,163,105,275,1010,284,208,369,991,424,337,456,332,461,836,516,483,520,653,538,2
379,0,546,8,232,10,101,40,739,45,0,105,933,122,15,168,113,283,1059,290,223,381,1041,430,357,472,883,524,516,533,693,550,2
379,0,548,7,234,9,101,40,741,43,0,104,937,120,16,166,113,281,1065,288,223,379,1047,429,357,470,887,522,518,531,696,549,2
385,0,237,10,554,9,104,41,747,47,0,105,943,126,16,168,113,285,1071,295,223,383,1052,435,359,475,892,528,522,536,700,555,2
378,0,227,8,549,10,92,37,744,50,939,131,0,165,97,283,1063,301,208,383,1040,441,343,477,878,535,505,539,684,558,-1,-1,2
396,0,245,8,568,10,107,37,764,51,0,100,961,131,13,164,110,283,1087,301,221,383,1065,443,357,479,900,538,522,542,704,562,2
403,0,249,7,576,13,111,33,771,54,0,96,966,137,14,160,111,280,1090,307,222,383,1069,449,359,481,904,542,526,545,708,567,2
406,0,251,6,577,14,112,32,772,57,0,93,967,142,13,158,108,281,1090,316,218,386,1069,459,355,486,903,552,522,553,706,575,2
555,0,386,4,238,23,751,28,105,61,951,92,0,130,11,193,1086,258,102,305,212,400,1071,406,348,489,905,518,515,546,703,556,2
536,0,376,9,719,20,235,34,106,76,907,73,0,146,12,208,1040,227,97,315,1032,374,201,407,334,491,876,496,498,541,681,545,2
504,0,683,8,351,18,219,50,871,50,100,94,0,168,1008,195,12,226,93,324,1005,340,193,407,853,466,322,484,660,522,481,526,2
495,0,670,8,345,17,216,48,855,50,97,93,0,163,992,190,12,220,91,316,992,335,188,399,843,460,315,475,652,515,473,519,2
497,0,672,12,347,13,217,41,855,57,98,83,0,149,988,200,9,207,84,305,986,343,179,390,834,466,304,469,461,516,642,516,2
508,0,355,11,682,15,223,38,863,59,101,78,0,145,9,202,997,203,85,302,994,344,184,388,310,468,844,466,471,515,651,516,2
565,0,397,7,761,22,248,32,113,71,963,76,0,137,7,199,1107,234,88,306,1099,386,192,402,330,492,926,512,508,549,710,559,2
486,0,671,4,311,16,868,38,144,50,1065,104,0,120,6,193,1194,262,115,319,1186,407,245,428,410,524,1025,529,606,580,814,582,2
668,0,483,0,308,19,867,30,141,58,1065,93,0,130,6,202,1197,250,116,327,1191,396,247,433,1031,521,413,527,820,577,611,579,2
653,0,469,2,297,22,854,30,136,61,1057,91,0,131,7,201,1195,250,112,323,1190,397,239,427,401,521,1026,523,598,576,810,578,2
470,0,646,4,301,15,831,36,139,49,1013,95,0,117,5,185,1133,239,114,305,1128,373,242,407,981,490,402,496,786,542,590,545,2
451,0,628,0,286,19,816,28,130,54,1003,86,0,192,1127,231,103,307,1121,366,227,406,971,484,385,493,772,538,573,541,-1,-1,2
627,0,447,6,823,22,281,32,127,72,1023,75,0,144,8,210,1161,224,112,322,1157,367,235,419,999,491,394,504,789,549,585,552,2
597,0,436,2,280,21,764,23,128,57,928,71,0,127,9,191,1036,198,118,298,1035,316,243,386,911,425,395,459,742,481,568,493,2
588,0,428,2,753,22,274,23,126,58,915,71,0,127,8,191,1022,195,116,297,1020,313,238,384,896,422,388,455,729,478,557,490,2
441,0,597,7,286,17,754,35,133,48,901,85,0,112,9,177,995,200,122,285,992,307,249,371,882,406,400,440,729,458,567,471,2
429,0,590,4,275,15,756,32,126,47,919,90,0,112,8,176,1016,221,113,285,1004,339,230,375,872,440,373,451,703,484,705,488,2
432,0,594,4,275,15,764,34,125,45,929,92,0,111,8,176,1030,225,112,287,1018,344,229,377,883,447,373,455,711,493,539,496,2
475,0,654,7,304,13,840,42,139,44,1019,108,0,112,6,182,1131,255,118,305,1117,387,245,407,403,495,968,497,586,545,777,545,2
504,0,323,7,691,13,150,35,886,57,0,100,1076,132,4,174,1191,294,112,306,239,419,1172,433,402,520,1007,546,595,581,799,590,2
525,0,337,9,721,12,156,40,925,56,0,109,1125,131,6,187,1250,296,124,324,263,441,1236,442,436,545,1069,563,640,605,855,611,2
562,0,363,3,766,20,169,28,972,73,0,97,1170,158,2,180,125,331,1285,331,269,457,1265,478,448,569,1093,597,657,635,875,644,2
396,0,605,2,186,21,812,27,1012,84,0,92,1200,169,5,180,145,338,1305,337,302,467,1284,478,492,577,1124,594,705,639,917,642,2
598,0,387,11,807,13,179,46,1015,58,0,127,1212,134,10,215,1327,298,158,367,1314,442,322,488,1156,567,519,588,950,629,735,638,2
593,0,809,11,380,12,173,48,1025,55,0,133,1230,135,9,221,1346,307,157,373,1324,456,318,493,1155,580,510,595,942,639,724,646,2
608,0,390,6,826,16,178,39,1042,66,0,124,1244,153,14,213,1349,325,167,370,1323,469,331,490,1154,588,522,592,944,640,734,645,2
594,0,380,10,812,13,173,47,1029,57,0,132,1232,141,15,215,1338,308,165,364,1309,451,324,479,1138,567,511,576,927,620,718,625,2
596,0,815,9,379,14,1035,50,172,54,1239,128,0,143,17,227,1349,295,171,372,1318,438,332,485,1147,552,519,581,730,619,-1,-1,2
834,0,605,3,376,25,1276,84,163,83,0,193,1380,243,30,279,1347,387,208,413,382,506,1180,513,977,581,575,579,777,605,-1,-1,2
597,0,818,4,377,17,1038,39,167,62,1242,113,0,156,23,239,1345,274,188,377,1315,409,354,480,1150,524,544,561,948,582,747,597,2
600,0,820,7,381,15,1038,44,170,56,1239,121,0,148,20,230,1340,281,183,372,1310,418,348,476,1144,529,537,561,942,587,740,599,2
600,0,820,6,381,14,1038,44,170,56,1239,121,0,148,21,230,1340,281,182,372,1310,417,348,476,1144,529,537,561,942,586,740,599,2
600,0,820,6,381,14,1038,44,170,55,1239,120,0,148,21,230,1340,280,183,372,1310,416,348,476,1145,530,537,561,942,586,740,599,2
600,0,821,7,381,14,1038,44,170,55,1239,120,0,147,21,230,1340,281,182,372,1310,416,348,476,1144,530,537,561,942,585,740,599,2
600,0,821,8,381,15,1038,46,170,56,1238,120,0,148,21,231,1340,281,182,372,1311,417,348,476,1144,531,537,561,942,586,740,600,2
600,0,821,6,381,13,1038,43,170,55,1239,119,0,147,21,228,1340,280,183,370,1311,417,348,475,1144,528,537,560,942,585,740,598,2
600,0,821,7,381,14,1038,43,170,55,1239,121,0,148,20,231,1340,280,182,371,1310,416,348,476,1144,530,537,561,943,587,740,599,2
600,0,821,8,382,13,1038,46,171,56,1238,121,0,148,21,230,1341,281,182,372,1310,417,348,476,1144,529,537,561,942,586,740,599,2
600,0,821,6,381,14,1039,45,170,55,1239,120,0,148,20,231,1340,281,183,371,1310,417,348,476,1144,530,537,561,943,587,740,599,2
600,0,820,6,382,13,1038,44,170,56,1239,120,0,147,20,231,1340,281,182,371,1310,417,348,476,1144,530,537,561,943,587,740,599,2
600,0,820,7,381,14,1038,44,170,55,1239,121,0,148,21,230,1341,281,182,372,1310,417,348,476,1144,529,537,561,942,586,740,600,2
600,0,821,6,382,13,1038,43,170,54,1238,119,0,148,21,229,1340,279,182,371,1310,416,348,475,1144,528,537,560,943,585,740,598,2
600,0,820,5,381,14,1039,44,170,55,1239,121,0,147,20,230,1340,280,182,371,1311,417,348,475,1144,528,537,559,943,586,740,598,2
600,0,820,6,382,13,1039,43,170,54,1239,120,0,147,20,230,1340,279,183,370,1310,417,348,475,1144,528,537,561,942,585,740,598,2
600,0,820,5,381,14,1039,44,170,55,1238,119,0,146,20,229,1340,281,182,371,1310,415,348,475,1144,528,537,560,942,586,740,598,2
600,0,821,5,381,13,1038,44,170,55,1239,120,0,147,20,230,1341,280,182,371,1310,416,348,475,1144,530,537,560,942,586,740,598,2
600,0,821,6,382,13,1038,44,170,54,1239,121,0,146,20,230,1340,280,182,371,1310,416,348,475,1145,529,537,560,942,586,740,599,2
600,0,821,6,381,14,1038,43,171,55,1239,121,0,148,20,230,1341,280,182,370,1310,416,348,475,1144,528,537,560,942,586,740,598,2
601,0,821,6,382,14,1038,42,171,54,1240,119,0,147,21,230,1341,280,183,371,1311,416,348,476,1145,529,537,561,943,586,740,599,2
600,0,820,7,381,14,1038,43,170,55,1239,120,0,146,20,231,1340,280,182,371,1310,417,348,476,1144,529,536,561,942,586,740,599,2
600,0,821,6,381,13,1038,43,170,55,1238,119,0,146,20,229,1340,279,182,369,1310,415,348,475,1144,528,536,560,942,585,740,598,2
601,0,821,7,382,14,1039,45,171,55,1239,121,0,148,22,229,1341,281,183,370,1311,416,349,475,1145,529,537,561,943,586,740,599,2
601,0,821,6,382,13,1039,44,171,54,1240,120,0,148,21,230,1341,281,183,371,1311,416,349,476,1145,530,537,560,942,586,740,599,2
600,0,820,7,381,14,1038,44,170,55,1238,120,0,148,20,230,1340,282,182,371,1310,416,348,476,1144,529,536,560,942,586,740,599,2
601,0,821,6,382,13,1039,44,171,54,1239,119,0,147,21,229,1340,280,182,371,1310,417,348,475,1144,530,537,560,943,586,740,599,2
600,0,820,7,381,14,1038,44,170,55,1238,120,0,147,20,230,1340,281,182,370,1309,417,348,476,1143,530,536,560,942,586,740,599,2
647,0,869,2,414,20,1077,34,179,66,1262,101,0,177,1359,244,18,263,1340,372,210,406,1199,488,404,504,1017,558,613,575,823,591,2
421,0,646,11,197,16,863,43,0,95,1068,105,12,185,1253,202,168,355,1336,370,335,482,1298,502,523,587,1133,603,728,644,931,646,2
559,0,368,4,744,16,175,28,926,61,0,95,1102,129,0,176,1218,275,134,321,1215,403,288,440,1083,520,477,540,891,582,688,589,2
744,0,553,7,939,22,362,37,1135,66,171,83,0,168,1282,201,6,248,1303,341,148,378,1178,485,315,485,978,572,523,572,755,603,2
746,0,556,9,940,18,365,40,1133,61,172,90,0,178,1281,191,7,257,1307,326,155,385,1185,471,324,486,990,560,536,568,769,594,2
747,0,562,3,930,23,370,30,1112,67,175,73,0,158,1247,193,10,239,1274,318,168,368,1164,454,346,469,989,536,559,547,783,571,2
762,0,577,1,943,25,382,26,181,68,1121,71,0,154,1251,196,8,237,1275,320,172,369,1169,454,354,473,996,538,569,551,793,573,2
798,0,604,2,988,27,399,30,1180,72,0,159,1331,199,12,248,195,385,396,496,1094,560,636,576,880,598,-1,-1,-1,-1,-1,-1,2
877,1,668,0,447,25,1080,33,1281,83,0,156,1437,217,8,247,1475,353,197,396,1368,500,413,514,1174,594,670,605,939,632,-1,-1,2
898,0,673,6,1124,26,446,39,1352,73,214,91,0,182,1533,218,3,273,1577,369,180,423,1447,536,391,546,1219,639,657,645,949,678,2
902,0,1149,3,1403,28,666,34,435,94,207,172,1613,168,0,284,1666,332,8,374,183,508,1525,526,400,619,1273,656,673,701,980,716,2
1076,0,1341,9,823,15,595,64,383,137,1568,144,177,223,1626,314,0,338,9,424,1468,526,159,544,349,645,1194,667,598,719,894,732,2
940,0,1192,6,707,21,503,72,1412,136,323,142,148,222,1461,311,0,327,8,403,127,513,1295,518,281,607,1027,649,490,684,748,704,2
1130,0,888,5,662,32,470,87,1346,127,300,160,1394,300,0,350,8,424,1230,514,117,529,262,619,968,648,455,690,702,706,-1,-1,2
1083,0,849,4,631,33,446,88,1291,122,286,160,1335,293,0,345,9,417,1171,501,111,519,245,604,916,632,428,673,661,688,-1,-1,2
853,0,1084,5,636,20,451,68,289,133,1284,140,0,307,1315,316,5,380,97,487,1138,521,221,579,879,641,397,658,625,685,-1,-1,2
853,0,630,55,1083,114,439,127,299,213,188,303,1127,336,87,396,0,503,933,626,665,790,257,822,434,847,-1,-1,-1,-1,-1,-1,2
770,0,566,60,982,107,393,135,264,221,167,311,1019,322,0,506,840,604,129,732,599,762,236,798,391,818,-1,-1,-1,-1,-1,-1,2
743,0,543,71,956,90,373,155,252,248,1004,298,159,343,0,546,843,589,62,690,138,761,610,761,249,821,406,830,-1,-1,-1,-1,2
709,0,930,72,517,89,350,187,991,274,234,289,148,392,68,494,847,579,0,607,70,748,624,773,151,812,424,859,265,863,-1,-1,2
716,0,907,64,535,77,374,165,958,240,254,263,163,363,829,513,0,580,623,701,153,774,430,796,269,814,-1,-1,-1,-1,-1,-1,2
813,0,611,58,1011,86,434,132,293,216,1051,265,87,411,0,521,898,524,74,665,672,692,463,772,290,777,-1,-1,-1,-1,-1,-1,2
840,0,640,43,1031,96,454,104,313,184,197,270,1069,270,89,362,0,468,919,502,87,610,700,651,184,674,494,720,317,722,-1,-1,2
882,2,689,0,508,23,356,70,1042,119,225,130,103,198,1060,272,0,288,10,348,92,436,914,445,195,509,708,546,335,568,511,585,2
690,0,872,10,515,13,365,51,232,103,1021,125,110,163,0,250,1039,265,905,421,713,513,347,530,522,548,-1,-1,-1,-1,-1,-1,2
725,0,546,9,908,16,388,42,247,93,1054,135,0,240,1068,274,10,303,102,395,932,427,217,471,739,517,364,532,545,551,-1,-1,2
515,0,706,9,336,18,897,42,166,56,0,110,1043,170,1060,309,922,457,107,465,715,543,286,544,497,572,-1,-1,-1,-1,-1,-1,2
719,0,533,9,912,20,349,40,1100,61,166,90,0,170,1239,192,2,245,1253,328,125,367,275,468,1119,470,468,551,913,554,692,582,2
732,0,541,8,930,20,353,38,1129,65,167,83,0,165,1277,200,2,241,1295,341,129,366,285,472,1156,484,483,557,943,567,714,594,2
580,0,773,9,384,12,183,42,962,47,1152,106,0,115,1,198,1289,248,146,341,1307,385,317,463,1183,519,530,564,987,593,765,610,2
406,0,199,7,601,11,778,41,1,60,942,96,0,149,1102,171,1213,312,159,318,1229,438,337,457,1127,555,550,571,963,617,769,626,2
403,0,197,7,595,11,767,42,0,61,925,96,2,150,1080,170,1189,307,170,319,1207,430,351,457,1114,545,563,568,963,608,777,619,2
198,0,400,5,584,27,1,44,745,67,886,128,0,139,1026,205,172,323,1122,343,1141,461,351,472,1059,573,557,590,926,633,758,644,2
173,0,352,15,0,30,509,46,640,92,3,124,750,155,862,232,166,311,935,356,952,460,327,456,891,557,500,568,790,609,663,618,2
10,0,203,10,290,46,0,70,467,209,75,219,492,309,146,336,488,386,230,429,442,451,312,477,381,481,-1,-1,-1,-1,-1,-1,2
171,0,10,1,246,29,0,62,306,65,354,111,64,191,124,291,423,331,196,372,381,389,267,413,326,417,-1,-1,-1,-1,-1,-1,2
197,0,94,1,298,8,389,28,1,37,475,58,0,87,556,110,80,184,605,196,163,262,605,268,262,326,542,331,459,359,363,360,2
198,0,301,5,93,6,395,24,0,42,480,55,1,93,565,103,616,189,83,189,617,262,168,266,557,327,271,330,471,358,374,360,2
199,0,304,3,92,9,398,19,485,49,0,47,572,95,0,99,625,181,85,195,626,256,173,271,566,323,275,332,477,357,381,362,2
319,0,418,2,414,7,211,6,97,29,588,64,0,84,3,138,95,227,183,290,479,335,284,338,386,353,-1,-1,-1,-1,-1,-1,2
331,0,219,3,430,6,101,24,600,71,0,79,2,134,642,154,634,228,92,226,181,292,568,298,480,340,284,342,385,356,-1,-1,2
340,0,224,3,441,8,106,23,529,32,612,75,0,79,2,136,654,161,94,231,646,236,183,298,577,307,487,350,285,349,391,366,2
343,0,228,4,446,7,106,25,536,30,621,73,0,82,2,139,664,160,658,235,95,234,188,302,591,307,585,309,497,351,294,353,2
352,0,234,3,453,9,109,23,628,79,0,80,2,138,670,165,96,236,660,241,191,306,591,313,500,357,297,358,403,374,-1,-1,2
352,0,455,5,234,6,109,31,633,69,0,92,3,151,678,155,670,233,102,247,602,308,199,315,513,355,307,364,416,377,-1,-1,2
353,0,454,7,232,12,548,25,108,40,634,66,0,104,680,151,4,163,676,229,105,257,611,307,204,324,522,357,314,370,425,381,2
233,0,349,2,110,10,452,18,0,54,637,97,4,114,696,184,108,220,699,264,214,301,641,338,332,365,552,379,450,390,-1,-1,2
387,0,253,7,510,10,742,87,0,84,11,151,829,186,139,261,846,279,267,348,786,370,414,416,681,424,560,440,-1,-1,-1,-1,2
400,0,523,10,262,8,122,32,640,38,759,83,0,89,11,156,845,182,146,268,867,273,281,354,807,365,706,421,432,420,581,442,2
343,0,0,20,500,28,630,71,5,110,168,288,924,324,937,424,325,425,876,517,495,528,775,566,651,574,-1,-1,-1,-1,-1,-1,2
2,0,386,10,557,53,0,100,696,111,814,185,168,308,1003,409,335,472,1014,520,520,602,944,618,831,666,693,666,-1,-1,-1,-1,2
199,0,4,20,396,28,571,71,0,119,715,130,838,205,959,296,166,327,1035,437,335,493,1043,551,522,627,968,651,701,696,847,698,2
232,0,453,19,11,31,655,54,831,108,0,125,988,185,159,326,337,495,1238,563,551,637,1130,672,771,715,965,722,-1,-1,-1,-1,2
720,0,946,12,518,19,1179,54,331,61,155,116,0,199,1357,212,3,273,1368,382,112,395,250,501,1184,548,437,596,926,631,671,645,2
681,0,901,4,487,26,1131,38,310,72,144,131,1312,187,0,216,6,289,1329,354,108,403,244,503,1150,525,424,590,898,612,650,632,2
866,0,648,3,1097,25,459,36,293,88,135,151,1280,178,0,239,4,310,1293,351,95,421,219,519,1104,531,387,604,847,623,602,645,2
969,1,752,0,552,26,1152,133,247,142,0,309,1171,309,7,375,84,473,996,506,190,557,757,618,338,629,531,655,-1,-1,-1,-1,2
940,0,730,26,536,72,1131,101,375,138,240,219,1168,266,110,304,0,408,8,473,1011,480,88,558,777,620,200,630,350,683,547,685,2
965,0,750,20,550,62,1155,105,387,129,247,207,1189,272,114,293,0,396,7,462,1027,487,88,550,199,624,787,624,352,682,555,687,2
979,0,759,23,555,68,1177,113,387,136,245,216,1215,288,0,412,13,479,1053,506,101,571,218,645,814,646,377,703,584,709,-1,-1,2
753,0,960,6,561,22,1132,129,0,291,1158,288,13,357,105,451,1008,467,222,530,790,573,378,595,575,614,-1,-1,-1,-1,-1,-1,2
744,0,557,6,938,18,395,38,252,87,120,144,1096,150,0,229,8,294,1110,302,91,391,957,463,202,476,348,548,743,553,536,579,2
705,0,896,13,525,14,369,51,234,104,1053,134,106,166,0,251,1072,282,9,313,97,405,931,443,207,481,731,535,354,545,533,567,2
595,0,430,10,773,16,278,40,949,57,131,85,0,156,1075,189,3,220,93,328,1075,326,206,419,932,457,355,499,735,524,538,537,2
512,0,678,5,366,19,846,35,233,55,971,155,0,172,974,285,87,321,190,399,840,414,318,466,659,480,482,496,-1,-1,-1,-1,2
506,0,670,5,361,20,838,33,230,55,105,101,965,154,0,172,7,229,970,285,87,321,189,398,839,413,321,465,659,480,482,496,2
511,0,675,4,366,18,839,33,234,52,108,98,964,152,0,168,7,225,969,280,88,316,190,393,840,407,323,460,662,473,485,490,2
512,0,674,10,367,15,236,45,836,43,110,87,0,154,958,166,4,211,961,294,82,306,182,387,830,419,313,458,650,481,473,493,2
509,0,670,7,365,14,832,41,234,45,109,88,0,154,953,162,4,211,956,288,82,305,182,384,826,412,312,453,648,474,472,487,2
508,0,673,6,362,20,842,36,231,53,106,99,970,158,0,168,6,226,976,289,85,317,185,395,842,417,316,464,658,483,480,497,2
555,0,741,4,394,23,933,35,249,61,113,109,1081,166,0,182,5,242,1090,307,94,338,204,421,938,446,349,494,731,516,531,530,2
619,0,447,11,808,19,286,39,1001,63,132,80,0,149,1144,204,1,214,97,324,1148,345,217,420,994,480,375,505,781,544,571,551,2
639,0,463,9,830,19,298,37,1024,64,138,79,0,150,1165,206,4,218,105,331,1170,348,232,429,1019,482,395,514,807,548,595,558,2
668,0,489,6,857,23,316,30,147,70,1048,70,0,141,2,210,1186,207,113,328,1195,344,250,428,1051,475,425,514,846,543,632,556,2
721,0,527,6,926,23,340,35,1134,72,159,79,0,157,1286,218,4,231,129,357,1300,367,280,464,1150,511,473,557,930,587,699,602,2
733,0,545,1,357,23,923,28,169,61,1114,80,0,136,2,212,1253,217,137,343,1269,354,297,452,1139,487,495,542,938,563,720,582,2
534,0,718,1,349,21,906,30,164,58,1093,81,0,133,4,209,1228,219,138,339,1244,353,296,445,1117,484,491,535,923,558,710,576,2
543,0,723,7,359,15,900,39,171,49,1072,94,0,117,3,194,1191,225,136,323,1200,349,291,431,1078,471,483,518,895,538,693,556,2
468,0,628,2,307,15,790,28,146,47,946,76,0,111,3,177,1055,195,116,290,1062,309,248,384,947,421,411,460,778,481,596,495,2
460,0,616,9,302,8,143,32,773,40,0,90,924,96,0,155,1024,217,104,268,1023,330,229,365,905,433,384,448,738,484,562,490,2
451,0,603,7,297,9,142,34,754,38,899,87,0,90,0,154,995,202,103,264,995,309,226,356,884,409,378,432,723,461,552,469,2
517,0,660,9,385,9,800,38,248,38,905,136,0,144,5,200,916,238,102,287,820,345,215,358,674,410,356,416,516,433,-1,-1,2
536,0,678,9,259,37,817,38,123,74,916,133,0,143,6,200,927,232,109,289,834,337,226,360,691,402,371,415,533,430,-1,-1,2
535,0,679,9,396,12,816,37,259,38,120,80,916,132,0,148,5,205,927,231,108,293,834,336,228,363,691,402,371,418,533,430,2
614,0,784,8,451,17,952,33,293,54,136,103,1079,143,0,183,8,247,1099,261,128,346,990,387,269,425,819,467,440,485,633,501,2
793,0,619,3,969,19,453,31,292,76,1109,123,134,138,0,225,1136,243,11,291,1028,383,140,387,286,459,855,474,466,511,665,518,2
827,0,645,3,1012,19,471,31,303,80,1157,129,139,144,0,236,1184,253,15,305,1074,394,152,402,306,477,896,489,494,530,699,536,2
555,0,741,13,369,13,182,45,184,50,924,51,1061,173,1082,299,0,383,969,435,169,473,788,520,370,541,587,557,-1,-1,-1,-1,2
734,0,545,1,355,24,923,28,166,66,1109,79,0,145,1237,216,9,223,1248,346,153,352,315,455,1120,476,511,537,932,548,725,571,2
598,0,801,5,393,20,1005,43,186,57,1205,103,0,135,5,220,1345,255,154,366,1359,402,327,487,1216,542,539,588,1006,619,777,635,2
612,0,818,10,403,14,191,48,1024,50,1227,115,0,123,2,210,1369,271,151,361,1381,417,325,487,1238,558,543,593,1022,632,787,645,2
649,0,436,3,848,19,210,28,1034,68,0,100,1218,136,2,196,1344,285,179,362,1363,420,374,498,1246,553,605,605,1064,629,848,650,2
219,0,434,21,4,33,623,58,784,111,0,135,922,184,1057,272,175,342,1139,417,356,507,1147,537,561,638,1061,644,925,697,760,701,2
9,0,377,48,529,106,0,106,645,174,739,253,831,343,160,341,883,476,313,520,890,581,477,656,831,674,740,720,623,721,-1,-1,2
10,0,312,78,0,107,436,147,525,219,140,356,663,387,700,513,268,538,706,609,400,674,662,694,597,737,513,737,-1,-1,-1,-1,2
9,0,264,38,374,91,0,93,456,150,520,220,114,298,620,419,218,452,621,510,330,570,575,588,510,628,432,626,-1,-1,-1,-1,2
226,1,3,0,330,37,409,82,0,86,472,139,112,258,574,315,211,385,578,400,539,475,316,479,409,521,-1,-1,-1,-1,-1,-1,2
243,0,353,21,0,45,439,54,507,101,2,135,579,164,618,271,126,297,625,359,233,412,583,445,346,491,446,518,-1,-1,-1,-1,2
397,0,490,7,275,9,562,33,630,83,0,148,662,179,4,242,659,268,137,372,539,435,248,448,460,481,362,489,-1,-1,-1,-1,2
417,0,512,6,289,12,584,30,142,56,650,80,677,179,0,265,613,371,134,397,541,446,246,472,459,497,-1,-1,-1,-1,-1,-1,2
423,0,518,7,294,10,591,30,144,53,657,84,0,261,613,373,133,394,541,447,244,470,460,497,359,508,-1,-1,-1,-1,-1,-1,2
410,0,504,6,284,11,576,30,137,53,642,81,670,180,0,258,662,272,131,389,536,444,242,465,455,493,355,504,-1,-1,-1,-1,2
224,0,332,23,5,26,412,61,479,109,0,103,545,173,94,249,182,359,522,432,281,441,454,471,374,477,-1,-1,-1,-1,-1,-1,2
214,0,315,28,4,21,390,59,0,92,518,169,88,229,546,262,173,331,541,339,492,406,265,409,426,440,352,444,-1,-1,-1,-1,2
109,0,225,5,332,25,3,29,420,56,0,91,571,160,88,212,606,249,175,306,599,323,274,380,539,387,460,416,372,416,-1,-1,2
219,0,103,2,327,12,422,36,0,36,503,74,0,95,582,129,91,207,621,294,182,292,560,358,283,360,477,390,386,393,-1,-1,2
320,0,210,1,423,12,97,15,520,40,0,56,615,84,3,107,676,170,91,199,677,246,184,272,610,316,294,331,513,352,408,359,2
213,0,322,4,100,9,422,20,0,45,515,49,604,96,1,96,658,182,84,190,656,256,174,265,588,322,279,327,495,356,390,357,2
323,0,215,0,102,12,424,13,518,41,0,52,607,83,1,103,664,167,88,195,665,241,179,268,600,310,288,328,505,346,400,354,2
327,0,217,0,427,11,103,14,519,35,0,55,610,79,1,106,666,162,89,197,667,236,183,268,603,304,291,325,509,341,406,350,2
325,0,321,3,213,5,424,10,100,21,0,67,610,74,3,118,669,155,95,207,673,229,192,274,189,276,611,300,301,329,519,340,2
330,2,216,0,429,15,3,61,613,85,0,113,665,167,97,206,667,243,605,309,304,334,516,347,416,356,-1,-1,-1,-1,-1,-1,2
323,0,210,6,419,12,0,74,597,81,5,130,650,167,103,225,651,242,199,296,592,314,307,349,508,355,413,369,-1,-1,-1,-1,2
320,0,209,4,417,10,95,22,0,72,597,79,6,128,652,165,103,223,654,241,199,294,594,314,307,348,510,355,414,368,-1,-1,2
319,0,208,4,417,8,97,28,597,75,0,74,6,129,653,159,103,223,656,235,200,293,597,308,309,345,511,350,416,364,-1,-1,2
303,0,199,4,393,9,91,24,476,29,557,74,0,75,7,133,106,230,201,301,568,307,494,352,308,354,409,370,-1,-1,-1,-1,2
201,0,390,15,0,60,543,91,4,121,588,174,101,224,594,248,193,301,545,320,295,359,474,363,392,377,-1,-1,-1,-1,-1,-1,2
192,0,89,7,287,8,365,26,0,48,432,57,497,102,2,107,95,210,536,248,179,285,492,310,271,340,428,344,358,359,-1,-1,2
222,0,105,9,331,11,428,34,0,44,512,69,2,104,590,125,631,216,94,215,625,291,184,299,560,356,286,363,478,389,387,393,2
242,0,367,5,479,24,0,56,581,59,679,114,0,119,736,214,102,231,732,300,205,317,660,376,558,414,446,420,-1,-1,-1,-1,2
218,0,429,13,617,44,6,44,774,91,0,141,909,157,1031,242,157,334,1097,379,320,480,1088,492,989,591,503,594,849,641,688,647,2
227,0,446,17,7,42,636,53,794,104,0,145,926,172,1047,261,165,350,1109,401,333,503,1102,516,1004,617,521,623,866,669,706,677,2
235,0,461,20,5,42,654,61,808,116,0,157,933,189,1054,280,184,383,1117,426,1114,546,363,550,1024,654,557,675,895,713,742,728,2
463,0,5,8,649,47,795,107,0,130,909,182,1019,274,191,373,1076,417,1074,533,371,547,994,641,563,670,879,702,739,720,-1,-1,2
458,0,6,1,637,50,775,113,0,127,885,189,987,282,193,377,1039,540,370,553,963,647,555,678,855,708,723,726,-1,-1,-1,-1,2
244,0,15,19,457,49,629,112,0,159,752,185,846,269,936,369,191,439,980,515,975,633,361,634,536,770,808,803,689,822,-1,-1,2
0,0,423,11,584,70,698,139,783,220,862,317,174,438,898,463,895,581,337,628,832,692,501,754,745,764,640,794,-1,-1,-1,-1,2
454,0,7,25,631,52,753,118,842,199,0,188,931,300,968,453,206,479,963,578,379,665,896,699,803,778,552,784,695,815,-1,-1,2
464,3,8,0,649,56,791,124,0,136,902,207,196,406,1063,464,1064,591,377,600,986,707,569,740,876,775,740,794,-1,-1,-1,-1,2
265,0,522,24,3,47,744,70,921,137,0,187,1064,225,1203,333,225,457,1278,505,1279,646,437,656,1184,774,666,804,1046,846,876,865,2
547,0,269,6,808,16,1038,62,0,81,2,207,1437,241,1556,427,223,438,1559,586,457,618,1421,731,721,761,1224,810,990,825,-1,-1,2
549,0,269,11,811,15,1047,59,0,87,1257,134,0,209,1457,238,1573,426,211,435,1572,585,440,614,1426,732,704,756,1216,808,975,823,2
740,0,483,9,990,22,229,40,1234,84,0,128,1473,177,3,235,186,428,393,590,1456,716,650,729,1208,795,936,801,-1,-1,-1,-1,2
728,0,480,5,970,23,229,37,1208,83,1,116,1436,173,0,221,1583,364,170,411,1582,537,370,568,1406,691,616,703,1159,766,892,773,2
683,0,447,11,921,16,212,45,1159,69,0,127,1391,154,0,225,1539,347,155,401,1536,520,339,550,1355,673,571,680,1104,746,837,750,2
645,0,877,7,419,21,1112,49,196,61,1345,124,0,149,5,242,1500,308,157,406,1502,477,338,541,1326,632,563,658,1079,709,820,718,2
613,0,836,9,396,17,186,53,1066,54,1295,132,0,133,0,222,1447,315,132,381,1443,484,295,517,1259,633,504,637,1009,701,753,704,2
791,0,570,3,366,30,1029,34,170,76,1272,105,0,158,4,242,1437,294,121,386,1430,473,271,514,463,630,1228,629,704,696,964,697,2
741,0,525,12,982,20,332,51,1233,79,151,103,0,190,5,269,1413,265,119,404,1412,448,261,521,1208,615,448,628,940,686,682,690,2
621,0,843,6,431,26,1081,49,272,71,0,214,1261,230,7,286,97,405,1260,420,212,510,1058,591,366,608,802,663,568,665,-1,-1,2
603,0,812,11,423,18,268,60,1032,60,0,199,1195,239,7,271,91,393,1191,423,1002,587,350,600,764,657,542,658,-1,-1,-1,-1,2
518,0,718,1,358,24,936,40,222,70,103,122,0,205,1110,222,77,381,1109,415,171,481,299,577,916,581,471,638,680,644,-1,-1,2
533,0,746,3,361,28,978,49,224,73,100,131,0,214,1160,244,12,282,88,397,1156,445,188,500,320,598,953,611,497,662,709,671,2
533,0,751,3,361,28,991,53,222,72,99,130,0,213,1175,252,13,282,91,398,1168,458,193,501,327,601,962,620,505,666,718,677,2
549,0,782,15,362,19,219,55,1042,83,95,109,0,191,20,259,1241,306,112,383,225,491,1231,512,368,598,1016,656,550,672,766,695,2
554,0,367,11,788,24,219,41,95,88,1047,105,0,169,21,238,1243,330,122,364,236,475,1231,528,384,584,568,660,1024,657,781,688,2
557,0,784,12,376,22,229,63,1034,73,102,118,0,204,15,275,1223,289,103,399,1214,500,211,510,352,617,1004,655,536,689,754,706,2
718,0,953,18,508,22,342,70,212,130,1151,187,94,198,0,293,14,359,1164,386,205,552,977,575,345,635,740,663,525,679,-1,-1,2
725,0,959,17,517,21,350,68,216,128,1153,181,97,196,0,292,16,357,1168,376,104,461,214,550,986,563,357,630,752,652,540,670,2
854,0,628,6,1097,36,432,42,268,97,121,166,1282,211,0,262,17,335,1288,400,124,453,253,551,1099,577,421,638,855,663,625,681,2
887,0,654,4,1134,35,454,41,282,95,126,165,1322,210,0,264,18,338,1329,396,131,456,266,555,1137,574,442,641,889,662,654,683,2
647,1,891,0,442,32,1154,44,272,82,119,147,0,241,1356,234,19,315,1363,428,134,437,271,540,1162,598,448,634,904,676,662,686,2
682,0,461,16,946,22,279,51,1230,96,121,106,0,195,22,270,1425,316,140,403,279,517,1406,514,452,626,1178,661,666,695,909,708,2
676,0,940,14,457,20,276,59,1224,83,118,117,0,209,23,284,1424,297,142,414,1408,496,283,525,459,629,1183,647,674,693,916,702,2
669,0,919,8,457,26,1187,63,281,72,124,134,0,228,1382,267,16,304,131,432,1377,465,266,542,1162,634,440,643,654,703,897,702,2
877,0,638,3,438,38,1135,37,270,90,121,157,1333,220,0,250,15,322,1336,415,119,439,244,540,1128,592,415,632,865,672,624,682,2
880,0,639,1,439,34,1141,39,271,86,121,149,1340,227,0,241,14,313,112,430,1339,424,237,532,1125,600,401,628,855,678,611,683,2
875,0,637,4,437,40,1134,37,270,93,120,159,1334,218,0,251,15,323,1339,411,119,439,247,538,1132,587,413,630,868,669,626,679,2
674,0,903,3,474,28,1141,44,298,76,134,140,1316,210,0,233,15,308,1322,387,131,427,272,527,1140,553,449,614,898,635,665,655,2
747,0,974,16,537,19,341,60,1202,64,155,119,0,213,1365,225,13,293,1371,388,150,422,309,528,1203,545,507,615,972,630,735,654,2
808,0,591,9,1033,24,380,42,1255,82,175,95,0,189,1408,245,11,276,1413,405,162,417,337,532,1252,558,549,626,1026,642,787,665,2
813,0,593,10,1042,26,380,44,1267,86,174,100,0,197,1419,253,13,285,1423,415,168,429,344,543,1260,570,556,638,1032,655,795,679,2
854,0,624,7,1091,27,399,39,1321,92,182,96,0,197,1470,264,17,288,1468,424,184,439,370,554,1300,576,590,647,1071,661,832,687,2
865,0,622,17,1121,20,391,57,1371,84,174,123,0,234,1527,261,25,324,1521,430,201,469,390,579,1339,586,613,669,1101,674,857,704,2
870,0,625,15,1126,21,392,54,1376,87,175,118,0,226,1530,269,24,316,1518,438,197,463,385,574,1332,592,605,665,1092,676,848,703,2
872,0,627,15,1128,22,394,53,1378,87,176,118,0,226,1532,268,24,315,1522,436,198,463,386,573,1337,592,608,664,1096,675,852,702,2
876,0,631,9,1131,26,399,43,1381,98,180,102,0,207,1535,286,20,298,188,451,1522,456,373,569,1333,611,594,668,1089,691,841,712,2
801,0,588,8,1020,23,382,39,1239,79,5,178,0,182,1389,241,1394,398,158,404,328,516,1236,550,539,612,1011,632,776,654,-1,-1,2
799,0,590,4,1016,28,383,31,181,78,1234,85,0,165,1393,243,5,249,149,395,1409,400,321,512,1257,553,538,615,1030,638,785,660,2
795,0,589,9,1009,22,385,41,1224,73,181,92,0,184,1387,228,5,270,1411,387,152,415,327,534,1269,550,1047,641,546,629,-1,-1,2
775,0,985,7,572,23,1200,40,372,68,174,133,1367,176,0,233,10,316,1399,324,165,443,1271,487,347,544,1060,593,573,621,822,640,2
960,0,750,3,1175,18,551,36,359,92,1351,140,167,162,0,264,1393,282,10,342,1272,449,165,454,345,543,1060,562,570,608,820,617,2
722,0,528,15,931,18,343,51,1142,57,161,101,0,179,1301,197,2,253,1315,347,118,372,266,475,1159,497,458,561,928,579,689,600,2
708,0,512,19,926,16,332,58,1147,56,157,109,1,187,1312,210,0,260,1319,371,99,379,232,485,1137,532,410,578,885,612,636,626,2
650,0,861,0,1080,24,465,31,299,80,1251,170,0,224,0,294,1259,335,88,403,210,498,1077,508,373,581,828,599,587,621,-1,-1,2
672,0,873,0,1083,17,488,29,317,77,1257,133,0,216,1291,271,0,283,110,382,1147,430,252,467,917,525,442,537,674,560,-1,-1,2
729,0,544,5,921,22,361,30,1114,63,177,67,7,131,1264,186,0,199,115,314,1287,316,263,415,1150,450,460,501,932,523,694,540,2
619,0,418,3,211,18,814,20,14,64,1010,68,1204,130,0,135,1346,270,120,271,279,395,1365,398,492,504,1221,521,745,571,995,576,2
215,0,425,12,9,26,623,33,803,76,0,106,972,141,1143,219,157,270,1267,360,340,416,1295,482,566,547,1193,590,806,624,1019,636,2
217,0,430,16,6,23,626,44,800,91,0,109,959,160,1120,244,170,289,1233,384,360,445,1257,504,585,577,1168,612,814,652,1010,660,2
221,0,442,15,3,27,644,43,822,92,0,119,983,162,1141,247,179,302,1253,392,374,460,1278,511,603,592,1186,622,1180,623,830,666,2
431,0,211,6,637,8,820,42,0,57,989,98,5,152,1157,170,1275,312,195,325,1301,434,398,465,1209,555,629,578,1053,618,858,630,2
434,0,211,9,639,10,823,42,0,62,991,98,5,155,1157,171,1275,312,195,329,1299,436,397,472,1208,555,630,583,1050,621,857,634,2
439,0,217,8,649,8,836,41,0,64,6,160,1170,175,1285,318,197,338,1306,443,400,481,1211,564,632,594,1053,630,860,643,-1,-1,2
435,0,644,6,212,12,832,36,0,67,1003,93,5,162,1173,168,1292,312,193,337,1314,440,393,477,1217,561,626,590,1055,628,858,641,2
662,2,447,0,219,17,853,29,1030,82,0,86,1204,155,6,186,1325,302,201,364,1342,437,408,504,641,614,877,658,-1,-1,-1,-1,2
679,1,461,0,225,21,874,27,1053,80,0,93,1229,154,7,198,1348,306,208,382,1367,443,419,527,1269,578,660,640,1102,658,898,684,2
764,0,521,7,977,21,257,41,1164,72,1343,151,0,144,12,264,1452,312,1462,459,241,467,1348,607,472,612,1178,702,727,718,972,745,2
802,0,544,2,1024,26,265,38,1217,84,0,144,1392,174,10,270,1481,347,238,481,1469,498,462,630,1334,641,1151,730,704,737,944,768,2
788,0,530,12,1014,18,255,57,1210,70,1383,156,0,179,16,304,1471,330,245,506,467,646,705,742,935,770,-1,-1,-1,-1,-1,-1,2
795,0,1023,7,536,23,1214,46,253,85,1387,123,0,220,1470,284,28,343,1456,430,275,527,1326,574,502,643,1153,671,737,718,960,724,2
1042,0,806,0,1241,36,539,32,1412,109,252,105,0,253,1495,271,33,376,1474,417,287,551,1338,563,513,656,1160,663,968,721,747,722,2
838,0,1071,4,565,24,1267,43,268,89,1436,122,0,237,1508,284,31,361,1481,427,290,542,1341,567,519,650,1166,663,973,718,753,717,2
1067,0,831,0,1263,34,559,30,264,102,1433,109,0,252,1509,269,32,375,1484,414,1346,557,290,550,1169,656,520,654,977,716,755,717,2
1061,0,827,3,1261,33,557,36,1431,104,262,112,1509,264,0,264,32,387,1488,409,1350,555,290,560,1175,658,522,663,981,720,758,723,2
1056,0,820,9,1255,28,550,49,1430,95,259,131,1514,254,0,292,1496,400,35,414,1363,550,297,581,1189,658,531,678,995,724,771,736,2
1054,0,820,9,1252,27,550,48,1426,94,258,131,1509,251,0,290,1490,397,34,411,1358,547,294,578,1182,653,527,675,990,721,767,731,2
1018,0,790,11,1213,24,529,54,1387,87,248,138,1477,241,0,297,1466,385,35,418,1341,536,294,579,1173,645,527,673,985,714,764,726,2
970,0,754,10,1160,23,506,51,1339,83,236,131,1441,232,0,280,1445,376,32,398,1332,528,284,561,1170,639,517,661,982,709,758,719,2
832,0,643,3,1001,27,432,32,1166,81,205,91,0,205,1281,215,24,311,1307,346,248,468,1224,488,464,575,1085,588,695,644,909,646,2
636,0,435,7,809,17,214,36,963,57,1112,120,0,125,12,229,1212,252,1232,373,217,399,1152,499,421,522,1017,584,643,606,848,624,2
432,0,622,12,212,13,777,44,0,81,908,97,1038,169,13,195,1126,300,231,391,1146,417,1083,536,433,530,974,614,644,624,831,649,2
197,1,399,0,576,20,717,60,0,60,835,118,13,176,953,194,222,381,1050,441,411,527,995,555,899,626,605,627,772,658,-1,-1,2
376,0,542,18,665,57,764,114,861,190,0,215,915,322,924,436,201,429,871,551,373,568,787,629,542,654,684,670,-1,-1,-1,-1,2
566,0,698,7,389,19,795,37,186,81,887,99,927,224,0,356,200,519,761,560,363,607,656,627,522,648,-1,-1,-1,-1,-1,-1,2
697,3,566,0,795,32,392,23,884,93,926,213,919,326,0,369,852,452,204,527,764,549,369,610,661,620,527,645,-1,-1,-1,-1,2
717,0,584,4,816,24,406,36,910,80,952,203,0,277,946,320,17,403,877,451,785,555,217,554,680,631,383,632,544,663,-1,-1,2
574,0,401,6,702,17,799,56,892,122,0,180,14,315,879,491,220,502,794,586,386,608,688,649,552,663,-1,-1,-1,-1,-1,-1,2
0,0,254,20,374,60,12,88,469,111,547,172,164,265,689,354,296,401,709,440,428,502,618,552,539,551,-1,-1,-1,-1,-1,-1,2
0,0,250,25,368,65,10,87,462,118,157,267,681,366,287,405,699,451,700,456,417,509,667,530,608,564,528,561,-1,-1,-1,-1,2
150,0,304,11,3,33,442,39,554,79,0,116,646,133,734,207,125,279,780,320,244,399,775,411,707,491,376,492,611,531,504,535,2
298,0,440,5,143,11,564,26,0,58,675,65,784,121,4,129,853,223,135,258,861,315,267,358,793,402,416,435,687,452,563,466,2
287,0,429,7,556,30,0,48,672,72,7,116,788,127,865,230,139,241,877,320,274,340,809,404,424,419,702,447,574,454,-1,-1,2
307,0,453,10,582,35,0,42,698,75,9,112,810,131,889,230,156,239,903,315,303,338,842,396,463,415,740,440,615,448,-1,-1,2
294,0,141,3,436,11,561,38,0,36,675,82,7,104,787,137,143,230,865,237,878,323,281,330,815,402,436,409,711,443,584,447,2
143,0,295,7,436,26,0,26,560,61,2,93,672,110,781,172,134,225,853,277,267,333,862,361,417,420,795,437,564,467,690,470,2
142,0,292,4,435,21,0,28,560,53,5,95,672,100,783,160,138,225,857,263,274,329,868,349,426,415,804,424,699,459,573,459,2
299,0,0,21,572,58,4,89,680,107,136,227,862,276,272,336,870,363,425,423,804,438,573,470,698,473,-1,-1,-1,-1,-1,-1,2
300,0,0,29,683,98,4,97,797,161,137,233,869,265,273,341,879,354,426,427,811,433,704,470,576,471,-1,-1,-1,-1,-1,-1,2
466,0,311,8,603,12,145,35,848,96,0,101,15,180,927,203,937,300,171,306,869,396,320,398,762,456,483,462,634,480,-1,-1,2
540,0,689,8,367,9,812,38,176,44,923,94,0,134,977,201,13,221,962,303,174,353,873,400,322,437,756,464,478,492,626,498,2
534,0,680,6,361,12,806,34,173,50,916,86,0,142,971,194,12,226,957,293,173,355,871,392,320,435,755,457,476,488,624,493,2
313,0,150,6,467,11,609,34,2,51,0,119,867,144,113,246,938,257,238,348,931,357,385,434,832,439,693,479,544,479,-1,-1,2
318,0,626,16,767,53,0,64,899,105,2,131,987,217,128,250,990,314,266,345,894,404,428,422,756,450,599,458,-1,-1,-1,-1,2
313,0,620,6,152,18,0,72,898,90,4,137,987,197,130,251,993,293,268,340,898,386,431,413,759,435,602,445,-1,-1,-1,-1,2
470,0,311,6,618,15,150,24,761,49,0,76,901,98,5,141,993,208,132,255,998,308,271,350,904,401,433,424,764,450,605,459,2
461,0,608,4,302,8,753,31,143,33,895,77,0,90,5,156,993,184,132,263,1005,283,271,351,912,380,436,420,770,434,609,450,2
518,0,344,8,682,15,166,29,840,50,0,87,991,104,5,159,1093,222,141,283,1101,328,294,383,998,431,474,463,842,486,664,499,2
544,0,363,1,714,18,176,19,876,61,0,75,1027,119,0,149,1126,243,137,282,1130,351,292,388,1022,453,477,475,859,507,676,516,2
644,0,832,9,467,19,1021,41,301,59,143,108,1160,167,0,188,1170,303,1030,441,252,442,828,519,623,544,-1,-1,-1,-1,-1,-1,2
596,0,771,11,434,16,944,44,280,49,130,94,1070,163,0,166,6,229,1077,287,109,327,235,408,948,411,391,474,765,480,576,501,2
600,0,597,5,769,12,937,46,282,49,132,97,1059,163,0,167,8,232,1068,282,117,328,947,405,245,409,403,474,771,474,588,498,2
747,0,580,1,910,16,423,27,274,72,1035,116,126,128,0,208,1052,227,11,268,125,353,945,353,258,418,781,435,421,466,602,473,2
667,0,859,6,486,24,1045,37,313,67,146,126,1183,162,0,218,14,289,1196,294,145,397,1069,434,296,479,882,521,479,542,683,558,2
654,0,847,4,473,23,1038,34,303,68,138,128,1179,160,0,218,14,289,1194,295,143,395,1065,438,293,479,875,524,473,543,674,560,2
691,0,896,12,499,17,315,56,1100,58,143,114,0,206,1241,203,16,280,1246,349,154,401,1102,490,307,493,490,569,903,570,696,596,2
526,0,729,3,333,18,945,38,151,58,1152,110,0,138,15,213,1276,275,148,348,1257,420,297,454,1089,540,473,546,880,592,673,596,2
541,0,342,4,748,18,155,32,962,66,0,102,1164,155,13,180,146,323,1271,327,291,436,1238,465,463,537,1065,567,657,596,858,604,2
536,0,338,8,743,13,153,41,959,56,0,115,1165,140,15,191,1280,311,150,331,297,442,1252,451,472,539,1080,556,668,595,872,600,2
536,0,338,8,744,12,152,41,960,55,0,114,1166,139,14,192,1280,309,150,330,296,441,1251,450,471,537,1078,557,666,594,870,598,2
529,0,334,10,736,10,150,43,954,51,0,118,1162,132,14,194,1280,302,148,330,294,439,1253,445,467,534,1079,553,663,591,868,594,2
527,0,734,9,332,11,150,46,952,49,0,121,1161,130,13,196,1279,300,145,332,289,440,1251,443,462,536,1075,553,658,593,863,596,2
525,0,731,9,330,12,149,46,949,48,0,121,1159,129,14,197,1280,299,147,333,292,442,1256,443,465,538,1082,552,663,592,870,596,2
524,0,731,7,330,12,950,47,148,47,0,123,1159,124,13,197,1281,296,145,333,289,442,1256,440,464,537,1082,551,662,592,869,596,2
724,0,326,7,943,37,145,41,1157,115,0,120,15,193,1283,284,1259,428,467,524,1087,538,667,580,875,585,-1,-1,-1,-1,-1,-1,2
515,1,717,0,325,20,933,30,146,62,1144,101,0,142,14,217,1274,266,146,349,1258,413,293,453,1091,533,470,544,880,589,671,593,2
523,0,722,7,334,14,930,44,153,50,1132,119,0,124,10,199,1255,285,137,335,1237,429,280,445,453,543,1071,547,654,597,862,597,2
528,0,380,1,244,19,693,26,114,50,855,79,0,106,0,165,964,220,72,270,952,352,166,361,290,446,807,462,447,497,622,504,2
521,0,385,8,662,14,270,35,170,73,775,115,0,188,8,236,786,231,683,353,153,372,261,423,536,420,393,441,-1,-1,-1,-1,2
498,0,629,12,370,13,261,39,165,80,735,104,75,128,0,193,745,212,9,238,74,306,650,328,153,361,513,395,254,408,378,420,2
524,0,654,9,392,9,279,39,179,82,755,100,0,200,761,205,8,248,79,316,667,322,163,369,533,392,270,411,397,421,-1,-1,2
502,0,638,1,370,20,259,59,750,87,163,107,766,197,0,238,676,323,86,350,174,397,544,402,279,435,408,438,-1,-1,-1,-1,2
521,0,661,8,387,15,270,46,169,92,772,101,77,146,0,216,782,214,12,263,85,331,684,336,172,386,545,409,279,428,407,438,2
526,0,666,10,389,12,274,44,171,87,778,105,77,138,0,206,787,217,11,254,82,324,686,339,169,380,545,409,275,424,405,436,2
542,0,400,8,686,15,281,37,177,76,801,118,80,126,0,192,9,240,807,236,78,313,698,357,163,373,548,422,271,424,403,444,2
464,0,322,0,199,17,631,28,91,46,799,91,0,105,9,161,909,248,79,262,164,350,887,384,271,433,738,480,409,488,565,506,2
319,0,461,1,197,16,628,28,89,47,799,93,0,103,8,158,912,250,77,259,163,346,893,387,272,431,744,482,410,488,568,507,2
494,0,334,5,692,22,201,26,86,65,900,91,0,130,17,189,1048,268,109,296,214,386,1036,420,341,474,869,524,498,533,674,550,2
486,0,331,8,673,18,202,33,88,72,871,75,0,138,14,195,1020,239,101,299,204,387,1016,391,333,472,862,502,491,528,669,539,2
476,0,652,5,330,16,204,50,839,47,94,93,0,167,990,194,99,323,1001,343,202,407,862,472,334,486,675,528,496,532,-1,-1,2
389,0,566,3,242,23,757,41,116,59,4,108,903,187,0,331,908,340,100,417,759,474,226,495,566,534,386,538,-1,-1,-1,-1,2
782,0,579,4,994,29,406,39,259,91,1161,187,0,246,7,316,1169,365,92,430,206,527,999,543,356,613,770,633,550,655,-1,-1,2
645,0,837,9,465,19,1030,48,299,58,140,113,1173,187,0,196,7,267,1181,333,114,380,248,474,1035,481,415,553,828,562,617,586,2
663,0,486,10,314,41,147,89,0,166,1162,186,7,237,1170,317,130,352,273,443,1040,447,450,517,850,522,650,546,-1,-1,-1,-1,2
622,2,804,0,990,22,452,28,290,74,134,132,1132,137,0,217,1152,267,11,284,132,381,1030,408,272,458,844,496,447,517,645,532,2
803,0,621,3,987,18,450,32,289,81,1130,128,133,142,0,228,1150,251,13,294,136,387,1031,392,279,460,848,481,454,512,652,522,2
653,0,835,10,481,16,1015,39,314,52,148,101,1154,155,0,176,3,242,1173,280,120,346,1049,413,261,431,857,493,441,499,649,523,2
669,0,495,13,850,13,1029,44,324,46,153,92,1166,160,0,167,2,235,1185,283,120,341,1061,417,265,429,868,496,448,499,659,524,2
678,0,861,7,501,19,1043,34,328,59,156,113,1183,146,0,194,5,264,1202,272,127,366,1081,411,277,450,890,498,466,516,680,533,2
827,0,1026,5,634,16,457,58,1191,111,293,121,134,194,1227,243,0,290,12,356,1108,402,142,447,912,511,295,517,484,565,699,566,2
838,0,1035,11,644,14,465,54,298,115,1199,119,136,187,1229,251,0,284,14,351,1107,410,145,443,302,513,296,516,912,514,486,565,2
672,0,1096,0,482,43,303,109,1271,129,1303,280,0,294,21,367,1170,450,163,470,325,549,965,561,524,607,745,613,-1,-1,-1,-1,2
753,0,985,5,536,28,1216,49,334,79,147,149,1372,212,0,255,26,336,1372,372,187,459,1211,525,358,551,996,613,558,623,777,648,2
784,0,566,4,1011,27,356,34,1228,96,0,184,1359,262,25,265,186,403,1346,411,357,507,1185,542,553,592,976,608,765,628,-1,-1,2
561,0,780,4,352,19,1009,40,158,61,1228,119,0,145,18,226,1351,291,168,367,1326,440,327,475,1150,557,514,568,935,611,722,615,2
563,0,785,4,354,16,1018,42,159,57,1243,122,0,140,18,220,1371,300,165,362,1345,452,323,474,511,570,1162,571,940,622,722,624,2
562,0,781,1,354,18,1010,35,159,62,1230,111,0,148,19,226,1359,282,168,367,1337,434,329,475,1161,554,518,567,943,610,728,616,2
769,0,554,1,350,23,995,33,158,68,1212,105,0,154,15,236,1346,278,160,378,1330,429,320,487,1158,559,510,581,941,620,724,628,2
752,0,544,4,972,27,345,30,157,77,1188,91,0,163,14,242,1327,256,156,377,1320,408,313,485,1155,541,504,576,938,607,719,619,2
680,0,499,5,868,23,324,29,151,70,1053,75,0,144,4,215,1182,215,123,336,1183,352,263,436,1041,481,438,521,844,549,639,562,2
507,0,688,2,330,19,873,30,155,56,1054,86,0,124,3,196,1177,226,122,322,1178,360,262,424,1038,483,436,512,843,545,639,555,2
671,0,490,9,863,20,317,38,1055,66,148,83,0,158,1192,206,5,229,1199,345,121,347,261,446,1056,480,437,529,853,552,642,568,2
685,0,501,7,880,22,324,34,1073,71,150,77,0,153,1210,211,3,225,123,345,1215,351,265,446,1070,484,443,530,865,554,652,569,2
793,0,587,13,1007,20,383,49,1221,66,180,103,0,195,1384,214,7,278,1408,367,159,416,1269,527,339,527,560,619,1050,622,810,653,2
642,0,844,9,429,16,1038,46,208,51,1231,106,0,132,2,223,1368,253,171,382,1392,393,366,509,1271,537,600,612,1077,622,850,651,2
669,0,872,12,452,11,224,41,1064,55,1251,120,0,125,0,220,1384,272,180,392,1409,414,382,529,1294,559,624,636,1105,646,878,667,2
624,0,424,6,803,17,206,34,963,60,0,111,1124,122,11,209,1239,257,1267,381,216,379,1190,510,424,507,1051,593,655,600,873,628,2
218,0,432,3,619,23,0,52,768,64,896,121,8,159,221,359,422,504,1067,543,633,606,959,612,819,639,-1,-1,-1,-1,-1,-1,2
213,0,422,4,601,25,0,47,748,63,869,121,8,151,989,191,1067,315,215,347,1086,421,412,486,1029,527,613,586,925,593,792,618,2
417,0,279,0,132,17,538,16,533,17,0,66,742,101,6,132,810,198,131,253,816,286,257,342,752,368,397,409,651,418,534,434,2
391,0,264,1,504,13,126,17,605,43,0,67,704,90,5,131,768,181,125,242,776,263,245,325,715,344,378,387,621,392,509,409,2
361,0,470,2,240,7,568,27,112,32,0,85,9,142,745,226,125,237,689,301,241,306,600,351,369,357,493,373,-1,-1,-1,-1,2
365,0,474,5,243,12,576,24,114,39,674,58,0,95,740,138,10,151,749,214,129,244,695,292,246,309,606,342,377,355,500,366,2
460,0,348,0,228,13,566,19,104,41,671,55,0,96,744,139,10,151,756,219,122,241,694,301,235,307,599,351,361,357,487,371,2
487,0,368,1,241,16,599,19,111,47,710,55,0,107,787,144,12,167,801,228,137,260,741,314,259,329,641,369,394,379,527,392,2
504,0,382,0,249,15,622,18,116,47,736,58,0,108,816,151,12,168,829,238,137,266,764,328,262,339,660,383,402,391,540,406,2
525,0,396,4,651,15,259,25,774,50,119,63,0,131,863,143,15,193,879,234,147,287,812,329,280,356,704,389,429,405,576,417,2
547,0,407,11,686,12,261,40,824,44,118,85,925,142,0,157,15,219,944,240,149,314,867,345,286,384,744,413,443,434,603,444,2
496,0,654,6,327,15,805,34,153,48,951,84,0,116,11,192,1052,197,1063,305,165,312,321,405,973,412,836,474,498,474,675,495,2
519,0,684,4,343,16,841,32,162,52,994,81,0,126,1098,200,12,202,1109,311,168,328,1014,423,331,423,869,491,515,494,702,517,2
690,0,510,12,872,14,329,47,1052,52,152,99,1180,178,0,183,12,258,1196,302,162,372,1082,432,324,460,909,512,515,526,718,545,2
698,0,523,5,881,22,369,32,233,75,106,129,1024,146,0,204,9,262,1036,285,96,353,898,425,206,430,347,495,707,500,519,523,2
639,0,473,10,814,18,330,42,208,87,953,132,93,142,0,216,967,265,11,271,95,354,839,402,198,422,661,478,328,480,487,502,2
634,0,469,7,806,18,329,37,206,79,92,132,942,134,0,203,10,257,952,266,91,339,823,399,191,408,319,467,646,470,476,491,2
628,0,464,10,800,16,325,42,203,87,938,129,92,141,0,214,950,261,11,267,93,348,824,395,195,415,649,468,323,471,478,493,2
624,0,461,10,796,19,322,42,201,85,932,133,0,211,11,264,945,264,93,347,819,399,192,414,319,471,645,472,476,495,-1,-1,2
705,0,540,11,377,43,848,88,238,96,114,165,878,212,0,239,779,370,617,480,133,517,446,541,278,551,-1,-1,-1,-1,-1,-1,2
832,0,665,7,499,36,355,88,972,91,225,155,998,215,102,230,0,326,894,371,15,384,114,458,729,479,235,513,554,537,382,547,2
839,0,664,10,495,44,990,95,348,98,219,166,1017,226,100,244,0,338,906,390,16,397,116,472,734,500,233,527,554,559,381,565,2
505,0,334,8,669,12,160,32,828,49,0,92,983,106,2,164,1086,236,135,293,1094,353,280,397,984,463,454,486,825,519,645,530,2
499,0,664,10,328,11,155,39,827,44,987,99,0,99,1,169,1097,227,134,296,1106,346,278,396,995,457,454,483,830,515,647,526,2
508,0,335,4,676,15,161,24,842,57,2,78,1005,120,0,149,1113,256,127,282,1119,378,267,390,998,488,441,488,825,540,637,541,2
539,0,726,4,349,21,917,35,165,55,1106,92,0,123,1,195,1238,234,139,324,1246,368,291,427,1108,496,480,520,909,560,695,569,2
721,0,529,5,341,33,159,72,1125,73,0,145,5,215,1275,214,143,336,298,435,1159,490,495,526,950,560,723,572,-1,-1,-1,-1,2
536,0,725,2,348,19,920,36,1114,92,0,117,2,189,1254,233,137,315,1267,369,289,419,1128,497,480,513,922,560,702,566,-1,-1,2
730,0,355,18,917,29,0,117,0,190,1235,219,139,315,1248,347,296,415,1116,473,490,505,920,539,707,550,-1,-1,-1,-1,-1,-1,2
544,0,730,3,357,20,918,35,170,54,1102,85,0,120,1,192,1231,220,142,315,1244,346,298,414,1114,470,491,502,920,534,709,546,2
751,0,560,9,942,18,367,44,1129,59,174,93,0,176,1264,186,7,249,1281,313,167,368,1160,447,339,457,973,527,542,530,765,557,2
702,0,517,13,895,15,336,46,1086,54,157,96,0,174,1225,184,5,243,1239,318,145,356,298,443,1109,452,487,520,912,528,701,553,2
712,0,917,7,519,23,1123,40,334,68,155,127,1276,175,0,214,7,286,1293,318,148,397,1150,468,302,480,940,554,495,556,717,585,2
899,0,687,2,1115,25,495,35,316,88,145,155,1282,158,0,244,1302,307,8,312,141,417,1151,466,290,496,929,561,478,568,700,593,2
848,0,642,7,1057,20,460,44,292,97,1222,150,134,163,0,251,1242,299,8,317,130,415,1092,458,268,490,875,551,443,559,654,584,2
833,0,631,5,1042,21,450,38,287,90,131,153,1204,154,0,238,7,302,1221,302,126,401,1069,458,259,475,427,546,852,546,633,575,2
644,0,844,7,463,23,1045,41,296,66,137,121,1195,179,0,199,5,265,1202,323,119,369,250,449,1048,468,415,527,833,545,618,564,2
683,0,496,14,886,19,318,46,1090,65,149,93,0,167,1236,211,0,233,120,348,1240,355,255,438,1081,495,426,526,860,563,637,573,2
680,0,883,3,491,25,1090,35,315,71,147,130,1250,169,0,215,9,283,1270,314,143,389,1128,466,290,468,475,546,916,551,692,578,2
752,0,536,6,986,29,337,32,152,81,1215,100,0,163,11,238,1359,282,155,371,1341,444,302,469,484,572,1156,576,697,631,924,632,2
756,0,539,0,338,23,989,34,153,67,1216,113,0,147,11,223,1351,294,156,357,1328,452,304,456,482,562,1142,577,692,622,913,627,2
536,0,750,8,336,16,979,50,153,51,0,124,1201,134,9,199,1330,319,149,335,291,437,1301,474,464,547,1114,588,670,614,887,628,2
542,0,761,8,339,13,152,50,991,51,0,125,1207,137,15,201,1321,314,169,335,317,430,1286,458,491,532,1106,560,689,592,893,601,2
538,0,752,11,338,12,152,48,977,53,0,119,1191,139,11,193,1308,316,159,326,303,424,1275,459,474,529,1094,564,672,591,879,601,2
537,0,337,9,753,12,152,41,981,57,0,113,1197,146,10,186,155,323,1314,327,297,422,1278,472,467,530,1093,575,665,596,874,609,2
530,0,747,11,332,14,152,47,985,60,0,114,1218,154,1,186,120,324,1341,356,245,430,1304,521,405,551,608,635,1088,637,838,665,2
519,0,329,11,726,12,949,61,3,99,1173,149,0,166,113,300,1303,338,236,403,1272,496,396,523,595,604,1068,605,822,634,-1,-1,2
506,0,702,7,322,15,151,46,914,45,2,112,1127,120,0,177,1262,295,117,305,243,403,1246,448,405,515,1063,569,609,588,831,608,2
543,0,742,10,352,12,168,42,948,51,3,106,1152,126,0,176,1281,294,126,311,262,414,1269,443,434,527,1096,564,646,600,870,611,2
594,0,804,8,385,15,1018,46,181,51,1224,123,0,128,3,207,1352,287,161,351,1341,437,319,452,1181,562,515,564,964,622,739,625,2
814,0,594,10,1030,21,378,42,1231,87,171,100,0,196,1333,239,19,275,1309,377,201,395,363,471,1150,498,553,552,954,563,756,584,2
810,0,597,10,1021,22,382,41,1215,83,174,96,0,194,1318,233,19,272,1298,365,205,390,370,466,1149,486,561,547,958,552,764,576,2
807,0,595,11,1016,19,381,43,1210,78,173,100,0,198,1316,225,19,276,1298,359,207,392,372,466,1151,480,565,545,962,548,767,573,2
807,0,594,13,1015,19,380,45,1210,79,173,101,0,201,1316,226,19,277,1298,359,207,394,373,467,1150,480,565,546,962,548,767,574,2
810,0,598,12,1019,20,383,44,1211,78,175,101,0,203,1316,224,19,280,1299,357,210,395,376,469,1153,479,569,546,965,547,772,574,2
811,0,599,11,1020,21,384,42,1212,81,174,100,0,197,1318,228,20,276,1299,360,211,394,378,467,1154,480,572,547,968,548,775,574,2
818,0,604,9,1025,22,388,38,1216,85,177,92,0,189,1318,233,19,269,1299,364,211,386,377,462,1151,482,570,543,965,548,772,571,2
607,0,821,3,386,21,1029,35,171,66,1218,108,0,238,1314,263,185,367,349,450,1130,508,938,567,742,583,-1,-1,-1,-1,-1,-1,2
626,0,840,2,407,21,1047,37,192,66,1238,106,0,160,11,242,1342,263,198,375,1325,400,366,462,1173,521,563,559,978,585,774,600,2
613,0,820,4,400,20,1021,38,188,65,1211,106,0,152,10,236,1323,260,194,370,1315,397,361,459,1172,519,561,557,980,584,777,600,2
633,0,840,11,416,12,199,47,1037,54,1218,128,0,130,6,214,1319,283,192,360,1308,417,361,455,1167,536,560,560,979,597,776,608,2
590,0,787,8,388,13,980,47,186,48,1161,114,0,121,0,199,1274,263,165,333,1268,396,322,425,1126,516,513,529,933,575,726,582,2
586,0,393,8,775,13,196,34,962,56,8,98,1142,122,0,171,1264,273,147,310,296,409,1268,409,485,525,1128,533,707,590,925,591,2
560,0,748,9,371,11,181,40,6,104,0,174,1251,269,143,306,284,400,1252,408,468,514,1109,530,685,581,903,586,-1,-1,-1,-1,2
722,0,527,6,928,29,339,34,158,77,0,147,1277,236,137,334,1280,383,276,418,1122,516,457,519,675,578,-1,-1,-1,-1,-1,-1,2
683,0,881,6,497,23,1082,36,318,68,146,125,1238,162,0,275,1263,299,151,375,297,441,1135,441,488,519,931,525,711,551,-1,-1,2
698,0,898,15,510,18,1099,55,328,54,154,104,0,183,1248,191,2,249,1265,328,146,355,289,427,1125,465,474,512,916,538,693,555,2
702,0,514,11,900,15,330,47,156,93,0,170,1249,197,3,236,1268,333,148,344,1124,468,474,504,915,538,693,550,-1,-1,-1,-1,2
712,0,524,3,340,26,908,30,162,63,3,128,0,194,1243,223,136,308,1250,357,273,388,1102,481,452,484,889,539,668,539,-1,-1,2
704,0,519,10,895,18,338,42,1085,59,161,88,0,162,1223,190,1,228,1238,321,146,335,290,407,1102,451,473,492,903,520,688,535,2
708,0,524,6,899,26,342,35,1085,71,1,147,1217,205,0,211,145,321,1222,332,1084,455,463,480,884,517,674,527,-1,-1,-1,-1,2
712,0,527,4,904,26,344,31,165,70,1091,73,2,141,0,207,1220,210,144,319,1226,340,284,396,1085,463,463,484,884,525,672,532,2
708,0,523,5,900,26,341,31,162,72,1088,74,1,140,0,206,1220,208,142,316,1226,340,281,392,1085,462,459,481,883,521,670,530,2
707,0,521,6,899,25,339,34,1087,71,162,74,1,145,1220,206,0,211,143,323,1226,338,283,398,1087,462,461,486,885,525,672,533,2
711,0,526,2,344,27,901,26,165,64,1087,76,2,132,0,198,1216,212,142,310,1221,342,282,387,1082,463,460,479,882,523,670,528,2
714,0,530,1,348,24,903,29,168,60,1089,81,4,126,0,192,1216,218,141,306,1221,347,281,384,1080,467,458,477,879,525,667,529,2
713,0,530,0,348,21,901,28,168,56,1084,80,3,122,0,186,1212,215,140,300,1215,345,279,378,1077,463,455,472,876,521,665,524,2
530,0,713,1,349,21,900,32,169,55,1083,84,4,119,0,184,1209,219,139,300,1214,347,278,379,1075,467,454,472,875,524,663,526,2
692,0,509,13,884,17,330,49,1073,55,156,97,0,172,1210,183,1,237,1220,312,145,338,284,406,1084,440,462,486,884,509,672,525,2
541,0,723,9,359,11,176,39,905,46,5,95,1080,105,0,161,1198,241,138,281,277,363,1200,365,451,462,1062,476,658,521,866,525,2
647,0,475,5,828,22,309,32,147,69,1008,67,2,134,0,193,1133,199,124,295,1134,325,245,364,992,443,401,451,794,497,593,500,2
484,0,655,4,318,19,834,36,154,49,1007,90,5,106,0,167,1121,225,120,275,239,350,1115,350,390,443,970,459,578,499,776,504,2
639,0,468,6,819,25,306,31,147,69,993,71,4,133,0,193,1110,204,116,294,1105,332,231,365,959,449,379,452,763,502,564,502,2
620,0,453,9,800,19,296,38,974,62,5,144,1092,194,0,202,112,301,1086,322,939,440,365,448,743,494,547,496,-1,-1,-1,-1,2
477,0,654,13,316,16,169,47,829,49,27,94,950,177,0,309,946,308,798,430,235,448,602,488,410,493,-1,-1,-1,-1,-1,-1,2
541,0,715,4,387,20,891,33,248,57,116,105,1019,159,0,173,0,226,1015,289,97,308,193,365,867,415,318,439,672,474,486,481,2
484,0,645,0,344,24,808,25,220,62,102,108,928,141,0,174,2,223,928,266,90,299,178,350,792,387,291,417,613,445,442,454,2
614,0,457,1,773,24,323,25,206,65,96,112,891,142,0,176,2,225,888,267,84,297,164,346,752,388,269,413,577,444,413,451,2
621,0,465,1,778,23,330,26,212,65,98,113,892,139,0,179,1,229,891,264,87,302,169,351,757,385,276,418,585,444,421,454,2
646,0,815,12,481,14,339,50,216,100,945,123,100,158,0,232,949,253,5,283,99,352,813,388,304,456,632,460,459,482,-1,-1,2
554,0,737,1,395,27,923,27,251,69,117,121,1061,155,0,193,1,248,1061,292,103,331,204,386,907,425,334,460,703,490,508,500,2
584,0,772,7,417,21,960,41,267,60,124,109,0,180,1096,178,0,238,1092,316,105,328,209,389,932,450,344,469,723,510,523,515,2
537,0,730,5,350,16,170,48,934,46,6,110,1133,111,0,177,1263,270,130,298,257,382,1253,413,421,492,1082,533,630,563,855,577,2
574,0,380,2,188,18,766,22,9,69,957,75,0,138,1142,152,140,275,1254,312,273,367,1243,445,447,486,1084,553,656,565,872,587,2
208,0,410,2,609,21,13,34,796,63,0,106,975,133,1145,226,146,265,287,375,1244,388,466,511,1232,517,675,605,1084,614,886,638,2
406,0,603,24,12,31,784,61,0,104,956,129,151,262,294,371,1212,501,477,505,683,596,1076,597,887,624,-1,-1,-1,-1,-1,-1,2
200,0,396,9,10,29,583,35,756,79,0,103,916,149,148,267,289,377,1159,393,1153,515,469,512,666,603,1028,606,856,632,-1,-1,2
204,0,397,18,13,22,583,50,0,98,748,104,898,181,145,273,1042,279,282,392,1125,436,462,538,1118,557,654,637,999,648,834,671,2
199,0,389,19,12,20,574,53,0,97,734,109,880,187,140,276,1021,287,276,396,1100,444,453,544,1091,566,640,644,975,656,816,678,2
169,1,13,0,324,37,0,73,463,86,578,148,673,225,111,255,765,319,217,373,807,451,353,513,796,550,485,604,714,619,605,635,2
276,0,9,3,410,29,0,63,528,72,95,196,733,214,187,286,781,337,310,399,767,429,438,476,676,492,560,504,-1,-1,-1,-1,2
134,0,265,11,9,20,391,35,503,73,0,77,603,129,698,203,94,202,184,286,746,317,302,391,734,405,423,460,649,468,541,484,2
244,0,8,9,361,22,464,56,0,61,555,109,645,173,83,174,164,250,687,278,271,345,674,359,382,408,593,415,490,429,-1,-1,2
111,0,223,4,332,20,3,24,428,47,0,74,517,87,599,147,82,173,157,238,639,242,626,315,256,320,552,369,358,370,457,386,2
111,0,224,3,335,19,5,22,435,47,0,69,612,149,79,167,153,230,653,245,250,312,637,319,354,365,556,371,455,383,-1,-1,2
243,0,118,5,365,7,478,28,2,40,582,65,0,93,681,123,99,192,737,225,188,255,728,306,304,337,648,372,425,386,540,396,2
253,0,123,7,380,7,496,29,1,43,603,68,0,98,706,127,103,201,761,231,196,267,753,315,316,350,669,382,440,400,559,409,2
304,0,448,18,7,29,579,50,0,88,699,100,117,210,868,284,220,287,855,375,357,389,758,443,497,449,632,466,-1,-1,-1,-1,2
170,0,334,5,491,26,11,29,635,62,0,93,767,120,892,197,120,225,231,310,955,325,938,426,372,424,528,497,827,500,681,520,2
171,0,337,1,500,19,11,33,653,54,0,97,800,113,938,193,118,229,230,318,1013,334,374,439,998,444,542,520,873,525,710,547,2
176,0,345,3,511,21,12,32,670,57,0,96,820,118,962,200,121,230,234,321,1039,344,379,443,1022,456,550,526,893,537,724,556,2
357,0,180,7,528,11,691,39,10,50,845,93,0,116,991,169,133,249,1074,307,257,335,1062,420,410,453,936,510,591,523,769,541,2
542,0,357,4,732,16,175,26,927,66,8,79,1116,144,0,148,128,275,1233,309,253,363,1217,451,411,485,1050,560,615,569,833,593,2
503,0,329,1,163,17,689,20,12,66,889,76,0,131,1086,165,103,257,208,343,1196,348,336,469,1160,497,518,565,965,596,732,609,2
471,0,662,10,302,14,146,40,875,56,8,94,1090,137,0,157,98,271,1220,328,197,353,320,473,1185,489,502,566,970,597,722,611,2
538,0,350,7,738,16,172,30,952,65,8,88,1163,151,0,158,121,287,1291,336,241,375,1266,493,388,503,593,596,1067,607,823,633,2
573,0,373,9,786,15,182,36,1016,71,11,96,1245,163,0,170,125,308,1384,365,251,404,1353,538,403,544,621,647,1136,662,872,688,2
625,0,886,0,388,28,1168,45,176,78,1441,142,0,173,10,263,1591,367,191,404,353,493,1551,554,542,636,1319,690,784,721,1044,738,2
618,0,871,9,387,19,1148,59,177,60,0,148,1418,162,7,233,175,377,1571,390,330,470,1532,577,512,621,1295,708,752,717,1015,746,2
606,0,844,2,385,27,1100,46,179,73,1350,132,1,156,0,239,1502,343,156,377,305,468,1472,528,480,605,1250,670,716,694,977,716,2
710,0,922,9,516,22,1138,45,336,65,161,120,1303,190,4,202,0,271,1317,342,134,374,268,437,1149,495,434,531,906,573,661,584,2
865,0,304,41,1071,40,4,160,0,165,1221,191,114,325,1220,342,232,389,373,484,1041,484,575,542,804,544,-1,-1,-1,-1,-1,-1,2
729,0,539,9,925,19,385,44,379,48,244,99,1079,162,2,243,0,303,1083,328,94,391,190,448,910,493,299,531,683,572,473,580,2
886,0,677,10,482,49,332,111,1063,150,211,184,0,357,1061,354,75,505,158,561,859,572,239,639,612,673,400,690,-1,-1,-1,-1,2
828,0,608,3,1062,29,428,40,277,93,134,153,1241,206,6,237,0,303,87,405,1229,409,284,574,994,591,472,650,713,661,-1,-1,2
691,0,496,14,913,21,324,51,1140,76,12,173,0,241,1298,258,101,355,1279,442,328,545,1054,597,530,629,779,650,-1,-1,-1,-1,2
597,0,813,3,394,25,1045,42,200,60,1275,112,12,134,0,210,1431,294,136,340,277,427,1422,463,439,552,1216,607,677,639,943,659,2
465,0,913,34,21,67,1133,100,0,149,155,313,1485,383,315,422,1473,544,504,569,1282,672,757,677,1023,711,-1,-1,-1,-1,-1,-1,2
703,0,470,0,928,28,16,82,1153,90,0,169,170,332,1517,369,339,437,1514,532,546,586,1334,666,809,690,1079,714,-1,-1,-1,-1,2
195,0,379,5,555,25,12,36,716,62,0,109,863,125,1005,208,143,261,1090,351,275,354,1086,467,446,484,970,560,633,568,812,589,2
203,0,389,20,15,22,561,55,0,98,713,106,848,178,978,269,140,266,268,370,1044,414,437,511,1034,526,612,603,925,609,775,633,2
208,0,396,19,14,23,571,53,719,105,0,100,852,172,976,263,149,273,283,377,1045,405,1039,516,457,517,937,601,634,605,795,629,2
23,0,351,74,0,85,485,141,587,214,667,300,107,301,743,398,206,427,771,534,349,589,756,633,471,689,678,704,580,721,-1,-1,2
23,0,416,36,0,77,587,87,729,153,852,234,136,266,966,333,262,383,1019,480,427,541,1003,589,596,645,895,665,753,682,-1,-1,2
21,0,427,14,609,57,0,77,768,116,909,195,143,256,1041,293,278,370,1108,444,448,522,1092,560,633,625,972,644,812,662,-1,-1,2
246,0,27,8,455,38,646,87,0,87,811,153,957,239,144,274,1088,342,282,395,1152,498,451,555,1128,615,642,666,998,695,826,709,2
250,0,28,8,462,36,657,86,0,85,829,152,981,241,140,271,1117,347,280,393,1180,507,446,553,1154,624,641,666,1013,703,832,713,2
460,0,298,10,635,10,142,34,0,86,1018,122,94,261,1145,287,1131,431,327,445,515,532,954,539,728,565,-1,-1,-1,-1,-1,-1,2
546,0,390,9,729,20,250,34,915,69,5,130,0,184,1044,223,87,275,182,334,1028,369,281,428,854,485,444,498,638,519,-1,-1,2
531,0,377,8,709,19,243,33,116,69,891,69,4,127,0,181,1016,222,85,272,178,331,999,367,271,424,825,482,426,492,614,515,2
519,0,370,11,692,16,237,38,869,63,117,74,4,137,0,191,992,212,84,283,176,339,978,357,267,431,811,476,420,497,607,514,2
510,0,363,11,682,18,235,39,854,64,113,77,4,137,0,192,973,215,81,281,170,338,955,358,255,429,788,475,405,495,586,513,2
452,0,616,11,317,15,784,52,93,82,0,187,899,196,72,268,879,335,227,397,715,444,361,457,526,476,-1,-1,-1,-1,-1,-1,2
418,0,569,6,294,18,723,39,186,50,87,90,0,147,832,166,2,194,76,267,822,293,152,313,230,383,682,402,357,433,511,442,2
422,0,567,11,298,12,190,38,711,47,93,73,0,127,1,173,810,171,74,246,150,290,796,289,225,362,661,388,350,412,498,422,2
411,0,553,8,289,14,184,39,696,43,88,74,0,128,797,163,0,173,72,242,784,281,222,356,653,379,346,404,492,414,-1,-1,2
418,0,301,5,550,17,196,24,93,53,677,57,2,102,0,148,762,173,72,224,750,280,224,341,632,369,344,390,484,401,-1,-1,2
419,0,303,1,199,17,547,21,96,42,668,64,4,89,0,134,746,178,72,209,730,280,220,328,614,362,337,378,471,390,-1,-1,2
459,0,617,8,324,16,206,46,777,44,891,179,0,197,81,275,880,312,165,323,248,402,734,424,387,456,552,466,-1,-1,-1,-1,2
482,0,649,9,339,17,214,49,820,47,102,89,943,187,0,203,84,284,171,332,929,327,258,415,770,442,404,471,577,483,-1,-1,2
500,0,681,2,349,24,869,36,221,62,102,109,0,177,1005,181,0,231,86,312,994,331,269,445,821,462,426,502,613,511,-1,-1,2
189,0,359,15,20,23,529,43,0,86,689,92,845,165,106,225,988,262,1052,416,336,445,1015,527,501,545,862,594,679,594,-1,-1,2
298,0,452,1,148,12,610,22,10,53,775,70,0,111,935,144,100,221,203,292,1029,291,319,398,1008,411,483,479,856,497,666,513,2
405,0,266,4,549,12,130,22,697,49,6,65,840,108,0,118,99,213,923,233,196,272,907,339,304,359,777,419,452,421,612,441,2
356,0,484,7,233,8,113,27,620,36,6,67,750,84,0,113,86,195,829,197,172,246,815,292,269,321,696,366,401,373,547,390,2
227,0,345,5,465,25,0,34,588,66,702,125,144,221,762,235,230,300,739,322,350,361,624,381,484,389,-1,-1,-1,-1,-1,-1,2
525,0,874,14,374,25,236,71,113,121,1012,129,0,196,5,249,1025,255,114,322,221,362,892,384,345,430,704,450,517,464,-1,-1,2
637,0,846,1,453,29,1058,30,287,76,133,134,1216,171,0,216,2,279,1220,320,129,369,254,418,1050,466,397,500,821,537,598,547,2
790,0,574,7,373,35,1027,33,182,79,1267,98,11,152,0,225,1431,284,134,351,274,431,1423,456,431,547,1210,605,665,634,933,655,2
762,0,550,9,1002,30,356,40,173,83,1248,92,9,155,0,226,1420,280,125,347,258,424,1413,457,406,540,1192,605,637,629,906,653,2
667,0,895,12,471,22,1137,58,299,63,142,114,4,187,1313,232,0,252,111,355,1311,409,229,420,359,523,1097,563,569,600,821,617,2
658,0,483,3,847,21,337,32,211,75,98,127,986,153,0,194,2,245,983,293,92,319,184,362,823,423,282,434,621,480,437,480,2
642,0,470,4,822,24,325,31,205,72,94,122,961,155,0,188,3,238,960,295,90,312,804,423,274,428,426,476,607,477,-1,-1,2
438,0,603,2,302,23,772,37,190,60,86,106,0,169,884,177,1,218,78,293,862,316,156,337,235,408,230,413,702,430,361,461,2
463,0,325,3,205,23,628,25,97,55,793,86,2,107,0,158,72,245,893,248,858,386,218,392,345,463,688,479,503,494,-1,-1,2
314,0,459,7,196,11,92,37,635,46,0,90,812,128,2,143,79,237,919,314,228,406,879,462,355,490,514,536,703,539,-1,-1,2
200,0,324,3,91,17,470,25,0,64,641,81,3,119,806,183,89,223,891,371,241,404,364,493,845,502,510,545,682,559,-1,-1,2
199,0,323,5,89,14,468,29,638,86,0,113,799,189,169,285,882,373,237,398,360,486,837,498,506,539,677,553,-1,-1,-1,-1,2
206,0,95,9,330,11,472,42,0,49,1,104,636,105,83,212,790,210,866,390,236,398,357,489,821,514,501,546,668,563,-1,-1,2
202,0,324,1,91,18,468,20,0,63,635,69,5,118,796,161,97,218,892,333,262,393,860,460,392,475,542,520,711,524,-1,-1,2
202,0,325,1,94,16,468,20,0,65,636,68,4,119,796,159,96,218,184,281,891,331,261,392,858,458,390,474,540,518,710,521,2
202,0,324,0,91,18,468,19,0,64,635,67,3,118,796,158,96,218,891,330,260,392,860,456,389,474,540,517,710,521,-1,-1,2
327,0,474,3,201,11,646,35,91,41,0,98,813,110,11,154,117,246,923,270,904,400,306,403,445,471,766,481,600,496,-1,-1,2
325,0,203,6,473,11,91,30,642,50,0,82,7,137,806,132,108,232,202,290,909,297,287,398,886,425,422,472,744,498,576,506,2
322,0,200,5,468,10,89,30,640,48,0,82,9,137,806,132,107,231,908,299,285,395,883,425,417,468,737,497,569,503,-1,-1,2
320,0,198,6,467,10,87,30,638,49,0,82,7,137,805,133,107,232,907,300,283,397,881,428,416,470,734,500,567,506,-1,-1,2
320,0,197,7,466,11,87,32,637,49,0,83,7,138,804,133,107,232,199,289,907,300,282,396,881,427,415,469,735,498,568,504,2
320,0,197,6,468,10,89,31,638,50,0,84,8,138,805,133,108,232,908,299,284,396,883,426,417,469,737,498,569,505,-1,-1,2
195,0,471,6,82,25,647,48,0,135,816,134,102,234,915,304,284,399,886,431,419,472,738,502,571,507,-1,-1,-1,-1,-1,-1,2
352,0,222,8,506,12,103,32,682,56,0,84,1,142,854,141,91,245,953,322,260,421,916,461,398,505,748,542,562,546,-1,-1,2
366,0,232,9,522,8,108,36,700,51,1,90,873,133,0,149,92,253,972,312,266,428,934,456,406,511,765,541,575,550,-1,-1,2
272,0,414,3,134,12,561,23,8,52,714,70,0,107,857,141,93,210,933,279,288,373,904,388,432,445,763,462,593,475,-1,-1,2
384,0,253,4,521,14,668,50,10,62,0,113,805,110,92,203,883,236,180,259,860,340,275,346,412,407,726,415,565,431,-1,-1,2
456,0,596,1,328,20,732,24,211,54,98,99,829,120,0,160,4,208,830,219,101,272,195,305,724,319,296,359,580,371,434,384,2
579,0,723,5,435,15,309,50,836,91,196,96,847,193,0,222,6,267,744,308,105,321,199,346,595,376,303,389,445,403,-1,-1,2
628,0,471,8,787,18,334,37,211,82,907,121,95,137,0,207,914,238,7,256,110,320,794,354,318,409,631,418,469,436,-1,-1,2
564,0,744,7,402,21,922,45,254,59,117,111,1040,178,0,186,7,245,1031,307,125,328,238,373,887,426,359,448,704,482,525,489,2
584,0,416,14,767,15,265,46,948,61,123,91,0,161,1066,203,4,221,120,310,1053,335,232,360,353,445,899,449,522,494,707,496,2
612,0,436,11,803,19,277,41,994,71,129,84,0,154,3,216,1115,219,120,311,1100,358,235,367,359,457,936,475,536,514,731,521,2
653,0,467,6,856,27,296,33,138,74,1058,87,0,143,1,208,1186,248,121,311,242,374,1165,394,371,473,986,511,557,539,765,553,2
761,0,551,5,355,33,987,32,168,78,1210,97,3,156,0,229,1353,271,144,347,287,419,1340,431,443,531,1148,565,663,605,903,618,2
399,0,841,12,192,23,1074,75,7,89,0,170,1297,173,147,316,1419,374,292,407,1383,538,451,545,672,644,1171,653,915,681,-1,-1,2
600,0,389,12,823,13,187,43,1057,67,6,112,1284,156,0,191,146,330,1418,351,293,414,1392,516,454,549,1185,639,680,643,928,674,2
600,0,390,10,819,16,189,37,1046,69,8,104,1267,159,0,183,147,323,1396,350,294,407,1370,511,456,540,1171,630,678,634,921,663,2
592,0,385,10,807,14,186,40,1030,66,7,107,1245,153,0,184,148,323,1372,341,292,405,1349,497,454,537,1156,618,674,627,912,654,2
568,0,367,10,779,15,176,41,998,66,4,105,1209,153,0,180,138,311,1327,337,274,392,1296,490,425,516,1100,603,633,605,861,633,2
557,0,360,4,762,19,173,29,975,76,6,86,0,160,1179,163,133,291,1292,345,264,372,1260,493,411,498,612,589,1067,598,835,621,2
363,0,556,4,178,14,757,32,11,64,963,96,0,136,1159,193,126,271,251,358,1260,378,390,488,1222,520,584,585,1029,614,800,628,2
566,0,372,0,182,20,760,20,953,74,8,76,0,149,1137,156,142,283,1243,322,278,362,1223,457,437,485,1059,560,638,568,849,592,2
414,0,208,3,616,14,811,50,11,54,995,117,0,134,1164,209,153,287,297,378,1251,376,1227,506,465,513,1070,603,667,603,871,630,2
424,0,214,3,626,17,813,55,10,52,984,121,0,136,1144,211,164,296,1227,372,311,387,1211,499,494,526,1072,598,695,611,890,632,2
229,0,438,18,10,33,620,55,770,109,0,136,889,182,1003,274,183,335,1059,419,328,437,1051,532,524,583,961,626,692,659,836,667,2
215,0,411,22,9,32,583,61,717,115,0,134,825,186,174,335,312,434,972,520,500,574,656,646,784,651,-1,-1,-1,-1,-1,-1,2
18,0,264,17,0,68,455,108,73,213,577,246,140,293,588,353,240,411,565,432,327,479,493,486,411,499,-1,-1,-1,-1,-1,-1,2
169,0,330,10,13,28,485,35,623,76,0,93,748,138,861,220,112,227,214,305,910,350,348,427,886,448,491,502,772,515,634,530,2
200,0,381,16,16,28,557,49,716,97,0,99,862,169,129,250,993,262,249,340,1050,409,393,475,1021,518,559,566,891,590,727,602,2
207,0,397,20,19,22,579,57,0,94,746,112,901,191,128,252,1038,289,252,349,1097,443,394,490,1064,554,567,588,921,624,745,632,2
350,0,173,9,531,9,713,39,11,52,897,100,0,119,1071,192,121,251,240,332,1161,357,376,458,1129,488,558,550,960,574,755,588,2
523,0,342,1,168,18,712,20,9,71,909,75,0,138,1097,160,122,263,1202,332,245,341,379,462,1173,470,567,552,994,566,776,587,2
509,1,332,0,163,16,697,23,11,66,897,79,0,132,1089,169,112,257,227,335,1195,347,352,460,1160,490,535,555,971,583,746,597,2
448,0,628,5,289,17,139,48,830,43,7,107,1033,120,0,170,101,282,1154,303,208,353,1119,459,311,465,482,552,919,569,688,589,2
534,0,740,10,365,22,227,59,961,61,104,107,0,175,1,233,1115,245,87,325,180,382,1088,424,267,481,873,554,428,557,631,586,2
518,0,358,16,718,17,224,48,927,75,103,91,0,156,1072,262,82,311,1044,437,406,553,836,562,603,587,-1,-1,-1,-1,-1,-1,2
478,0,327,8,665,24,206,35,98,71,861,91,4,130,0,186,68,282,987,291,201,448,942,467,333,536,730,576,509,584,-1,-1,2
466,0,315,8,660,26,194,33,90,71,867,102,0,131,1,187,73,286,1011,323,151,351,212,465,969,511,348,562,526,618,753,620,2
464,0,314,3,194,24,658,33,89,59,0,117,864,117,0,175,79,275,1003,336,223,458,962,520,358,556,534,614,753,619,-1,-1,2
452,0,293,2,173,21,665,34,74,56,0,119,894,137,12,176,107,275,1052,371,274,461,418,555,1014,548,595,613,810,626,-1,-1,2
295,0,451,0,174,18,661,34,76,54,0,117,882,136,12,175,111,274,1030,367,280,459,992,540,418,552,591,606,796,618,-1,-1,2
303,0,182,8,458,13,80,34,658,64,0,91,9,149,862,178,103,254,990,407,260,450,395,548,946,569,560,610,757,633,-1,-1,2
305,0,184,5,457,19,82,28,654,73,0,82,9,139,855,193,97,247,981,426,250,446,380,551,935,589,544,619,742,648,-1,-1,2
302,0,182,5,455,17,81,28,653,72,0,80,7,137,855,190,95,244,981,420,248,442,378,545,935,583,543,613,742,642,-1,-1,2
300,0,182,4,453,17,80,26,0,78,650,71,6,136,853,190,94,242,980,423,245,442,376,546,935,586,542,616,742,645,-1,-1,2
187,3,306,0,459,17,83,25,0,76,652,73,5,133,851,189,92,240,976,421,242,441,373,547,932,583,539,616,739,644,-1,-1,2
381,0,237,25,782,30,108,64,1012,118,0,131,1,193,91,300,1144,340,263,484,1086,522,416,578,852,625,612,628,-1,-1,-1,-1,2
459,0,651,6,290,16,134,50,869,50,0,116,1083,136,1,185,116,302,1209,336,234,376,344,500,1171,500,523,589,966,608,733,628,2
680,0,479,6,905,32,300,33,137,78,1129,104,0,155,5,227,1266,294,137,337,1237,456,394,519,1038,576,804,614,-1,-1,-1,-1,2
529,0,337,7,738,18,159,33,965,75,4,95,0,168,1185,176,125,298,251,379,1302,381,378,515,1254,543,571,613,1039,644,794,657,2
572,0,367,9,790,15,173,40,1018,68,1,109,1239,160,0,187,149,321,1366,353,290,400,1335,513,443,536,657,627,1133,628,890,657,2
601,0,389,6,818,18,185,36,1039,70,3,104,1250,163,0,185,159,325,1368,351,311,407,1340,505,472,542,1151,620,689,630,918,655,2
623,0,844,8,403,17,1063,52,190,56,1269,132,0,140,3,226,1390,307,186,360,351,432,1369,457,532,557,1199,580,755,625,980,631,2
461,0,229,11,686,16,901,53,9,71,1103,124,0,156,1282,224,177,318,1370,399,340,409,1337,536,520,557,1168,638,738,646,956,671,2
508,0,756,6,250,21,985,37,1193,101,2,101,1378,197,0,203,1473,372,218,375,407,464,1450,516,621,607,1290,634,858,682,1082,685,2
503,0,746,5,250,18,969,36,1170,101,5,97,1355,196,0,200,1447,373,212,371,395,460,1425,518,607,607,1267,638,840,684,1062,690,2
217,0,426,2,615,27,10,51,774,71,906,136,0,145,1025,225,166,316,1075,371,303,402,1052,485,480,539,942,577,647,609,801,616,2
213,1,417,0,602,22,8,55,758,64,0,149,1003,214,167,320,1055,358,302,403,1036,472,480,539,930,566,646,605,795,609,-1,-1,2
329,0,168,5,478,17,8,44,600,52,0,127,786,185,122,272,818,309,222,344,796,406,362,456,705,482,485,512,598,516,-1,-1,2
269,0,136,5,394,14,500,42,6,49,585,86,0,118,665,151,100,237,694,257,183,296,679,342,305,392,603,412,412,440,509,443,2
249,0,126,0,368,15,9,32,478,42,0,85,662,149,86,187,162,242,699,253,679,332,270,332,268,336,590,389,376,389,484,405,2
242,0,362,11,471,34,5,38,571,72,0,90,88,186,703,232,683,310,274,323,597,367,383,373,491,386,-1,-1,-1,-1,-1,-1,2
464,0,631,18,286,18,786,42,933,47,127,82,1027,103,1011,219,8,223,918,345,0,367,789,459,118,495,643,545,281,576,467,593,3
464,0,631,17,286,18,786,43,933,47,127,81,1026,104,1010,219,9,222,918,345,0,367,790,459,119,495,644,545,282,576,468,594,3
465,0,632,18,286,17,788,43,936,48,128,80,1029,105,1013,223,9,221,918,347,0,365,789,461,118,494,642,546,279,575,466,594,3
466,0,288,17,634,19,789,45,937,51,129,81,1030,108,10,219,1013,223,920,349,0,364,790,462,118,492,642,547,280,574,466,594,3
476,0,645,18,294,18,799,45,944,49,130,83,1036,106,1022,223,8,229,933,349,0,381,806,467,125,513,661,557,294,594,485,609,3
508,0,706,8,1072,23,893,28,306,32,1187,85,130,115,1172,223,3,279,1063,376,0,441,912,515,136,579,739,620,322,664,535,680,3
502,0,691,3,869,16,305,36,1144,61,128,122,1,292,1047,341,0,457,912,483,145,591,753,596,339,666,555,669,-1,-1,-1,-1,3
520,0,711,10,1060,24,890,28,321,29,1171,82,142,108,1161,214,8,272,1061,362,0,437,917,500,138,577,750,608,328,662,547,674,3
527,0,718,11,1073,31,328,27,898,31,1182,87,148,105,1173,220,11,268,1071,369,0,432,926,507,137,576,756,615,328,665,549,679,3
532,0,725,14,331,24,907,37,1083,37,151,99,1195,100,1180,234,13,260,1073,384,0,423,920,520,131,569,746,624,319,661,537,682,3
533,0,726,14,330,26,1086,38,910,37,1200,100,149,102,1187,236,11,265,1080,386,0,431,928,524,134,577,754,629,325,670,544,689,3
558,0,760,13,347,27,1130,35,949,36,1248,97,156,107,1236,236,12,278,1130,391,0,452,976,536,145,604,797,648,347,698,580,714,3
574,0,766,18,370,20,946,44,1118,52,180,86,1228,108,1223,239,24,242,1126,381,0,411,980,518,138,569,802,626,342,668,581,689,3
576,0,772,17,369,23,954,42,1125,47,176,92,1240,104,1236,237,21,253,1141,381,0,427,996,522,146,585,821,633,356,683,599,700,3
586,0,778,20,377,19,954,48,1116,54,181,87,1226,111,1226,239,20,248,1142,381,0,428,1008,520,153,591,839,633,372,691,620,706,3
583,0,778,18,372,23,958,44,1127,50,177,94,1237,105,1238,235,18,259,1153,380,0,440,1017,524,155,603,849,640,378,703,626,715,3
573,0,769,14,364,26,952,36,1120,37,1237,93,172,99,1240,226,17,266,1157,374,0,445,1022,520,156,606,852,639,377,705,628,716,3
567,0,763,12,358,29,1110,33,944,33,1225,88,166,104,1230,219,13,276,1151,368,0,457,1018,517,160,617,852,638,383,712,634,719,3
562,0,754,16,354,25,931,39,1091,41,1205,95,163,97,1208,224,11,266,1132,368,0,446,1004,512,161,605,844,629,383,699,629,707,3
541,0,722,19,341,21,888,45,1037,50,157,87,1143,103,1143,227,11,247,1071,362,0,423,952,496,157,578,801,607,369,670,600,679,3
529,0,708,19,332,20,871,45,1017,49,151,87,1120,102,1123,224,8,249,1056,357,0,424,943,490,158,578,797,601,371,668,601,675,3
572,0,370,6,749,31,180,60,904,69,1135,143,20,218,1063,389,0,404,948,517,157,573,804,622,374,676,606,690,-1,-1,-1,-1,3
542,0,347,6,713,32,164,59,862,70,998,88,1087,144,15,214,1087,261,1027,387,0,400,924,513,160,568,787,618,373,671,597,686,3
484,0,304,6,639,29,776,64,138,61,896,77,982,130,6,212,983,240,933,359,0,389,840,480,153,546,723,580,351,638,555,647,3
494,0,314,2,651,32,145,54,788,69,906,86,991,140,11,201,989,251,936,369,0,378,842,488,149,541,721,586,346,637,550,651,3
317,0,488,9,152,41,635,49,762,92,877,116,17,180,947,279,0,354,892,390,800,500,140,520,685,590,326,624,522,646,-1,-1,3
284,0,439,12,137,35,567,52,678,94,772,117,840,170,15,164,832,267,0,328,787,369,707,468,126,484,607,550,291,581,465,601,3
258,0,409,7,119,38,536,41,645,80,7,168,803,245,0,327,762,346,689,446,127,477,593,529,290,567,458,582,-1,-1,-1,-1,3
260,0,410,7,119,39,534,42,641,80,7,168,0,326,754,340,681,438,129,474,588,519,292,561,457,573,-1,-1,-1,-1,-1,-1,3
242,0,385,5,504,38,113,38,609,73,763,140,9,159,756,231,0,307,717,328,643,424,114,448,549,502,264,533,422,550,-1,-1,3
246,0,387,3,502,34,113,40,601,67,685,83,747,128,8,165,741,216,702,310,0,315,631,404,118,450,545,483,268,527,421,536,3
381,2,239,0,499,30,107,42,597,62,602,63,747,122,4,173,702,307,0,324,634,401,122,456,546,481,272,530,424,536,-1,-1,3
243,0,388,1,507,32,109,43,609,64,696,77,757,125,4,171,707,308,0,320,634,401,119,450,544,478,268,523,419,530,-1,-1,3
388,1,243,0,507,30,108,45,609,63,698,77,759,124,4,174,752,213,709,308,0,324,636,402,120,454,547,480,270,527,423,533,3
382,0,237,3,505,25,609,53,103,53,703,66,764,110,0,189,715,300,1,340,643,399,125,467,553,480,276,536,429,537,-1,-1,3
384,0,238,4,509,25,614,55,101,55,704,66,767,112,0,190,760,203,716,302,0,340,642,399,124,467,552,480,275,535,428,536,3
384,0,237,5,508,25,614,54,101,57,705,65,769,110,0,193,762,202,719,301,2,343,643,399,126,468,554,480,429,537,276,536,3
388,0,242,7,513,22,618,48,105,61,775,102,2,197,726,291,0,348,653,392,124,471,561,475,435,535,278,537,-1,-1,-1,-1,3
385,0,235,11,511,19,620,43,99,71,782,93,0,216,733,291,5,368,659,396,567,483,132,489,441,546,287,551,-1,-1,-1,-1,3
391,0,240,9,518,20,627,45,105,65,0,208,735,293,3,358,658,394,567,480,131,480,440,540,285,543,-1,-1,-1,-1,-1,-1,3
395,0,244,9,520,21,630,45,724,53,105,67,787,99,782,190,1,209,737,294,0,362,659,397,565,484,125,486,436,547,279,550,3
389,0,238,11,517,20,631,45,730,53,103,67,798,99,791,193,0,205,739,298,0,351,658,399,119,473,558,484,269,539,426,541,3
366,0,224,12,490,16,601,37,698,43,96,66,762,85,1,192,702,271,0,323,622,366,111,434,525,443,252,493,400,495,-1,-1,3
363,0,222,12,486,16,596,37,694,40,94,66,761,82,754,169,1,190,702,268,0,320,621,362,111,428,525,439,250,488,398,490,3
237,0,509,9,619,32,105,52,785,84,773,164,4,178,718,266,0,311,635,359,111,422,535,436,254,483,406,486,-1,-1,-1,-1,3
388,0,532,9,235,21,783,23,663,25,864,68,99,82,859,167,0,213,792,277,0,344,692,382,114,453,576,465,264,516,429,519,3
400,0,545,13,245,19,678,31,802,33,884,78,105,79,876,179,4,207,803,290,0,339,699,394,111,451,578,476,261,518,426,527,3
413,0,563,13,254,16,703,35,837,38,113,74,922,87,909,191,8,199,824,304,0,327,707,406,105,440,575,484,249,511,416,528,3
413,0,563,15,254,15,702,37,836,41,113,72,920,92,908,196,8,197,823,308,0,325,707,410,105,441,574,487,250,513,417,531,3
441,0,278,11,589,20,724,46,852,53,128,64,931,103,11,191,918,204,838,311,0,325,727,410,112,444,597,488,265,519,439,534,3
415,0,261,13,558,17,690,40,816,44,121,65,895,92,12,186,883,190,804,296,0,311,693,393,103,423,566,467,248,494,412,510,3
405,0,255,11,546,15,675,37,798,41,117,61,874,87,863,181,10,180,786,285,0,303,681,380,102,414,556,453,243,481,405,496,3
399,0,249,15,538,15,666,37,788,42,113,66,862,85,853,179,9,184,778,280,0,305,674,375,101,414,552,448,245,480,405,491,3
390,0,526,16,243,15,655,37,774,41,110,64,849,85,838,177,10,179,764,278,0,297,658,371,98,399,538,441,234,464,392,481,3
397,0,251,7,530,19,654,43,771,51,117,52,845,97,12,163,831,186,0,281,757,285,652,373,96,388,532,440,-1,-1,-1,-1,3
392,0,251,5,521,20,641,45,120,48,825,99,15,154,0,267,736,280,631,364,90,373,512,427,216,443,368,462,-1,-1,-1,-1,3
405,0,263,2,531,26,129,39,649,55,763,70,830,116,20,140,812,203,0,254,732,292,84,364,625,373,504,433,211,437,360,460,3
380,0,243,4,505,21,119,45,626,48,816,104,18,142,802,193,0,249,721,286,79,355,613,368,489,427,200,427,345,455,-1,-1,3
348,0,476,8,215,19,597,20,791,58,96,71,6,181,718,250,0,292,621,345,89,389,505,418,216,449,366,462,-1,-1,-1,-1,3
345,0,469,5,697,13,586,15,210,19,766,48,88,75,763,133,3,186,700,230,0,297,610,322,95,389,504,395,224,441,372,444,3
360,0,226,10,482,17,595,38,708,43,106,53,776,85,12,154,760,171,690,259,0,259,592,340,85,355,479,401,205,418,345,435,3
368,0,236,5,491,20,114,44,603,45,717,55,779,98,16,141,766,182,0,247,690,269,81,346,588,348,473,405,200,413,339,436,3
361,0,230,7,483,18,598,40,709,49,108,48,775,92,13,147,765,175,0,252,690,263,591,343,84,350,477,402,204,414,343,433,3
506,0,509,5,777,9,644,14,219,29,862,48,861,148,1,211,786,258,0,329,680,365,104,428,556,446,405,496,-1,-1,-1,-1,3
781,0,516,3,376,5,652,9,224,33,868,37,93,98,869,136,0,226,800,251,1,350,698,362,577,450,111,450,260,507,425,507,3
560,0,706,3,402,5,936,29,237,44,96,122,932,140,861,265,0,269,755,385,11,405,631,483,138,508,474,551,299,560,-1,-1,3
440,0,599,15,268,20,747,37,887,40,115,82,975,91,961,200,3,222,873,318,0,361,754,427,119,479,618,511,278,549,455,560,3
946,0,634,5,460,7,796,13,1048,45,277,45,114,128,1048,164,0,290,971,301,854,434,6,443,713,542,149,562,535,618,334,625,3
986,0,659,0,478,0,826,10,286,40,1086,47,118,127,1085,171,0,294,1001,313,879,450,6,454,733,561,154,579,550,638,344,644,3
519,0,705,18,320,21,875,45,1036,49,141,92,1139,109,1124,236,6,255,1025,373,0,419,886,500,138,561,728,599,325,645,534,658,3
534,0,335,19,721,20,893,48,1056,56,153,87,1158,115,1142,242,12,246,1040,379,0,407,897,505,733,602,-1,-1,-1,-1,-1,-1,3
531,0,717,19,331,20,890,45,1051,49,150,90,1155,109,1143,236,11,250,1045,375,0,416,906,504,139,561,743,605,329,650,544,666,3
536,0,725,18,335,20,899,45,1066,51,153,90,1169,110,1155,240,13,250,1056,380,0,415,913,511,137,563,748,612,328,654,545,671,3
547,0,739,20,341,21,916,49,1083,55,154,93,1190,117,1174,248,12,257,1071,393,0,427,925,526,140,576,757,628,333,669,553,687,3
557,0,754,20,348,19,937,49,1110,55,159,91,1221,121,1204,255,14,254,1095,401,0,424,943,535,138,575,767,637,332,672,556,695,3
557,0,759,18,347,22,949,46,1131,51,159,97,1248,118,1232,258,15,259,1120,409,0,430,961,548,137,584,778,653,331,684,560,711,3
553,0,757,15,343,27,950,41,1135,43,156,103,1256,110,1241,251,13,268,1130,407,0,438,968,550,137,592,785,658,333,692,563,717,3
551,0,754,15,340,28,948,39,1132,40,154,104,1254,106,1240,247,13,269,1130,403,0,440,969,547,138,593,786,656,334,691,566,716,3
549,0,751,13,338,29,1130,35,944,36,1251,100,152,108,1239,242,11,274,1127,398,0,445,968,543,137,596,785,653,334,693,565,715,3
529,0,735,5,1126,15,934,21,320,36,1255,75,139,122,1246,221,7,289,1136,385,0,457,975,536,137,604,788,651,334,698,566,717,3
524,0,727,7,1114,20,922,25,318,35,1237,78,139,118,1231,221,6,283,1123,381,0,450,965,529,140,595,784,641,337,687,565,706,3
543,0,743,11,336,29,1118,31,934,32,1239,93,152,107,1228,233,12,272,1118,389,0,441,961,533,138,591,780,643,334,685,561,706,3
521,0,720,5,916,23,321,33,1237,77,145,113,1227,220,12,273,1110,382,0,434,944,528,127,578,757,637,313,673,538,697,-1,-1,3
517,0,718,4,1117,10,918,18,318,37,1249,71,143,119,1239,217,12,279,1118,382,0,438,949,530,125,581,756,640,310,676,534,699,3
518,0,1129,0,722,0,925,11,318,39,1264,59,143,121,1257,210,13,284,1130,379,0,444,956,532,125,587,759,646,309,681,535,706,3
1131,0,714,9,509,11,919,15,314,55,1272,58,141,140,1262,215,12,302,1127,390,0,460,946,547,118,601,745,662,297,697,519,721,3
1051,0,833,32,631,41,1201,47,440,59,266,114,116,204,1201,208,7,359,1064,399,0,504,882,567,104,632,683,684,263,721,466,745,3
1028,0,813,38,1180,44,611,52,424,75,254,134,1185,208,109,230,4,387,1053,403,0,534,874,577,103,661,680,701,263,747,466,767,3
1029,0,807,40,1185,46,605,55,418,79,253,138,1188,212,109,230,7,386,1047,411,0,530,863,584,99,657,665,707,253,745,451,769,3
1117,0,756,1,562,18,385,43,230,102,1123,167,97,194,4,345,986,362,0,483,810,533,94,604,622,651,237,688,422,710,-1,-1,3
1050,0,709,3,528,21,363,47,216,104,1055,160,91,194,3,339,923,350,0,472,757,514,86,588,579,629,220,667,393,687,-1,-1,3
898,0,1038,39,695,43,517,63,353,89,210,147,1044,199,88,237,3,381,912,392,0,512,746,557,85,627,570,671,216,706,386,727,3
889,0,1028,37,689,46,511,68,349,96,209,156,1034,200,87,248,3,395,904,396,0,528,740,565,85,643,566,682,216,722,384,742,3
994,0,638,34,459,68,307,108,178,175,1006,171,70,270,869,383,0,412,1,536,702,560,77,643,529,679,197,717,355,737,-1,-1,3
808,0,950,30,613,61,443,94,296,132,173,197,961,194,833,401,0,429,0,553,674,574,76,659,508,692,190,732,341,751,-1,-1,3
782,0,935,21,581,75,410,118,267,164,958,193,152,235,60,329,829,414,0,465,7,583,669,597,79,684,503,717,191,755,338,775,3
760,0,905,24,568,69,404,107,264,149,924,194,152,216,59,308,799,404,0,444,7,561,647,578,80,662,488,695,186,732,330,750,3
751,0,888,27,565,65,405,98,267,137,903,193,154,202,60,293,779,398,0,429,5,546,630,567,75,647,476,680,183,716,321,735,3
740,0,878,23,554,71,394,110,258,153,899,191,148,222,57,316,779,403,0,454,5,573,633,581,78,674,480,699,186,743,324,759,3
741,0,884,23,553,74,391,114,255,157,908,196,145,228,55,323,785,415,0,585,638,600,71,691,480,723,180,763,321,783,-1,-1,3
746,0,882,26,562,70,405,108,267,150,901,197,157,220,62,317,781,415,0,462,4,588,636,598,76,695,483,722,184,769,326,785,3
745,0,884,27,561,72,404,110,268,153,903,198,157,222,62,319,783,415,0,463,3,588,636,597,75,694,480,722,183,767,326,784,3
783,0,915,39,594,52,432,74,291,103,173,161,922,207,74,246,2,385,789,406,0,508,631,569,66,618,473,676,171,697,311,724,3
835,0,650,33,485,40,960,47,335,56,204,103,89,184,957,201,7,318,825,377,0,443,668,523,74,555,506,620,188,636,339,664,3
635,0,945,6,469,11,193,81,82,161,948,160,3,301,823,340,0,426,672,490,77,536,512,592,194,614,344,639,-1,-1,-1,-1,3
828,0,645,36,479,46,951,43,328,66,195,116,951,194,80,201,0,340,829,371,1,467,681,520,81,578,523,623,204,653,358,674,3
880,0,525,18,696,22,365,26,1000,53,221,67,93,147,990,202,3,288,862,369,0,419,707,507,86,536,545,601,212,618,373,645,3
862,0,660,41,477,54,1004,51,313,74,173,126,1003,211,61,215,0,355,872,390,15,477,717,534,110,581,559,629,238,651,395,673,3
879,0,663,45,1029,53,473,59,305,83,164,136,1026,220,57,226,0,366,887,407,17,487,724,553,114,589,563,644,242,659,394,681,3
885,0,666,43,473,58,1036,54,303,80,160,134,54,225,1032,222,0,366,890,410,22,487,728,553,120,589,567,644,249,659,404,683,3
894,0,673,38,481,46,310,63,1044,60,165,113,56,202,1034,227,0,341,887,407,19,462,721,545,115,565,558,631,242,638,396,665,3
855,0,647,35,464,40,300,53,999,59,162,98,57,182,997,218,0,317,861,392,19,434,706,524,113,538,549,608,239,611,390,644,3
825,0,614,41,425,52,975,57,257,71,120,119,18,203,979,218,847,397,0,458,695,531,102,558,541,618,230,628,384,653,-1,-1,3
862,0,648,37,459,42,292,57,1014,60,153,101,52,184,1013,222,0,318,875,396,24,434,717,526,122,536,250,608,561,607,402,638,3
867,0,651,34,461,39,291,54,1017,62,154,97,50,183,0,319,876,402,24,438,719,534,123,542,253,615,563,615,404,645,-1,-1,3
871,0,655,34,465,36,295,48,1020,64,155,92,51,178,1016,227,0,314,876,403,25,433,719,531,124,537,253,610,562,612,405,640,3
869,0,653,34,462,38,293,50,1019,64,154,94,49,181,1015,228,0,317,876,405,23,437,719,535,123,542,252,615,563,615,404,646,3
869,0,654,35,464,40,293,54,1019,62,154,99,50,185,1016,225,0,323,878,402,26,441,722,531,127,544,258,616,567,613,410,644,3
865,0,650,38,460,44,290,60,1017,61,152,106,50,192,1016,225,0,330,878,401,26,447,723,533,127,549,567,617,256,621,408,649,3
868,0,651,37,460,44,290,59,1020,61,151,106,47,192,1019,223,0,329,880,401,25,447,723,534,127,548,567,615,256,619,408,647,3
871,0,654,36,464,42,294,56,1023,62,154,103,50,189,1019,224,0,326,880,404,26,445,725,534,126,547,568,616,256,619,408,648,3
874,0,657,34,466,38,296,51,1022,63,155,96,51,181,1018,225,0,318,878,400,25,437,721,531,125,540,254,612,565,611,406,641,3
872,0,657,36,466,40,295,54,1023,64,156,99,52,184,1019,226,0,322,878,403,25,440,721,533,126,542,255,615,564,614,406,644,3
882,0,665,31,473,33,301,44,1031,66,159,87,52,172,1022,230,0,310,880,402,24,430,124,533,720,531,253,607,563,609,405,637,3
881,0,662,31,471,34,300,46,1028,63,158,90,50,177,1021,226,0,315,879,401,25,434,720,531,125,538,254,611,564,610,406,640,3
881,0,663,36,471,40,298,53,1032,66,155,99,48,185,1025,230,0,324,882,407,26,442,722,537,125,546,254,619,565,618,406,648,3
884,0,664,35,470,38,297,51,1036,66,157,95,49,182,1029,231,0,320,885,407,26,439,726,537,127,542,257,615,568,615,409,645,3
884,0,664,35,468,39,296,51,1038,65,154,96,51,181,1032,230,0,319,890,405,26,438,729,537,128,541,258,614,571,616,411,644,3
883,0,665,33,471,36,300,47,1037,66,158,90,51,175,1030,229,0,312,888,404,26,431,126,535,729,532,257,609,570,611,410,640,3
885,0,664,34,470,36,298,48,1038,66,156,91,50,177,1033,231,0,315,891,407,26,434,128,539,732,535,258,613,573,615,412,644,3
881,0,664,35,470,38,297,50,1034,66,155,94,50,180,1031,229,0,319,891,406,28,438,734,536,131,542,263,616,578,616,417,647,3
885,0,666,34,472,37,298,51,1039,65,157,94,49,181,1035,230,0,320,893,405,25,441,732,537,129,544,258,619,574,618,413,652,3
864,0,508,25,680,25,342,35,987,55,195,76,72,162,990,199,0,308,879,363,13,439,741,500,118,552,589,597,258,625,423,645,3
856,0,670,32,496,38,985,49,333,54,190,100,71,185,989,193,0,332,876,362,17,452,736,502,582,599,-1,-1,-1,-1,-1,-1,3
910,0,536,22,715,23,367,29,1042,56,214,71,84,153,0,296,906,375,4,429,751,514,100,546,236,627,405,655,-1,-1,-1,-1,3
959,0,751,32,558,43,1102,51,379,61,220,112,89,196,1093,204,0,341,952,382,1,470,779,530,97,582,599,632,236,658,412,681,3
973,0,603,16,786,20,423,22,1096,51,251,65,102,151,1088,191,0,302,971,355,1,444,817,496,113,565,648,600,271,642,460,657,3
1032,0,656,6,464,9,844,14,277,48,1156,54,115,133,1147,196,2,291,1029,354,0,441,872,497,122,569,696,604,294,650,496,665,3
518,0,711,10,318,28,899,30,1202,90,143,104,1184,229,11,264,1063,382,0,423,902,517,126,563,723,618,304,653,517,673,-1,-1,3
545,0,748,7,945,29,330,32,142,116,1250,231,5,288,1134,391,0,459,973,536,145,606,789,649,344,696,571,713,-1,-1,-1,-1,3
555,0,767,10,965,32,337,32,1280,93,144,119,1265,238,3,293,1150,398,0,468,991,544,150,618,806,658,355,708,588,723,-1,-1,3
608,0,387,13,803,28,975,63,179,85,1231,137,13,265,1124,404,0,455,990,539,167,620,829,648,386,711,621,719,-1,-1,-1,-1,3
564,0,362,1,738,36,171,61,890,77,1024,93,16,231,1096,278,1017,410,0,421,897,536,152,590,753,638,351,688,565,703,-1,-1,3
375,0,564,13,188,43,711,60,837,107,942,129,1011,191,25,204,992,295,0,399,928,409,828,520,150,570,707,613,342,664,539,675,3
333,0,176,21,482,42,586,105,663,163,28,182,0,403,705,444,637,543,133,598,560,632,443,696,291,694,-1,-1,-1,-1,-1,-1,3
271,0,406,29,135,31,502,83,577,134,17,187,678,219,0,385,623,405,561,502,117,557,490,586,252,642,386,647,-1,-1,-1,-1,3
282,0,154,22,408,38,494,87,561,137,34,160,652,219,0,342,589,392,523,480,97,509,448,556,218,598,347,609,-1,-1,-1,-1,3
277,0,154,18,396,35,480,90,541,140,35,155,627,223,0,338,563,393,500,480,88,505,428,555,206,595,326,606,-1,-1,-1,-1,3
253,0,138,22,446,86,507,134,30,155,591,215,0,332,531,385,470,470,84,494,401,543,194,582,308,593,-1,-1,-1,-1,-1,-1,3
237,0,132,18,340,39,406,98,456,150,32,164,524,234,0,364,471,409,419,500,79,543,362,581,179,634,281,639,-1,-1,-1,-1,3
201,0,300,28,107,25,364,76,22,160,483,194,0,334,436,359,388,443,72,487,334,518,165,566,257,571,-1,-1,-1,-1,-1,-1,3
211,0,311,26,113,22,389,63,450,102,23,130,532,173,0,262,470,315,409,385,68,386,340,443,157,457,256,474,-1,-1,-1,-1,3
206,0,318,12,406,48,480,83,545,99,13,133,583,146,0,254,516,293,448,362,74,364,374,415,173,430,278,449,-1,-1,-1,-1,3
199,0,314,2,411,28,95,35,496,57,575,69,623,114,13,133,0,243,550,269,474,341,72,345,389,396,171,408,283,425,-1,-1,3
304,0,189,1,402,22,87,39,489,47,567,58,617,100,9,139,603,172,0,247,551,255,476,329,76,345,393,386,177,405,289,419,3
300,0,185,3,398,20,84,42,486,44,567,53,617,94,7,142,603,165,552,249,0,250,478,324,77,345,394,381,178,403,292,415,3
303,0,189,2,402,22,491,44,570,56,620,97,7,141,0,249,554,252,481,325,78,345,399,383,181,403,295,416,-1,-1,-1,-1,3
311,0,189,8,419,16,518,37,83,52,666,82,5,154,594,246,0,261,514,324,82,352,423,384,191,408,312,419,-1,-1,-1,-1,3
175,0,71,45,628,130,1,146,580,215,0,249,503,287,506,293,85,334,419,349,420,354,193,381,195,386,-1,-1,-1,-1,-1,-1,3
290,0,175,10,392,12,483,28,569,31,74,54,623,66,616,137,1,155,567,221,0,257,496,298,84,343,414,358,192,392,310,399,3
280,0,382,8,165,15,475,21,618,54,69,62,0,160,562,210,2,258,489,287,84,338,407,347,189,384,305,387,-1,-1,-1,-1,3
278,0,379,10,166,14,558,25,471,24,614,58,68,59,607,131,0,156,557,212,1,254,487,288,82,336,404,348,187,382,302,387,3
278,0,378,10,167,11,469,25,69,55,608,61,0,152,553,213,4,250,0,252,487,287,82,335,405,346,300,388,-1,-1,-1,-1,3
275,0,376,8,164,14,552,22,467,21,608,55,68,59,603,128,0,156,555,208,1,253,486,284,83,334,405,344,188,380,303,383,3
275,0,375,9,165,13,549,23,466,23,604,56,68,59,598,128,0,155,552,207,2,253,483,283,84,333,404,343,189,378,302,381,3
283,0,383,12,169,11,475,28,559,31,71,55,614,66,1,151,556,218,0,250,484,293,81,333,402,351,185,381,300,388,-1,-1,3
358,0,223,2,473,25,104,45,731,115,12,156,0,274,643,291,551,372,85,381,451,434,200,449,328,466,-1,-1,-1,-1,-1,-1,3
352,0,221,1,463,27,101,42,559,55,705,116,10,152,0,271,625,286,540,365,85,378,444,426,200,444,328,460,-1,-1,-1,-1,3
348,0,218,1,460,25,100,43,556,54,643,66,699,112,9,156,682,195,0,279,624,284,541,366,88,388,448,429,204,454,333,467,3
354,0,221,1,466,22,101,46,566,50,713,107,9,163,637,283,0,288,552,368,90,397,458,434,209,462,339,473,-1,-1,-1,-1,3
372,0,232,2,491,25,106,47,597,54,693,66,754,114,9,166,738,203,677,297,0,295,588,384,96,409,489,452,223,478,361,493,3
378,0,236,3,501,25,106,51,607,54,701,66,762,114,6,175,746,203,687,298,0,309,600,388,102,424,501,459,234,492,375,502,3
448,0,281,3,593,29,132,54,722,65,840,80,915,137,14,187,0,332,809,350,695,450,106,462,570,525,250,544,416,566,-1,-1,3
469,0,296,0,620,32,138,51,756,71,880,88,957,149,16,186,929,255,0,334,841,368,721,468,108,470,587,543,257,556,427,582,3
472,0,299,1,625,32,140,53,760,69,886,86,963,146,16,188,937,254,0,337,850,365,730,466,111,472,595,542,261,558,433,581,3
531,0,333,9,710,31,871,68,153,70,1024,85,1115,148,14,227,1088,271,0,393,986,401,847,519,128,542,692,609,304,635,504,659,3
547,0,343,9,735,31,908,71,161,71,1069,88,19,221,0,381,1027,418,122,530,871,536,700,622,295,630,500,663,-1,-1,-1,-1,3
543,0,339,9,731,32,158,70,906,72,1071,89,1174,159,18,217,1144,287,0,376,1030,421,121,526,873,538,701,623,295,627,500,662,3
543,0,341,6,728,32,161,64,900,73,1063,90,1164,161,19,212,1134,289,0,371,1019,419,121,521,864,535,694,618,293,621,496,656,3
539,0,338,8,724,30,896,68,158,69,1061,84,1161,151,18,217,1134,279,0,377,1022,410,124,525,870,528,701,614,299,623,503,655,3
559,0,351,13,756,25,940,60,164,80,1228,140,17,237,1206,274,0,406,1091,419,932,550,130,561,753,646,318,664,538,695,-1,-1,3
586,0,369,9,791,33,174,73,986,75,1174,93,1291,170,20,230,1261,312,0,401,1127,458,127,565,952,587,313,678,760,677,-1,-1,3
576,0,361,18,784,25,984,60,1181,70,169,88,1304,144,19,246,1275,290,0,413,1138,442,124,568,957,576,759,669,309,675,533,713,3
577,0,361,18,789,24,995,60,1199,70,169,89,1326,148,21,246,1297,296,0,412,1155,451,123,570,967,587,306,680,762,682,532,723,3
583,0,362,21,800,22,1011,56,1220,63,166,96,1350,140,17,261,1320,294,0,433,1175,453,131,591,986,594,780,692,320,699,549,736,3
590,0,372,17,806,25,1018,63,177,87,1362,155,25,245,1330,309,0,413,1177,468,120,574,979,605,302,689,766,698,530,737,-1,-1,3
584,0,367,19,801,24,1016,60,1233,68,174,91,1369,149,24,248,1339,306,0,416,1185,469,118,576,984,608,301,692,768,703,529,740,3
593,0,374,16,809,28,1022,68,1236,80,178,86,1370,164,25,244,1341,320,0,413,1187,481,120,578,988,620,303,697,773,713,534,749,3
634,0,403,21,859,24,1076,59,1290,66,191,99,1424,144,24,274,1401,303,0,459,1256,470,1061,622,138,631,845,732,345,748,595,786,3
647,0,879,23,410,24,1104,58,1327,66,195,106,1469,146,25,285,1445,312,0,476,1295,490,1092,648,140,654,867,764,351,777,609,820,3
645,0,406,23,879,23,1105,58,1329,66,189,105,1471,147,21,289,1446,314,0,481,1296,491,1095,649,142,659,871,764,356,780,613,820,3
652,0,888,25,411,24,1116,61,1342,69,193,108,1484,151,23,288,1455,319,0,480,1300,496,1096,653,142,658,869,767,353,780,611,821,3
664,0,421,22,901,28,1130,67,1355,78,200,100,1496,162,26,284,1465,329,0,479,1311,508,143,661,1105,665,878,777,357,787,617,830,3
644,0,880,22,404,25,1109,57,1336,63,188,109,1480,146,21,290,1453,313,0,481,1299,492,1094,650,143,657,868,763,354,777,612,818,3
620,0,850,21,388,26,1072,53,1292,58,180,108,1432,136,20,286,1406,298,0,471,1257,473,1059,627,141,641,841,738,345,755,594,793,3
604,0,829,19,376,26,1047,50,1264,54,174,107,1402,132,18,281,1376,291,0,460,1230,462,1035,613,135,626,821,723,334,738,578,776,3
588,0,805,20,366,24,1013,51,1219,57,168,103,1348,129,16,274,1324,284,1186,446,0,450,1003,592,136,612,800,698,332,718,568,751,3
559,0,767,17,346,23,966,44,156,100,1287,117,1266,264,14,265,1135,421,0,434,962,561,133,587,769,663,322,686,548,716,-1,-1,3
528,0,728,11,324,28,919,33,1229,94,144,106,1213,233,9,268,1094,388,0,431,933,527,132,574,751,630,319,666,538,688,-1,-1,3
517,0,711,13,317,27,1078,33,897,34,1194,94,138,103,1179,228,8,262,1064,378,0,423,909,513,132,562,734,614,315,650,529,670,3
536,0,726,16,336,22,905,40,1077,41,154,94,1187,102,1173,231,14,253,1065,375,0,415,916,507,133,560,744,609,321,650,536,667,3
536,0,728,19,334,21,908,48,1192,116,1171,250,12,252,1056,393,0,416,902,523,130,561,729,620,313,653,526,675,-1,-1,-1,-1,3
524,0,719,18,323,20,902,46,1080,51,142,91,1192,115,1171,250,9,247,1053,392,0,407,896,519,130,548,722,613,311,638,520,662,3
530,0,329,14,721,24,898,57,147,83,1174,132,10,238,1035,400,0,399,882,523,131,543,714,613,309,634,516,660,-1,-1,-1,-1,3
520,0,322,17,708,21,883,50,1050,58,142,86,1153,121,9,241,1129,249,1016,385,0,397,866,506,130,536,701,596,306,623,508,644,3
506,0,312,15,686,23,851,53,1009,62,137,81,6,233,989,370,0,389,850,488,132,525,696,577,311,609,510,628,-1,-1,-1,-1,3
508,0,316,13,683,24,844,54,995,63,141,75,1087,122,7,224,1070,237,972,362,0,378,839,475,131,514,689,562,308,596,506,612,3
510,0,321,9,684,26,844,60,148,68,995,72,1087,133,13,210,1064,249,0,361,961,371,822,481,123,498,668,563,292,584,485,607,3
491,0,313,3,652,30,147,54,799,65,936,80,1020,138,16,187,998,245,0,331,902,356,774,457,116,463,630,532,276,547,459,571,3
440,0,273,11,599,21,748,50,893,59,123,66,982,115,10,193,961,225,0,326,860,339,728,440,103,445,584,514,248,525,417,550,3
436,1,279,0,580,30,134,42,713,64,841,80,917,135,18,153,894,231,0,276,801,331,93,395,679,416,229,475,544,477,389,505,3
398,0,245,11,543,18,681,43,817,50,110,63,900,102,10,178,879,203,0,296,784,309,661,402,91,406,527,468,375,500,-1,-1,3
386,0,244,6,522,20,649,46,114,50,777,57,851,105,13,156,834,199,0,269,746,296,86,375,632,382,505,443,210,447,359,472,3
372,0,235,9,502,16,624,37,745,45,110,53,818,88,13,158,806,176,0,268,727,273,621,360,87,370,500,423,211,437,359,457,3
366,0,229,14,493,16,613,35,730,39,107,61,803,80,794,169,11,166,721,264,0,277,620,353,89,377,502,420,215,441,363,458,3
367,0,230,11,495,15,615,35,730,40,105,58,800,82,9,163,786,170,713,263,0,273,611,348,88,371,495,411,214,433,358,448,3
364,0,227,11,493,16,613,37,103,57,800,87,8,164,787,174,710,268,0,273,607,353,90,372,491,417,213,434,354,452,-1,-1,3
353,0,218,12,481,14,601,32,719,36,96,61,789,78,777,165,6,165,701,259,0,273,599,344,89,368,486,407,212,428,352,442,3
364,0,229,7,489,18,606,41,720,49,105,48,788,94,11,148,775,178,0,255,698,268,595,347,85,352,480,406,205,417,345,436,3
362,0,228,7,489,16,606,38,721,45,105,51,789,88,10,153,776,173,0,261,699,264,598,346,87,359,484,407,208,422,349,439,3
363,0,226,10,492,17,613,39,730,45,103,55,802,91,9,158,786,179,0,267,706,273,601,356,87,366,484,417,208,430,348,448,3
366,0,226,11,498,16,622,37,100,58,818,89,8,167,802,179,718,277,0,277,610,364,88,377,491,426,211,440,353,458,-1,-1,3
375,0,230,12,511,18,640,42,765,47,102,62,841,97,6,172,825,189,820,193,0,286,737,291,625,379,91,388,503,442,216,455,3
405,0,253,7,549,21,686,49,118,53,822,60,904,114,14,163,880,215,0,280,782,318,87,390,656,407,214,466,520,468,366,495,3
408,0,255,7,553,21,690,50,119,53,825,60,907,113,14,165,885,214,0,283,789,317,90,394,663,406,527,470,218,469,373,497,3
412,0,258,8,558,21,696,49,119,57,830,59,911,113,13,172,891,213,0,293,796,318,93,405,673,409,538,476,226,482,383,507,3
421,0,262,13,572,22,712,48,851,54,119,65,934,108,11,185,912,214,0,310,815,322,689,418,98,423,552,487,234,498,395,521,3
430,0,271,8,583,23,726,52,127,57,868,63,954,117,14,173,0,297,828,330,93,414,698,425,555,492,229,493,393,522,-1,-1,3
431,0,596,13,263,19,757,35,916,37,117,80,1017,94,10,205,996,209,0,332,889,334,748,441,100,448,593,519,243,528,417,554,3
440,0,611,13,268,19,777,36,942,37,120,81,1034,95,11,206,1020,214,0,334,912,341,100,452,763,451,602,529,244,533,422,562,3
443,0,616,13,269,19,784,37,951,41,120,80,11,206,1023,220,0,334,921,346,100,453,770,456,607,532,246,535,425,566,-1,-1,3
432,0,597,13,263,20,756,35,912,37,115,82,1010,92,991,207,8,210,886,330,0,339,748,438,103,455,596,517,249,532,423,555,3
438,0,602,15,267,17,759,40,911,43,117,78,1007,100,7,209,988,215,885,337,0,342,749,445,105,461,600,523,253,539,428,563,3
462,0,286,14,631,18,791,45,946,52,129,75,1043,111,11,209,1023,229,0,348,919,353,779,462,110,474,625,543,264,558,447,583,3
479,0,659,15,293,21,832,40,1000,43,130,88,1106,103,1086,229,9,230,972,363,0,375,822,483,115,504,657,569,276,589,468,613,3
492,0,676,17,301,21,853,43,1027,47,135,89,1137,109,11,232,995,373,0,377,840,493,115,507,669,579,278,594,475,622,-1,-1,3
521,0,326,13,713,25,900,60,154,74,1089,73,1205,145,22,212,1173,281,0,358,1034,419,106,499,857,536,264,601,669,615,463,644,3
521,0,325,14,714,24,903,59,1094,73,153,75,1213,146,20,213,1182,283,0,360,1044,422,105,502,866,542,265,605,675,621,466,650,3
519,0,712,19,321,19,902,49,1091,55,147,88,1209,124,16,232,1181,262,0,382,1048,404,113,522,876,529,690,616,280,619,483,654,3
507,0,707,13,310,28,909,38,1118,40,140,100,1248,109,15,248,1222,258,0,397,1072,415,109,535,885,547,272,634,688,635,475,672,3
459,0,642,7,1018,20,827,24,282,30,1140,79,125,104,1125,217,10,247,995,370,0,390,829,502,105,519,650,593,261,608,452,637,3
431,0,607,1,985,2,789,12,264,33,1107,58,119,107,1092,200,12,245,956,356,0,380,788,489,95,503,609,579,238,590,418,621,3
752,0,559,3,383,16,1112,25,226,62,96,143,1100,182,6,278,948,361,0,405,764,506,85,520,577,599,216,604,386,637,-1,-1,3
956,0,743,27,553,30,379,44,1100,53,225,90,95,171,1088,210,5,306,937,386,0,434,755,531,85,549,571,624,215,631,382,664,3
949,0,735,31,547,37,1090,48,373,53,220,102,92,185,1081,208,2,323,933,389,0,451,753,538,85,566,570,635,216,648,384,678,3
959,0,740,32,547,40,374,56,1108,53,220,105,93,185,1093,218,0,326,934,402,746,551,75,569,557,647,201,654,368,687,-1,-1,3
960,0,729,37,532,46,1118,54,361,64,216,115,94,198,1103,232,8,332,927,427,0,456,69,571,724,579,185,659,529,670,342,700,3
952,0,722,39,525,49,1111,52,357,70,213,121,1096,230,8,338,921,426,0,462,71,576,721,579,186,664,528,672,344,703,-1,-1,3
924,0,698,44,1082,51,508,59,342,82,204,138,86,224,1073,229,6,361,907,432,0,488,717,592,73,603,189,690,529,690,345,727,3
894,0,1062,47,666,61,477,84,318,116,189,177,1060,240,78,269,4,410,889,464,0,538,696,639,70,655,179,744,508,744,331,782,3
909,0,1080,47,676,60,485,85,324,116,195,178,1081,245,83,271,7,415,906,476,0,547,708,656,67,668,177,762,515,765,331,804,3
932,0,1111,50,688,59,493,82,332,113,200,174,88,267,1109,259,8,412,922,498,0,546,64,674,715,682,171,774,512,790,327,824,3
930,0,1114,47,683,64,485,89,324,122,195,185,1116,266,86,278,8,423,924,511,0,558,64,685,712,699,169,787,508,807,320,840,3
946,0,696,54,1126,57,500,74,335,100,204,160,91,250,1117,275,11,394,915,513,0,528,59,657,699,691,162,761,496,791,312,816,3
940,0,712,42,521,53,1098,57,355,73,217,128,96,217,1084,251,9,363,905,467,0,499,68,625,707,633,180,722,515,733,333,767,3
922,0,725,35,542,43,1058,48,370,60,218,112,88,202,1053,205,0,350,920,388,1,486,758,541,96,603,587,647,234,680,405,700,3
487,0,685,7,1105,21,889,25,299,33,1246,89,136,110,1223,245,14,259,0,409,1069,413,103,548,878,553,262,649,677,649,463,688,3
494,0,694,9,901,28,301,33,1258,90,133,112,1238,246,9,265,0,418,1089,417,108,560,899,560,697,658,273,661,479,700,-1,-1,3
1168,1,510,0,725,1,943,13,305,42,1315,66,129,133,1295,229,5,299,1145,407,0,460,953,563,125,601,748,670,304,694,524,723,3
551,0,779,10,1005,32,328,37,1379,102,136,128,1352,270,3,306,1193,449,0,479,996,602,138,630,787,708,329,730,557,761,-1,-1,3
555,0,786,12,1249,34,330,36,1015,38,1394,113,139,127,1358,283,4,305,1192,464,0,477,988,615,133,630,775,718,321,732,545,766,3
539,0,774,8,1255,23,1011,30,314,39,1407,103,125,134,1372,275,0,311,1202,460,1,481,993,612,138,628,778,716,323,728,547,762,3
564,0,817,11,1330,28,1070,35,321,40,1487,116,123,144,1439,297,0,335,1255,486,16,512,1039,639,167,660,823,741,364,756,591,787,3
847,0,571,1,1119,15,310,50,1559,79,104,173,0,381,1332,453,46,555,1122,609,911,719,442,763,681,781,-1,-1,-1,-1,-1,-1,3
1392,0,577,5,852,6,1121,19,315,54,1556,83,108,173,1510,259,0,380,1332,457,40,558,1121,614,220,693,909,727,438,772,677,786,3
1411,0,584,7,863,6,1137,20,319,54,1576,86,110,177,1529,265,0,389,1346,464,43,566,1135,623,227,703,921,737,447,784,688,797,3
1404,0,851,19,571,23,1127,28,306,78,1575,88,100,207,1527,270,0,418,1345,474,47,595,1133,635,233,725,920,750,451,801,689,812,3
854,0,574,6,1133,10,308,62,1582,68,102,190,1532,254,0,401,1345,457,47,576,1130,619,230,708,916,733,447,783,684,795,-1,-1,3
1407,0,849,21,568,29,1127,28,306,84,1578,84,102,211,1530,269,0,421,1344,476,46,595,1129,638,228,728,914,751,444,803,683,813,3
1413,0,847,18,568,24,1129,27,305,80,1585,86,102,204,1534,272,0,412,1343,479,44,584,1123,639,223,717,906,750,437,795,673,809,3
565,0,833,6,1365,11,1097,25,310,43,1524,100,108,156,1473,275,0,356,1290,466,36,529,1080,615,208,666,870,719,415,749,644,769,3
550,1,1292,0,797,4,1043,19,312,44,1448,82,117,151,1410,250,0,341,1241,436,22,510,1040,588,180,648,834,697,381,732,608,751,3
545,0,784,5,1259,10,1020,23,313,40,1409,87,121,142,1380,252,0,329,1222,437,17,500,1029,589,172,642,825,698,372,731,601,753,3
546,0,778,7,1233,14,1006,25,320,39,1378,89,126,138,1353,253,0,323,1202,435,8,498,1013,589,158,644,812,699,357,736,587,758,3
534,0,753,5,969,21,320,37,1330,78,134,127,1311,237,3,300,1169,413,0,469,983,566,136,616,781,678,328,711,555,735,-1,-1,3
546,0,758,7,1177,18,967,25,336,35,1313,83,150,123,1297,236,11,293,1161,409,0,464,980,562,132,614,780,676,323,711,553,736,3
530,0,748,2,964,18,318,39,1324,73,134,128,1307,232,4,300,1164,409,0,467,978,564,134,614,777,676,324,708,550,734,-1,-1,3
531,0,750,4,1194,12,970,22,318,39,1339,80,136,129,1317,247,6,299,1166,422,0,465,972,577,128,612,765,686,313,709,537,740,3
532,0,752,5,972,23,320,38,1343,85,137,128,1320,248,6,296,1167,425,0,463,972,580,129,610,764,688,312,709,535,740,-1,-1,3
531,0,750,5,972,22,319,40,1343,81,136,130,1320,245,6,298,1167,423,0,463,971,578,126,610,762,687,310,708,534,738,-1,-1,3
1149,0,714,17,930,22,498,25,1295,61,292,74,118,172,1282,221,0,344,1145,403,3,506,963,564,136,643,765,683,323,729,544,746,3
495,0,686,9,681,14,298,31,870,27,1164,86,3,261,1025,365,0,414,870,496,124,544,698,591,299,626,501,645,-1,-1,-1,-1,3
466,0,652,3,1008,6,831,16,280,35,1123,60,118,115,1111,192,2,268,999,340,0,416,849,474,124,541,683,574,294,618,492,632,3
427,0,595,11,259,24,763,27,1042,81,115,89,8,219,909,339,0,349,760,454,100,467,599,535,244,547,420,575,-1,-1,-1,-1,3
417,0,573,8,259,22,875,23,724,25,971,71,117,84,961,181,9,210,863,304,0,337,732,415,99,451,585,498,243,524,416,543,3
381,0,531,3,830,9,679,14,231,26,923,52,98,89,914,160,3,212,818,281,0,331,693,390,97,435,554,471,234,501,396,515,3
377,0,525,5,671,13,229,27,908,50,99,90,3,212,809,279,0,333,689,388,97,436,553,469,235,501,396,515,-1,-1,-1,-1,3
799,0,510,6,363,8,655,12,216,39,892,40,89,107,888,146,0,231,799,269,0,349,681,380,99,447,549,464,236,507,394,514,3
799,0,512,1,365,0,656,10,219,29,892,42,92,95,886,147,0,217,797,269,1,335,678,379,98,435,545,460,233,497,391,508,3
521,0,668,10,222,22,898,50,93,87,0,211,796,277,0,331,677,383,100,431,544,461,235,495,392,506,-1,-1,-1,-1,-1,-1,3
377,0,523,8,229,21,665,24,893,67,98,79,882,171,4,198,789,284,0,314,669,384,96,416,536,457,229,481,384,497,-1,-1,3
381,0,523,8,236,20,661,24,884,67,105,75,873,166,8,190,782,278,0,304,663,377,91,406,530,449,222,471,376,488,-1,-1,3
364,0,638,15,634,21,225,27,102,81,8,196,768,268,0,308,653,371,88,407,521,446,216,472,369,488,-1,-1,-1,-1,-1,-1,3
845,0,692,13,545,13,395,20,941,32,247,57,113,124,943,139,9,249,856,267,0,371,732,389,95,474,587,484,239,540,414,543,3
843,0,691,18,541,18,391,26,945,33,243,65,111,133,949,145,9,258,860,275,0,382,734,401,95,485,586,498,238,550,413,557,3
707,0,550,3,396,13,973,15,244,54,109,125,977,130,7,254,883,266,0,379,751,396,97,484,599,495,243,549,422,554,-1,-1,3
891,0,730,21,571,25,1002,33,412,38,254,82,1009,148,114,155,917,287,7,289,0,419,785,421,103,526,631,526,259,591,446,593,3
911,0,746,23,1026,30,583,31,419,47,260,95,1035,147,117,172,944,291,8,309,811,433,0,442,651,544,106,551,267,615,461,616,3
791,0,620,6,1082,7,450,21,285,70,1096,129,134,148,1002,278,15,288,0,427,861,426,691,543,108,545,277,616,486,619,-1,-1,3
664,0,843,1,485,12,1152,19,309,56,149,132,1159,145,19,271,1056,298,0,416,904,444,109,541,720,561,283,622,503,631,-1,-1,3
701,0,925,8,1349,25,1141,24,469,36,1500,69,249,107,1520,210,51,261,1420,371,0,444,1246,538,145,617,1016,675,398,738,716,760,3
736,0,969,8,1418,30,1198,28,496,35,1579,79,270,102,1602,223,62,255,1497,386,0,437,1310,560,142,619,1061,698,400,751,737,782,3
752,0,986,10,511,31,1213,34,1594,89,280,97,1613,236,67,244,1505,398,0,428,1314,569,138,614,1062,706,396,752,736,787,-1,-1,3
753,0,987,12,511,32,1215,37,285,92,1596,95,1616,240,67,245,1507,404,0,428,1316,574,138,614,1061,710,395,752,735,789,-1,-1,3
748,0,984,9,1216,28,506,36,1603,81,278,107,1624,232,65,255,1512,397,0,439,1317,572,136,623,1060,712,393,760,732,795,-1,-1,3
785,0,1029,12,534,31,294,97,1684,252,70,254,1578,425,0,446,1385,608,148,646,1125,752,422,796,782,837,-1,-1,-1,-1,-1,-1,3
805,0,1050,18,551,29,1287,44,1515,56,305,94,1682,111,75,247,1704,263,1597,430,0,442,1400,609,145,643,1134,754,422,797,786,838,3
790,0,1038,16,535,32,1280,43,293,98,1683,112,69,255,1703,268,1590,442,0,451,1386,624,144,652,1118,766,414,802,771,847,-1,-1,3
786,0,1029,22,535,20,1265,54,294,80,71,232,1670,283,0,423,1554,450,1350,623,140,622,1086,755,401,774,749,825,-1,-1,-1,-1,3
786,0,539,15,1022,27,301,67,1251,65,1473,85,1630,150,76,212,1641,302,0,401,1523,466,132,605,1322,631,1060,759,387,764,728,822,3
768,0,524,16,1003,25,1232,65,290,68,1613,153,72,211,1619,306,0,399,1494,470,127,598,1288,634,370,756,1027,757,700,816,-1,-1,3
651,0,877,14,427,26,1101,44,1326,53,221,90,1479,120,44,239,0,413,1352,447,120,588,1147,609,331,722,903,725,613,776,-1,-1,3
633,0,855,15,409,29,1075,43,1441,118,36,257,1437,272,0,432,1305,439,1110,597,126,603,878,714,336,727,605,772,-1,-1,-1,-1,3
651,0,423,15,866,32,1074,71,1412,165,39,232,1395,313,0,408,1261,470,127,585,1072,613,334,712,851,716,593,762,-1,-1,-1,-1,3
645,0,421,5,858,37,212,61,1058,84,1254,108,1378,184,37,214,1352,328,0,390,1218,477,129,566,1031,609,328,691,821,702,576,742,3
409,0,622,6,209,44,822,52,1011,106,1199,139,40,184,1309,217,1275,354,0,352,1137,488,114,525,956,604,297,653,753,683,524,710,3
386,0,591,2,786,43,196,48,971,93,1158,122,36,185,1269,197,1237,333,0,345,1101,468,109,509,921,584,281,631,724,662,500,687,3
517,0,335,0,689,34,166,46,852,76,1016,100,1112,163,28,170,1086,282,0,312,967,401,101,454,813,504,256,557,642,574,449,601,3
514,0,326,6,695,31,154,60,867,70,1035,87,1138,157,19,196,1108,281,0,343,985,407,108,484,826,516,267,582,655,591,460,621,3
526,0,328,8,715,28,897,66,151,69,1078,80,1186,153,17,210,1150,283,0,359,1015,418,111,500,847,530,272,599,667,608,468,639,3
524,0,323,12,718,27,905,63,1091,74,145,78,1200,148,13,224,1162,280,0,374,1023,418,113,511,850,532,275,605,669,610,470,642,3
497,0,300,14,691,24,878,56,1067,66,129,80,1178,137,7,223,0,366,1000,401,113,496,829,512,270,585,652,588,458,619,-1,-1,3
507,0,309,8,695,28,875,63,137,71,1055,77,1162,146,8,215,1127,271,0,362,997,401,118,496,834,510,281,588,662,587,472,618,3
505,0,308,12,695,23,875,54,1054,62,134,79,1160,129,8,226,1128,254,0,374,999,387,838,502,119,507,667,584,283,593,475,622,3
493,0,695,6,1073,11,886,22,286,32,1186,77,112,122,1155,209,0,287,1026,360,11,439,869,488,148,557,702,583,320,626,514,637,3
704,0,491,3,905,10,279,45,1224,56,105,143,1190,194,0,314,1057,354,19,464,892,489,160,577,720,588,335,641,530,647,-1,-1,3
700,0,487,3,905,7,274,47,1228,49,100,149,1196,187,0,323,1064,351,22,471,899,488,165,583,728,590,341,644,537,648,-1,-1,3
1079,0,693,13,486,17,889,20,1199,60,277,60,104,158,0,329,1046,352,20,479,890,486,725,589,164,591,536,652,343,649,340,652,3
1062,0,683,17,876,20,479,23,1180,53,273,68,102,169,0,342,1041,345,892,482,22,493,731,588,169,602,546,655,349,659,-1,-1,3
1088,0,700,7,493,9,896,15,281,51,1204,59,106,150,1175,194,0,324,1050,351,21,476,894,486,729,589,167,590,346,651,542,652,3
1082,0,700,7,495,6,895,17,283,45,1197,61,106,140,1171,193,0,314,1049,346,22,465,895,478,733,577,351,639,547,638,-1,-1,3
501,0,688,14,305,22,861,37,1131,95,129,98,2,258,1005,359,0,415,863,485,133,548,702,582,311,625,513,639,-1,-1,-1,-1,3
524,0,712,18,319,21,135,98,1149,108,2,265,1020,373,0,432,878,501,141,568,719,598,325,646,529,657,-1,-1,-1,-1,-1,-1,3
523,0,712,15,318,22,1047,39,885,39,1147,98,133,103,1127,220,0,275,1026,359,3,443,890,488,152,578,736,590,341,650,547,655,3
535,0,728,15,330,25,909,40,1193,102,146,102,8,269,1082,384,0,440,936,525,141,589,767,634,336,681,558,698,-1,-1,-1,-1,3
528,0,720,13,323,29,1071,35,900,34,1181,92,142,107,1171,223,6,272,1072,371,0,443,930,510,142,586,763,619,337,673,558,685,3
526,0,719,13,323,27,902,35,1075,35,1191,94,143,102,1181,226,8,265,1080,376,0,433,935,514,140,579,765,622,333,669,556,686,3
545,0,344,17,728,22,893,50,158,88,1144,114,11,252,1047,373,0,430,919,505,148,581,765,611,350,670,568,679,-1,-1,-1,-1,3
554,0,343,19,731,28,155,90,6,269,1062,393,1058,396,0,463,942,534,164,628,798,649,377,721,604,726,-1,-1,-1,-1,-1,-1,3
552,0,351,6,726,30,876,67,161,71,1011,83,1097,142,10,243,1088,261,1019,393,0,438,906,524,158,605,768,632,367,698,586,705,3
554,0,356,0,718,38,167,58,861,78,985,97,1070,157,15,226,1057,272,992,399,0,422,883,524,158,593,752,628,361,689,574,698,3
370,0,567,9,724,52,178,54,857,97,968,118,1045,179,14,232,979,417,0,445,884,542,173,629,765,650,598,729,385,727,-1,-1,3
390,0,582,18,197,45,736,70,862,122,973,150,1043,214,26,217,0,438,971,452,162,638,754,685,370,748,581,757,-1,-1,-1,-1,3
329,0,168,27,490,33,610,94,704,152,21,191,834,246,0,415,777,456,705,566,145,616,617,662,319,722,489,731,-1,-1,-1,-1,3
228,0,355,18,109,33,449,60,523,102,584,120,628,171,9,170,581,343,0,340,523,433,106,486,456,510,233,562,359,565,-1,-1,3
240,0,360,25,122,23,446,72,518,116,576,139,20,143,615,190,0,295,553,348,489,425,88,435,416,489,199,514,-1,-1,-1,-1,3
247,0,130,19,363,28,451,77,520,122,24,132,580,145,0,279,547,353,82,418,479,426,404,485,190,500,305,520,-1,-1,-1,-1,3
237,0,353,21,127,23,445,63,523,105,590,129,26,125,634,180,0,255,558,336,70,384,480,409,395,464,172,467,288,494,-1,-1,3
213,0,323,15,108,27,411,52,486,88,551,106,19,129,592,155,0,254,527,306,73,372,458,378,381,435,171,446,283,466,-1,-1,3
207,0,316,14,105,26,401,48,473,83,536,102,17,127,577,147,0,251,515,295,449,367,71,367,375,424,170,439,278,457,-1,-1,3
168,0,266,5,342,32,81,30,409,58,507,109,10,121,0,225,451,242,394,304,63,318,328,357,152,372,148,376,241,390,-1,-1,3
185,0,279,12,97,23,353,41,417,71,476,86,19,106,510,126,0,206,448,252,57,301,383,311,315,357,138,362,229,382,-1,-1,3
164,0,257,0,335,20,333,25,78,31,399,45,497,88,10,118,444,217,0,215,387,280,62,301,322,330,145,352,237,362,-1,-1,3
171,0,265,7,341,28,83,29,406,52,501,99,13,115,0,211,447,224,389,285,62,299,321,334,146,351,238,362,-1,-1,-1,-1,3
175,0,275,2,273,8,354,29,84,29,10,117,508,164,0,216,467,231,406,291,65,306,337,343,153,360,251,372,-1,-1,-1,-1,3
187,0,283,14,98,21,360,43,20,104,512,135,0,204,444,257,55,300,379,316,308,359,135,359,133,363,223,381,-1,-1,-1,-1,3
193,0,105,16,283,18,350,52,408,87,27,94,487,149,0,192,415,268,45,290,352,321,115,355,282,363,201,379,-1,-1,-1,-1,3
151,0,236,7,302,34,361,59,440,114,9,125,0,234,389,248,337,313,55,329,131,382,127,388,210,395,-1,-1,-1,-1,-1,-1,3
152,0,238,8,305,34,361,62,411,74,444,114,11,125,0,234,392,248,339,313,56,330,285,369,131,386,211,396,-1,-1,-1,-1,3
184,0,280,14,355,46,417,78,470,94,19,123,503,139,484,201,0,237,441,275,381,340,59,341,316,391,141,405,-1,-1,-1,-1,3
193,0,295,13,97,29,374,47,439,81,499,100,17,132,534,142,0,256,474,287,414,358,69,368,346,414,160,435,260,449,-1,-1,3
167,0,274,2,358,28,73,41,429,56,490,67,532,111,2,157,483,269,0,286,426,348,80,392,363,412,177,450,278,455,-1,-1,3
255,0,402,2,523,34,116,46,623,68,712,81,8,180,754,216,701,317,0,332,620,410,113,461,526,486,254,531,401,536,-1,-1,3
304,0,472,5,612,39,144,47,734,76,912,146,15,185,827,348,0,344,727,448,125,484,611,528,286,566,458,578,-1,-1,-1,-1,3
568,0,355,18,767,24,1116,70,165,84,1242,124,15,243,1162,411,0,426,1026,558,154,599,852,674,374,714,625,741,-1,-1,-1,-1,3
712,0,478,9,929,33,254,60,1135,75,1325,97,1463,160,52,206,1475,300,0,400,1388,451,1229,607,158,605,1018,730,417,753,732,799,3
727,0,495,5,941,34,269,50,1142,77,1329,101,1463,164,61,187,1474,300,0,374,1384,444,150,576,1224,592,1011,708,408,724,723,772,3
479,0,933,13,1144,45,1485,121,55,196,1500,259,0,376,1407,408,1241,561,151,567,1021,682,407,708,726,751,-1,-1,-1,-1,-1,-1,3
739,0,504,17,959,23,1167,55,1363,70,275,71,1507,124,62,215,1531,259,0,404,1449,407,1290,568,154,598,1069,699,427,740,765,778,3
769,0,529,11,994,31,294,57,1206,71,1408,91,1554,151,73,194,1573,290,0,382,1481,437,146,584,1309,594,1076,719,417,738,760,788,3
805,0,556,10,1037,32,313,53,1259,73,1623,158,81,184,1644,299,0,368,1549,447,146,574,1370,603,1122,728,424,734,785,793,-1,-1,3
819,0,570,9,1054,33,326,50,1278,72,1647,157,87,183,1668,299,0,369,1573,447,142,578,1389,607,1134,735,420,742,789,800,-1,-1,3
732,0,480,12,971,32,236,56,1202,73,1423,98,1584,159,0,189,1606,307,1504,461,48,587,1313,625,1050,753,323,754,696,819,-1,-1,3
812,0,558,20,1053,25,1288,60,314,69,1512,79,1678,139,82,207,1704,284,0,394,1603,441,141,597,1412,608,1148,742,422,758,793,814,3
815,0,562,15,1058,28,316,62,1291,67,1513,89,1676,151,82,200,1699,298,0,387,1594,455,142,595,1402,620,1139,750,420,758,788,817,3
819,0,565,11,1060,34,319,55,1293,77,1516,105,1677,171,84,187,1695,319,0,374,1585,475,135,583,1387,636,405,752,1119,762,768,820,3
775,0,1021,15,518,25,1262,46,280,86,63,242,0,433,1568,450,1366,626,149,634,1103,761,415,783,764,832,-1,-1,-1,-1,-1,-1,3
748,0,984,20,497,21,1212,53,263,81,1584,129,54,238,1598,278,0,432,1491,440,1305,606,155,626,1065,736,421,769,752,808,-1,-1,3
741,0,497,11,968,35,266,62,1186,77,58,207,1544,311,0,395,1439,464,150,594,1260,615,1025,733,406,740,725,792,-1,-1,-1,-1,3
729,1,491,0,263,41,948,45,1153,95,57,182,1479,197,1477,337,0,366,1371,479,146,567,1196,619,391,716,976,724,693,773,-1,-1,3
666,0,444,6,875,35,234,53,1071,78,1263,104,1387,169,47,193,1379,306,0,369,1265,449,132,551,1092,585,349,684,882,685,620,733,3
634,0,417,13,842,26,1042,63,216,70,1236,77,1370,143,42,211,1363,284,0,381,1246,431,129,555,1069,572,858,676,338,680,600,725,3
623,0,409,10,827,32,209,62,1023,72,1212,91,1340,159,38,201,1331,297,0,372,1215,441,127,545,1041,576,331,672,836,674,586,719,3
427,0,641,2,224,43,839,42,1026,90,1205,117,44,177,1323,187,1309,320,0,348,1194,453,127,525,1024,579,329,655,824,669,580,708,3
636,1,426,0,836,40,227,44,1027,89,50,172,1318,329,0,336,1185,465,107,509,1000,589,296,643,787,674,541,704,-1,-1,-1,-1,3
572,0,374,15,769,24,964,59,190,69,1293,139,35,201,0,353,1153,423,106,515,971,556,285,636,762,648,518,687,-1,-1,-1,-1,3
574,0,775,13,374,23,980,41,190,85,1333,113,37,223,1320,259,0,378,1177,417,101,531,979,560,276,647,756,657,508,697,-1,-1,3
581,0,783,13,384,25,992,39,202,88,1360,112,45,223,1339,267,0,376,1175,431,88,531,960,576,249,650,727,670,476,705,-1,-1,3
1168,0,715,2,518,7,929,11,335,47,1330,56,171,119,1314,221,35,256,0,400,1138,405,74,540,910,562,219,651,672,664,427,701,3
1045,0,1214,38,803,42,602,60,427,86,276,144,140,226,1205,216,31,361,1017,426,0,493,788,604,57,616,172,714,561,715,345,757,3
1028,0,794,37,598,47,1189,45,429,68,280,120,145,198,1171,225,34,329,974,424,0,459,51,584,747,592,157,683,525,694,319,729,3
1047,0,805,28,609,32,438,47,1206,50,290,95,154,170,1181,232,37,297,0,427,975,431,45,554,739,592,144,659,511,686,305,713,3
1031,0,800,26,609,28,439,40,1186,51,290,84,154,157,1161,230,37,283,0,414,961,423,44,540,730,579,143,643,508,671,304,697,3
1037,0,615,23,806,23,446,34,1194,55,295,77,159,149,1168,231,40,275,0,406,967,423,45,535,736,578,144,641,513,671,306,697,3
1044,0,617,19,811,22,449,28,1200,57,298,70,159,140,1172,236,41,265,0,394,968,425,45,525,734,578,143,631,509,667,303,689,3
1047,0,617,16,446,23,812,21,1205,59,295,65,1174,240,39,263,0,394,965,431,42,524,730,583,142,633,506,671,300,692,-1,-1,3
993,0,550,18,373,23,751,24,227,67,1157,75,101,148,1126,274,11,290,0,425,923,474,67,555,711,619,176,658,512,699,329,715,3
375,0,562,18,222,26,771,51,1033,59,92,101,1197,164,5,242,1146,365,0,381,72,519,927,543,183,633,709,658,333,706,511,712,3
562,0,219,6,777,34,1040,41,89,82,1205,149,3,223,1151,350,0,361,74,499,927,527,186,611,709,639,335,683,513,691,-1,-1,3
362,0,550,18,208,25,765,53,1028,59,81,100,1198,169,0,242,1146,371,0,379,75,517,926,546,190,629,709,659,339,702,516,709,3
367,0,215,15,551,30,761,75,85,83,1018,95,3,218,1179,210,0,355,1126,402,74,493,910,560,186,607,698,658,334,683,507,700,3
357,0,558,16,192,26,1038,43,782,47,66,109,1208,147,0,260,1172,330,26,398,984,499,134,527,791,612,272,625,612,672,437,679,3
380,0,590,14,202,30,1077,34,821,39,65,117,1247,128,0,274,1219,306,30,417,1042,481,851,603,305,641,668,673,483,689,-1,-1,3
378,0,588,12,202,30,1075,30,817,38,66,118,1246,125,0,273,1217,305,29,415,1035,482,148,544,844,603,297,640,658,675,473,690,3
373,0,582,10,1076,20,198,33,814,31,64,122,1251,114,0,278,1223,296,32,418,1041,475,151,546,848,599,301,641,663,672,479,687,3
421,0,650,12,1156,26,224,34,893,35,1325,117,74,127,0,295,1293,297,34,445,1113,476,169,577,917,604,338,668,724,683,530,709,3
420,0,651,8,1157,17,223,33,894,30,1327,110,73,130,1296,287,0,299,37,450,1118,468,175,581,924,600,345,672,734,681,539,709,3
416,0,646,7,1153,13,889,27,222,35,1326,106,73,130,1293,285,0,298,36,447,1111,467,915,599,339,666,723,678,526,705,-1,-1,3
1140,0,401,4,626,7,870,20,209,45,1317,88,66,143,1287,268,0,309,38,455,1107,456,173,580,910,591,339,666,722,672,529,702,3
1138,0,398,7,627,8,870,22,207,48,1317,87,65,146,1289,268,0,314,41,460,1110,455,177,585,916,589,344,670,726,673,534,705,3
401,0,608,17,221,21,826,47,77,105,1221,137,0,256,1183,297,23,395,1010,460,826,572,289,613,646,640,466,657,-1,-1,-1,-1,3
402,0,226,19,598,23,807,55,1036,60,82,93,1181,147,0,237,1148,302,15,375,984,455,126,504,803,565,272,597,625,631,444,645,3
402,0,226,17,599,22,807,56,1036,61,85,90,1180,150,0,232,1148,303,14,370,983,456,124,499,800,565,269,594,622,629,441,642,3
411,0,235,13,608,27,815,65,1043,77,89,83,1185,167,0,225,1151,323,9,365,983,471,115,498,798,579,258,599,616,642,432,651,3
423,0,248,21,619,19,829,51,1063,57,101,95,1213,146,0,241,1176,315,0,384,996,481,97,522,799,601,236,628,606,670,412,684,3
414,0,607,11,242,31,1048,30,814,34,98,109,1201,112,1,256,1172,283,0,400,997,459,95,537,800,590,234,639,606,670,411,691,3
1024,0,440,2,626,2,817,13,270,41,1157,61,117,124,1144,217,7,275,1000,388,0,423,824,535,101,555,639,634,251,648,438,680,3
454,0,638,2,1026,2,825,13,283,37,1155,60,129,118,1142,212,12,267,1002,380,0,415,828,525,98,550,641,626,248,644,439,674,3
942,0,582,14,758,18,408,20,1063,48,244,61,103,143,1057,184,2,287,939,344,0,426,786,483,104,544,620,584,253,622,434,639,3
949,0,588,16,764,19,415,22,1070,49,251,63,105,143,1062,186,0,287,940,342,0,424,787,480,101,542,619,581,251,618,433,635,3
974,0,605,8,428,11,786,15,258,51,1098,49,110,130,1090,187,5,277,965,344,0,418,808,484,105,539,635,585,258,620,445,639,3
473,0,656,5,1029,12,840,20,293,31,1152,69,1137,207,11,250,1007,360,0,395,841,495,103,525,659,590,263,613,458,641,-1,-1,3
505,0,698,10,1077,28,311,30,887,31,1199,87,138,105,1184,228,9,259,1057,378,0,416,893,516,121,553,711,615,295,643,503,667,3
525,0,719,14,327,26,1091,37,906,37,1210,99,148,98,1195,233,13,251,1074,380,0,410,911,515,125,551,729,613,304,642,518,666,3
571,0,775,19,361,21,968,47,1158,53,168,93,1281,117,18,253,1263,256,1138,409,0,422,969,547,131,576,777,649,323,676,552,703,3
585,0,368,20,793,21,990,53,1180,60,170,94,1302,127,15,259,1286,267,1164,420,0,436,996,561,142,595,804,667,343,698,578,724,3
452,0,694,1,896,47,217,60,1071,95,1324,185,21,245,1211,446,0,454,1072,578,185,640,903,685,427,745,683,756,-1,-1,-1,-1,3
342,0,532,11,161,38,692,55,827,104,945,129,1030,189,12,187,1028,299,0,381,978,415,884,533,165,564,765,630,375,675,591,694,3
351,0,539,17,169,33,696,67,830,118,944,148,16,176,1025,209,1022,317,0,368,972,431,880,545,163,556,760,639,372,673,589,697,3
355,0,543,21,174,30,697,74,830,128,943,160,19,171,1024,223,1018,333,0,364,965,446,870,559,156,557,749,650,362,677,576,706,3
360,0,182,23,543,26,693,84,821,142,28,152,931,178,1009,243,1000,350,0,342,948,461,147,539,854,570,732,658,347,669,558,707,3
216,0,395,2,569,54,48,107,708,130,826,203,926,251,0,293,996,323,977,428,128,510,919,528,818,625,316,665,694,697,521,727,3
230,0,405,10,576,68,58,98,711,150,825,228,924,281,0,282,992,356,969,460,117,506,909,559,803,653,297,671,677,721,499,744,3
233,0,404,16,571,78,61,91,702,162,814,243,0,269,912,301,975,375,950,479,109,494,887,575,782,663,281,664,654,728,480,743,3
229,0,400,16,568,79,61,90,701,165,813,248,0,268,977,383,951,486,108,492,887,583,279,664,780,671,651,732,478,746,-1,-1,3
205,0,379,4,558,56,43,107,700,136,822,213,926,267,0,287,999,342,975,451,122,500,910,551,802,643,298,657,672,709,498,728,3
208,0,383,5,562,61,45,104,704,143,826,223,930,278,0,286,1003,356,979,464,119,504,913,566,804,658,297,666,674,722,497,740,3
220,0,398,9,573,69,51,99,715,153,834,234,0,280,939,289,1009,369,984,476,116,500,917,575,807,665,292,665,673,727,494,743,3
221,0,397,10,574,70,51,100,715,154,835,236,0,279,940,292,1010,372,986,480,114,500,917,579,805,669,290,666,671,731,493,745,3
221,0,400,11,576,70,53,96,716,156,836,239,0,276,940,296,1010,375,983,482,115,496,913,581,288,662,801,669,668,730,489,742,3
218,0,396,7,574,64,51,99,715,148,836,229,942,284,0,279,1014,364,988,471,116,498,922,571,808,663,291,663,674,726,495,741,3
222,0,396,9,575,66,53,99,716,151,840,233,0,277,946,290,1019,371,994,480,112,498,925,582,289,667,810,673,674,736,491,749,3
340,0,542,3,711,44,150,48,855,89,975,110,1067,167,0,208,1071,282,1032,402,4,414,947,529,198,598,834,634,433,702,661,709,3
539,0,336,1,711,37,145,55,857,79,979,100,1072,156,0,219,1078,271,1038,395,5,426,953,523,200,606,837,632,434,707,662,710,3
554,0,348,8,729,31,880,66,152,70,1013,81,1103,133,1106,246,0,241,1056,371,5,439,962,500,197,607,839,611,659,692,430,694,3
543,0,340,11,718,27,870,60,1000,72,149,76,1095,124,1100,238,0,246,1048,365,2,444,952,495,828,608,189,608,648,691,418,695,3
507,0,315,13,670,24,809,52,136,73,1010,110,1014,213,0,241,966,330,9,425,880,450,767,554,187,572,606,632,399,643,-1,-1,3
453,0,614,8,885,19,758,24,271,29,973,65,109,107,0,276,923,303,833,430,19,446,720,538,180,573,564,618,372,633,-1,-1,3
445,0,272,14,595,18,728,44,114,78,915,196,0,231,864,310,7,397,777,424,667,522,155,528,517,591,335,596,-1,-1,-1,-1,3
449,0,597,18,276,16,726,41,835,46,116,84,914,91,0,241,867,306,8,412,784,423,678,523,161,545,531,598,345,609,-1,-1,3
317,0,194,10,428,14,528,33,622,39,84,55,683,74,678,152,3,159,626,238,0,270,549,321,91,365,458,388,211,422,342,429,3
328,0,205,6,436,16,534,38,625,44,93,47,686,82,7,149,678,159,623,243,0,260,545,324,88,357,452,387,204,416,335,427,3
345,0,219,0,455,22,103,36,550,49,638,60,695,100,10,137,681,174,0,250,629,254,549,330,88,351,456,390,207,413,338,425,3
337,0,170,28,493,41,600,107,681,165,18,214,790,257,746,465,0,478,687,580,615,686,163,694,501,774,-1,-1,-1,-1,-1,-1,3
371,0,193,24,538,42,656,109,745,170,817,201,28,198,864,266,844,361,0,438,799,471,726,580,154,646,637,677,506,749,335,747,3
375,0,551,35,189,32,681,98,781,157,866,191,24,208,917,253,0,443,848,469,766,581,161,645,670,679,529,750,349,747,-1,-1,3
388,0,567,33,196,31,701,94,805,151,28,199,946,245,0,425,872,454,785,564,158,621,684,659,351,722,-1,-1,-1,-1,-1,-1,3
405,0,596,29,209,32,742,86,861,143,961,174,33,189,1025,238,0,393,935,450,831,557,149,581,708,647,344,688,542,704,-1,-1,3
376,0,565,22,190,35,716,74,845,128,30,180,0,362,917,438,130,533,798,544,665,622,305,637,494,665,-1,-1,-1,-1,-1,-1,3
367,0,557,18,184,39,713,69,848,121,970,147,28,182,1043,215,0,358,931,435,127,526,808,539,669,618,302,632,495,662,-1,-1,3
372,0,563,16,189,41,725,65,867,117,993,145,32,181,1073,213,1047,319,0,356,957,439,125,526,830,546,682,627,300,634,499,672,3
370,0,566,12,183,45,734,58,882,108,1017,136,27,188,1102,203,0,363,982,437,127,531,849,547,698,630,308,640,511,673,-1,-1,3
372,0,571,11,184,45,743,57,898,108,1039,135,28,191,1128,205,1101,323,0,366,1003,444,126,534,864,557,708,641,307,645,514,683,3
537,0,343,0,713,35,165,52,876,77,1027,97,1124,164,22,191,1101,282,0,352,1000,408,122,507,858,521,697,607,296,611,501,647,3
544,0,346,1,726,36,167,53,893,80,1153,169,23,194,0,356,1022,421,121,512,873,536,296,620,704,621,504,660,-1,-1,-1,-1,3
515,0,319,15,704,21,883,52,1055,61,145,77,1167,125,14,220,1150,252,0,374,1041,391,885,516,120,518,712,605,296,617,506,649,3
496,0,681,18,303,19,855,44,134,86,1135,108,6,233,1017,371,0,386,872,497,126,525,707,591,302,616,511,643,-1,-1,-1,-1,3
504,0,313,17,686,19,857,48,1021,54,141,82,1128,114,12,226,1113,236,1010,370,0,379,866,493,124,519,700,584,299,610,504,635,3
519,0,327,11,698,24,862,57,1018,68,151,71,1118,128,14,217,1101,247,999,375,0,376,858,494,127,518,699,583,304,609,507,632,3
508,0,316,17,689,18,858,44,1018,50,142,82,1123,108,1109,229,11,231,1007,362,0,389,866,486,128,526,705,580,306,613,511,633,3
504,0,688,15,312,20,860,40,1025,43,139,89,1134,101,1120,223,9,238,1020,361,0,395,877,488,129,533,714,585,309,621,516,640,3
501,0,684,16,307,22,856,39,1020,41,134,92,1129,97,1118,219,5,244,1021,358,0,403,882,486,133,542,721,585,317,627,526,643,3
506,0,689,16,311,23,862,39,1026,40,137,93,1137,97,1127,220,7,247,1030,359,0,408,892,489,137,548,730,590,322,634,534,649,3
578,0,795,16,356,24,1218,51,165,100,17,259,0,430,1203,431,1016,577,132,589,809,684,328,699,569,736,-1,-1,-1,-1,-1,-1,3
570,0,796,9,345,32,1020,32,153,114,12,280,1217,432,0,452,1045,591,135,610,830,703,334,721,581,758,-1,-1,-1,-1,-1,-1,3
592,0,814,21,368,22,1031,54,1243,62,170,95,19,257,0,433,1228,455,132,599,1038,603,825,710,332,716,578,759,-1,-1,-1,-1,3
584,0,812,15,355,29,1032,44,161,109,11,281,1251,449,0,460,1061,607,140,625,845,721,344,738,595,776,-1,-1,-1,-1,-1,-1,3
590,0,823,11,1261,37,358,35,1051,35,158,120,12,294,1262,445,0,472,1071,607,142,635,853,722,348,746,600,781,-1,-1,-1,-1,3
591,0,811,11,1211,30,1018,32,361,32,1343,93,156,122,1335,240,3,308,1222,406,0,498,1059,564,163,659,870,688,386,753,638,765,3
602,0,828,9,1245,24,1042,29,368,38,1382,88,158,129,1373,239,4,319,1257,413,0,511,1086,577,165,674,890,705,391,771,649,784,3
620,0,848,11,385,30,1063,35,1406,101,172,118,10,305,1276,421,0,498,1103,582,163,665,900,710,391,768,654,785,-1,-1,-1,-1,3
529,0,740,2,939,14,313,44,1263,60,128,134,0,310,1149,368,5,483,992,522,157,624,810,642,360,707,593,716,-1,-1,-1,-1,3
1055,0,701,4,506,7,883,13,1173,49,303,47,125,139,1171,179,0,310,1080,331,944,479,7,478,784,597,161,611,584,678,362,682,3
1045,0,688,9,494,14,871,15,1165,47,294,57,121,149,1166,179,0,320,1074,333,938,483,8,486,778,603,159,617,577,684,358,688,3
490,0,673,5,1000,13,843,19,296,33,1109,61,122,114,1107,183,0,278,1023,324,7,442,898,459,750,569,156,573,561,642,351,643,3
486,0,667,4,989,9,834,16,293,34,1094,57,122,117,0,280,1011,314,6,444,887,450,741,560,153,571,554,637,345,639,-1,-1,3
468,0,648,2,978,5,818,13,281,34,1087,53,117,113,1083,175,0,267,992,315,2,420,860,448,136,546,708,553,520,620,-1,-1,3
944,0,623,2,449,1,789,11,268,37,1052,46,109,117,1051,165,0,271,968,303,6,421,845,436,699,542,141,543,519,611,321,611,3
920,3,438,0,607,1,767,11,260,35,1021,46,107,113,0,262,940,294,8,409,820,423,680,525,140,526,313,591,506,593,-1,-1,3
445,0,286,5,591,24,137,51,725,54,858,68,935,116,18,169,920,214,0,300,833,317,715,413,102,421,580,485,248,501,418,523,3
445,0,281,3,598,26,132,49,741,60,968,131,16,165,0,292,840,340,95,412,707,432,234,496,563,497,399,526,-1,-1,-1,-1,3
293,0,458,1,612,32,139,43,751,67,967,141,18,159,0,289,843,342,99,413,715,433,242,495,574,497,411,526,-1,-1,-1,-1,3
304,0,472,5,631,40,148,42,779,82,926,103,21,158,1012,167,982,272,0,290,872,378,95,420,730,468,236,511,577,529,406,552,3
472,0,297,5,633,29,138,56,1016,137,15,183,0,321,887,358,106,448,751,456,602,528,255,533,431,561,-1,-1,-1,-1,-1,-1,3
491,0,304,7,666,28,829,63,137,65,991,75,1084,142,12,201,1052,257,0,344,934,379,111,475,785,483,626,557,265,561,446,591,3
527,0,325,6,715,33,148,65,895,75,1075,94,1178,167,15,204,0,350,996,419,109,486,825,524,264,581,647,594,454,622,-1,-1,3
516,0,316,9,707,29,888,65,140,72,1064,81,1177,151,12,213,0,360,1004,407,113,495,836,518,273,587,660,593,465,623,-1,-1,3
488,0,678,11,291,24,1034,32,859,32,1144,92,119,102,0,255,998,358,0,404,844,481,126,530,679,573,294,606,489,623,-1,-1,3
512,0,308,17,707,21,888,48,1072,57,129,89,1178,124,3,243,1143,251,1010,389,0,396,847,505,126,526,677,590,293,608,486,632,3
520,0,311,13,720,25,911,58,129,85,1208,137,3,235,1165,260,0,383,1024,396,853,509,125,512,677,587,290,595,484,624,-1,-1,3
517,0,305,16,721,23,917,56,1112,64,123,90,1226,139,0,244,1,393,1033,408,857,521,124,523,677,599,290,606,483,635,-1,-1,3
509,0,712,15,298,23,1094,40,905,40,117,104,1206,106,0,263,1032,378,8,413,867,497,696,583,311,607,315,611,504,624,507,630,3
505,0,708,10,296,27,899,30,1199,88,116,113,1163,215,0,275,1032,360,10,426,871,483,147,546,703,575,321,615,514,626,-1,-1,3
512,0,718,13,299,24,1108,33,915,36,1225,100,119,106,1187,228,0,264,1049,374,7,412,879,494,139,535,703,581,311,610,508,628,3
513,0,720,12,300,25,1109,30,917,34,1225,96,118,108,1187,224,0,269,1051,370,8,419,884,493,144,541,709,582,318,614,516,630,3
513,0,718,11,1099,25,301,26,911,31,1213,88,119,111,1179,214,0,274,1049,361,9,427,886,484,148,547,715,577,324,617,523,629,3
518,0,723,15,306,22,916,41,122,104,1217,107,0,267,1049,378,9,421,886,500,146,546,715,591,323,622,521,639,-1,-1,-1,-1,3
526,0,312,18,731,22,922,51,1107,55,125,96,1217,124,1179,250,0,261,1045,392,6,417,881,510,144,548,710,598,319,624,516,646,3
527,0,314,18,726,22,912,51,1092,53,126,96,1200,123,0,261,1040,386,6,420,879,511,146,551,717,596,324,629,521,649,-1,-1,3
555,0,353,11,738,25,903,57,1058,66,163,77,1155,125,14,234,1138,241,1040,373,0,403,901,496,140,550,741,593,331,637,545,652,3
569,0,368,2,750,32,176,60,912,70,1066,87,1159,147,20,214,1139,263,0,382,1038,389,899,506,136,535,738,599,325,630,539,651,3
575,0,376,2,751,33,184,56,908,71,1054,88,1148,149,24,205,1132,262,0,375,1040,387,907,506,138,534,748,599,332,632,549,653,3
518,0,328,14,700,21,870,52,1036,64,155,72,1143,120,18,210,1128,244,0,364,1032,373,886,496,124,509,720,586,303,605,517,634,3
540,0,345,10,725,25,900,59,168,62,1183,133,24,193,1178,255,0,348,1079,386,125,500,932,509,756,600,313,607,541,644,-1,-1,3
576,0,777,21,368,20,971,49,1157,61,180,79,1288,120,26,216,1291,252,0,379,1188,395,1028,533,131,538,831,636,337,651,589,688,3
590,0,791,14,382,25,984,38,189,87,1302,94,1314,223,29,233,1224,369,0,398,1073,514,141,561,881,629,364,670,632,697,-1,-1,3
647,0,424,17,859,25,1063,57,1256,73,218,73,1398,130,40,214,1409,267,0,390,1315,414,1153,564,144,569,943,679,380,699,671,740,3
697,0,466,12,912,31,247,63,1118,70,1312,92,1453,153,52,202,1460,290,0,385,1363,438,146,576,1194,588,979,701,391,716,694,763,3
791,0,534,20,1032,28,1263,64,290,74,1639,147,65,223,1658,294,0,423,1558,454,1376,621,161,628,1130,755,445,783,801,829,-1,-1,3
790,0,533,17,1031,29,1263,68,289,72,1481,88,1640,153,65,222,1660,301,0,422,1560,462,1375,630,159,632,1127,763,441,787,796,837,3
799,0,543,8,1041,35,297,55,1271,83,1648,181,70,197,1657,332,0,393,1545,491,148,606,1351,652,418,770,1096,773,766,832,-1,-1,3
796,0,541,10,1036,40,296,56,1265,86,1483,117,1641,185,70,197,1648,334,0,390,1535,489,146,599,1338,649,412,761,1084,767,755,824,3
730,1,496,0,950,43,1163,96,67,168,1515,202,0,342,1511,345,1385,492,123,538,1188,631,348,689,946,728,647,765,-1,-1,-1,-1,3
473,0,704,1,256,37,927,45,1144,101,1358,140,61,165,1492,218,0,335,1343,515,110,525,1130,648,315,680,881,736,593,759,-1,-1,3
677,0,453,1,894,39,244,45,1110,90,58,169,1472,197,0,331,1456,345,1309,491,105,510,1096,623,302,655,850,709,568,731,-1,-1,3
598,0,802,18,392,24,1009,44,43,213,1359,255,0,363,1218,405,100,516,1015,546,281,632,784,642,525,681,-1,-1,-1,-1,-1,-1,3
704,1,905,0,512,11,1268,22,329,55,164,130,1278,158,31,257,1152,322,0,396,964,477,96,526,744,592,266,621,498,650,-1,-1,3
1123,0,782,19,596,44,421,78,1139,129,258,142,116,230,1027,297,9,366,862,463,0,497,672,590,98,603,255,669,459,671,-1,-1,3
958,0,1089,24,774,34,597,47,428,71,268,129,1099,154,127,209,988,309,13,344,832,460,0,475,652,577,97,582,251,648,448,650,3
782,0,1093,3,609,10,440,29,280,79,1097,128,135,154,980,278,19,282,0,410,820,422,93,520,638,531,241,589,434,596,-1,-1,3
922,0,754,24,1040,25,591,33,431,48,275,95,1049,139,133,166,949,277,18,291,807,414,0,416,94,521,637,521,246,586,441,590,3
923,0,757,19,597,25,1039,27,438,37,283,80,1047,138,140,148,22,269,949,271,0,395,806,406,91,502,635,510,243,571,437,577,3
941,0,617,6,459,10,776,9,1052,32,302,43,154,104,1056,142,29,219,954,269,0,343,807,394,88,455,634,490,237,532,432,546,3
940,0,619,6,778,10,461,13,1050,30,303,48,154,110,1054,140,28,228,954,268,0,356,810,396,88,468,638,494,239,542,438,555,3
490,0,649,6,808,20,328,23,1083,61,176,75,1078,172,40,184,965,295,0,309,808,412,77,428,625,499,221,514,418,543,-1,-1,3
483,0,644,4,974,17,806,19,323,26,1088,59,171,76,1082,171,38,186,966,297,0,310,806,415,77,429,622,501,222,516,416,544,3
486,0,649,8,985,19,812,20,324,29,1101,60,1095,174,39,190,976,302,0,313,810,423,75,432,622,508,217,520,412,553,-1,-1,3
479,0,644,1,988,3,812,10,318,29,1110,45,167,85,1106,162,36,197,987,294,0,321,821,420,80,441,632,510,223,527,420,556,3
482,0,646,1,989,8,814,13,319,28,1109,48,167,83,1106,165,36,196,988,296,0,320,824,421,79,440,636,510,225,529,424,557,3
1029,0,643,16,831,17,463,25,1166,42,292,69,138,144,1162,180,18,277,1031,339,0,415,855,487,94,538,660,591,247,623,447,646,3
525,0,719,19,336,21,915,49,164,83,1253,124,26,219,1226,269,0,368,1074,423,97,512,882,552,253,620,677,637,457,668,-1,-1,3
509,0,706,11,319,28,905,32,150,99,1252,96,20,242,1230,241,0,392,1081,399,104,533,892,538,691,631,267,633,473,671,-1,-1,3
510,0,708,12,320,27,909,36,1121,38,151,96,1259,104,20,238,1238,253,0,389,1086,413,102,530,893,549,261,634,688,641,468,677,3
705,0,911,23,143,96,1276,97,18,242,1249,249,0,392,1087,415,101,532,887,553,258,634,678,644,461,677,-1,-1,-1,-1,-1,-1,3
588,0,371,17,794,24,983,56,986,61,1170,70,172,89,16,254,1263,272,1140,421,0,431,976,557,141,589,791,660,339,690,571,716,3
315,0,693,13,856,47,1008,59,138,65,1103,121,5,224,1079,243,977,371,0,387,838,490,134,527,685,580,307,613,503,631,-1,-1,3
435,0,596,6,874,14,742,19,259,30,964,59,104,108,0,261,886,290,778,411,9,410,653,508,146,525,495,576,315,582,-1,-1,3
430,0,592,4,870,11,738,17,256,30,961,55,102,110,956,163,0,262,884,289,777,410,12,412,653,508,148,525,495,576,316,583,3
907,3,442,0,610,2,765,12,260,36,1005,48,105,118,0,274,920,293,806,420,11,425,673,523,148,538,507,592,320,598,-1,-1,3
412,0,562,6,696,20,247,27,100,101,0,252,834,281,738,399,9,401,625,496,140,516,476,564,304,573,-1,-1,-1,-1,-1,-1,3
546,1,398,0,682,10,233,35,885,40,92,115,826,266,0,270,737,388,18,418,629,488,154,526,486,562,317,576,-1,-1,-1,-1,3
345,0,214,3,455,21,550,46,95,47,638,55,694,96,5,161,628,259,0,284,551,343,97,388,462,408,218,445,348,452,-1,-1,3
350,0,218,2,463,23,98,46,559,48,648,59,705,101,4,160,691,176,634,266,0,284,555,349,95,388,462,414,216,447,346,456,3
358,0,226,0,470,23,102,44,569,49,657,60,7,159,639,264,0,282,94,387,464,415,215,449,345,456,-1,-1,-1,-1,-1,-1,3
361,0,226,3,475,21,574,46,103,49,664,55,720,98,8,165,644,266,0,289,559,349,93,393,463,416,213,451,344,458,-1,-1,3
368,0,231,2,485,15,105,51,739,97,8,169,653,266,0,293,563,351,91,396,464,418,212,454,344,461,-1,-1,-1,-1,-1,-1,3
375,0,231,11,493,18,597,40,692,43,102,67,748,87,5,195,663,264,0,322,574,353,98,421,476,425,355,473,222,472,-1,-1,3
392,0,242,9,516,16,622,39,719,40,106,70,774,87,4,208,681,268,0,339,589,358,490,431,105,437,368,482,233,485,-1,-1,3
390,0,243,11,513,17,619,37,715,39,106,73,771,82,746,163,3,209,678,263,0,339,586,353,486,427,102,437,364,478,229,483,3
401,0,529,16,244,15,741,38,639,36,800,82,103,83,773,169,1,228,700,273,0,365,606,369,110,462,-1,-1,-1,-1,-1,-1,3
391,0,521,5,737,9,636,17,236,25,800,51,97,102,784,142,718,251,0,255,629,356,5,395,531,446,121,490,404,512,259,528,3
395,0,530,6,749,10,646,17,239,24,813,54,99,101,794,143,728,255,0,254,636,358,5,392,118,491,260,525,-1,-1,-1,-1,3
401,0,535,6,759,14,653,20,239,27,826,57,98,105,805,150,0,261,738,264,642,370,4,400,537,460,120,498,408,525,261,540,3
397,0,534,6,757,11,651,17,238,27,825,53,97,106,804,145,738,259,0,261,643,366,6,401,540,456,123,498,412,523,264,538,3
401,0,539,7,763,15,656,20,242,24,830,58,101,101,808,150,0,254,738,263,642,369,4,394,536,457,119,492,405,522,258,535,3
399,0,536,5,762,12,655,18,241,25,830,55,100,103,809,145,0,258,740,262,643,370,4,396,538,459,119,494,406,523,259,537,3
396,0,535,4,760,8,654,16,238,27,828,50,97,106,808,144,741,258,0,262,645,366,7,400,541,456,124,497,411,522,265,538,3
397,0,532,7,754,15,648,20,239,25,819,57,99,101,801,148,0,253,733,259,639,364,5,392,538,453,121,489,409,518,261,531,3
393,0,530,6,650,16,236,25,825,53,97,102,0,253,739,258,645,365,6,392,540,454,122,489,410,518,262,533,-1,-1,-1,-1,3
394,0,529,7,754,11,648,20,237,24,822,56,97,99,0,251,736,260,640,365,4,389,120,484,260,532,-1,-1,-1,-1,-1,-1,3
404,0,538,10,761,22,245,20,656,26,825,66,103,93,804,157,0,241,734,267,635,368,0,379,530,454,111,479,397,514,251,525,3
412,0,545,12,252,20,832,71,108,91,4,238,737,271,637,372,0,375,529,456,112,477,396,518,248,522,-1,-1,-1,-1,-1,-1,3
397,0,534,6,756,12,650,20,241,23,823,56,100,98,0,248,732,258,636,363,2,386,531,452,115,483,401,514,254,527,-1,-1,3
408,0,543,12,251,17,761,25,654,30,825,71,108,89,801,160,3,236,727,267,630,368,0,373,524,451,109,472,245,518,-1,-1,3
409,0,540,12,249,20,757,24,654,27,819,67,105,93,796,156,0,243,725,264,629,365,1,381,524,449,112,478,394,509,250,520,3
406,0,541,11,249,20,762,24,657,27,824,67,104,93,1,242,726,265,628,366,0,380,522,450,113,477,393,510,248,520,-1,-1,3
391,0,527,9,235,21,645,24,820,64,98,92,798,156,0,237,726,266,627,367,0,370,518,451,107,468,386,509,241,515,-1,-1,3
395,0,528,13,241,17,750,30,644,30,814,74,103,84,792,164,2,224,719,271,0,357,619,370,512,450,105,458,382,505,237,508,3
356,0,223,5,469,26,101,47,564,53,652,64,709,109,5,160,695,183,638,269,0,284,558,350,97,388,467,414,220,448,352,457,3
213,0,339,0,448,24,99,35,549,52,642,64,701,107,10,130,687,183,0,236,621,261,533,334,82,334,436,388,193,397,318,417,3
308,0,425,9,184,14,531,25,633,27,77,60,700,63,0,161,635,229,0,265,551,313,89,353,454,376,205,406,336,415,-1,-1,3
614,0,405,3,290,5,512,8,683,27,169,31,66,87,686,104,0,191,636,197,562,285,10,293,472,357,106,371,357,406,227,412,3
596,0,394,8,499,10,282,12,665,27,164,39,63,97,671,101,625,191,0,200,555,280,13,300,470,353,110,375,356,402,359,405,3
396,0,284,2,500,5,662,23,164,30,62,88,619,189,0,196,550,277,15,299,467,349,115,373,359,400,234,410,-1,-1,-1,-1,3
601,1,401,0,289,0,506,6,169,24,665,28,66,80,0,183,618,190,548,274,13,284,462,343,111,359,355,391,231,398,-1,-1,3
225,0,353,7,109,28,463,39,564,73,659,92,15,117,716,139,0,221,619,288,73,321,523,353,176,387,420,398,301,416,-1,-1,3
235,0,362,12,117,25,473,46,573,83,671,105,19,111,726,155,0,215,700,230,621,303,70,318,521,365,172,389,414,407,294,421,3
255,0,133,12,384,24,490,70,26,95,583,117,721,201,0,204,68,317,611,340,513,395,170,400,410,430,293,435,289,438,-1,-1,3
252,0,130,17,379,23,486,63,25,99,578,110,719,190,0,204,67,314,610,328,608,333,509,386,411,419,405,424,285,432,-1,-1,3
242,0,373,15,121,23,482,52,584,90,579,95,21,111,680,113,734,168,0,220,628,318,73,325,69,329,527,383,-1,-1,-1,-1,3
237,0,364,9,116,29,472,42,564,77,650,96,16,129,704,143,685,218,0,247,623,297,82,359,536,369,441,424,195,430,322,451,3
245,0,376,12,486,46,581,83,671,103,19,134,724,152,702,230,0,256,637,313,82,372,548,389,446,443,195,448,325,472,-1,-1,3
345,1,213,0,456,28,93,46,550,59,687,118,4,170,624,294,0,308,549,382,97,425,464,453,222,491,352,499,-1,-1,-1,-1,3
210,0,342,1,449,30,91,45,540,60,619,71,673,118,1,170,616,290,0,313,548,379,103,432,468,451,229,496,359,500,-1,-1,3
246,0,385,7,116,38,493,45,666,97,12,164,0,312,650,322,570,412,102,442,482,482,230,516,367,529,-1,-1,-1,-1,-1,-1,3
364,0,225,0,480,28,96,47,576,60,660,73,717,119,0,178,702,204,659,300,0,327,586,392,111,451,500,469,246,517,384,520,3
233,0,375,2,492,31,100,46,590,63,674,77,732,123,0,178,720,208,674,301,0,328,600,393,115,451,513,468,254,517,395,520,3
388,0,237,3,512,27,620,57,100,54,779,115,0,186,770,205,716,302,1,335,634,397,120,457,539,475,264,524,416,529,-1,-1,3
404,5,252,0,529,30,112,46,637,59,2,181,730,304,0,334,649,403,122,461,554,480,273,529,425,533,-1,-1,-1,-1,-1,-1,3
315,0,486,5,628,40,149,47,14,185,838,340,0,348,741,436,132,488,626,519,303,561,299,567,476,576,-1,-1,-1,-1,-1,-1,3
313,0,487,4,633,38,147,46,758,76,870,93,942,146,12,187,925,243,854,347,0,349,751,447,131,490,633,529,300,569,477,580,3
500,0,314,6,659,28,796,61,139,62,996,127,4,215,912,342,0,383,805,453,145,523,679,544,326,599,516,604,-1,-1,-1,-1,3
497,0,308,14,662,20,807,47,939,54,130,85,1023,103,1016,210,0,247,948,332,5,419,844,452,717,553,160,557,550,623,352,626,3
523,0,710,16,318,25,881,39,1041,42,1143,96,134,102,1136,219,0,271,1050,358,2,446,920,493,157,590,768,602,357,669,574,673,3
540,0,733,17,331,24,910,43,1077,46,143,99,1187,105,1176,233,3,267,1079,376,0,441,936,512,149,589,772,619,348,676,570,687,3
547,0,742,18,336,21,921,47,1089,52,147,94,1201,113,1186,242,6,260,1086,385,0,434,939,521,147,584,773,626,345,675,567,690,3
546,0,744,19,335,21,926,48,1097,53,146,97,1211,115,1196,245,6,260,1093,390,0,433,944,526,145,584,774,631,342,676,566,693,3
547,0,743,19,335,22,926,47,1096,53,147,96,1211,114,1198,245,7,259,1095,390,0,432,945,527,144,583,776,633,341,676,566,694,3
556,0,756,21,342,20,942,51,1118,58,151,94,1234,123,1218,255,9,257,1110,404,0,432,956,541,142,586,780,645,340,683,567,705,3
558,0,344,17,758,24,942,56,1114,64,152,90,1229,130,7,254,1214,262,1109,407,0,432,956,544,145,586,783,647,344,684,570,706,3
632,0,404,5,834,37,187,70,1013,81,1178,99,1284,168,17,239,1264,297,0,430,1159,436,1009,568,162,602,836,670,378,707,617,728,3
651,0,412,19,867,24,1062,59,188,99,1358,133,12,286,1240,425,0,489,1084,573,176,664,902,693,412,761,671,770,-1,-1,-1,-1,3
640,0,864,22,400,25,1072,53,1268,62,180,108,1394,128,1382,274,11,297,1269,440,0,500,1103,598,170,674,908,721,402,780,665,798,3
660,0,416,20,891,26,1105,62,1306,72,191,99,1441,144,16,287,1424,296,1300,463,0,490,1123,619,166,671,917,740,398,784,666,810,3
642,0,869,24,399,24,1081,57,1282,65,179,104,1414,135,1401,284,11,289,1277,449,0,488,1103,604,166,662,902,724,396,771,657,793,3
618,0,842,20,382,26,1051,50,1250,54,170,110,1382,122,1369,269,9,293,1250,435,0,488,1080,591,161,656,882,711,385,761,642,781,3
592,0,809,16,364,27,1014,43,159,109,1336,111,1323,254,6,288,1207,416,0,475,1042,566,158,636,853,683,375,735,621,751,-1,-1,3
576,0,783,16,357,23,975,42,1158,45,157,104,1280,105,1270,239,6,275,1163,391,0,456,1007,536,155,611,827,648,367,703,607,717,3
550,0,754,10,948,30,340,30,1262,87,152,109,1253,225,10,278,1140,383,0,452,982,530,142,603,797,645,343,696,575,714,-1,-1,3
522,0,727,3,926,13,313,39,1249,59,132,127,1,296,1125,358,0,463,965,509,143,603,784,626,340,687,567,697,-1,-1,-1,-1,3
531,0,728,12,327,26,1097,32,916,33,1218,90,144,102,1209,222,7,262,1098,371,0,428,945,511,138,573,767,618,330,663,555,680,3
668,0,879,12,445,29,1079,30,1269,35,1408,81,232,92,1425,208,43,243,1334,352,0,421,1178,506,150,589,971,634,398,701,697,717,3
740,0,964,19,505,20,1177,49,1382,62,1532,115,64,213,1555,249,1462,399,0,399,1291,559,146,589,1059,690,410,731,746,768,-1,-1,3
756,0,987,9,1208,28,1418,32,514,34,1577,76,279,97,1608,209,61,247,1522,362,0,437,1355,533,159,621,1122,676,444,752,799,772,3
803,0,1041,18,551,24,1268,43,304,81,1642,104,73,227,1675,240,1589,390,0,421,1417,559,161,620,1173,701,457,761,834,792,-1,-1,3
801,0,1040,17,549,27,1268,42,1484,55,305,88,1646,103,72,232,1680,240,1595,392,0,425,1423,564,161,625,1179,706,457,767,836,798,3
707,0,944,7,1385,26,1172,23,460,38,1548,69,222,111,1585,203,0,265,1503,360,1338,539,105,649,1101,690,399,778,769,794,-1,-1,3
1376,0,1155,16,924,19,1547,31,689,32,452,89,1589,169,233,177,1509,340,40,344,1344,531,0,537,1110,698,165,708,792,815,444,816,3
661,0,884,2,1101,15,433,39,1463,55,220,113,1491,191,36,270,1405,350,0,456,1244,522,157,628,1026,665,415,742,734,757,-1,-1,3
819,0,1245,4,599,1,1035,11,375,48,1397,54,1409,195,18,290,1304,363,0,465,1134,527,151,621,923,657,379,721,658,738,-1,-1,3
780,0,566,4,990,9,1344,44,351,48,162,130,1358,185,14,289,1257,350,0,460,1092,514,146,610,889,643,367,708,634,723,-1,-1,3
538,0,733,12,334,27,919,33,1221,87,151,97,1219,216,10,250,1122,358,0,415,973,497,143,560,795,605,344,652,578,668,-1,-1,3
554,0,753,18,347,21,941,45,159,88,1244,112,14,240,1233,240,1122,385,0,404,964,519,137,553,781,619,332,650,562,674,-1,-1,3
549,0,758,15,337,25,961,42,1162,44,150,101,1294,113,1274,256,12,258,1141,413,0,424,961,553,130,574,765,655,316,675,541,705,3
537,0,753,5,1170,11,964,21,318,38,1306,75,131,129,0,301,1154,391,1,469,977,541,141,609,784,652,336,696,563,715,-1,-1,3
1280,0,726,11,494,41,263,117,1260,141,80,253,1145,320,0,458,998,482,841,611,59,616,655,704,244,707,448,735,-1,-1,-1,-1,3
1167,0,972,29,762,31,536,47,1293,52,303,101,1272,188,108,223,1155,358,0,424,1004,509,40,590,841,631,221,696,646,718,429,740,3
1158,0,960,34,750,37,1288,54,525,53,294,113,1268,190,104,233,1151,362,0,432,999,515,42,595,834,636,220,700,640,723,426,744,3
1155,0,952,37,738,46,1289,50,512,67,285,129,1269,190,100,251,1149,367,0,445,993,524,40,605,825,648,212,709,628,733,415,754,3
1150,0,947,37,733,46,1286,49,508,68,281,130,1266,190,98,252,1148,367,0,448,992,523,41,607,825,648,214,711,630,734,416,755,3
1155,0,949,38,735,45,1287,51,509,67,282,128,1269,192,99,249,1147,367,0,443,993,524,41,603,825,648,213,707,629,733,415,753,3
1153,0,947,41,1288,48,730,53,505,79,280,144,1271,191,98,268,1149,371,0,462,991,530,40,622,823,657,212,723,626,744,413,765,3
963,0,747,6,1306,22,519,22,290,80,104,199,1155,341,0,392,994,496,37,553,822,617,208,662,624,698,409,711,-1,-1,-1,-1,3
1164,0,958,31,742,35,516,52,1299,54,288,110,1278,197,103,228,1156,373,0,422,996,530,36,586,824,653,206,697,624,734,408,749,3
1156,0,954,27,743,28,520,42,1290,54,296,97,1274,198,109,211,1154,371,0,406,998,530,32,574,826,654,201,692,624,737,405,749,3
751,0,959,6,531,6,1288,42,305,58,116,165,1150,361,0,363,991,517,25,535,817,640,190,662,613,719,394,726,-1,-1,-1,-1,3
545,0,742,5,1088,8,923,17,332,39,1199,55,139,131,1197,177,0,310,1106,323,976,466,9,483,817,583,175,617,617,669,389,680,3
514,0,704,9,1055,23,883,27,315,29,1170,77,136,105,1161,202,3,266,1057,346,0,428,913,481,139,564,746,587,328,644,544,653,3
516,0,706,14,321,24,1059,37,884,36,1173,94,143,96,1158,220,9,248,1046,361,0,406,894,492,131,543,723,589,311,628,522,646,3
319,0,699,8,879,39,150,57,1182,115,18,192,0,338,1031,378,110,477,864,495,274,575,680,577,476,611,-1,-1,-1,-1,-1,-1,3
503,0,318,11,684,24,862,58,151,66,1042,70,1159,135,20,196,1138,259,0,341,1012,392,102,480,845,508,261,580,663,588,460,620,3
498,0,318,10,679,24,857,59,155,63,1158,140,24,187,1132,266,0,326,997,399,94,464,823,512,244,566,639,585,436,611,-1,-1,3
470,0,650,15,294,20,831,39,1018,43,137,80,1142,104,18,206,1125,232,0,341,994,371,96,471,824,491,246,564,640,571,439,604,3
991,0,793,24,602,26,420,39,1129,44,248,85,102,168,1122,183,0,310,993,346,0,445,827,491,108,560,647,595,261,633,450,650,3
1001,0,612,8,428,12,799,13,257,51,1133,50,109,128,1121,188,4,265,987,346,0,402,816,483,101,521,634,579,250,601,438,626,3
592,0,418,3,771,7,252,39,1091,43,109,112,1078,178,6,244,946,329,0,375,780,460,95,491,605,551,238,570,418,595,-1,-1,3
549,0,384,3,720,7,231,38,1027,41,99,107,1017,171,3,232,887,316,0,355,728,441,88,465,563,525,220,540,386,565,-1,-1,3
398,0,558,8,887,22,245,25,718,25,996,75,109,87,980,194,9,208,860,325,0,333,711,438,90,445,554,515,222,523,385,550,3
403,0,558,12,252,20,713,32,879,35,114,79,979,85,10,195,961,200,0,317,842,324,85,427,697,431,542,502,215,505,375,534,3
388,0,539,12,241,20,690,31,850,34,109,75,950,84,11,188,932,197,0,306,817,317,84,414,674,419,525,488,208,489,363,518,3
384,0,529,11,239,17,673,33,818,36,107,71,909,83,8,183,896,187,795,300,0,301,667,399,88,407,526,468,215,479,371,502,3
377,0,241,12,514,16,649,40,790,47,117,58,878,95,18,158,860,196,0,267,754,301,73,372,622,392,186,446,482,453,330,477,3
380,0,529,10,237,20,834,27,677,28,109,75,935,77,11,186,919,187,0,303,804,309,79,408,664,412,516,481,202,483,353,513,3
387,0,540,8,855,20,694,23,237,24,959,69,105,85,946,184,7,203,834,311,0,324,694,419,89,432,544,495,219,506,379,531,3
407,0,571,6,904,18,734,21,246,26,1012,68,105,94,999,187,3,223,883,321,0,353,739,437,101,466,584,520,242,540,412,562,3
400,0,567,3,909,6,734,16,239,30,1024,58,99,100,1010,181,1,231,891,322,0,361,743,442,99,473,585,527,241,548,411,569,3
399,0,571,3,919,8,742,16,237,30,1037,60,94,100,1025,187,0,234,904,329,2,365,754,450,104,479,594,534,248,554,420,576,3
412,0,586,7,946,18,763,25,245,27,1066,77,101,98,1045,206,0,233,915,350,0,366,757,469,101,483,592,551,244,562,415,588,3
413,0,592,8,969,23,243,26,775,27,1095,84,99,97,1074,219,1,230,0,363,934,364,101,481,768,483,597,562,243,563,416,595,3
413,0,593,11,970,26,777,30,1096,88,1077,223,943,370,0,382,783,490,109,498,614,573,258,580,434,609,-1,-1,-1,-1,-1,-1,3
432,0,620,10,252,27,810,29,1137,89,0,247,973,373,7,385,808,493,120,506,638,577,274,586,453,615,-1,-1,-1,-1,-1,-1,3
429,0,631,11,241,28,1057,25,837,31,1198,98,88,107,1170,240,0,255,17,395,1018,396,139,515,842,517,665,596,296,596,478,627,3
430,0,633,7,1061,15,841,24,242,29,1203,84,89,112,1177,228,0,263,1027,386,21,403,854,511,147,522,678,595,306,602,491,630,3
440,0,647,6,1076,9,858,22,244,33,1217,79,87,119,0,274,1043,380,25,417,871,505,159,533,699,591,324,610,512,631,-1,-1,3
1095,0,658,12,442,13,874,21,240,55,1240,67,82,151,0,316,1074,376,36,462,907,509,182,574,737,603,358,641,551,652,-1,-1,3
1087,0,647,14,434,15,864,22,234,57,1234,66,80,153,1212,214,0,317,1067,380,37,460,899,514,178,573,727,608,350,641,540,657,3
1077,0,631,30,850,30,419,40,1229,61,225,87,76,186,1209,212,0,349,1064,385,37,489,895,523,177,597,723,621,348,661,536,673,3
1066,0,835,36,616,42,404,58,1223,57,216,109,1208,210,71,210,0,372,1064,389,39,509,894,533,176,615,721,633,345,678,534,687,3
1061,0,830,37,610,44,1221,57,399,61,212,113,1207,209,68,215,0,376,1064,389,39,512,894,533,178,616,722,634,347,678,535,688,3
1060,0,827,37,607,45,1219,54,396,62,210,116,1207,208,67,218,0,380,1063,388,40,516,894,534,179,620,722,636,348,681,536,691,3
1062,0,829,37,608,46,1223,57,397,65,208,118,1209,210,67,221,0,382,1064,389,40,519,894,535,180,621,721,637,348,682,536,691,3
1061,0,827,40,606,49,1221,56,394,70,206,124,1207,211,66,227,0,389,1063,393,39,527,893,540,179,629,721,642,348,690,536,698,3
1049,0,816,45,1211,48,596,60,385,84,201,143,1203,203,62,248,1064,389,0,410,897,539,42,544,183,644,727,645,353,700,542,704,3
1054,0,822,42,602,54,1215,52,392,76,206,131,1204,204,66,235,1064,388,0,397,41,531,896,537,180,633,725,641,349,693,539,699,3
1050,0,822,40,1208,49,605,52,397,75,211,129,69,234,1064,380,0,395,39,526,38,532,899,529,177,633,728,636,350,690,540,697,3
1046,0,823,38,609,47,1202,53,402,64,215,118,1195,205,71,220,0,384,1062,383,38,523,900,530,180,629,731,637,353,690,545,695,3
1058,0,630,26,839,26,425,35,1206,55,237,79,85,176,1195,202,0,338,1060,375,26,483,894,521,162,597,720,622,334,667,528,679,3
630,0,838,4,429,10,1202,33,242,55,0,314,1058,363,20,461,890,512,151,582,713,617,321,657,516,674,-1,-1,-1,-1,-1,-1,3
1061,0,842,25,635,27,434,38,1206,52,245,89,93,185,1197,206,0,348,1061,386,17,498,890,539,146,620,711,649,316,695,513,709,3
1028,0,639,21,831,21,449,30,1166,46,268,76,110,166,1164,186,0,321,1044,354,3,473,884,506,125,599,706,621,298,675,503,687,3
1051,0,849,27,650,29,455,42,1196,48,270,91,110,185,1199,193,0,348,1079,368,6,504,916,531,131,633,734,651,311,712,523,722,3
878,1,674,0,473,10,1230,24,280,60,114,152,1227,169,0,314,1102,344,6,469,931,502,133,597,743,620,313,679,529,687,-1,-1,3
713,0,502,3,927,6,298,45,1296,48,125,131,1292,195,2,294,1161,370,0,454,980,529,131,593,778,644,319,686,548,707,-1,-1,3
543,0,746,8,1119,21,937,26,331,32,1242,78,141,116,1235,212,2,288,1130,367,0,462,978,513,152,607,802,629,356,692,588,701,3
534,0,739,4,1126,13,935,18,325,36,1254,66,140,120,1252,202,4,287,1148,363,0,459,994,516,145,606,811,636,348,697,-1,-1,3
480,0,661,6,990,15,830,20,291,31,1101,63,123,105,1099,182,0,258,1012,321,0,414,880,455,136,544,725,560,322,620,534,628,3
967,0,631,8,804,12,453,14,1090,36,273,54,115,129,1107,151,0,270,1035,288,0,418,913,428,140,542,760,541,335,616,558,618,3
988,0,642,15,820,15,459,22,1116,36,276,65,116,142,1137,153,0,285,1065,298,1,436,942,442,783,560,142,562,343,638,575,639,3
615,0,820,21,398,20,1015,52,197,78,1332,116,28,225,1343,246,1256,391,0,403,1109,536,152,575,916,652,386,692,663,721,-1,-1,3
620,0,404,17,825,24,1018,55,202,73,1334,124,31,217,1342,254,0,394,1253,396,1102,541,148,568,909,653,380,687,656,718,-1,-1,3
625,0,407,13,831,24,1028,57,206,66,1215,72,1351,133,35,208,1357,265,0,385,1264,409,1107,553,143,560,906,665,371,686,649,725,3
622,0,406,15,826,24,1020,57,1202,71,204,72,1335,129,33,214,1345,259,0,391,1257,402,1106,547,150,567,912,660,381,689,659,724,3
636,0,420,9,837,31,216,60,1028,68,1207,87,1337,146,39,201,1342,275,0,381,1251,418,1101,559,145,562,905,670,375,692,653,731,3
641,0,424,8,843,33,220,56,1034,73,1214,94,1345,157,41,195,1348,288,0,374,1254,429,141,557,1098,568,900,677,368,690,644,734,3
653,0,427,10,864,31,216,64,1064,70,1248,92,1383,157,38,209,1389,290,0,393,1295,436,150,578,1136,582,934,694,387,712,671,754,3
652,0,427,3,858,37,215,54,1051,80,34,197,0,388,1278,444,157,581,1129,588,937,700,399,718,684,761,-1,-1,-1,-1,-1,-1,3
442,0,662,18,230,31,853,71,1022,129,1176,163,40,173,1282,234,1274,358,0,368,1188,483,157,571,1050,607,878,703,388,707,650,753,3
444,0,232,25,657,26,837,86,997,148,43,155,1139,188,1236,259,0,344,1223,374,1140,491,151,546,1006,605,372,685,840,692,621,735,3
431,0,640,21,224,28,818,78,974,136,39,162,1115,170,1209,239,1194,354,0,351,1109,471,149,544,979,584,817,672,365,675,605,717,3
389,0,597,13,191,42,774,62,930,116,1070,145,25,189,1162,214,1142,330,0,375,1051,451,145,553,918,566,762,655,344,668,565,702,3
550,0,344,10,735,28,902,64,156,73,1053,79,1157,140,11,232,1060,397,0,414,929,527,149,575,774,631,351,675,574,693,-1,-1,3
553,0,347,6,738,31,159,67,905,69,1054,84,1159,148,13,223,1147,270,1060,404,0,403,927,533,146,568,771,634,346,670,570,693,3
363,0,567,3,744,43,174,51,904,87,1049,110,1147,176,20,201,1130,293,0,385,1044,422,914,544,142,555,757,640,339,665,558,694,3
416,0,644,8,840,56,200,58,1012,108,1166,135,1264,211,24,228,1229,337,0,424,1117,472,960,596,149,603,788,692,350,713,578,743,3
422,0,655,6,856,52,203,62,1032,105,1192,131,1291,208,24,238,1252,338,0,437,1134,478,972,606,147,616,793,704,350,726,579,757,3
417,0,654,4,858,49,194,68,1038,100,1201,123,1301,200,19,248,1261,330,0,449,1141,473,979,601,153,623,801,701,357,729,587,755,3
643,0,401,5,854,35,1039,77,180,85,1210,90,1306,164,12,271,1257,291,1124,437,0,458,953,564,150,613,774,662,345,701,565,718,3
630,0,392,10,839,30,1020,66,1187,77,170,94,1284,147,1240,272,6,284,1114,416,0,472,953,545,158,620,780,648,356,700,575,709,3
629,0,389,12,836,28,1015,64,168,100,1273,140,1233,264,3,296,1112,411,0,487,954,542,162,634,786,648,366,712,584,716,-1,-1,3
645,0,405,10,850,28,1026,64,1187,72,177,94,1279,139,1237,259,6,288,1116,401,0,477,962,530,165,622,792,631,370,698,590,699,3
608,0,818,10,1165,22,1001,28,368,33,1263,81,149,141,1229,207,0,351,1117,359,970,501,16,539,811,619,192,668,617,703,401,720,3
471,0,649,1,294,25,837,39,132,72,1015,121,22,184,1109,266,0,353,1104,447,71,511,988,601,201,642,808,699,389,729,602,747,4
464,0,640,2,288,24,827,43,129,72,1002,127,21,181,1094,270,0,348,1086,452,69,504,969,602,195,633,790,695,378,721,586,741,4
458,0,634,1,284,24,817,42,124,74,989,124,18,184,1077,268,0,352,1069,445,72,507,957,593,201,634,783,687,382,717,586,733,4
482,0,659,12,304,13,140,53,839,64,1005,158,27,159,1081,307,0,327,1056,483,64,485,185,618,933,621,756,701,360,710,560,736,4
481,0,304,13,658,13,140,52,839,65,1004,159,28,159,1083,307,0,327,1060,483,66,486,187,620,939,622,763,704,364,713,566,740,4
490,0,311,10,667,17,145,48,848,73,30,153,1012,171,1087,321,0,323,64,486,1062,498,185,623,938,636,761,715,361,719,563,749,4
500,0,320,3,676,22,153,36,854,84,35,136,1015,186,0,304,1086,338,60,468,1057,512,177,609,931,646,352,711,752,719,554,747,4
503,0,322,5,680,22,153,38,860,84,34,143,1021,187,0,315,1091,341,61,481,1060,518,179,623,933,653,354,724,754,729,556,758,4
504,0,320,6,684,19,150,42,868,81,33,148,1032,185,0,320,1103,339,62,485,1071,518,181,625,941,655,357,725,760,730,559,760,4
503,0,317,9,687,18,146,48,874,77,30,159,1042,181,0,333,1116,338,66,499,1084,519,188,639,953,658,365,737,770,738,569,770,4
506,0,699,13,313,13,137,62,897,72,1073,178,22,183,1148,342,0,364,1114,530,74,531,202,669,977,673,791,756,382,764,588,793,4
502,0,697,12,306,16,128,66,895,69,1070,175,14,193,1143,336,0,376,1109,521,82,543,977,663,215,675,797,746,397,763,599,786,4
512,0,315,12,707,15,135,62,904,76,1077,185,18,188,1145,347,0,372,1105,532,78,541,969,671,209,675,788,753,389,766,590,791,4
507,0,706,12,308,16,129,70,911,71,1091,180,15,199,1164,347,0,383,1124,537,79,552,984,681,211,686,797,764,392,777,596,802,4
509,0,713,12,307,16,127,71,922,72,1106,185,14,201,1175,356,0,385,1130,547,79,551,210,684,983,688,793,768,388,775,590,803,4
507,0,306,14,710,14,126,66,919,76,1103,190,14,194,1172,362,0,375,78,540,1125,552,207,674,978,691,383,768,787,767,585,799,4
500,0,704,10,300,18,912,67,121,74,1097,178,11,205,1168,346,0,387,1123,535,82,550,980,676,213,680,793,757,392,768,593,793,4
498,0,701,9,296,17,910,68,117,74,1094,178,8,207,1164,347,0,390,1121,537,84,552,978,675,216,680,792,755,394,768,593,792,4
495,0,698,10,294,17,905,66,114,74,1086,175,6,205,1157,339,0,387,1114,523,87,548,976,660,221,674,794,740,400,757,598,778,4
494,0,699,6,290,21,907,59,108,82,1089,165,1,220,1159,331,0,404,1117,517,91,565,980,655,229,687,800,740,409,766,606,783,4
488,0,694,0,285,26,904,49,103,94,1086,149,0,235,1159,310,6,421,1123,494,105,578,993,637,248,695,817,726,431,767,628,776,4
494,0,699,2,287,27,908,50,105,93,1089,149,0,235,1161,309,7,421,1124,493,106,578,994,632,251,695,820,721,434,764,630,772,4
495,0,701,2,288,27,912,50,104,95,1093,150,0,238,1166,311,8,425,1129,494,110,583,999,635,255,699,825,725,440,768,636,775,4
703,0,495,1,288,29,913,47,103,99,1096,145,0,245,1168,306,9,431,1132,491,111,589,1001,633,257,704,828,724,442,772,638,777,4
712,0,500,5,288,38,928,42,101,114,1115,138,0,263,1191,298,16,451,1155,482,125,604,1024,625,276,714,850,719,661,776,464,776,4
225,0,105,11,351,13,463,42,25,83,569,98,660,177,0,216,698,281,51,348,680,396,139,459,608,485,262,533,509,535,392,556,4
218,0,347,7,97,16,463,32,577,84,19,92,677,160,0,227,722,265,58,360,712,384,156,469,644,478,542,534,285,541,421,560,4
146,0,292,8,444,43,41,68,575,96,700,177,0,231,808,281,856,411,56,409,840,552,166,570,758,658,326,686,637,715,493,732,4
621,0,432,10,821,34,248,43,87,112,1001,119,0,246,1083,267,15,415,1062,442,111,557,946,581,249,662,785,672,422,724,607,725,4
631,0,442,5,255,36,830,39,90,101,1006,127,0,235,1084,278,12,408,1058,454,109,553,942,589,246,661,780,678,419,725,603,729,4
637,0,448,3,262,30,834,42,97,92,1011,133,0,222,1088,283,5,395,1060,460,95,543,940,597,229,655,773,684,403,724,591,732,4
640,0,450,1,264,27,839,43,99,88,1017,137,0,220,1097,292,3,397,1072,476,92,551,950,618,227,668,780,706,402,743,594,754,4
645,0,454,4,267,33,846,41,99,95,1026,133,0,226,1104,288,0,402,1075,471,87,553,949,613,221,669,776,704,396,741,588,751,4
595,0,844,18,385,32,203,86,1092,106,60,172,1217,292,0,313,42,477,1198,508,148,614,1054,666,289,718,860,758,465,787,660,804,4
598,0,842,1,388,46,1084,68,203,113,57,213,1215,236,0,366,1214,451,56,535,1093,618,181,668,917,732,339,761,725,802,528,811,4
840,0,592,3,381,54,1086,66,198,125,51,230,1223,232,0,385,1228,446,60,556,1109,618,190,686,933,735,351,776,741,809,543,822,4
590,0,424,13,768,23,261,50,938,87,111,108,1032,216,13,220,0,382,1033,391,74,526,931,544,200,640,767,648,378,708,577,709,4
588,0,419,17,770,20,255,58,945,80,105,120,1046,210,8,237,1054,388,0,402,78,547,956,548,792,658,210,661,599,725,395,728,4
616,0,440,15,804,24,268,55,983,90,110,118,1085,225,8,237,1090,405,0,410,82,561,988,567,819,679,221,680,621,746,411,749,4
648,0,467,12,841,28,288,48,1026,102,123,109,15,231,1129,247,0,410,1132,438,80,571,1023,607,220,700,845,719,417,780,636,784,4
669,0,485,3,302,31,862,38,134,83,1043,119,20,202,1139,265,0,379,1133,453,78,544,1018,612,216,677,837,716,410,761,628,772,4
600,0,792,12,417,28,966,73,235,80,77,165,1055,201,0,308,1051,366,32,476,959,510,147,604,819,617,298,686,656,692,477,719,4
607,0,798,14,423,26,240,75,972,78,79,159,1057,207,0,303,1051,374,29,473,958,518,143,603,815,624,293,688,653,700,472,725,4
670,0,479,10,860,32,280,46,1022,112,98,123,1092,250,0,272,1073,414,21,457,971,552,135,601,825,651,289,697,657,721,473,740,4
705,0,500,12,906,32,290,52,1081,118,100,134,1153,267,0,290,1124,444,19,481,1010,590,136,632,852,693,293,732,675,764,482,779,4
394,0,245,9,542,11,105,48,691,56,822,137,15,145,878,260,0,289,853,402,62,421,754,513,166,525,616,578,308,594,465,610,4
394,0,244,9,542,12,105,48,691,56,823,137,15,145,878,261,0,289,853,403,63,421,754,512,166,525,616,578,308,594,464,610,4
395,0,244,9,542,11,106,48,691,56,822,137,15,145,878,261,0,289,853,403,62,420,754,513,166,525,617,578,308,594,464,611,4
395,0,245,9,542,11,105,48,691,56,822,137,14,145,878,261,0,289,853,403,63,421,754,513,166,525,617,579,308,594,464,610,4
412,0,258,8,564,15,115,43,716,64,19,140,849,151,903,279,0,288,59,425,874,426,162,535,768,538,624,602,305,610,466,631,4
414,0,259,11,569,11,115,49,726,58,865,143,19,148,924,275,0,296,895,427,58,433,162,544,786,544,636,612,308,620,472,642,4
414,0,572,8,256,13,735,51,112,54,882,135,18,153,948,267,0,301,925,423,61,438,814,544,168,550,660,615,319,626,491,646,4
430,0,272,7,586,14,126,40,745,64,25,136,889,151,954,285,0,287,57,430,931,441,164,550,822,561,666,630,318,634,494,659,4
434,0,274,9,592,14,126,45,754,63,24,144,900,149,967,285,0,298,60,445,946,445,170,568,838,569,682,643,327,652,507,676,4
446,0,284,8,606,14,132,44,768,63,27,142,914,151,982,286,0,299,961,447,61,449,853,573,173,574,696,649,335,659,519,683,4
484,0,309,11,655,14,146,49,829,66,989,157,30,155,1067,301,0,324,1051,474,65,487,937,614,188,623,766,701,368,717,571,741,4
489,0,666,10,311,14,145,57,849,59,1018,150,29,165,1103,298,0,337,1088,481,65,503,969,628,190,641,790,719,375,736,586,761,4
518,0,704,11,330,15,157,55,898,64,1079,162,34,166,1170,319,0,344,1155,511,65,518,195,667,1027,668,834,762,389,772,615,803,4
513,0,702,8,325,18,899,58,152,63,1084,152,32,175,1179,311,0,353,1167,505,68,526,1038,664,199,672,844,762,396,776,623,805,4
495,0,681,1,312,25,877,42,143,74,1065,129,27,188,1166,280,0,364,1163,475,70,533,1041,639,205,675,851,743,402,772,631,794,4
673,0,488,15,862,22,303,52,1039,96,129,110,1136,234,12,234,1138,417,0,422,1037,581,93,589,872,697,246,714,673,772,453,782,4
679,0,494,11,870,27,309,44,135,100,1046,106,16,221,1140,249,0,409,1134,433,87,578,1026,596,857,708,235,709,657,778,438,782,4
515,0,703,1,327,21,894,43,150,65,1065,137,25,179,1144,290,0,365,1123,474,75,538,1000,627,213,675,822,724,405,762,620,776,4
690,0,502,6,885,33,314,34,139,86,1064,119,18,203,1154,270,0,389,1140,457,82,558,1023,617,225,692,845,721,423,773,641,780,4
699,0,507,10,897,32,315,42,137,100,1079,119,15,224,1169,272,0,419,1157,465,87,593,1040,630,235,727,862,742,438,806,658,807,4
722,0,519,18,932,25,317,59,1129,108,131,126,8,260,1233,264,0,464,1230,465,100,643,1113,644,930,768,262,779,715,846,481,854,4
733,0,529,20,945,24,326,62,1143,105,135,130,1249,261,9,268,1248,463,0,473,1133,644,102,654,950,772,269,790,732,853,493,864,4
750,0,971,24,535,23,322,73,1174,111,125,151,1280,277,0,305,1276,489,3,527,1160,678,118,715,979,811,296,850,764,900,525,918,4
767,0,544,19,995,31,323,64,1197,127,121,142,1291,299,0,299,1270,505,12,517,1144,679,134,696,962,798,309,822,754,875,528,887,4
770,0,547,12,997,36,325,51,123,124,1198,139,0,276,1287,312,10,492,1261,518,127,673,1129,688,944,800,297,804,736,871,512,876,4
770,0,547,16,998,34,326,56,123,129,1200,133,0,282,1290,304,10,497,1266,510,128,676,1136,679,951,795,300,806,742,868,517,876,4
770,0,547,20,999,30,325,63,1205,125,123,141,1299,297,0,297,1278,506,10,513,1149,681,129,693,962,801,302,822,752,879,523,889,4
779,0,554,15,1011,35,329,57,124,132,1217,137,0,289,1310,313,8,510,1286,525,127,696,1154,701,966,820,302,830,753,895,522,903,4
788,0,560,14,1020,36,334,54,127,128,1224,141,0,286,1314,318,7,508,1285,529,124,694,1149,703,960,820,297,827,746,894,516,900,4
783,0,555,16,1015,35,331,56,125,131,1223,137,0,286,1316,313,8,505,1289,523,126,688,1155,698,964,815,299,821,750,888,519,894,4
787,0,559,14,1019,37,334,53,128,125,1224,140,0,280,1315,317,6,500,1288,529,122,686,1152,702,960,819,294,821,745,891,514,896,4
785,0,557,14,1016,36,333,52,126,126,1223,140,0,280,1314,316,5,499,1287,527,122,684,1151,700,960,817,293,818,744,889,513,893,4
786,0,559,12,1018,39,334,49,127,121,1222,144,0,275,1312,322,5,495,1283,533,120,681,1145,705,291,817,954,820,740,891,509,893,4
780,0,554,18,1011,32,329,61,1216,131,123,139,0,298,1310,306,1286,516,12,517,1155,691,134,699,969,811,309,829,758,888,529,898,4
775,0,549,19,1007,30,325,63,1213,127,122,142,1306,300,0,299,1282,508,12,515,1150,683,132,695,963,802,306,822,753,879,525,889,4
779,0,552,11,1011,38,328,46,126,115,1218,146,0,267,1304,326,0,481,1269,538,108,667,1125,709,271,804,928,821,484,884,712,887,4
764,0,538,19,998,30,316,63,1211,132,117,140,0,294,1307,310,9,508,1280,524,124,687,1143,700,950,818,292,818,735,889,507,892,4
776,0,546,17,1013,35,321,59,119,134,1223,140,0,287,1311,321,8,501,1276,534,122,680,1132,706,287,810,937,817,498,883,723,884,4
767,0,539,18,1002,33,316,61,1213,136,117,138,0,292,1303,315,12,504,1272,527,127,680,1131,698,293,809,939,811,727,879,504,880,4
770,0,542,15,1006,37,319,54,119,129,1215,144,0,280,1303,326,6,494,1265,539,117,674,1120,710,279,806,925,819,488,882,711,883,4
769,0,542,13,1004,38,319,51,120,123,1212,145,0,272,1298,324,5,483,1262,536,116,662,1118,703,279,794,924,812,488,871,711,875,4
752,0,525,22,993,29,305,68,1212,131,112,144,0,293,1310,312,10,498,1279,529,118,672,1130,703,276,801,929,816,484,877,710,880,4
769,0,538,15,1008,36,316,56,117,131,1220,145,0,286,1310,326,12,500,1277,540,126,680,1134,711,292,810,940,821,503,885,728,885,4
393,0,243,9,541,12,105,47,690,57,821,137,14,145,877,261,0,289,852,403,61,421,753,513,165,525,616,579,307,594,463,611,4
394,0,244,9,542,11,105,48,691,57,822,137,15,145,878,261,0,289,853,402,62,420,754,513,166,525,617,578,308,594,464,610,4
394,0,244,9,542,12,104,48,691,57,822,138,14,145,877,261,0,289,852,403,62,421,753,513,165,526,616,579,307,595,464,611,4
393,0,244,10,541,11,105,48,691,57,822,138,14,145,878,261,0,289,853,403,62,420,754,513,166,525,616,579,307,594,463,611,4
405,0,253,5,553,16,109,41,700,66,15,139,827,149,880,273,0,288,856,414,63,426,760,524,170,535,624,590,315,606,473,623,4
416,0,262,3,565,18,117,37,714,71,19,136,841,158,0,284,890,285,60,421,859,428,163,531,756,535,617,597,305,604,463,625,4
633,0,448,10,829,31,270,39,109,94,1011,121,5,213,1098,279,0,387,1076,469,79,544,951,621,209,668,776,714,385,748,582,762,4
614,0,430,20,811,21,254,60,996,103,97,124,0,250,1086,256,3,425,1070,447,90,578,953,605,224,693,783,707,401,763,596,766,4
605,0,802,13,421,27,246,72,988,86,90,143,1080,233,0,272,1071,417,12,445,961,573,109,589,800,679,248,694,619,744,428,752,4
605,0,802,14,422,25,247,70,986,87,92,140,1080,233,0,268,1070,416,13,441,961,572,109,587,801,677,249,692,621,742,429,749,4
615,0,432,17,811,23,256,52,993,105,98,114,0,237,1081,254,2,410,1062,439,89,561,946,590,223,674,779,688,400,741,593,744,4
639,0,455,8,832,32,278,36,115,90,1009,123,8,211,1090,278,0,389,1065,462,79,548,943,611,210,670,772,705,387,747,582,756,4
455,0,291,5,616,18,137,38,777,71,28,136,924,161,0,297,991,297,61,451,971,459,175,581,862,586,706,661,340,669,527,695,4
619,0,436,15,816,27,260,50,103,110,998,112,2,232,1086,268,0,407,1066,457,83,562,947,611,214,681,775,709,391,754,585,762,4
619,0,436,14,815,26,260,48,101,107,995,111,0,232,1083,265,1,407,1065,451,87,561,949,605,221,679,780,702,398,752,593,758,4
628,0,444,18,822,23,266,55,1001,102,103,118,0,245,1089,250,0,423,1077,434,91,578,965,590,230,694,800,695,612,759,414,761,4
623,0,437,19,822,22,258,59,1005,104,97,124,0,254,1093,257,9,433,1077,443,102,585,964,598,243,697,801,699,616,760,423,762,4
618,0,818,17,431,25,253,69,1002,94,94,139,1095,243,0,270,1086,430,12,448,976,588,111,597,815,693,254,707,631,759,437,766,4
618,0,818,14,431,26,254,72,1005,90,94,145,1100,239,0,277,1091,428,13,457,982,588,111,607,819,697,255,715,634,765,439,774,4
620,0,821,14,432,27,255,73,1011,91,96,147,1106,244,0,278,1094,436,11,457,980,598,106,608,813,707,247,718,625,774,430,779,4
613,0,818,15,426,26,250,71,1012,93,94,141,1111,249,0,270,7,446,1098,444,99,597,980,608,237,710,807,714,616,776,418,776,4
615,0,820,16,427,26,251,71,1016,96,94,142,1115,255,0,271,7,449,1103,454,96,604,982,620,234,719,808,727,415,789,614,789,4
618,0,824,18,429,25,253,68,1021,98,96,137,1121,258,0,266,6,444,1107,457,96,598,985,623,232,716,809,729,413,787,613,790,4
623,0,830,20,434,23,258,65,1026,102,98,134,0,263,1125,262,5,442,1111,464,93,598,988,629,230,717,810,735,412,790,614,794,4
623,0,830,16,434,26,255,72,1026,95,97,143,1128,254,0,275,10,455,1119,455,103,611,1002,622,245,728,827,732,431,797,632,797,4
636,0,843,18,444,24,263,68,1038,100,100,140,1137,260,0,274,9,458,1125,459,105,617,1007,626,249,735,834,735,639,801,436,803,4
641,0,850,18,447,24,266,68,1046,102,100,139,1144,261,0,272,6,456,1130,462,99,614,1009,630,242,733,831,739,634,804,428,803,4
644,0,857,19,450,23,266,68,1057,104,103,138,1156,270,0,272,5,458,1139,476,96,618,1012,646,237,740,830,754,424,814,629,817,4
651,0,453,22,868,23,268,65,1070,113,102,135,0,269,1168,285,5,455,1146,495,94,618,1013,664,233,743,827,770,418,820,624,828,4
657,0,456,21,878,27,269,62,1084,122,102,131,0,265,1180,298,4,452,1153,510,93,615,1015,678,231,742,825,780,414,822,621,833,4
666,0,462,18,889,29,271,57,104,124,1096,127,0,257,1190,305,4,444,1160,517,93,608,1018,682,230,735,825,781,414,817,620,832,4
673,0,467,16,896,30,276,55,106,120,1103,131,0,253,1198,310,1,440,1165,522,89,605,1020,688,226,734,825,785,410,818,618,834,4
676,0,470,16,901,32,279,54,108,120,1111,132,0,251,1207,312,0,438,1175,527,86,605,1028,693,222,736,831,792,409,822,619,840,4
690,0,481,14,918,35,289,50,117,114,1131,140,7,244,1224,327,0,433,1185,546,80,603,1030,714,214,738,825,810,398,829,609,853,4
687,0,476,18,920,31,282,57,111,125,1140,136,4,258,1239,326,0,448,1203,552,83,618,1045,726,218,754,836,824,403,846,617,869,4
689,0,475,19,925,30,279,60,109,128,1151,136,2,261,1253,328,0,450,1215,557,83,620,1054,731,217,755,841,830,403,849,619,873,4
690,0,475,20,930,29,279,63,109,132,1159,134,3,265,1263,329,0,453,1224,560,82,623,1061,735,217,759,845,835,403,853,620,879,4
680,0,467,24,920,25,274,67,1153,128,105,137,1,269,1262,318,0,455,1229,550,83,622,1067,728,217,757,850,829,405,850,623,875,4
667,0,901,19,458,27,267,75,1128,113,102,149,0,284,1241,297,3,472,1219,526,93,639,1070,709,233,770,863,819,424,857,642,873,4
657,0,887,14,451,31,264,82,1111,101,99,159,1226,280,0,295,8,482,1211,505,99,646,1070,689,243,773,870,802,436,853,652,864,4
648,0,877,8,444,36,1099,87,259,92,97,172,1216,261,0,311,1207,483,11,497,108,658,1073,669,254,780,879,789,450,854,665,856,4
666,0,893,18,464,27,279,75,1114,102,116,144,9,271,1230,280,0,455,1213,509,77,621,1064,697,210,757,852,810,400,848,623,866,4
656,0,875,19,460,25,281,69,1088,102,120,136,12,257,1201,274,0,436,1186,495,70,600,1041,679,200,735,832,792,386,827,606,845,4
639,0,849,15,450,26,275,71,1056,94,119,136,14,254,1165,259,0,429,1152,474,69,588,1013,656,193,719,811,767,376,807,591,823,4
622,0,826,14,439,26,269,70,1026,89,117,134,14,247,1131,247,0,416,1118,453,67,569,983,629,189,695,788,737,366,778,574,792,4
604,0,801,15,425,24,260,66,993,87,111,128,1097,238,11,240,0,406,1089,436,70,556,964,605,192,678,776,714,367,757,572,768,4
593,0,424,18,777,19,262,55,953,90,113,111,12,220,1046,231,0,385,1039,414,71,533,926,573,193,652,755,675,367,726,563,732,4
594,0,427,14,773,22,265,47,940,93,116,100,14,206,1027,230,0,369,1018,405,70,516,909,556,193,633,744,655,363,704,557,710,4
602,0,436,10,776,26,273,40,121,90,937,99,16,195,1017,234,0,359,1006,405,69,508,900,551,192,625,739,646,364,696,555,701,4
606,0,442,9,778,26,279,37,126,87,934,99,19,190,1012,230,0,353,999,396,68,501,894,540,190,617,735,636,361,687,552,690,4
602,0,438,8,771,23,278,36,126,84,927,95,19,188,1005,225,0,349,993,389,67,495,888,532,187,610,730,628,356,679,547,682,4
594,0,433,9,763,24,275,37,125,86,918,96,19,189,995,227,0,349,983,393,64,496,878,536,182,611,720,631,350,682,539,685,4
580,0,422,12,748,23,267,41,123,92,903,93,20,193,981,223,0,350,969,391,61,494,863,536,174,608,703,631,337,678,523,684,4
562,0,406,14,729,21,255,45,885,89,114,96,16,197,964,220,0,351,952,387,61,491,847,531,173,602,690,626,331,671,513,678,4
565,0,411,8,727,27,261,33,120,78,876,98,20,173,949,227,0,324,933,389,58,463,828,525,166,576,673,612,321,647,498,657,4
589,0,432,4,279,27,751,29,132,70,897,103,26,167,966,232,0,321,947,393,57,465,840,529,165,580,683,616,324,654,505,663,4
581,0,426,8,743,27,275,32,131,77,891,98,26,174,960,228,0,327,940,391,52,469,830,529,156,583,671,618,312,656,492,665,4
561,0,407,11,723,23,261,39,122,86,874,93,22,182,947,224,0,333,928,390,52,471,819,530,154,582,660,619,306,654,483,665,4
535,0,699,15,383,16,242,49,857,81,111,100,18,197,936,212,0,341,920,384,51,475,807,529,148,583,645,619,294,654,467,665,4
503,0,670,7,354,25,219,65,834,64,96,122,923,196,11,220,0,362,914,371,54,490,804,524,152,594,642,620,295,661,467,670,4
473,0,637,1,328,32,800,53,198,76,79,137,891,178,3,238,887,352,0,378,58,500,785,505,158,596,632,603,300,655,465,657,4
632,0,468,2,325,35,796,50,195,80,79,141,888,177,4,241,884,350,0,378,60,500,782,502,158,595,628,601,298,653,462,655,4
470,0,635,0,326,31,801,51,196,76,80,135,893,179,5,234,887,356,0,370,55,491,781,508,151,587,624,604,291,649,454,655,4
641,0,472,1,325,34,810,52,194,80,76,142,904,184,2,242,897,362,0,381,59,503,791,516,159,599,633,613,299,660,464,664,4
645,0,474,3,325,38,817,52,192,87,74,151,912,184,0,255,908,365,0,396,62,519,801,523,162,616,642,624,305,675,471,678,4
650,0,472,9,319,50,834,49,185,104,70,173,940,187,0,281,941,378,7,423,73,547,832,543,179,644,669,649,324,703,493,706,4
661,0,476,6,322,46,851,55,186,99,70,170,960,199,0,280,960,399,9,426,79,553,848,565,185,654,682,670,333,718,505,724,4
666,0,477,8,319,51,861,55,182,107,66,179,972,203,0,292,971,403,12,439,87,565,858,571,195,663,692,676,344,726,514,731,4
675,0,481,9,319,53,876,55,181,110,64,183,989,207,0,298,986,412,15,444,90,570,869,581,200,668,700,684,350,730,522,736,4
685,0,484,7,321,51,894,62,181,106,65,178,1010,218,0,292,1003,426,16,437,90,563,880,594,199,663,704,693,348,730,522,741,4
684,0,484,3,318,43,892,65,179,95,63,164,1009,226,0,276,18,420,1002,434,91,545,877,596,200,647,699,690,346,716,518,733,4
687,0,486,1,322,39,895,68,181,90,64,158,1007,229,0,270,14,414,995,435,87,539,868,594,194,640,692,685,341,710,510,727,4
495,0,696,3,327,35,904,76,186,82,67,149,1014,244,0,261,12,408,997,454,81,537,865,613,186,643,685,701,330,718,502,739,4
498,0,700,9,329,32,186,77,905,88,67,142,0,256,1012,256,15,402,994,463,88,532,866,617,195,637,690,700,341,712,510,735,4
488,1,693,0,318,40,903,72,175,93,58,166,1019,238,0,284,28,432,1013,447,112,559,894,607,228,658,724,699,378,725,548,741,4
515,0,722,9,342,34,193,81,928,90,69,148,1027,258,0,265,16,415,999,463,90,544,863,614,197,646,688,697,342,716,510,733,4
534,0,746,22,355,24,203,63,952,116,74,124,0,236,1041,295,7,386,996,502,72,521,173,630,848,645,315,709,663,717,481,739,4
533,0,751,17,352,27,200,68,966,112,72,131,0,243,1061,291,10,389,1017,498,76,519,178,626,863,643,319,705,672,715,487,737,4
527,0,743,13,347,30,196,73,962,102,71,136,0,249,1065,282,12,395,1029,491,80,525,186,632,880,640,331,710,690,716,503,740,4
526,0,747,12,345,31,193,75,971,98,69,139,0,251,1080,281,13,397,1050,495,83,528,191,636,899,647,338,717,706,722,513,749,4
532,0,757,14,347,29,195,71,986,109,69,134,0,246,1083,296,11,395,1060,516,81,528,187,640,906,667,334,725,707,740,512,762,4
523,0,746,10,342,32,191,78,973,99,67,144,0,259,1089,286,17,408,1061,507,91,541,201,651,913,661,351,733,720,741,528,765,4
509,0,724,7,332,33,184,80,946,90,63,148,0,264,1063,265,22,413,1044,481,101,544,909,634,215,649,726,715,365,725,540,749,4
505,0,715,7,331,35,184,82,930,86,62,151,1045,259,0,268,23,420,1033,467,105,551,904,623,221,655,727,709,373,728,546,748,4
511,0,719,11,336,31,189,76,929,93,65,144,0,263,1041,265,23,417,1028,470,106,551,901,624,224,656,728,710,377,730,549,749,4
516,0,726,9,342,32,191,78,938,89,67,147,0,268,1051,264,22,424,1036,473,105,560,910,630,223,667,735,718,378,740,554,758,4
512,0,723,5,339,34,190,82,938,82,67,151,1055,253,0,271,21,425,1045,465,102,560,917,626,220,668,737,718,376,742,554,759,4
520,0,732,10,344,32,194,77,949,92,69,145,0,263,1065,270,16,419,1050,484,93,556,915,647,209,668,731,735,364,747,542,772,4
517,0,733,2,339,38,959,79,190,89,66,161,1083,257,0,282,21,437,1071,478,100,574,935,649,218,684,748,741,375,761,555,784,4
737,0,521,8,346,56,961,63,194,116,67,195,1090,231,0,322,1092,453,25,481,112,619,968,633,240,724,788,742,408,792,595,800,4
746,0,531,12,352,61,971,62,200,122,71,203,1101,229,0,331,1103,454,21,493,106,632,978,640,233,740,791,755,402,810,594,816,4
774,0,554,11,371,61,1003,63,213,125,78,206,1132,233,0,331,1127,465,11,495,90,637,987,660,212,751,788,777,381,825,579,836,4
780,0,564,5,380,49,1001,66,220,108,83,185,1124,232,0,308,1115,458,7,471,81,615,976,647,201,730,778,760,371,805,570,816,4
782,0,566,6,383,50,1003,63,223,110,85,186,1128,230,0,308,1121,458,1,472,72,618,980,652,192,736,778,769,362,815,564,827,4
781,0,563,8,380,54,1007,63,222,115,85,191,1137,230,0,313,1132,462,1,476,71,621,988,658,188,740,780,777,358,820,563,834,4
664,0,855,23,483,37,338,104,222,182,970,177,110,266,24,382,956,436,0,540,26,683,807,680,95,803,597,830,218,888,390,900,4
590,0,777,10,420,50,288,124,895,151,182,204,84,291,13,405,893,406,0,555,758,651,30,686,98,795,563,802,212,869,370,875,4
605,0,789,14,437,45,304,116,902,158,196,193,96,278,20,390,892,411,0,540,750,651,26,671,89,783,551,798,201,859,358,868,4
617,0,795,20,452,38,317,102,207,175,901,167,106,255,26,365,884,417,0,514,21,649,739,653,81,764,540,795,189,846,346,859,4
610,0,405,1,230,29,849,56,84,95,1083,186,0,226,8,399,1184,404,80,558,1131,638,194,692,959,784,351,798,745,845,538,852,4
412,0,617,3,235,26,856,63,85,89,1089,197,0,221,5,395,1187,416,77,556,1131,649,190,693,957,793,346,802,744,851,533,858,4
419,0,630,2,238,28,874,61,85,93,1112,193,0,227,9,403,1217,412,87,565,1163,648,205,702,989,793,368,809,773,854,560,863,4
431,0,646,2,245,25,894,63,87,90,1134,196,0,224,6,403,1236,417,84,567,1180,651,204,706,1001,798,368,815,781,861,565,870,4
443,0,660,1,251,28,907,61,91,94,1143,194,0,233,1242,410,10,417,92,583,1190,643,219,721,1018,791,388,827,803,860,587,876,4
453,0,672,4,258,26,919,66,92,92,1152,200,0,230,5,415,1247,416,87,582,1190,646,213,721,1017,792,384,827,800,860,584,875,4
455,0,677,2,258,28,926,61,92,96,1163,194,0,236,1261,407,8,423,94,590,1207,638,224,728,1034,788,398,832,818,858,600,878,4
469,0,694,3,268,26,943,65,96,94,1174,197,0,238,1267,409,9,428,98,599,1213,635,231,738,1043,786,409,840,830,859,614,882,4
481,0,706,8,277,22,954,76,102,87,1183,213,0,229,3,422,1272,425,90,595,1214,650,222,737,1041,798,400,842,825,868,606,888,4
477,0,702,6,276,24,955,71,102,88,1191,208,0,229,3,417,1285,424,85,589,1225,658,213,733,1045,807,390,842,822,876,598,893,4
671,0,451,13,923,42,256,52,90,130,1166,155,0,274,1280,361,13,459,1242,594,106,622,244,754,1076,760,427,848,859,848,638,881,4
654,0,442,21,898,31,255,69,1139,132,94,149,0,290,1259,331,3,474,1230,578,82,639,1064,763,213,775,840,864,394,874,610,906,4
618,0,423,23,843,23,247,72,1070,108,97,146,4,275,1190,288,0,447,1173,519,73,602,1020,703,194,731,803,807,368,824,579,851,4
593,0,411,21,803,23,245,65,1011,103,99,134,7,257,1122,272,0,424,1108,490,67,575,969,666,185,701,766,769,353,789,553,814,4
637,0,849,11,447,31,272,80,1058,84,115,149,1170,244,12,268,0,441,1159,458,70,597,1020,642,196,724,817,758,379,806,596,817,4
649,0,863,14,456,28,281,74,1072,92,122,139,16,256,1181,253,0,428,1165,465,70,584,1022,645,194,712,816,756,377,795,593,811,4
654,0,869,18,462,25,284,68,1076,98,123,132,16,247,1184,261,0,419,1167,471,68,577,1024,649,193,706,818,756,377,792,595,809,4
655,0,867,20,463,23,283,65,1072,99,123,126,16,241,1179,260,0,413,1165,468,72,572,1028,642,200,701,826,750,386,787,605,803,4
665,0,475,18,873,24,293,55,1071,107,129,113,18,227,1172,265,0,402,1156,467,70,562,1020,637,199,693,823,742,386,779,605,795,4
677,0,487,10,881,30,304,40,137,92,1074,118,22,203,1172,277,0,380,1156,474,70,545,1025,640,202,680,829,742,392,772,612,792,4
700,0,508,3,320,26,902,41,147,73,1089,139,26,184,1177,301,0,367,1152,501,70,539,1017,661,200,681,822,758,389,777,607,802,4
522,0,719,1,330,21,922,47,152,67,1106,147,27,181,1189,312,0,367,1158,507,71,542,1019,665,203,684,825,759,393,780,611,803,4
538,0,734,7,345,15,165,55,936,57,1118,163,36,163,1194,330,0,347,63,522,1154,523,186,668,1007,677,808,763,373,769,590,800,4
541,0,737,10,349,11,169,47,939,63,40,151,1120,171,0,332,1196,337,58,509,1153,531,178,658,1003,681,362,764,801,765,581,799,4
536,0,731,5,343,15,165,56,933,55,1117,160,37,163,1196,329,0,345,61,523,1161,528,186,673,1016,686,816,775,375,779,596,812,4
524,0,724,0,327,22,932,46,147,69,1122,150,25,184,1208,318,0,372,1178,518,75,548,1037,676,209,692,839,772,402,789,623,815,4
535,0,736,2,336,21,941,50,152,67,1127,154,26,183,1210,321,0,373,1179,519,76,551,1040,677,213,695,846,771,409,792,630,816,4
732,0,530,0,330,24,939,44,144,74,1128,145,21,193,1215,311,0,387,1190,510,82,565,1057,671,225,708,865,771,426,801,650,820,4
540,0,741,1,337,23,944,45,149,72,1129,146,21,193,1214,308,0,391,1192,503,86,573,1063,664,234,717,876,767,439,807,664,821,4
569,0,767,9,361,17,962,59,160,61,1134,159,22,187,1214,317,0,398,1195,504,97,592,1079,663,259,740,907,768,476,826,702,830,4
566,0,765,4,357,22,961,49,157,71,1135,145,20,200,1216,301,0,414,1200,489,100,607,1086,651,265,753,916,762,713,831,485,834,4
561,0,761,4,348,22,957,50,143,75,1132,146,9,211,1220,300,0,434,1214,488,117,631,1111,652,950,768,295,777,752,843,523,852,4
594,0,801,7,372,23,1000,56,155,79,1174,158,11,224,1260,319,0,464,1253,513,121,675,1148,684,984,807,309,828,784,890,547,905,4
614,0,822,10,390,15,169,64,1021,64,1197,169,19,203,1281,330,0,442,1270,523,118,657,1161,691,993,811,306,814,787,889,547,898,4
684,0,915,13,428,16,1123,78,172,81,1282,201,8,265,1332,379,0,535,1283,578,1150,742,134,753,977,858,325,895,779,941,552,959,4
687,0,914,15,431,14,176,76,1117,80,1274,203,9,257,1323,378,0,525,1274,573,1143,735,132,743,970,849,321,885,776,932,551,951,4
689,0,916,15,433,14,180,74,1119,82,1275,206,13,254,1324,383,0,524,1273,580,1140,741,129,742,965,856,316,887,769,936,544,954,4
689,0,433,10,916,16,179,70,1120,83,1275,207,13,246,1322,382,0,510,1270,576,129,729,1136,735,961,847,315,873,765,925,541,940,4
693,0,438,8,918,18,184,66,1120,86,1274,210,16,242,1319,385,0,509,1268,579,127,728,1135,738,961,851,312,874,763,927,539,943,4
695,0,441,8,921,18,187,64,1121,86,1277,213,19,238,1321,389,0,503,1268,584,124,724,1132,742,956,852,306,870,758,929,533,941,4
692,0,440,8,919,19,187,64,1121,89,1275,214,19,238,1322,390,0,501,1268,585,124,722,1134,744,957,854,307,871,758,930,532,942,4
696,0,441,7,921,19,187,62,1121,88,1274,214,20,235,1321,392,0,500,1268,587,123,722,1131,744,955,855,305,869,756,931,532,943,4
694,0,441,6,921,19,187,62,1120,87,1275,213,18,234,1321,389,0,500,1268,583,124,721,1133,741,958,852,308,868,759,928,534,940,4
699,0,445,5,926,20,190,60,1126,91,1280,219,20,233,1322,396,0,498,1266,591,120,720,1127,748,951,858,302,870,751,932,526,944,4
696,0,443,7,924,21,189,63,1126,92,1280,220,21,236,1323,398,0,501,1267,594,121,722,1128,752,950,861,302,870,751,936,526,945,4
692,0,438,9,922,19,184,67,1125,89,1280,216,18,240,1324,396,0,504,1266,591,121,723,1126,749,948,859,301,871,748,934,524,943,4
694,0,436,9,923,19,184,66,1127,88,1284,216,18,241,1327,396,0,504,1270,594,121,722,1129,752,949,861,300,870,748,934,524,942,4
690,0,434,11,920,18,181,69,1126,86,1283,214,16,244,1328,392,0,507,1271,588,124,725,1132,748,953,858,303,870,752,932,527,943,4
691,0,436,9,922,18,184,66,1127,87,1284,214,16,241,1330,393,0,503,1274,590,123,722,1134,748,955,857,305,868,755,931,529,941,4
692,0,437,10,923,18,184,68,1127,87,1284,214,18,243,1328,392,0,505,1272,589,123,725,1133,748,954,858,303,871,754,934,528,944,4
691,0,437,10,922,18,184,68,1126,86,1284,213,18,243,1329,391,0,506,1273,588,122,722,1134,747,954,856,304,869,754,932,529,942,4
688,0,433,10,917,16,180,69,1122,84,1281,210,16,243,1328,389,0,505,1274,585,123,723,1135,745,956,855,305,869,755,931,529,941,4
698,0,440,7,929,20,187,63,1134,92,1291,221,19,236,1334,402,0,499,1275,598,120,717,1132,756,950,863,299,866,748,935,522,942,4
695,0,439,9,927,19,185,67,1133,89,1290,219,18,242,1335,399,0,504,1275,597,121,723,1132,755,952,864,300,871,749,937,524,945,4
696,0,439,8,928,20,185,64,1134,91,1290,219,18,238,1335,399,0,500,1274,595,122,719,1133,753,952,861,302,865,750,932,525,940,4
707,0,449,4,937,23,194,56,1143,97,1298,228,23,228,1338,408,0,490,1276,604,119,712,1132,760,296,862,949,866,745,936,520,940,4
701,0,443,6,934,21,188,61,1141,92,1298,223,20,233,1342,404,0,495,1280,602,120,714,1136,759,952,866,299,865,748,937,521,942,4
174,0,285,6,64,16,382,24,473,67,0,96,553,134,596,228,0,249,601,337,76,392,564,432,180,497,500,500,414,546,305,550,4
174,0,287,5,64,16,383,24,474,65,0,96,553,132,596,224,3,247,602,330,79,388,565,424,500,491,184,489,418,534,307,540,4
176,0,289,7,64,14,384,26,474,69,0,93,554,138,597,230,2,246,601,337,77,388,562,430,182,490,500,495,414,538,306,542,4
179,0,292,8,67,14,388,28,478,71,1,93,556,139,597,232,0,246,600,338,76,387,560,430,179,490,495,495,412,537,301,541,4
185,0,300,9,72,11,395,32,483,78,4,89,560,148,599,242,0,242,599,348,73,386,558,439,175,491,490,503,405,543,297,545,4
186,0,74,10,301,10,395,34,485,79,6,88,561,151,599,245,0,241,598,352,72,385,555,443,172,490,488,506,403,545,293,546,4
195,0,82,8,308,14,405,39,493,88,10,84,569,161,0,234,604,256,600,363,66,378,552,452,162,486,480,513,281,545,392,549,4
192,0,79,9,309,12,405,36,494,84,10,84,569,157,0,234,606,252,601,359,66,377,554,448,164,484,482,509,283,542,394,545,4
195,0,81,9,310,13,406,38,496,85,10,83,573,157,0,233,607,253,604,359,66,376,556,448,163,483,484,509,283,542,395,545,4
190,0,308,6,73,16,409,26,504,70,3,98,586,141,626,238,0,252,625,349,74,394,579,443,177,498,506,509,416,550,301,552,4
190,0,311,5,71,19,412,24,510,68,3,103,593,140,633,238,0,260,633,351,76,404,587,447,182,508,514,514,424,558,307,562,4
197,0,322,6,77,18,429,26,527,71,2,108,609,145,647,246,0,271,642,360,77,417,593,456,184,521,518,524,426,569,309,573,4
199,0,322,4,77,19,429,23,526,68,4,108,610,141,649,240,0,270,646,353,78,415,597,450,522,518,185,518,430,563,312,569,4
193,0,319,1,424,18,72,21,522,60,0,113,606,132,648,231,1,275,646,345,81,421,599,445,527,515,190,523,435,563,319,571,4
311,0,189,3,416,12,69,31,514,50,598,118,0,128,641,216,6,293,644,331,602,432,90,437,533,507,202,533,444,561,330,576,4
311,0,186,6,413,12,67,35,512,50,596,118,0,134,639,217,5,301,642,332,598,436,88,445,529,512,200,541,442,567,327,583,4
305,0,411,6,181,10,510,40,63,45,596,106,0,147,642,204,8,315,646,322,604,427,96,455,535,507,208,548,449,565,336,585,4
405,1,299,0,175,17,506,30,58,60,598,91,0,166,648,189,655,307,16,332,617,416,107,467,550,499,222,554,464,561,350,586,4
418,0,310,4,518,26,184,25,65,74,603,88,645,187,0,189,641,309,5,356,592,419,84,488,518,505,427,570,190,570,314,599,4
417,0,309,4,518,26,183,26,63,75,604,87,644,188,0,191,641,310,6,358,593,421,87,492,519,508,430,574,192,574,315,602,4
416,0,311,2,185,20,515,28,66,67,599,90,0,181,638,190,633,312,2,349,583,421,78,483,508,506,180,568,418,571,304,598,4
413,0,308,3,183,23,512,26,65,72,594,89,634,189,0,188,629,310,2,358,580,421,81,492,506,507,419,574,185,576,306,603,4
416,0,309,2,184,22,512,27,66,70,593,88,629,187,0,187,623,306,1,355,573,415,78,488,500,500,412,566,181,569,303,596,4
417,0,310,4,513,26,185,25,65,75,594,89,630,188,0,194,623,309,3,363,572,418,80,494,498,503,411,570,181,574,300,599,4
419,0,312,4,186,24,515,27,66,76,597,90,633,191,0,195,623,312,3,365,572,421,79,497,498,507,410,573,180,577,301,603,4
419,0,313,4,186,24,516,28,67,74,598,91,0,194,623,314,3,364,571,423,77,496,498,508,408,574,180,576,298,602,-1,-1,4
421,0,315,3,187,24,518,28,67,74,598,91,632,191,0,193,622,313,1,362,568,422,76,494,494,506,405,571,175,574,295,600,4
418,0,312,4,515,26,186,26,65,77,596,88,630,189,0,198,620,309,2,368,569,419,78,499,495,504,407,571,179,577,297,601,4
421,0,313,4,517,26,186,26,67,78,597,88,632,189,0,198,622,310,1,367,568,419,77,498,493,504,405,571,177,577,295,600,4
417,0,311,6,515,26,185,29,65,81,597,88,631,187,0,202,622,308,1,370,568,417,494,503,78,499,406,569,178,576,296,599,4
426,0,318,4,191,24,523,28,72,74,602,91,633,192,3,194,621,313,0,362,564,421,72,493,488,505,397,569,170,572,289,598,4
422,0,317,2,192,22,516,28,72,71,593,90,623,190,3,191,609,308,0,358,555,414,73,488,480,497,393,561,170,565,285,590,4
422,0,318,1,193,19,515,28,72,67,590,91,619,189,2,186,606,307,0,355,551,412,74,485,477,493,391,557,168,562,284,586,4
425,0,322,1,197,18,518,31,75,66,593,96,2,189,620,196,604,315,0,361,549,421,73,493,476,503,390,567,169,571,284,595,4
427,0,322,3,194,23,521,29,72,75,597,93,624,194,3,198,607,313,0,368,550,419,70,497,475,501,387,566,168,573,280,595,4
424,0,319,3,518,27,191,24,68,77,594,90,623,191,0,201,606,312,0,372,551,418,476,501,73,500,389,566,170,575,283,596,4
417,0,310,7,513,26,184,30,590,89,65,86,620,190,0,213,608,310,2,383,553,417,481,502,77,510,395,569,175,582,290,601,4
422,0,316,7,516,24,188,34,594,85,66,91,624,185,0,217,611,305,3,387,556,413,482,498,79,512,395,566,176,582,290,600,4
421,0,312,9,515,24,186,36,593,84,64,94,625,183,0,221,613,303,4,390,559,411,486,496,82,513,401,564,181,583,295,599,4
420,0,313,9,516,22,186,37,594,84,65,96,625,184,0,225,614,305,5,397,558,415,487,502,83,522,402,572,183,591,297,607,4
416,0,310,9,511,22,184,37,590,81,62,96,621,180,0,223,610,300,6,393,558,409,486,495,84,516,401,564,183,585,297,600,4
417,0,310,9,513,23,185,37,589,82,65,96,622,181,0,223,610,300,5,393,559,410,487,496,84,517,403,565,183,587,298,602,4
419,0,311,8,513,23,186,35,591,82,64,94,623,181,0,222,610,300,5,392,558,409,485,496,82,515,400,565,180,585,296,601,4
417,0,310,10,511,22,183,37,589,82,64,97,622,180,0,225,610,300,6,395,559,410,485,496,83,518,403,566,182,587,297,603,4
416,0,310,10,511,22,183,38,590,82,64,98,623,181,0,226,611,301,6,396,560,410,487,497,83,519,404,567,183,589,297,603,4
418,0,311,9,513,22,185,38,590,82,64,98,624,180,0,226,613,300,7,396,560,409,489,497,85,519,405,566,184,588,299,603,4
419,0,312,9,515,22,184,38,594,82,64,99,625,182,0,229,614,304,7,400,563,414,490,502,85,525,406,572,185,593,301,609,4
421,0,312,9,518,22,185,38,598,84,64,99,629,184,0,230,618,306,7,402,565,417,493,505,86,527,408,575,187,596,301,611,4
422,0,312,10,518,23,183,40,598,83,61,102,633,185,0,232,620,307,7,405,568,418,496,506,87,529,410,576,189,599,305,613,4
422,0,316,8,520,23,187,36,600,84,63,97,0,226,621,307,7,399,568,417,495,505,87,524,410,574,188,594,303,610,-1,-1,4
428,0,320,9,523,24,190,36,602,85,67,94,636,184,0,222,625,305,7,394,572,414,500,502,88,520,413,571,189,591,306,607,4
430,0,323,6,526,26,192,30,606,88,68,87,640,190,0,216,626,311,3,391,574,421,501,507,83,521,413,577,186,595,306,613,4
430,0,322,8,529,26,192,34,607,87,67,92,642,189,0,222,630,311,5,400,579,423,506,512,87,531,420,584,191,605,310,621,4
433,0,325,7,530,26,193,32,609,88,68,89,643,189,0,221,630,311,4,399,581,423,507,511,88,530,422,583,193,604,313,620,4
439,0,331,3,535,29,199,25,72,79,613,94,644,196,0,210,631,319,1,390,577,429,502,516,81,525,415,587,185,602,305,621,4
434,0,326,3,532,27,197,25,69,79,612,91,647,192,0,206,640,314,5,388,591,425,519,514,90,524,433,586,198,602,322,622,4
432,0,324,4,530,28,194,26,69,79,612,91,650,192,0,208,646,315,9,392,601,428,531,518,97,531,446,592,208,610,334,630,4
436,0,328,0,197,20,533,30,69,72,615,94,654,195,0,200,653,318,10,387,608,430,539,520,101,529,455,593,217,611,344,631,4
343,0,454,5,208,14,553,40,74,61,636,111,0,188,674,217,670,343,5,384,623,458,96,537,552,548,462,620,215,628,347,655,4
354,0,468,6,215,13,571,44,76,59,657,116,0,190,695,352,8,390,648,469,105,548,576,562,485,635,228,642,365,669,-1,-1,4
363,0,478,9,221,11,582,48,81,54,668,122,0,183,709,230,705,359,4,385,658,476,102,547,584,568,490,640,228,644,368,674,4
388,0,240,6,508,13,89,45,616,57,706,136,0,176,748,249,746,382,3,391,697,503,107,565,619,598,521,673,242,672,392,706,4
399,0,248,3,519,16,93,38,628,62,715,142,0,167,759,254,757,386,1,384,709,507,107,564,632,600,532,676,245,673,399,709,4
424,0,265,6,549,13,99,47,661,59,754,139,0,187,799,254,799,391,1,421,751,518,118,609,672,621,571,705,267,719,433,749,4
440,0,274,9,572,13,102,56,687,60,786,143,0,208,832,265,836,409,9,457,788,544,710,654,136,654,607,745,295,767,466,794,4
442,0,577,10,274,14,699,54,99,65,800,136,0,221,852,258,857,404,15,471,811,541,734,654,148,666,630,749,311,776,487,801,4
455,0,593,12,283,11,716,59,819,144,0,219,870,270,874,421,10,476,824,561,743,676,143,679,636,772,307,795,487,823,-1,-1,4
267,0,411,3,125,17,545,23,672,70,24,97,777,148,0,239,817,256,793,376,60,374,709,470,166,480,592,529,308,545,457,558,4
387,0,250,6,520,10,117,31,647,46,23,111,757,117,801,222,0,246,778,344,54,371,691,444,152,470,571,506,287,530,434,539,4
497,0,361,1,222,17,636,29,93,53,760,97,10,139,818,207,0,276,804,339,64,400,720,449,168,496,598,520,308,553,458,559,4
501,1,364,0,224,16,639,31,92,52,763,99,8,138,820,209,0,278,808,340,66,403,725,450,173,500,605,522,316,557,466,561,4
505,0,366,2,222,20,646,29,88,57,773,96,4,150,834,208,0,293,825,341,72,420,744,454,184,517,623,529,331,571,484,573,4
389,0,531,4,243,12,673,40,106,45,797,114,15,133,850,229,0,278,830,364,63,410,741,474,170,512,614,544,314,574,469,582,4
385,0,529,1,237,16,673,34,98,54,801,106,10,146,860,222,0,294,844,360,69,426,757,474,180,528,630,549,329,587,486,592,4
535,0,388,2,239,22,682,29,99,61,814,99,9,156,874,214,0,304,860,353,71,435,772,470,185,534,643,548,336,591,496,593,4
545,0,396,2,244,20,697,30,103,60,833,102,12,154,896,219,0,301,880,362,69,435,789,481,184,538,654,559,337,598,502,603,4
552,0,400,3,247,22,705,30,104,63,845,103,12,159,911,224,0,310,897,372,70,447,804,495,185,554,668,576,342,617,511,622,4
561,0,407,2,251,22,719,30,106,64,861,104,12,162,927,228,0,315,912,378,71,454,816,503,188,561,677,584,346,625,517,630,4
577,0,419,2,259,22,737,32,111,64,882,109,14,162,948,235,0,318,930,387,70,459,830,514,188,569,686,597,349,636,523,642,4
584,0,422,4,259,26,749,31,109,70,899,107,12,171,972,236,0,330,958,394,74,474,858,525,196,586,711,611,363,653,543,659,4
592,0,427,7,761,29,261,33,107,81,917,105,9,188,994,236,0,354,985,399,80,503,886,539,209,617,739,631,383,683,568,685,4
611,0,442,7,785,31,272,33,114,80,943,108,12,188,1021,241,0,356,1009,407,80,508,907,548,211,625,754,642,388,693,578,696,4
656,0,470,13,849,26,285,48,117,105,1029,107,9,224,1121,253,0,405,1112,439,88,567,1000,599,230,693,831,707,424,767,635,769,4
699,0,505,8,900,32,311,37,133,91,1087,119,15,212,1183,273,0,403,1176,464,89,577,1059,630,240,714,881,739,447,797,672,802,4
758,0,554,3,347,30,965,40,153,83,1154,136,21,209,1248,296,0,416,1237,495,95,605,1114,665,257,753,930,778,477,840,714,844,4
817,0,593,14,1051,33,370,54,162,120,1270,130,20,262,1386,307,0,485,1382,533,101,690,1248,732,278,851,1039,867,524,947,792,948,4
810,0,593,9,1032,35,373,45,166,106,1238,130,22,247,1346,300,0,471,1341,517,103,675,1216,708,279,833,1019,839,783,921,522,924,4
793,0,580,8,1010,37,364,41,161,101,1210,131,20,240,1313,298,0,462,1307,508,101,663,1186,694,275,818,994,823,766,903,512,906,4
764,0,555,12,977,33,346,48,150,111,1174,124,17,246,1277,285,0,459,1273,492,99,652,1153,675,267,800,966,802,742,880,497,884,4
731,0,528,16,941,29,325,55,1136,115,136,120,12,252,1237,274,0,459,1231,477,98,643,1114,656,932,779,260,782,717,855,481,860,4
695,0,497,18,903,22,302,58,1100,99,124,120,9,245,1203,250,0,433,1199,445,92,601,1081,615,246,730,897,733,684,802,455,805,4
655,0,472,12,846,29,288,45,119,100,1023,110,9,219,1114,254,0,402,1107,436,88,565,998,595,232,690,832,701,637,764,427,763,4
618,0,448,5,276,29,792,31,115,77,951,109,10,186,1030,241,0,358,1021,407,83,512,921,548,219,630,771,643,401,698,595,699,4
609,0,444,1,277,21,775,33,119,63,925,111,14,169,998,242,0,338,986,401,78,490,888,538,208,608,742,628,384,678,571,681,4
594,0,435,1,271,20,755,33,117,61,900,110,14,164,970,237,0,328,957,392,76,477,862,524,201,592,720,611,372,659,553,663,4
519,0,377,6,664,26,231,28,94,70,795,90,6,167,860,202,0,316,855,340,74,448,776,461,653,544,191,546,508,596,347,600,4
516,0,378,1,237,17,656,28,102,54,780,93,14,141,839,201,0,281,827,333,64,406,744,444,173,505,619,519,319,561,476,563,4
503,0,368,3,230,21,640,26,100,57,764,89,14,145,825,196,0,282,815,328,62,405,733,442,168,502,611,517,312,559,467,561,4
476,0,344,6,612,21,210,27,86,66,738,79,6,152,804,183,0,286,801,312,66,406,725,427,173,498,607,504,468,550,316,551,4
448,0,324,6,574,19,200,27,83,64,690,73,7,146,750,168,0,272,746,289,62,384,677,396,568,469,163,469,439,513,297,516,4
451,0,328,1,203,18,574,23,85,51,686,79,8,129,740,175,0,253,731,292,60,364,660,391,158,449,552,458,288,497,426,498,4
458,1,336,0,211,13,580,28,92,43,688,87,12,120,739,182,0,243,728,297,58,354,656,393,154,440,547,458,284,491,421,494,4
453,0,331,1,206,14,575,25,87,46,683,82,9,125,735,176,0,248,726,291,59,359,656,388,158,444,550,453,424,492,287,492,4
455,0,334,1,209,16,577,25,89,47,684,81,10,127,735,174,0,250,726,287,60,360,657,384,159,444,551,450,427,489,290,490,4
453,0,331,1,207,16,574,24,86,50,681,80,8,127,732,173,0,250,724,285,62,361,656,381,162,443,551,447,428,486,292,488,4
332,0,453,2,207,11,574,29,87,42,681,88,9,118,730,181,0,241,720,293,60,353,650,388,157,436,544,451,286,485,420,487,4
334,0,455,3,208,12,576,30,88,41,681,90,9,117,729,184,0,241,717,296,59,352,646,390,156,437,541,452,284,485,418,488,4
341,0,461,7,217,6,96,30,579,39,682,101,15,102,726,195,0,223,710,305,54,334,637,395,147,421,530,451,272,475,406,481,4
342,0,219,6,460,8,99,30,578,40,17,100,679,103,722,197,0,220,703,307,51,331,628,396,141,418,519,452,263,472,395,481,4
339,0,217,5,457,8,100,28,574,41,18,99,674,106,716,202,0,219,696,313,48,331,619,403,135,419,510,458,255,475,386,485,4
334,0,213,6,452,7,96,30,570,40,16,99,671,103,714,199,0,218,695,309,49,327,618,398,136,415,510,453,256,470,387,480,4
332,0,450,6,212,6,96,30,567,37,669,100,17,99,712,195,0,216,695,305,50,325,618,393,136,411,510,448,256,465,386,476,4
331,0,448,7,210,8,95,32,566,38,669,99,16,102,713,194,0,218,695,303,50,326,619,393,136,412,510,448,257,466,387,476,4
333,0,451,6,212,8,97,33,569,37,671,100,18,103,714,196,0,220,695,308,48,329,617,398,133,416,508,454,252,471,383,482,4
331,0,450,6,211,7,97,32,569,37,672,100,18,102,717,197,0,219,698,310,48,328,619,401,133,415,508,456,252,471,383,483,4
439,0,320,0,200,14,559,26,87,46,667,85,12,122,715,183,0,244,701,301,52,354,625,399,140,439,516,461,260,490,392,496,4
339,0,464,3,213,11,590,34,95,40,701,101,15,116,747,204,0,240,725,325,51,353,640,423,139,442,523,482,260,499,394,510,4
349,0,477,7,220,8,99,34,606,42,17,108,718,112,763,219,0,233,739,341,50,349,650,437,137,442,529,493,260,502,396,518,4
364,0,233,5,495,9,109,27,625,47,22,101,737,120,0,226,781,229,46,344,751,352,132,441,658,448,532,501,256,506,396,524,4
374,0,240,5,507,10,114,28,640,48,24,102,756,122,0,228,804,232,46,350,777,358,135,450,682,458,553,514,264,517,410,538,4
390,0,530,7,252,9,123,35,675,45,29,110,805,122,0,240,858,243,41,365,829,383,128,472,720,492,260,548,574,551,416,573,4
390,0,532,5,251,11,122,39,680,41,27,116,814,117,870,240,0,246,42,372,840,383,129,478,729,495,261,554,580,556,419,579,4
395,0,540,5,256,12,124,41,690,42,29,119,826,122,883,249,0,252,40,380,850,398,126,490,735,513,258,569,581,575,417,597,4
527,0,382,4,245,24,680,28,117,61,820,100,25,143,883,225,0,276,856,378,44,401,744,500,132,506,590,570,266,579,426,599,4
517,0,374,8,671,25,240,31,114,70,812,93,25,151,878,218,0,282,851,371,43,405,738,495,130,507,585,566,261,578,420,597,4
501,0,360,11,654,22,229,37,108,78,798,89,21,160,863,214,0,289,836,370,40,409,722,496,123,510,567,568,250,579,405,598,4
504,0,362,10,659,24,232,35,110,75,803,93,24,157,867,221,0,285,836,378,37,405,717,503,117,506,559,572,241,577,395,599,4
505,0,364,9,661,27,232,31,111,70,806,99,25,150,869,227,0,278,836,386,37,398,116,500,716,509,238,574,556,576,392,600,4
514,0,370,8,671,28,239,31,116,69,816,101,27,149,878,235,0,277,34,399,842,396,111,503,717,520,233,580,554,585,386,608,4
534,0,384,6,246,26,701,31,121,63,859,115,31,145,924,263,0,275,31,401,879,437,105,512,738,565,225,599,560,626,383,638,4
530,0,379,5,243,26,698,30,120,64,856,114,30,146,923,261,0,277,33,403,880,434,108,514,741,563,230,599,564,624,388,638,4
523,0,365,15,705,24,225,43,101,91,881,108,16,184,958,266,0,322,43,451,918,455,127,561,777,593,255,646,596,662,417,681,4
527,0,368,8,228,32,708,33,103,75,880,126,17,168,953,289,0,308,43,439,910,476,125,553,769,606,252,641,590,667,412,681,4
382,0,537,4,243,13,116,48,709,47,25,134,869,149,0,271,931,312,35,404,879,491,112,521,735,610,232,614,559,659,386,663,4
230,0,109,2,357,21,469,59,25,70,577,121,672,206,0,209,718,315,54,357,709,436,152,484,645,529,286,573,545,582,425,603,4
114,0,238,0,368,22,483,61,28,68,591,126,687,214,0,213,733,325,56,366,726,449,157,498,660,546,295,591,561,601,436,622,4
120,0,251,0,387,25,507,66,30,69,620,135,0,215,721,226,766,342,56,371,758,469,157,509,686,567,299,606,579,622,450,641,4
538,0,375,1,231,18,722,41,104,56,18,148,895,145,0,288,963,315,41,422,910,502,121,540,760,628,245,634,579,680,401,683,4
383,0,555,3,231,16,748,50,99,57,13,154,925,164,0,299,986,342,48,434,921,529,131,551,255,643,767,645,585,690,411,691,4
256,0,407,6,121,22,571,31,749,102,25,108,903,231,0,250,37,391,942,404,113,513,867,570,229,615,714,663,376,676,541,690,4
237,0,387,1,552,21,104,26,732,84,13,114,894,206,0,257,950,377,47,396,132,518,891,546,256,617,747,647,409,673,576,681,4
391,0,242,2,559,16,109,31,742,76,17,121,906,197,0,265,958,370,44,404,128,525,894,543,250,623,746,646,403,678,573,683,4
382,0,231,10,551,8,98,45,737,59,10,142,908,173,0,289,972,344,53,430,920,522,145,549,779,637,276,644,607,686,435,691,4
384,0,554,8,231,11,96,49,745,59,8,148,920,175,0,298,987,351,54,439,932,535,147,560,788,651,279,655,612,698,439,702,4
385,0,559,2,230,15,757,51,94,57,6,160,939,166,0,310,1007,345,55,451,949,535,149,571,800,655,282,665,622,704,444,711,4
560,0,379,4,223,25,768,45,88,72,963,161,4,177,0,329,1038,348,58,470,980,546,152,590,823,673,290,684,637,725,453,732,4
573,0,386,4,225,26,789,47,88,74,994,170,3,182,0,337,1070,366,57,481,1005,572,152,603,289,701,839,699,644,750,455,753,4
588,0,393,5,228,30,816,47,89,80,1032,175,4,190,0,347,1110,381,55,492,1038,596,149,617,286,718,859,726,458,774,653,774,4
591,0,389,16,832,37,220,49,81,107,1069,162,0,225,1166,373,6,385,74,532,1105,599,180,655,924,743,329,754,712,800,509,805,4
595,0,392,19,841,35,223,53,82,113,1083,157,0,231,1179,371,6,391,74,538,1117,601,182,661,934,744,329,760,718,803,512,810,4
601,0,393,25,850,27,221,66,78,133,1098,143,0,259,1207,358,15,426,92,576,1153,596,208,699,976,751,366,793,761,821,554,836,4
603,0,396,26,854,27,221,69,80,137,1101,141,0,265,1211,356,18,433,98,584,1160,590,218,706,987,747,379,799,775,820,567,840,4
627,0,413,24,887,31,231,65,83,133,1141,153,0,264,1250,373,17,437,99,592,1193,611,221,719,1012,767,385,816,792,841,580,858,4
632,0,414,23,893,34,232,62,83,130,1149,158,0,261,1260,382,16,436,99,593,1203,625,222,722,1019,781,387,822,798,852,583,868,4
632,0,415,23,892,32,232,65,82,134,1148,156,0,268,1259,379,18,445,104,603,1204,621,229,732,1024,780,395,830,805,854,592,872,4
629,0,413,26,889,30,230,69,81,139,1146,151,0,272,1257,372,19,447,102,604,1202,615,227,731,1021,775,394,827,804,846,590,868,4
678,0,493,26,874,40,344,84,223,154,988,207,110,232,25,346,967,466,0,503,30,646,812,695,103,771,600,826,225,860,396,882,4
670,0,488,24,863,41,341,81,220,149,973,207,107,227,20,341,955,465,0,501,26,646,805,695,99,772,598,828,222,862,393,885,4
657,0,475,28,851,37,330,88,210,158,965,203,101,238,19,353,948,461,0,510,28,651,798,691,101,773,593,824,220,861,389,882,4
656,0,474,24,850,44,330,84,212,153,959,217,102,232,20,346,933,480,0,503,29,645,779,707,99,768,574,833,214,858,378,884,4
663,0,481,20,855,48,335,75,217,141,108,217,960,224,23,328,0,483,929,486,23,625,768,708,88,749,560,828,202,842,361,872,4
664,0,485,21,856,49,337,73,219,139,110,214,960,226,26,324,0,479,928,492,23,622,765,714,87,747,556,833,199,842,359,875,4
663,0,482,20,857,50,336,74,219,140,111,215,961,229,26,325,0,479,925,496,21,622,761,720,83,747,549,837,193,843,351,877,4
658,0,474,21,854,51,328,78,211,144,104,220,960,237,23,331,0,485,922,511,23,626,752,734,83,750,190,847,541,847,346,883,4
670,0,484,14,868,51,334,66,216,133,108,208,968,242,26,320,0,474,922,517,25,618,84,743,749,738,190,840,537,846,344,879,4
687,0,492,21,901,57,339,78,219,145,109,221,1012,261,26,333,0,489,962,556,18,634,76,764,769,788,178,870,541,895,337,920,4
721,0,514,25,950,56,351,85,227,155,114,234,1074,263,29,348,0,505,1026,572,21,653,80,785,821,813,192,895,576,923,358,947,4
726,0,514,26,957,50,353,89,225,160,112,240,1087,259,26,354,0,513,1040,570,21,661,84,795,834,816,194,903,585,929,364,955,4
488,0,347,7,633,22,205,32,75,75,767,85,0,166,838,195,0,306,836,332,74,430,758,450,188,524,637,529,495,576,337,577,4
473,0,338,8,610,23,201,32,74,75,737,83,0,168,802,189,2,308,799,321,76,430,727,436,615,515,188,520,481,563,333,568,4
472,0,341,4,203,23,604,26,77,62,724,88,0,152,784,192,0,291,778,318,74,412,707,427,598,501,184,502,470,547,325,550,4
351,0,481,2,212,14,610,32,81,51,724,97,1,141,779,200,0,286,773,323,78,412,705,430,602,501,192,503,477,548,335,553,4
363,0,494,5,220,11,621,39,85,43,732,106,0,136,786,208,0,283,780,328,81,413,714,431,612,503,200,506,489,549,346,554,4
392,0,243,5,527,12,97,34,657,52,765,124,3,126,816,227,0,279,806,347,85,415,739,447,209,513,635,517,509,560,361,564,4
402,0,250,8,537,10,102,39,665,48,773,120,6,134,823,224,0,294,813,347,85,434,745,452,642,525,211,533,515,574,366,582,4
380,0,512,6,232,12,641,39,89,47,751,107,0,144,803,210,0,300,796,332,86,434,731,438,630,513,211,528,508,564,362,573,4
481,0,353,12,607,17,209,44,721,69,73,99,787,162,0,211,802,282,26,371,758,396,678,487,135,496,570,557,275,572,432,592,4
488,0,359,9,612,19,216,37,724,71,77,88,787,164,0,198,799,282,19,356,753,394,669,482,125,482,561,550,264,560,420,583,4
485,0,359,8,609,21,216,35,719,74,78,84,780,168,0,191,788,287,13,349,740,399,114,477,654,487,544,554,248,558,403,584,4
481,0,354,6,603,22,214,30,713,79,79,77,772,175,0,184,778,297,12,344,728,409,108,473,640,496,239,558,530,561,389,587,4
355,0,482,2,215,15,603,34,81,52,710,100,0,151,761,203,1,308,758,326,696,435,84,442,600,513,202,535,485,566,347,579,4
356,0,484,4,216,12,606,38,82,48,712,106,1,146,760,212,0,304,754,337,81,440,690,445,593,522,197,535,477,572,338,582,4
369,0,227,6,497,10,89,36,618,49,722,122,4,129,769,228,0,286,759,351,79,424,693,455,194,524,594,527,475,572,336,576,4
379,0,236,5,508,10,97,34,631,49,737,120,8,125,786,225,0,281,777,348,76,419,709,453,193,520,607,524,483,570,339,573,4
261,0,408,2,541,19,118,21,667,66,20,109,774,147,818,259,0,266,799,387,68,412,719,492,179,524,607,559,325,589,474,597,4
419,0,261,7,567,10,109,36,712,53,837,130,11,128,894,247,0,287,881,381,81,431,798,493,205,541,675,566,366,603,530,608,4
309,0,471,2,148,22,619,20,760,69,32,110,882,152,932,272,0,271,911,410,65,426,818,523,185,549,685,596,352,625,528,637,4
61,0,154,0,247,18,323,44,6,63,393,90,0,193,477,237,55,318,471,324,435,395,135,411,380,442,228,464,314,469,-1,-1,4
149,0,55,5,245,14,325,38,2,71,397,82,0,203,488,317,62,327,454,391,146,419,398,439,243,469,331,471,-1,-1,-1,-1,4
159,0,60,5,259,14,341,38,2,71,416,81,480,145,0,204,510,227,509,316,65,330,473,390,153,422,418,441,255,471,346,472,4
156,0,56,8,257,11,342,32,419,74,0,77,486,137,0,213,519,218,69,339,485,385,161,429,428,439,358,472,266,474,-1,-1,4
158,0,58,8,259,12,342,34,420,77,0,78,485,141,1,215,518,222,518,314,69,341,483,390,160,432,428,443,357,476,264,478,4
155,0,57,7,256,11,338,34,414,77,1,76,481,141,0,211,510,314,65,337,474,390,155,427,419,441,348,474,258,474,-1,-1,4
152,0,56,8,251,10,333,32,409,73,0,76,472,135,0,208,500,214,502,306,64,330,466,381,149,419,410,433,341,465,250,465,4
152,0,56,9,248,10,329,30,403,70,1,76,468,131,0,206,498,210,499,299,64,326,464,374,149,413,409,425,339,458,250,458,4
152,0,58,7,247,10,327,31,402,72,3,74,465,133,0,204,496,213,493,302,62,325,458,376,146,413,403,428,334,459,245,459,4
153,0,60,7,247,12,324,33,397,73,5,71,457,134,0,196,485,212,481,298,56,314,444,370,136,400,388,419,231,447,319,448,4
143,0,233,7,52,10,313,27,383,65,1,74,444,124,475,200,0,197,58,311,437,358,137,394,383,407,316,438,231,438,-1,-1,4
137,0,227,7,49,11,304,23,376,59,0,75,437,116,468,189,0,195,468,273,59,305,434,344,139,385,383,393,317,424,233,426,4
136,0,225,6,49,13,301,21,373,54,0,77,434,109,465,182,1,195,465,266,60,304,434,337,139,382,383,386,316,418,233,421,4
136,0,227,5,48,14,374,54,0,77,435,108,466,182,1,195,468,263,61,302,435,334,141,379,384,384,318,415,233,419,-1,-1,4
144,0,235,7,55,11,312,23,383,58,3,74,444,116,472,190,0,192,471,271,56,302,437,341,135,381,383,390,315,422,228,423,4
148,0,241,7,58,11,319,24,390,59,4,74,454,114,481,187,0,192,480,272,55,302,443,343,135,382,387,392,318,423,230,424,4
202,0,92,6,313,12,404,34,490,76,16,73,558,138,0,205,587,220,578,311,58,329,530,387,149,421,459,440,262,471,370,472,4
200,0,89,7,308,12,401,34,486,76,16,73,555,139,0,202,585,221,575,313,56,326,525,389,145,418,453,441,257,469,365,472,4
205,0,94,3,314,16,407,42,19,65,492,87,561,154,0,193,589,238,53,317,576,330,524,405,140,413,449,452,250,470,358,479,4
204,0,91,7,316,12,412,34,16,73,501,79,574,145,0,202,604,231,594,326,57,325,540,404,146,421,463,455,259,476,370,483,4
202,0,318,8,87,11,418,28,510,70,12,79,587,135,0,208,621,221,612,317,61,332,561,397,155,425,483,450,273,477,387,481,4
212,0,337,3,89,16,445,19,547,58,8,93,632,122,673,210,0,232,669,312,71,360,616,400,179,454,536,460,434,500,310,502,4
218,0,345,4,93,17,454,21,556,60,11,93,642,126,683,216,0,232,675,319,69,361,622,406,175,455,537,467,433,505,307,506,4
229,0,360,6,97,16,475,25,583,67,11,91,673,135,715,228,0,232,707,333,72,365,649,422,183,463,560,482,319,517,451,518,4
241,0,373,8,108,13,491,29,599,74,18,87,689,145,0,228,726,240,715,346,67,363,652,434,175,464,558,493,312,522,445,526,4
234,0,371,7,98,15,490,28,601,76,9,97,696,150,738,250,0,251,730,363,78,393,669,457,192,497,579,520,332,555,467,558,4
238,0,373,7,104,14,490,28,600,74,15,94,693,149,734,250,0,246,725,364,71,390,663,460,182,497,569,524,321,558,457,562,4
235,0,370,6,100,17,489,25,600,71,13,98,696,146,740,248,0,252,732,365,72,397,671,463,185,506,577,529,327,566,463,569,4
241,0,378,5,104,16,499,25,613,72,15,99,710,148,755,253,0,256,747,373,74,406,684,474,188,517,589,542,331,580,472,583,4
254,0,395,9,113,14,520,31,637,81,19,98,737,160,0,260,783,269,773,393,74,416,707,497,192,533,608,566,340,601,487,606,4
266,0,410,11,122,12,537,36,655,89,24,95,756,172,0,261,800,285,789,412,70,422,720,517,187,546,617,587,340,619,490,627,4
264,0,416,5,114,18,551,28,678,82,17,110,790,168,845,289,0,290,841,428,83,462,774,546,213,594,669,626,377,669,539,674,4
271,0,429,7,116,17,565,33,696,88,14,110,808,177,864,299,0,294,858,439,87,470,791,557,221,604,684,637,390,680,552,685,4
307,0,140,7,471,19,611,55,26,99,742,120,852,218,0,299,904,347,898,492,86,498,827,616,226,652,716,699,405,741,577,749,4
372,0,172,2,566,25,726,70,30,110,874,146,1001,258,0,357,1066,403,1068,571,118,603,999,717,300,791,885,820,729,890,525,890,4
482,0,652,4,332,31,822,49,194,81,72,148,924,171,0,256,934,343,5,397,840,497,74,517,686,602,186,611,513,662,340,665,4
639,0,473,7,807,37,326,46,191,103,908,152,71,178,0,290,921,321,8,432,833,480,81,549,687,593,194,637,519,665,348,681,4
620,0,454,12,789,31,311,56,181,117,893,142,66,192,0,303,910,313,9,440,823,476,79,553,675,591,189,637,507,663,338,679,4
596,0,443,9,750,31,306,46,181,101,845,135,69,172,0,278,861,293,5,413,783,445,73,524,647,555,180,605,489,627,326,645,4
414,0,271,5,547,9,127,31,673,44,780,109,24,113,827,206,0,252,812,320,64,382,737,419,176,479,623,488,484,531,327,532,4
395,0,257,4,524,10,120,29,647,45,22,108,752,111,798,209,0,245,784,324,60,372,709,422,167,469,596,488,311,525,462,528,4
379,0,511,5,240,10,107,38,641,39,756,106,16,121,808,210,0,260,795,334,63,387,717,439,170,485,600,507,313,543,464,547,4
379,0,512,4,238,12,645,35,104,43,762,102,13,129,818,208,0,270,808,334,66,399,731,442,176,497,614,514,323,554,476,556,4
515,1,379,0,236,15,650,30,100,49,772,95,11,137,830,201,0,281,823,329,71,410,747,440,186,508,631,516,492,561,336,562,4
387,0,525,2,242,13,661,34,105,47,783,101,13,135,841,210,0,281,832,341,69,413,753,453,183,514,633,529,334,572,491,573,4
391,0,532,2,244,14,671,34,104,49,796,102,11,139,855,212,0,286,845,345,71,420,765,459,188,522,644,534,341,579,501,580,4
396,0,540,0,246,16,684,30,104,52,812,98,10,145,874,209,0,295,866,344,76,429,787,459,196,530,664,538,518,585,354,587,4
421,0,570,2,265,16,719,34,115,52,852,106,15,146,917,221,0,300,906,362,74,442,821,483,197,551,690,564,535,612,362,611,4
434,0,588,3,275,14,740,38,120,49,876,112,16,146,942,232,0,308,933,376,76,455,846,501,204,568,713,584,375,633,553,635,4
483,0,312,7,645,12,145,36,802,57,26,132,941,140,1004,267,0,301,986,416,74,460,890,542,206,586,746,623,385,662,574,670,4
635,0,466,1,296,22,807,33,136,65,964,112,23,166,1041,246,0,333,1028,412,72,488,922,553,199,610,762,644,379,686,576,695,4
639,0,470,4,300,28,813,32,139,73,971,108,24,175,1047,242,0,343,1032,407,70,496,923,549,197,618,762,643,377,691,576,696,4
659,0,482,7,839,30,305,35,137,84,1003,108,19,195,1083,245,0,372,1071,418,78,533,965,568,215,657,801,669,404,729,610,729,4
623,0,811,15,447,22,277,64,988,83,119,125,1082,222,12,239,1074,406,0,411,75,562,962,569,206,679,790,679,594,744,389,747,4
617,0,809,13,440,25,272,69,992,80,118,131,1088,221,13,243,1079,408,0,412,71,560,960,574,198,676,782,684,378,746,582,746,4
607,0,800,10,431,28,986,74,266,75,114,139,1086,216,12,251,1078,406,0,417,70,564,958,576,195,679,777,687,372,749,576,750,4
595,0,787,8,422,28,974,72,260,74,112,137,1076,213,12,246,1072,404,0,409,68,554,952,574,190,670,770,684,365,741,568,744,4
596,0,787,10,424,27,263,73,972,74,117,134,1072,217,16,243,0,406,1065,409,65,552,944,580,183,670,761,690,355,744,557,749,4
603,0,796,12,429,27,269,71,983,80,122,131,1081,228,19,239,0,402,1066,425,59,550,936,597,171,670,745,704,338,748,539,759,4
628,0,831,3,448,34,1030,67,287,88,136,156,1140,224,25,272,0,444,1129,444,55,602,989,639,167,733,782,764,341,819,557,829,4
616,0,819,1,437,39,1022,61,278,96,130,168,1137,219,22,285,1128,442,0,458,57,616,988,643,168,745,781,772,342,830,555,838,4
618,0,822,1,439,36,1026,66,280,91,132,160,1138,226,25,275,0,447,1124,453,51,603,978,652,158,734,765,776,328,822,538,837,4
649,0,853,18,468,23,306,67,1053,98,153,125,37,232,1153,268,0,401,1122,493,40,562,960,682,137,701,738,790,298,803,507,833,4
671,0,488,20,875,22,323,61,1070,105,165,117,42,226,1165,278,0,400,1132,505,39,564,971,693,137,708,748,801,301,812,513,844,4
846,0,635,5,449,49,1058,58,287,112,135,190,1178,224,23,313,1168,465,0,494,53,658,1020,680,167,794,800,819,344,883,563,891,4
502,0,315,7,680,18,139,49,856,77,22,167,1008,176,1071,323,0,349,1043,492,77,517,927,625,209,650,766,708,387,734,582,752,4
485,0,664,12,299,13,126,59,844,65,1002,159,15,180,1068,305,0,359,1041,475,80,520,925,609,212,646,763,693,390,725,582,739,4
602,0,792,10,418,29,964,70,235,82,75,169,1052,197,0,313,1048,360,36,481,959,503,154,606,822,610,306,686,663,687,486,716,4
261,0,391,3,132,16,516,19,636,60,34,87,738,132,0,214,776,235,41,340,751,352,127,443,662,447,540,503,256,511,402,530,4
376,0,247,1,499,12,122,20,621,51,29,92,725,121,0,218,767,224,43,340,744,343,658,438,130,439,537,496,257,506,401,522,4
364,0,236,4,488,10,113,26,610,45,25,98,717,112,763,215,0,223,744,332,47,341,661,429,137,438,542,488,264,503,407,517,4
357,0,481,7,230,8,108,33,605,39,713,104,21,107,762,205,0,233,745,324,49,351,664,423,140,446,547,485,270,507,412,517,4
358,0,482,7,231,7,108,32,606,39,715,106,22,106,762,207,0,232,746,327,49,351,664,426,140,446,546,487,270,508,412,519,4
389,0,527,6,249,10,116,39,666,40,791,113,23,121,848,227,0,258,830,363,54,388,738,474,154,494,605,543,297,563,456,577,4
392,0,535,3,249,13,679,36,114,44,810,110,21,129,870,227,0,270,852,367,57,402,758,483,159,509,621,554,305,578,467,591,4
553,0,403,1,253,18,707,31,112,56,847,104,18,145,916,224,0,292,901,374,63,427,804,497,172,536,661,575,328,605,499,616,4
569,0,416,0,261,18,727,33,116,55,871,108,18,147,940,232,0,299,926,384,65,441,828,511,179,553,682,591,340,624,516,634,4
586,0,427,3,267,24,749,31,117,65,897,106,16,163,969,234,0,321,955,392,68,466,854,525,188,581,705,610,354,650,535,658,4
601,0,437,4,273,26,769,31,120,67,924,108,17,167,1000,238,0,328,987,399,71,475,884,536,194,591,730,623,366,663,554,671,4
623,0,454,1,285,22,796,33,128,64,955,113,20,163,1033,248,0,328,1019,414,71,480,912,553,197,603,752,642,374,679,569,690,4
496,0,677,1,314,20,864,40,144,59,1034,127,25,164,1119,272,0,340,1104,449,75,505,986,598,209,638,812,691,400,724,612,739,4
621,0,834,6,404,19,1048,55,195,64,1246,157,41,183,1345,327,0,399,1337,535,85,607,1208,716,253,779,1005,835,495,887,761,901,4
617,0,829,6,401,21,1043,53,192,67,1240,153,40,188,1342,320,0,403,1334,527,86,609,1205,707,254,777,1002,828,495,884,761,896,4
628,0,841,7,410,19,1053,56,200,64,1248,158,43,185,1345,327,0,402,1332,535,84,611,1203,714,252,782,1002,833,495,889,760,901,4
623,0,837,3,408,22,1054,49,201,68,1253,152,47,190,1352,321,0,403,1336,533,77,608,1198,716,236,777,987,836,473,886,740,901,4
775,0,560,12,1003,35,351,48,159,107,1219,131,26,230,1332,303,0,433,1322,524,82,621,1179,714,235,777,962,834,458,879,715,897,4
741,0,535,11,958,34,335,44,152,100,1164,127,25,217,1268,294,0,411,1256,503,78,590,1117,682,223,738,910,795,434,835,676,853,4
541,0,740,2,345,21,945,46,161,65,1135,146,31,177,1230,310,0,369,1212,510,75,551,1079,676,216,702,881,777,423,804,656,827,4
749,0,549,0,350,22,955,43,164,69,1144,143,31,187,1234,309,0,384,1214,510,76,569,1081,678,219,719,885,783,427,819,661,837,4
762,0,539,6,322,37,993,44,128,100,1199,157,5,240,1286,340,0,448,1246,552,98,631,1097,720,251,770,897,821,455,859,679,874,4
778,0,555,0,340,25,1007,49,143,80,1209,166,14,217,1289,351,0,422,1243,561,89,607,1087,724,235,752,883,821,437,847,662,868,4
558,0,781,1,341,23,1011,52,145,78,1214,173,17,212,1294,361,0,416,1244,572,86,601,1085,734,230,748,877,828,428,847,653,872,4
563,0,790,4,342,20,1022,61,142,74,1225,189,14,211,1298,380,0,418,1243,591,89,604,1080,748,233,750,872,837,431,848,651,876,4
803,0,567,10,1044,43,335,44,125,114,1254,159,0,270,1334,344,8,487,1289,554,123,670,1139,720,289,802,941,824,501,880,726,885,4
810,0,569,11,1055,44,334,47,124,119,1266,160,0,277,1347,350,10,495,1298,564,125,678,1143,728,292,810,943,834,503,888,728,894,4
818,0,574,9,337,44,1069,45,125,115,1283,166,0,271,1362,357,9,488,1308,572,123,669,1147,735,287,803,941,836,497,883,722,892,4
823,0,576,8,339,41,1076,49,126,111,1294,172,0,267,1373,370,6,483,1314,587,117,667,1148,750,279,805,939,850,488,889,716,903,4
827,0,576,11,1085,48,336,48,123,122,1307,173,0,279,1385,372,9,496,1327,593,122,681,1158,759,285,816,947,860,495,900,723,912,4
834,0,580,12,1097,47,338,48,123,122,1322,170,0,281,1404,371,12,500,1347,593,129,683,1177,758,296,818,964,859,508,901,738,913,4
837,0,585,10,342,46,1099,47,126,119,1324,172,0,277,1406,371,12,495,1349,594,128,680,1179,759,294,816,966,860,508,900,739,913,4
841,0,588,9,343,43,1102,48,127,116,1328,174,0,273,1409,374,9,493,1350,595,125,679,1180,761,291,818,966,862,506,902,738,915,4
464,0,615,13,326,18,198,49,759,70,82,95,7,182,831,184,0,309,818,331,55,421,722,455,148,510,583,532,280,566,431,573,4
458,0,605,13,323,16,196,46,745,70,80,92,6,178,815,184,0,305,803,329,55,418,711,451,149,506,576,527,280,562,428,568,4
459,0,606,14,325,17,198,47,743,69,82,93,7,179,812,182,0,305,799,325,55,417,706,446,147,504,572,523,277,558,425,564,4
464,0,330,13,608,16,202,40,741,76,85,84,7,171,808,187,0,300,797,328,57,415,709,447,154,505,579,523,286,560,434,564,4
476,0,340,15,622,16,210,43,757,73,90,89,9,178,824,187,0,310,812,332,55,427,720,456,151,520,586,537,286,576,437,580,4
468,0,621,6,328,22,200,59,770,61,82,112,847,179,5,205,839,335,0,338,57,454,744,470,154,546,602,557,290,602,447,604,4
464,0,621,2,322,27,775,55,192,68,76,124,859,174,2,219,852,334,0,353,60,470,756,474,159,560,612,565,296,614,454,615,4
467,0,625,2,324,29,781,52,194,72,77,130,866,173,2,228,862,337,0,364,61,482,765,480,162,573,620,574,460,627,301,628,4
476,0,641,1,329,31,805,52,195,77,75,137,898,177,0,238,898,349,2,379,67,501,801,499,172,595,651,597,484,652,318,652,4
655,0,485,2,335,36,824,51,198,84,76,148,919,176,0,252,919,350,2,395,820,504,70,519,668,607,179,614,499,666,329,670,4
663,0,492,3,341,39,834,48,203,90,79,157,932,172,0,264,937,349,3,411,841,508,74,537,688,617,186,634,516,681,341,688,4
695,0,513,5,355,44,876,50,212,98,82,168,982,185,0,280,987,376,1,435,883,547,70,569,717,663,186,673,533,730,348,734,4
716,0,529,5,366,45,904,52,219,100,87,171,1013,191,2,285,1017,389,0,442,904,567,69,580,730,685,185,688,540,751,349,753,4
734,0,543,2,377,42,927,53,226,97,91,169,1039,196,3,283,1043,396,0,444,928,578,70,585,189,696,749,697,552,763,357,764,4
760,0,566,1,396,39,955,57,242,92,103,162,1067,203,8,278,1067,409,0,441,66,588,946,594,183,705,760,714,354,778,555,780,4
802,0,585,19,1030,51,404,77,246,149,1168,219,104,236,7,369,1176,472,0,551,1037,703,66,712,188,845,821,851,368,928,589,932,4
813,0,597,15,1038,56,414,69,255,140,111,227,1169,224,9,359,1174,478,0,543,64,708,1033,706,184,842,818,853,365,927,586,931,4
639,0,857,0,448,42,1077,69,283,105,131,184,1200,250,19,313,0,501,1188,504,56,673,1034,725,171,817,809,862,349,914,571,930,4
634,0,850,10,392,13,1040,68,155,74,1182,183,8,241,1215,345,0,475,1153,520,1019,661,116,661,855,758,278,781,674,825,476,838,4
632,0,847,10,392,15,1034,68,156,75,1174,182,7,244,1207,342,0,481,1147,517,1016,658,118,669,855,756,281,788,677,826,479,841,4
633,0,841,9,393,14,1027,66,157,74,1164,177,6,245,1198,335,0,485,1143,509,1016,649,120,672,859,750,287,790,685,822,486,841,4
629,0,838,10,394,16,1020,66,160,76,1156,176,8,248,1188,332,0,488,1133,505,1009,647,118,677,853,749,283,793,679,823,482,843,4
631,0,838,10,395,14,1019,67,161,74,1155,178,10,243,1187,336,0,482,1130,507,1005,648,116,669,849,748,280,788,674,821,477,839,4
631,0,838,10,395,13,1021,66,162,72,1157,176,10,239,1191,333,0,474,1133,505,1007,645,115,660,850,744,278,779,673,815,476,832,4
628,0,839,9,392,16,1025,65,160,75,1164,176,10,244,1198,335,0,478,1140,508,1011,648,115,665,851,749,278,783,674,819,476,837,4
632,0,848,10,393,16,1038,67,158,79,1179,183,9,248,1212,346,0,484,1149,524,1015,667,113,673,850,767,274,793,670,835,470,849,4
626,0,848,4,381,23,1045,57,144,92,1194,171,0,267,1233,336,3,503,1174,518,1040,665,126,687,875,768,293,803,693,839,493,855,4
854,0,624,16,1067,37,374,60,1233,139,136,151,1292,306,0,340,1249,497,21,580,1124,658,164,759,960,777,776,867,350,865,566,901,4
846,0,615,18,1059,34,366,66,1229,133,131,158,1289,298,0,345,1249,489,23,582,1124,652,166,757,962,773,777,863,352,863,568,899,4
847,0,612,22,1065,32,361,73,1241,133,128,168,1304,301,0,356,1261,497,26,593,1133,663,169,766,966,785,352,871,779,875,567,909,4
847,0,612,24,1067,31,361,77,1243,130,126,175,1307,297,0,367,1268,494,31,606,1144,661,178,780,979,786,793,879,366,882,582,916,4
851,0,1069,29,613,25,361,82,1244,125,125,184,1310,292,0,380,1274,488,36,621,1154,657,993,784,189,794,810,881,381,893,600,923,4
865,0,625,26,1088,30,369,81,1268,130,130,182,1333,299,0,379,1295,499,33,622,1169,669,1002,797,185,800,814,894,378,902,599,935,4
874,0,1111,25,624,30,364,90,1305,123,126,192,1376,296,0,384,1337,502,36,623,1204,675,189,795,1027,804,831,899,383,899,609,935,4
891,0,632,13,1145,43,369,54,131,138,1354,163,0,315,1423,352,26,547,1365,562,1209,727,164,731,1012,835,348,851,798,906,570,915,4
887,0,628,16,1143,41,367,60,130,146,1354,157,0,325,1426,345,1371,555,28,555,1217,720,169,735,1021,831,356,855,808,904,580,916,4
890,0,629,18,1148,39,366,64,1361,153,127,155,0,338,1440,342,1391,553,36,572,1241,721,184,753,1048,836,377,871,835,912,606,928,4
869,0,594,24,1156,38,336,74,115,163,1403,163,0,337,1490,373,31,557,1425,604,164,735,1245,776,341,861,1024,881,560,934,794,939,4
865,0,591,29,1152,33,334,82,1401,155,112,177,0,353,1492,362,37,573,1432,594,174,751,1258,769,355,873,1040,879,577,943,811,942,4
862,0,589,30,1151,31,333,85,1401,151,113,179,0,358,1494,357,39,577,1437,591,178,753,1264,767,361,875,1047,877,818,943,584,944,4
855,0,1143,27,583,34,327,94,1396,142,109,190,1493,347,0,369,1441,579,43,590,1273,759,186,763,1059,873,372,883,832,943,597,947,4
853,0,1142,25,581,37,326,98,1395,139,108,197,1495,342,0,380,1448,576,49,601,1282,756,197,774,1071,872,385,890,846,945,612,952,4
852,0,1141,22,579,38,322,102,1397,136,105,203,1500,342,0,385,1451,577,47,608,1286,761,194,781,1073,880,384,899,846,952,611,960,4
852,0,1142,21,580,40,323,106,1400,131,106,210,1505,335,0,394,1460,569,52,614,1297,753,203,786,1087,874,395,902,861,949,624,961,4
855,0,1145,25,581,36,327,97,1401,140,106,199,1504,344,0,382,1458,577,51,606,1295,760,200,781,1084,878,392,899,857,952,621,963,4
879,0,606,22,1163,40,344,71,117,161,1408,163,0,342,1501,367,43,573,1451,594,192,755,1287,766,1076,877,384,880,850,945,613,947,4
133,0,225,6,304,23,378,62,0,79,445,123,4,210,486,300,67,333,456,381,152,423,404,436,338,471,250,471,-1,-1,-1,-1,4
136,0,225,7,47,10,305,24,377,63,0,78,441,123,477,203,5,207,483,295,69,328,453,373,154,416,403,428,337,461,252,462,4
135,0,229,5,47,13,309,20,383,57,0,82,451,115,6,212,493,287,73,331,465,366,161,418,414,422,348,458,260,461,-1,-1,4
140,0,236,4,48,15,318,19,394,56,0,84,463,114,500,195,8,216,506,288,76,337,477,368,425,425,166,423,357,462,268,466,4
240,0,142,1,322,13,48,19,403,46,0,92,475,102,515,182,12,224,524,275,86,342,497,357,445,417,179,425,377,457,285,464,4
244,0,145,0,329,13,49,19,409,47,0,92,483,103,523,184,10,225,532,277,83,344,503,360,450,419,179,428,379,459,286,467,4
257,0,153,0,345,12,52,21,431,46,0,96,507,104,549,187,9,234,559,284,87,358,529,370,472,433,186,445,398,476,300,485,4
164,0,273,2,365,17,58,18,452,54,0,96,529,115,572,201,9,240,581,299,90,368,548,387,490,450,193,459,414,493,311,501,4
181,0,297,4,65,15,395,22,486,63,0,93,567,128,609,217,3,241,613,320,83,376,574,409,509,472,190,472,424,514,314,520,4
187,0,307,2,69,18,409,18,505,58,0,98,590,122,634,212,4,247,639,316,87,383,599,407,531,473,199,479,443,517,328,525,4
194,0,318,1,424,16,71,19,524,56,0,103,611,121,659,213,5,257,664,321,93,395,624,415,554,483,208,493,462,529,342,538,4
203,0,331,3,442,19,75,19,546,60,0,104,635,128,681,223,3,261,685,332,91,403,641,428,568,496,210,503,471,543,348,551,4
216,0,350,4,82,19,464,23,570,67,0,106,661,138,708,236,2,268,711,347,93,415,663,445,585,515,216,519,486,562,358,570,4
228,0,366,8,89,16,483,30,592,78,3,102,685,152,731,254,0,269,731,369,89,422,680,468,214,533,599,538,495,583,361,588,4
250,0,397,9,105,13,524,35,640,89,9,107,739,174,787,286,0,288,784,415,89,458,726,524,218,582,634,599,520,646,375,647,4
269,0,427,3,110,23,563,23,691,72,9,120,804,153,861,268,0,305,862,403,98,478,802,521,703,605,241,604,575,661,414,667,4
279,0,444,6,109,22,585,29,718,82,3,127,835,167,898,286,0,331,906,427,113,523,853,553,758,645,274,658,632,710,461,723,4
327,0,149,7,497,21,636,57,24,108,761,123,869,219,0,328,922,345,920,490,102,543,860,616,260,700,758,708,627,770,451,777,4
159,0,339,3,512,31,651,76,29,97,776,148,880,250,0,320,930,378,923,522,103,542,858,646,261,706,758,733,624,791,451,792,4
164,0,347,2,519,31,660,74,32,98,785,146,890,247,0,325,940,376,936,521,104,550,872,647,267,715,769,737,638,797,460,800,4
345,0,160,4,522,23,663,64,30,107,791,134,900,236,0,340,953,368,950,518,108,568,888,650,273,736,784,746,652,812,471,820,4
346,0,159,6,526,23,675,64,28,116,808,137,922,244,0,355,975,383,971,540,108,587,902,677,273,757,796,774,656,840,472,844,4
361,0,167,4,549,24,702,67,31,113,842,142,959,251,0,354,1015,393,1008,554,108,589,935,692,274,764,820,790,672,855,482,856,4
364,0,165,8,554,22,709,64,28,123,851,140,970,251,0,373,1025,395,1020,559,114,611,948,700,287,786,835,801,686,871,495,875,4
364,0,165,8,557,21,713,63,26,126,854,139,973,250,0,378,1028,396,1021,561,115,618,949,703,288,791,833,805,688,873,496,878,4
366,0,170,9,558,20,715,61,31,126,857,135,976,246,0,370,1032,391,1021,556,106,604,943,696,272,776,822,796,672,862,479,865,4
362,0,163,9,557,19,716,60,858,136,23,134,974,247,1029,392,0,390,1019,557,117,629,946,699,833,801,291,798,685,872,496,881,4
361,0,557,14,158,18,717,48,860,116,19,148,977,223,1033,364,0,403,1023,527,121,633,949,668,835,773,296,792,690,848,505,865,4
364,0,562,10,159,24,724,42,868,109,19,158,988,215,1042,358,0,418,1032,522,123,649,958,666,842,774,301,805,698,853,510,875,4
371,0,569,11,165,22,731,44,876,113,24,156,997,220,1050,366,0,413,1039,532,118,646,960,677,843,785,292,807,693,863,500,880,4
372,0,572,10,165,25,738,42,885,111,25,159,1007,221,1061,369,0,418,1046,539,115,653,966,687,845,796,289,815,691,874,499,891,4
377,0,580,11,167,23,750,44,902,116,22,162,1029,227,1084,379,0,423,1071,552,119,659,988,701,862,811,295,824,705,888,508,902,4
390,0,593,18,176,17,761,55,909,129,26,152,1028,241,1081,389,0,416,1067,556,121,658,986,701,864,808,300,824,711,885,515,901,4
615,0,797,6,444,46,919,110,300,120,175,204,954,293,62,299,0,424,879,480,26,571,739,626,112,683,574,730,238,755,399,776,4
625,0,820,7,444,47,957,120,297,124,170,211,59,308,1000,316,0,436,927,519,27,590,778,675,118,709,603,781,249,792,418,822,4
674,0,876,16,484,42,327,115,1011,141,191,198,73,294,1042,350,0,422,950,561,17,583,100,714,782,716,227,807,592,818,399,849,4
721,0,524,25,930,36,358,84,214,155,1064,182,85,240,0,364,1080,406,0,530,963,617,71,674,772,761,189,786,562,844,360,852,4
774,0,576,11,976,51,404,59,254,124,113,204,1096,203,12,328,1102,429,0,503,977,639,62,658,779,780,180,784,562,859,352,861,4
793,0,587,6,411,52,1002,58,256,114,115,190,1121,222,15,312,1113,455,0,484,57,640,972,663,168,768,763,794,335,851,542,860,4
802,0,596,4,420,48,1009,60,264,109,121,185,1125,222,18,305,1118,455,0,478,58,636,976,662,167,763,767,792,337,848,545,858,4
809,0,603,1,426,43,1015,61,269,101,124,175,1131,224,20,295,1120,457,0,469,55,628,978,663,165,758,767,792,334,845,543,857,4
616,0,820,0,435,39,1025,64,278,96,131,169,1137,230,23,288,0,463,1124,463,54,623,979,668,163,756,766,795,331,844,541,858,4
612,0,819,1,433,38,1024,66,274,95,128,167,1137,233,21,286,0,462,1124,465,53,622,978,670,161,755,765,797,329,845,540,860,4
618,0,824,1,437,38,1029,66,277,94,130,166,1141,231,22,285,0,462,1127,467,51,622,979,672,159,757,764,800,326,847,539,862,4
613,0,822,1,435,41,1029,65,276,98,129,171,1144,232,22,291,0,467,1131,468,51,628,983,675,159,762,767,804,328,852,540,867,4
825,0,617,1,437,41,1035,65,277,99,130,172,1149,230,23,291,0,467,1137,466,53,627,988,675,161,761,774,803,331,851,545,866,4
420,0,565,4,292,25,710,50,174,62,70,113,795,161,3,200,799,314,0,324,55,436,715,450,147,526,579,538,278,582,430,586,4
418,0,559,0,292,25,700,43,177,62,72,113,781,148,3,198,784,294,0,320,701,425,52,428,143,512,570,513,422,562,273,563,4
534,0,401,1,281,28,666,38,169,67,65,121,744,136,0,209,752,275,0,331,682,404,58,438,564,496,153,518,426,552,282,562,4
401,0,534,1,281,25,666,42,170,60,68,111,743,142,3,195,748,281,0,315,672,407,54,420,550,494,143,502,411,545,268,549,4
394,0,527,3,276,24,657,44,165,59,64,109,734,144,0,193,741,282,0,313,670,407,55,419,551,493,147,500,414,545,274,548,4
397,0,526,6,279,21,651,49,170,54,69,100,720,148,4,182,719,281,0,298,644,399,52,400,526,478,138,479,393,524,258,525,4
405,0,535,9,286,17,175,47,659,57,75,90,724,158,7,169,0,283,716,290,48,385,635,404,130,466,513,477,246,514,379,517,4
405,0,536,10,287,18,176,47,661,58,75,90,726,159,8,169,0,283,718,292,48,385,636,407,130,466,514,480,247,515,381,519,4
409,0,539,11,289,17,178,44,664,60,76,86,730,162,7,164,0,279,723,296,47,382,641,411,129,464,518,483,246,515,382,522,4
413,0,544,11,292,17,180,45,670,60,77,88,736,163,9,166,0,281,728,298,46,386,645,415,128,469,520,489,247,522,383,527,4
419,0,554,10,297,17,182,46,684,59,78,90,752,164,7,170,0,288,746,301,49,393,661,420,134,478,535,495,255,530,395,536,4
430,0,574,2,301,26,716,47,181,65,74,117,796,157,4,205,795,307,0,330,56,440,709,440,148,526,576,529,428,578,279,578,4
577,0,428,2,296,33,726,42,176,76,68,133,813,152,0,225,817,307,1,352,732,446,61,462,597,539,158,547,445,593,293,597,4
592,0,437,8,748,39,302,45,179,93,838,151,68,156,0,251,842,310,2,381,754,456,61,492,614,556,162,577,457,615,300,623,4
624,0,458,11,791,37,315,54,186,108,891,153,71,175,0,277,901,322,6,414,811,481,73,530,663,591,182,618,498,656,330,667,4
671,0,497,13,848,38,343,58,203,117,956,161,78,190,0,301,969,341,5,451,875,510,79,577,720,631,198,673,543,706,360,722,4
694,0,514,13,877,39,356,59,211,118,988,164,82,192,0,304,1002,347,4,457,904,521,78,586,742,644,200,684,558,720,368,735,4
717,0,531,9,905,44,368,51,219,108,1020,174,85,180,0,293,1035,362,2,449,935,538,79,583,767,661,204,687,574,735,378,745,4
608,0,804,4,432,31,1000,64,270,80,120,146,1114,209,17,259,1118,411,0,426,68,579,998,594,193,703,808,715,378,780,593,784,4
672,0,887,6,478,33,1102,74,299,86,134,157,1227,235,18,281,1234,459,0,469,74,641,1103,661,211,781,891,798,414,869,654,873,4
749,0,980,13,538,32,340,85,1209,91,157,158,1338,264,26,287,0,490,1338,503,74,676,1191,719,220,830,962,859,440,928,702,936,4
773,0,1012,10,554,36,1250,86,349,93,161,169,1387,259,26,302,1389,501,0,507,80,696,1241,722,233,849,1003,869,463,946,735,951,4
764,0,560,7,359,37,979,35,172,88,1182,131,36,204,1286,297,0,399,1271,510,71,586,1131,692,213,742,919,807,427,845,677,865,4
685,0,493,14,888,25,308,49,137,105,1083,109,20,218,1186,263,0,400,1178,461,75,567,1053,632,214,704,861,743,413,791,641,802,4
673,0,484,17,875,25,299,53,131,109,1067,105,18,222,1168,257,0,401,1160,454,78,565,1037,623,215,698,848,733,411,781,634,791,4
671,0,489,3,306,25,859,37,137,69,1034,124,23,174,1122,268,0,350,1112,448,77,516,999,598,214,650,826,696,409,736,625,748,4
504,0,686,4,320,17,871,47,147,56,1041,138,28,159,1123,286,0,338,1107,465,73,509,991,614,208,650,818,709,403,740,618,757,4
681,0,498,0,312,22,868,38,139,66,1039,126,22,174,1125,271,0,357,1116,449,82,527,1006,601,224,663,838,700,423,747,639,756,4
518,0,332,4,690,16,152,33,858,68,27,136,1007,162,1077,302,0,327,1064,467,84,508,964,605,231,652,813,696,427,738,633,748,4
523,0,336,5,697,16,154,35,865,67,26,142,1013,161,1083,302,0,337,1071,467,88,520,973,607,238,663,824,700,438,747,644,754,4
538,0,348,4,715,17,159,33,884,70,27,141,1032,165,1101,306,0,339,1089,471,90,527,989,612,245,672,840,706,449,757,657,762,4
548,0,355,7,728,12,163,41,901,62,1054,154,29,152,1126,294,0,350,1114,461,91,537,1013,606,249,681,859,705,458,763,673,765,4
554,0,359,8,738,14,169,43,917,66,34,155,1076,164,1150,314,0,357,1134,493,83,550,1024,644,234,702,860,745,443,794,663,803,4
553,0,743,10,355,11,165,49,931,61,1101,162,32,163,1182,317,0,364,1165,504,84,557,1050,661,235,711,877,763,446,807,673,820,4
631,0,860,3,384,24,1067,57,149,92,1229,173,3,261,1276,344,0,498,1218,536,1078,687,119,687,902,792,288,813,709,862,497,874,4
857,2,630,0,385,25,1062,55,151,92,1223,168,5,261,1271,337,0,499,1218,527,1080,680,119,688,907,788,290,815,713,861,500,875,4
544,0,402,9,699,26,274,34,151,74,845,106,47,156,901,255,0,293,11,429,850,444,67,551,702,592,177,646,517,666,333,686,4
515,0,689,17,364,22,237,61,857,101,118,114,29,212,925,273,0,358,873,489,25,496,91,616,719,650,202,708,533,727,353,747,4
524,0,373,17,697,23,244,51,125,101,864,114,33,196,928,290,0,342,20,481,867,508,81,604,708,666,187,702,518,736,337,749,4
523,0,375,13,694,24,249,44,131,89,862,114,37,178,934,291,0,321,15,460,878,510,71,586,714,669,178,690,518,737,328,744,4
517,0,369,17,691,24,243,49,125,97,862,117,33,191,935,298,0,338,18,479,882,523,79,608,721,686,187,713,525,757,341,766,4
517,0,369,16,691,25,241,47,124,95,862,116,33,189,933,296,0,334,20,474,878,515,82,599,719,674,190,701,526,743,342,752,4
523,0,375,14,696,26,247,44,128,91,863,118,36,183,932,298,0,329,19,469,875,516,78,596,715,674,186,700,521,742,338,751,4
522,0,370,21,700,23,240,59,120,113,870,117,29,214,936,305,0,367,23,511,877,534,87,639,717,700,196,740,525,774,347,789,4
632,0,847,4,450,38,1066,75,290,91,144,159,1182,253,33,271,0,443,1156,499,40,604,985,710,136,743,749,829,296,846,509,877,4
655,0,872,7,467,36,1093,83,304,89,154,157,39,272,1210,267,0,448,1180,524,36,614,1002,740,132,762,757,861,292,871,512,907,4
655,0,836,26,486,37,352,103,243,174,931,196,140,253,49,359,877,482,6,511,0,652,689,739,35,782,464,876,119,883,260,917,4
647,0,829,26,476,37,342,103,236,177,925,196,135,255,47,362,875,483,3,513,0,653,689,740,37,780,462,873,121,881,261,915,4
138,0,266,8,391,36,40,59,497,74,592,132,0,193,664,213,682,309,40,331,651,407,123,442,575,480,241,516,478,523,366,539,4
132,0,258,3,379,25,486,58,38,58,581,112,656,189,0,185,678,283,41,316,651,381,125,422,577,455,242,493,480,498,367,515,4
125,0,249,0,370,18,477,48,33,58,574,98,653,172,0,182,679,264,43,309,653,362,128,412,580,438,246,480,483,481,371,500,4
130,0,251,4,370,26,38,55,476,59,573,113,0,178,649,191,670,286,36,305,641,385,114,411,563,458,227,484,463,497,348,510,4
127,0,246,3,365,19,471,49,38,56,569,102,646,178,0,176,669,273,35,301,639,373,111,404,561,446,223,475,460,486,345,501,4
129,0,367,23,473,55,38,56,570,108,0,176,647,186,669,282,33,302,637,382,108,406,558,455,219,479,456,494,341,507,-1,-1,4
124,0,243,1,362,17,469,45,35,58,567,97,647,174,0,179,671,270,36,304,641,371,112,407,563,447,223,478,460,488,345,503,4
237,0,118,4,357,14,466,40,31,64,566,89,648,162,0,186,675,258,40,309,649,360,121,408,574,437,236,476,474,480,359,497,4
226,0,347,7,107,11,458,27,563,71,24,76,650,141,0,201,682,236,47,322,660,341,132,418,587,423,488,472,249,480,374,495,4
218,0,339,3,100,17,451,17,558,55,19,84,649,120,0,205,686,213,668,317,51,321,597,400,140,412,499,452,259,468,385,479,4
221,0,342,3,103,16,455,18,562,57,21,85,653,124,0,210,689,218,670,324,50,328,598,409,138,421,499,462,257,478,383,489,4
230,0,352,5,111,12,463,23,570,64,26,77,659,133,0,196,692,227,45,313,669,330,129,407,593,412,491,460,247,467,373,482,4
232,0,354,7,466,27,574,70,28,75,664,142,0,196,697,239,42,315,672,345,124,413,594,427,488,475,240,477,368,496,-1,-1,4
236,0,359,9,471,31,30,71,579,76,670,151,0,193,702,250,40,314,676,358,120,415,595,440,237,483,488,487,365,506,-1,-1,4
239,0,362,11,475,34,31,72,584,81,674,156,0,194,706,257,38,316,678,366,118,418,595,448,235,488,485,494,363,512,-1,-1,4
237,0,360,9,475,30,584,75,30,76,675,150,0,201,708,251,41,325,682,362,123,428,602,448,493,497,240,496,370,517,-1,-1,4
225,0,349,3,105,16,465,19,576,59,21,85,673,129,0,212,711,228,50,334,693,340,618,428,139,432,514,483,262,494,394,508,4
344,0,217,7,459,8,91,32,571,40,671,100,10,109,721,192,0,245,719,303,68,371,661,400,177,465,568,468,453,512,315,515,4
350,0,218,3,467,13,90,26,580,50,8,105,678,117,725,215,0,250,720,329,71,382,661,426,180,481,567,493,453,534,318,534,4
243,0,110,8,376,11,491,35,600,82,18,80,692,154,0,222,734,250,725,358,68,362,663,448,178,468,569,506,318,531,454,539,4
261,0,123,2,396,17,510,47,26,71,615,99,702,175,0,219,739,272,66,366,728,379,667,467,177,481,573,526,320,548,459,558,4
258,0,121,2,391,17,505,47,25,73,608,100,693,178,0,225,728,276,67,376,716,385,655,475,176,492,566,534,316,559,453,568,4
118,0,248,6,373,33,28,64,478,69,574,128,651,211,0,214,682,311,60,367,668,418,159,489,608,503,520,555,288,564,415,581,4
120,0,244,10,367,40,31,62,467,81,558,142,0,212,632,226,659,326,54,366,641,432,148,490,580,515,495,564,271,567,393,587,4
120,0,241,16,358,51,34,57,454,95,540,161,0,204,608,247,632,348,47,359,611,452,133,486,548,532,248,569,464,577,366,595,4
122,0,236,18,346,55,39,55,435,102,515,168,0,202,576,256,596,358,39,359,573,463,117,489,512,541,225,575,429,587,336,603,4
105,0,220,8,335,35,26,69,427,74,510,135,576,220,0,226,599,322,51,383,581,432,135,506,523,517,447,570,247,581,355,597,4
104,0,222,2,340,26,437,61,25,75,525,122,595,208,0,239,622,315,56,401,607,430,551,523,145,527,471,582,262,601,378,614,4
212,0,90,8,335,15,439,44,15,93,531,100,610,183,0,264,644,291,635,411,69,426,581,511,167,547,503,578,292,614,410,618,4
205,0,329,11,84,12,432,36,525,86,8,102,605,165,642,271,0,274,637,389,72,434,589,489,178,549,516,559,424,606,306,609,4
206,0,331,6,82,19,435,27,531,75,8,114,612,154,652,261,0,293,647,385,74,455,597,491,522,568,183,570,430,620,311,627,4
345,0,210,4,454,13,82,36,556,56,642,134,6,145,683,245,0,332,678,375,626,490,80,494,547,576,193,605,452,638,328,655,4
351,0,466,9,214,8,82,46,570,50,657,127,6,162,699,240,0,353,692,375,637,494,82,517,557,584,195,626,456,651,332,672,4
357,0,472,10,217,9,84,48,576,50,666,128,6,168,706,242,0,363,701,379,646,500,83,529,565,593,199,639,465,662,338,685,4
363,0,224,5,479,13,90,39,582,57,672,138,11,157,715,255,0,356,709,393,654,516,81,530,573,609,199,648,469,678,339,697,4
234,0,372,3,487,22,97,25,593,73,14,137,684,159,728,279,0,337,723,420,80,522,667,544,581,635,197,652,477,696,343,705,4
234,0,372,11,95,18,486,37,592,94,9,123,681,182,725,302,0,326,721,440,81,513,669,559,585,645,203,647,483,704,349,713,4
132,0,282,4,422,32,533,71,26,87,633,133,715,220,0,285,753,331,749,454,86,481,697,561,216,622,617,638,511,691,372,694,4
