Filename,x1,y1,x2,y2,x3,y3,x4,y4,x5,y5,x6,y6,x7,y7,x8,y8,x9,y9,x10,y10,x11,y11,x12,y12,x13,y13,x14,y14,x15,y15,x16,y16
frame_0000.jpg,517,0,342,3,695,21,169,27,868,72,982,202,981,326,0,337,145,428,855,444,314,500,682,510,500,530,-1,-1,-1,-1,-1,-1
frame_0001.jpg,655,0,480,7,834,20,308,33,1007,67,140,79,0,163,1125,195,16,235,1128,319,150,349,295,438,1006,440,835,509,467,508,654,533
frame_0003.jpg,656,0,480,9,833,19,308,36,1007,65,139,83,0,168,1124,192,16,240,1129,316,151,354,1008,437,297,441,838,508,470,510,657,534
frame_0004.jpg,656,0,481,9,833,17,307,37,1007,62,139,84,0,172,1124,189,16,244,1129,312,152,357,1010,434,299,444,841,505,473,511,660,534
frame_0005.jpg,662,0,487,9,837,19,312,37,1009,63,142,83,0,171,1125,187,18,243,1131,309,158,357,1016,429,307,443,849,501,483,510,670,530
frame_0009.jpg,669,0,494,3,845,24,319,25,147,68,1014,74,0,150,1126,202,13,223,1128,324,147,341,294,434,1008,442,467,506,838,510,656,533
frame_0010.jpg,661,0,486,7,839,21,312,32,1010,68,142,78,0,161,1127,195,14,234,1132,318,149,351,1013,440,295,441,842,511,470,512,659,537
frame_0011.jpg,661,0,486,9,840,20,312,35,1014,66,142,81,0,167,1131,193,14,239,1137,318,149,355,1017,441,297,444,845,513,472,515,662,539
frame_0012.jpg,664,0,486,11,845,16,312,41,1021,60,142,91,0,178,1142,188,16,251,1149,313,153,366,1029,439,303,454,856,515,479,522,671,544
frame_0013.jpg,666,0,487,12,851,15,311,44,1030,58,141,94,0,184,1156,185,17,257,1164,313,155,371,1043,440,306,459,869,518,486,527,680,548
frame_0017.jpg,709,0,520,7,902,23,333,33,1090,74,152,82,0,171,1218,214,15,248,1222,349,156,374,312,472,1090,480,499,551,903,555,704,581
frame_0018.jpg,713,0,522,10,909,19,334,41,1101,68,151,92,0,185,1233,209,16,263,1240,346,161,387,1107,481,319,484,918,560,509,561,716,589
frame_0019.jpg,721,0,528,12,918,18,337,44,1113,66,153,96,0,192,1247,206,18,272,1256,344,166,396,1123,482,327,493,934,564,520,569,731,595
frame_0020.jpg,729,0,534,12,929,18,342,46,1123,67,155,99,0,196,1257,208,17,276,1266,347,167,403,1133,486,331,501,943,569,527,577,739,602
frame_0025.jpg,772,0,565,13,983,19,362,48,1192,69,164,106,0,207,1336,218,19,292,1346,366,178,425,1206,512,352,528,1003,602,559,610,785,636
frame_0027.jpg,800,0,1019,16,585,18,374,58,1235,65,169,121,1385,217,0,232,20,321,1397,372,188,458,1256,528,370,563,1048,625,587,645,823,667
frame_0030.jpg,840,0,614,11,1071,24,392,48,1298,82,178,108,0,216,1454,247,19,310,1463,408,187,457,1307,568,375,572,1084,662,600,664,845,696
frame_0031.jpg,854,0,626,8,1085,27,402,40,1313,89,183,98,0,205,1466,258,18,298,1472,419,185,450,373,569,1312,578,598,665,1087,669,846,700
frame_0032.jpg,864,0,634,6,1100,30,407,38,187,94,1330,95,0,199,1483,267,18,294,1487,432,185,448,373,570,1324,591,599,671,1094,681,850,710
frame_0034.jpg,872,0,637,13,1114,24,407,52,1353,84,185,114,0,227,1517,253,20,323,1528,422,193,475,1365,588,387,594,1131,687,621,690,879,724
frame_0036.jpg,890,0,651,9,1135,29,416,44,1376,94,189,104,0,215,1539,273,18,313,1547,446,191,471,387,597,1378,614,622,701,1140,710,884,742
frame_0037.jpg,899,0,658,8,1147,30,421,42,1390,98,192,101,0,212,1552,279,17,310,1558,453,191,473,387,601,1387,622,623,706,1145,717,888,748
frame_0038.jpg,909,0,666,6,1157,33,428,37,197,95,1400,102,0,206,1561,284,18,306,1566,458,191,470,389,600,1394,625,627,708,1151,719,893,750
frame_0039.jpg,912,0,668,7,1161,33,428,41,197,100,1404,100,0,212,1567,283,18,312,1572,459,194,476,392,606,1400,627,632,712,1157,723,897,754
frame_0040.jpg,908,0,665,10,1156,28,426,46,1401,94,194,108,0,221,1565,275,18,321,1572,450,196,482,396,610,1402,621,636,713,1160,719,902,753
frame_0043.jpg,856,0,627,13,1088,22,402,50,1315,81,183,115,0,225,1469,246,22,320,1478,408,197,469,1325,569,389,583,1104,665,618,674,866,703
frame_0044.jpg,837,0,614,11,1062,24,394,47,1282,80,179,107,0,217,1431,241,20,308,1440,398,191,454,1289,554,379,567,1074,647,601,654,842,683
frame_0045.jpg,822,0,603,8,1042,25,387,39,1255,85,176,95,0,200,1397,244,19,291,1401,397,185,435,1252,547,367,547,1042,633,583,635,817,666
frame_0046.jpg,797,0,585,8,1012,25,376,39,1220,81,171,93,0,195,1359,236,19,282,1363,384,178,420,354,529,1216,530,1010,614,563,615,791,644
frame_0047.jpg,781,0,575,4,990,27,370,31,169,81,1191,86,0,177,1325,238,17,263,1327,383,172,403,344,511,1184,523,547,597,983,603,769,630
frame_0048.jpg,763,0,562,6,968,25,361,35,1165,80,165,85,0,183,1297,227,19,266,1301,369,174,401,343,505,1163,507,969,587,544,586,761,616
frame_0050.jpg,722,0,530,8,916,21,340,37,1107,73,156,87,0,178,1234,215,16,256,1238,351,160,382,319,481,1103,485,508,560,914,561,714,588
frame_0051.jpg,694,0,508,11,884,16,324,44,1073,64,146,97,0,190,1202,199,18,266,1211,332,162,385,1083,465,319,478,901,544,505,551,706,574
frame_0052.jpg,695,0,512,6,879,19,329,34,1058,70,150,81,0,171,1178,202,17,247,1183,330,161,369,1060,456,317,462,886,530,500,534,697,559
frame_0053.jpg,679,0,500,9,862,17,320,39,1039,63,147,86,0,180,1159,192,15,254,1165,319,157,370,1043,446,306,463,869,522,488,531,682,553
frame_0055.jpg,663,0,487,6,842,20,313,32,1018,67,142,79,0,163,1138,197,14,235,1144,324,148,353,295,445,1021,447,470,518,848,519,662,544
frame_0058.jpg,642,0,473,2,812,23,305,22,140,61,978,73,0,139,1089,199,11,210,1093,319,138,325,277,417,974,434,444,490,807,499,628,519
frame_0059.jpg,640,0,472,2,810,23,305,23,140,63,974,72,0,140,1084,198,12,209,1086,317,136,324,274,415,967,432,440,488,800,497,622,517
frame_0060.jpg,635,0,467,3,805,21,300,24,138,63,972,69,0,141,1086,193,11,210,1091,313,136,323,275,413,973,428,442,486,805,493,626,515
frame_0061.jpg,646,1,479,0,310,19,815,26,143,56,979,77,0,132,9,204,1090,204,132,323,1095,324,272,418,978,441,442,495,809,507,628,527
frame_0064.jpg,679,0,501,1,325,21,858,28,150,60,1033,81,0,139,10,214,1150,214,138,337,1153,341,284,436,1026,463,460,516,847,531,656,550
frame_0065.jpg,693,0,511,0,330,20,878,28,153,59,1059,84,0,140,9,216,1183,223,140,342,1188,355,289,447,1058,482,471,532,873,550,674,569
frame_0067.jpg,519,0,700,2,337,20,882,33,156,60,1059,86,0,137,10,214,1180,222,145,340,1187,351,297,443,1062,474,481,527,881,543,684,562
frame_0069.jpg,704,1,524,0,340,21,885,30,158,59,1061,81,0,138,1184,211,10,216,1194,337,151,340,307,441,1074,460,497,520,896,530,701,552
frame_0071.jpg,546,0,724,11,359,13,169,43,898,48,1066,105,0,115,6,194,1180,237,149,327,1188,358,309,436,1071,476,499,522,897,542,705,559
frame_0072.jpg,552,0,733,11,363,11,172,41,910,47,1080,106,0,115,8,196,1196,239,153,331,1205,363,315,441,1088,483,509,530,912,549,719,567
frame_0073.jpg,574,0,381,5,759,16,181,29,936,59,0,98,1104,124,5,182,1218,260,151,325,1226,384,316,443,1106,504,515,539,928,567,729,582
frame_0074.jpg,583,0,387,5,770,17,185,29,951,60,0,100,1124,126,3,184,1240,266,150,332,1249,394,317,451,1126,516,519,550,943,581,738,595
frame_0075.jpg,577,0,764,13,381,10,182,38,948,53,1126,115,0,112,4,196,1249,255,152,340,1260,386,320,459,1137,512,524,556,953,581,745,598
frame_0076.jpg,582,0,385,10,768,15,183,36,950,56,0,110,1127,119,5,197,1248,260,158,342,1264,388,329,463,1144,515,536,560,964,584,758,602
frame_0077.jpg,599,1,401,0,193,17,783,24,956,73,0,83,1122,141,3,171,1232,280,158,328,1242,405,331,454,1128,524,539,556,956,588,757,602
frame_0079.jpg,590,0,395,0,190,19,768,23,937,70,0,85,1098,138,4,172,1208,275,163,327,1219,398,337,452,1114,516,543,553,948,582,755,597
frame_0082.jpg,399,0,195,8,590,9,759,39,0,68,912,91,1059,162,2,158,1157,294,165,321,1168,411,339,452,1072,522,541,554,921,584,744,599
frame_0083.jpg,382,0,567,6,185,11,733,32,0,74,884,82,1032,149,5,162,1129,280,165,320,1140,396,334,445,1048,508,531,544,901,570,728,587
frame_0084.jpg,377,0,560,8,183,11,725,34,0,72,875,84,1021,153,4,157,1119,283,161,314,1130,399,328,439,1037,509,521,539,890,568,718,583
frame_0086.jpg,367,0,549,5,177,12,715,29,870,77,0,75,1021,145,5,162,1122,279,158,315,1135,396,322,440,1040,509,515,540,889,570,714,584
frame_0087.jpg,373,0,555,7,180,11,719,34,0,73,869,83,1017,152,5,161,1116,282,164,317,1131,398,332,443,1038,509,526,542,895,570,722,585
frame_0088.jpg,374,0,182,4,556,18,717,47,0,57,861,103,1,147,1003,177,1094,312,153,312,1102,429,315,445,1010,537,506,553,866,595,699,603
frame_0093.jpg,191,0,391,7,571,31,0,47,726,74,857,134,5,147,183,333,1088,461,358,480,1014,568,554,591,891,626,739,640,-1,-1,-1,-1
frame_0095.jpg,178,0,366,13,533,43,0,38,673,90,2,138,791,156,910,236,168,329,986,369,997,480,331,479,928,582,511,594,818,636,681,646
frame_0100.jpg,167,0,337,20,0,35,489,54,613,104,1,132,717,170,821,250,151,325,885,378,299,474,895,484,462,588,734,633,614,640,-1,-1
frame_0103.jpg,304,0,1,8,442,37,553,86,0,101,646,151,739,229,135,285,793,351,266,427,800,450,740,538,411,537,651,583,543,588,-1,-1
frame_0104.jpg,293,0,4,6,425,37,533,85,0,97,622,150,710,227,129,277,762,348,251,417,767,445,390,526,709,531,621,575,518,578,-1,-1
frame_0105.jpg,289,0,2,8,419,37,527,85,0,97,614,148,703,225,125,276,247,414,757,441,383,522,699,527,613,570,510,573,-1,-1,-1,-1
frame_0106.jpg,286,0,3,12,419,33,527,80,0,100,618,142,709,220,125,275,246,413,766,441,383,522,707,528,616,572,511,574,-1,-1,-1,-1
frame_0110.jpg,254,0,4,7,369,34,459,79,0,88,535,136,611,207,109,252,652,317,212,379,654,405,329,477,602,482,526,521,437,523,-1,-1
frame_0114.jpg,244,0,3,19,357,28,450,67,0,97,610,188,105,248,207,368,660,384,608,463,325,462,530,503,436,506,-1,-1,-1,-1,-1,-1
frame_0115.jpg,241,0,4,15,353,29,444,68,0,91,524,119,599,190,101,243,201,361,644,384,314,455,590,461,512,498,422,500,-1,-1,-1,-1
frame_0117.jpg,118,0,239,16,7,25,347,47,434,87,0,100,506,141,97,250,616,311,191,367,616,394,299,459,563,467,487,502,401,503,-1,-1
frame_0120.jpg,116,0,239,12,5,27,349,40,439,78,0,98,516,126,590,194,96,240,628,296,189,351,298,439,493,482,402,483,-1,-1,-1,-1
frame_0121.jpg,116,0,236,11,4,30,348,36,439,73,0,100,517,120,593,187,96,239,635,288,190,348,634,370,576,441,497,476,407,477,-1,-1
frame_0123.jpg,232,0,342,23,4,20,436,58,0,87,596,171,89,219,641,272,180,324,637,355,287,409,574,424,394,454,490,456,-1,-1,-1,-1
frame_0125.jpg,233,0,6,14,343,26,436,63,0,80,592,179,85,212,633,280,175,314,172,318,627,362,276,404,562,428,380,451,476,455,-1,-1
frame_0127.jpg,211,0,317,13,411,40,0,37,491,76,0,99,571,132,93,216,623,305,187,308,569,375,294,381,490,411,399,415,-1,-1,-1,-1
frame_0129.jpg,104,0,216,5,318,24,3,31,404,51,407,56,480,92,0,92,552,151,86,209,592,241,172,302,590,316,272,377,535,381,457,412
frame_0132.jpg,207,0,97,3,310,12,397,36,0,38,476,72,0,96,552,123,90,204,599,210,597,281,178,288,543,346,279,353,466,379,380,384
frame_0134.jpg,100,0,210,2,312,17,1,33,397,43,472,81,0,92,544,132,88,202,584,217,584,288,174,288,530,351,273,355,455,382,369,386
frame_0135.jpg,98,0,204,2,304,17,1,32,387,43,459,80,0,90,529,132,84,199,568,215,566,285,168,283,515,347,263,350,441,378,358,381
frame_0136.jpg,97,0,202,4,299,21,2,30,379,48,449,86,0,87,516,138,79,198,160,283,550,292,499,353,252,352,426,383,345,385,-1,-1
frame_0137.jpg,96,0,199,3,293,20,3,29,375,46,443,81,0,86,509,135,80,194,159,279,542,287,491,347,249,346,419,376,339,378,-1,-1
frame_0139.jpg,91,0,189,2,281,17,2,30,359,41,427,76,0,84,491,127,74,188,527,208,151,269,524,275,473,333,238,334,403,362,326,365
frame_0142.jpg,177,0,264,13,260,18,4,24,336,40,399,76,0,75,463,125,67,174,495,205,135,252,490,273,215,316,-1,-1,-1,-1,-1,-1
frame_0143.jpg,85,0,176,2,261,18,3,27,333,41,397,74,0,77,457,126,65,174,489,203,132,250,484,267,210,315,435,318,431,323,292,346
frame_0144.jpg,171,0,255,13,4,28,327,36,389,70,0,77,451,116,68,173,134,248,479,261,213,309,430,312,366,338,293,339,-1,-1,-1,-1
frame_0147.jpg,87,0,178,1,263,14,3,29,335,36,395,70,0,78,457,114,67,171,134,245,483,251,436,302,213,306,368,331,296,333,-1,-1
frame_0148.jpg,87,0,179,2,264,15,3,29,336,37,400,68,0,78,459,115,67,173,134,247,485,252,438,309,214,306,368,333,295,335,-1,-1
frame_0149.jpg,86,0,178,1,264,13,3,29,337,35,402,65,0,78,463,114,67,171,495,187,135,244,490,248,440,302,215,302,372,331,298,332
frame_0150.jpg,182,0,88,1,269,12,343,33,3,30,409,66,0,81,471,111,68,176,500,251,140,251,452,307,223,310,382,335,307,338,-1,-1
frame_0151.jpg,92,0,190,0,282,12,2,31,360,34,426,67,0,83,492,114,74,179,526,188,523,253,149,255,471,304,472,311,235,315,401,337
frame_0155.jpg,198,0,94,4,295,10,380,29,1,38,453,61,0,89,524,107,565,185,80,185,562,251,160,260,508,310,254,319,432,342,349,346
frame_0158.jpg,205,0,98,5,305,8,393,25,0,42,471,56,1,94,544,98,547,101,591,176,591,182,84,190,590,247,170,264,535,308,268,323
frame_0159.jpg,214,0,101,5,318,7,409,27,0,42,489,59,0,95,565,104,609,184,86,195,609,253,174,271,552,314,552,319,276,332,470,350
frame_0160.jpg,218,0,106,4,324,9,416,30,1,40,499,63,0,94,576,112,85,195,617,265,173,274,559,326,276,336,474,361,379,366,-1,-1
frame_0166.jpg,246,0,118,4,362,10,466,31,0,42,556,67,0,100,641,118,688,204,94,206,192,290,622,342,306,356,423,384,-1,-1,-1,-1
frame_0172.jpg,336,0,220,5,443,9,103,22,547,33,0,70,647,74,5,122,713,160,100,213,716,238,198,283,647,312,315,339,547,352,436,363
frame_0173.jpg,337,0,444,7,219,8,548,29,101,29,649,67,0,79,6,131,716,150,103,219,722,227,205,287,655,303,323,340,556,346,445,360
frame_0174.jpg,339,0,449,3,223,11,553,22,655,58,0,88,723,138,729,215,109,223,211,289,665,291,567,337,457,355,-1,-1,-1,-1,-1,-1
frame_0175.jpg,339,0,447,6,222,7,551,27,103,29,652,65,0,79,6,131,718,148,104,219,722,224,205,287,655,299,323,339,555,343,445,357
frame_0178.jpg,349,0,231,8,459,11,107,28,563,35,662,74,0,76,6,130,724,157,105,219,727,232,208,288,660,305,327,340,561,346,449,360
frame_0183.jpg,348,2,230,0,457,12,109,14,560,40,0,59,657,83,2,112,718,170,93,207,717,247,191,280,644,319,306,339,540,357,427,366
frame_0186.jpg,349,0,231,4,458,7,106,24,561,31,657,68,660,72,0,74,4,127,723,156,101,219,727,234,202,290,658,308,321,344,556,352
frame_0187.jpg,346,0,348,4,457,6,229,11,561,26,106,35,661,62,0,88,6,142,727,144,733,220,108,229,669,297,212,296,569,344,334,346
frame_0191.jpg,358,0,467,7,236,9,570,30,109,32,670,68,0,84,7,140,738,150,746,227,116,232,686,304,227,302,591,352,354,353,480,370
frame_0192.jpg,352,0,462,6,232,8,563,29,107,31,662,64,665,68,0,84,9,141,733,149,743,226,119,232,684,304,230,302,591,351,356,354
frame_0194.jpg,454,1,228,0,104,21,556,23,655,61,0,71,8,128,727,148,117,220,740,224,226,292,679,302,352,345,585,349,476,365,-1,-1
frame_0195.jpg,351,0,231,3,459,11,108,21,560,38,0,69,661,80,6,126,725,165,112,223,734,244,221,299,673,320,345,356,577,364,469,378
frame_0197.jpg,353,0,233,2,462,12,109,19,562,40,0,66,662,83,6,124,729,170,113,222,737,249,222,299,677,325,347,358,581,369,471,382
frame_0198.jpg,361,0,360,5,239,1,113,15,468,17,569,47,0,61,668,93,6,120,734,181,113,223,742,261,222,303,680,338,348,368,585,380
frame_0201.jpg,250,0,374,6,117,10,486,26,0,53,586,62,687,112,4,115,752,206,115,227,759,289,228,316,696,366,357,385,598,408,488,416
frame_0202.jpg,253,0,379,5,118,10,491,25,0,53,592,59,692,111,6,118,759,205,122,232,768,288,240,322,708,367,371,392,614,409,502,421
frame_0206.jpg,265,0,396,16,0,34,511,46,613,90,5,105,128,238,791,348,251,344,731,426,389,429,637,466,524,470,-1,-1,-1,-1,-1,-1
frame_0207.jpg,129,0,272,2,404,19,0,37,519,50,623,94,4,110,723,158,132,244,791,262,803,350,258,352,744,431,400,437,649,472,536,477
frame_0210.jpg,131,0,274,19,0,24,403,49,508,93,1,102,598,150,689,219,126,262,746,329,250,387,755,417,387,485,701,495,615,533,513,534
frame_0214.jpg,141,0,292,14,0,29,430,43,546,86,5,111,649,144,752,215,148,272,823,330,286,402,839,425,440,504,785,511,695,552,581,554
frame_0218.jpg,174,0,359,10,527,36,0,33,673,78,6,124,800,142,929,218,173,299,343,441,1041,455,973,555,533,555,859,605,714,609,-1,-1
frame_0221.jpg,394,0,190,7,585,9,755,41,0,57,911,94,9,147,1069,163,1187,297,193,312,1219,415,387,449,1142,531,610,559,1003,595,825,608
frame_0222.jpg,591,0,395,2,769,20,190,22,935,66,0,84,1105,127,12,173,1237,257,201,329,1276,378,402,458,1201,501,637,558,1052,577,864,598
frame_0224.jpg,634,0,428,0,208,18,822,24,997,73,0,81,1173,137,7,175,1305,272,199,338,1340,398,409,472,1256,525,652,578,1096,601,894,622
frame_0227.jpg,661,0,444,8,864,18,214,35,1059,63,0,104,1255,125,2,197,1407,267,187,357,1445,403,399,493,1343,544,656,603,1156,625,925,649
frame_0229.jpg,651,0,857,9,434,17,1058,46,210,51,1262,102,0,128,6,219,1422,240,188,369,1466,376,398,496,1360,522,655,598,1165,609,926,638
frame_0232.jpg,648,0,855,7,432,17,1058,45,209,50,1265,100,0,124,1,211,1431,238,172,361,1474,376,376,487,1363,524,633,594,1159,611,910,637
frame_0233.jpg,653,0,862,10,435,20,1070,44,1283,99,0,129,1,216,1454,239,171,365,1502,379,377,494,1390,531,637,601,1179,622,922,648,-1,-1
frame_0243.jpg,719,0,941,15,485,13,241,40,1161,57,6,109,1384,117,0,198,1567,261,176,356,1621,405,398,501,1506,560,684,619,1280,650,998,672
frame_0244.jpg,723,0,489,11,945,16,243,39,1163,60,7,105,1384,121,0,197,1561,269,178,356,1612,411,399,500,1495,566,683,622,1273,654,994,676
frame_0245.jpg,718,0,485,11,939,16,240,36,1155,61,5,104,1373,123,0,195,1548,270,181,357,1597,413,402,498,1481,565,683,619,1262,652,990,672
frame_0246.jpg,718,0,486,9,934,17,242,33,1146,62,6,102,1359,122,0,191,1528,267,179,356,1574,409,399,497,1460,559,678,615,1245,645,979,667
frame_0247.jpg,701,0,916,15,473,10,234,38,1126,58,3,109,1337,117,0,201,1500,262,179,360,1543,404,396,500,1430,550,666,613,1218,638,958,662
frame_0249.jpg,637,0,842,3,423,24,1048,32,203,65,1257,81,0,145,1424,217,3,233,1469,356,173,375,376,497,1358,506,629,595,1153,599,904,632
frame_0250.jpg,816,0,614,0,407,26,1018,26,194,68,1223,73,0,149,1386,205,5,233,1425,341,171,370,367,486,1313,488,1112,579,610,577,873,611
frame_0251.jpg,613,0,812,4,406,21,1010,35,194,60,1210,86,0,139,1365,222,4,224,1400,358,168,365,359,484,1286,501,597,578,1089,587,853,615
frame_0257.jpg,608,0,806,3,402,23,1003,33,192,65,1199,84,0,149,1348,222,8,236,1379,358,173,378,364,495,1265,503,595,588,1071,591,845,621
frame_0258.jpg,809,0,609,0,403,24,1006,29,192,66,1204,81,0,151,1355,216,6,237,1385,353,171,380,361,495,1269,498,1074,586,593,586,844,619
frame_0259.jpg,613,0,815,4,405,23,1016,36,193,61,1217,89,0,145,3,231,1369,232,1398,371,162,375,350,496,1274,519,581,594,1070,606,834,633
frame_0262.jpg,841,0,628,7,1058,24,413,41,1278,69,196,92,0,185,1450,216,5,272,1486,368,166,416,1355,531,358,535,1131,632,603,632,874,667
frame_0263.jpg,838,0,622,8,1058,23,408,42,1283,70,193,93,0,184,1457,217,5,273,1491,371,161,413,350,532,1353,535,591,630,1124,632,862,667
frame_0264.jpg,824,0,609,10,1046,21,398,47,1274,64,188,100,0,190,1451,211,3,275,1485,367,152,413,335,530,1340,535,571,627,1105,634,842,665
frame_0265.jpg,798,0,588,16,1021,15,1250,54,382,55,180,111,1433,198,0,204,4,286,1470,355,148,419,1325,525,326,532,556,626,1087,627,823,663
frame_0266.jpg,775,0,997,9,567,24,1228,41,368,70,172,130,1414,183,0,225,7,306,1451,340,146,433,1307,513,318,539,1068,620,543,628,805,659
frame_0267.jpg,768,0,987,15,563,19,1213,52,365,58,171,115,1394,197,0,205,5,286,1429,354,140,415,1282,523,308,526,527,618,1045,622,785,655
frame_0268.jpg,769,0,988,15,564,17,1211,55,367,58,172,112,1388,200,0,203,5,285,1420,355,137,413,303,525,1269,524,520,616,1033,622,775,654
frame_0269.jpg,761,0,983,9,554,22,1213,42,359,68,167,129,1397,184,0,222,5,301,1428,345,135,426,1275,518,299,533,515,623,1032,621,771,656
frame_0270.jpg,754,0,980,5,548,29,1213,34,354,78,165,142,1404,176,0,237,7,317,1438,339,135,440,1281,518,297,546,1032,625,511,632,767,664
frame_0271.jpg,745,0,973,3,539,28,1210,31,348,79,161,144,1404,176,0,239,4,318,1438,341,130,442,1276,524,288,546,1024,631,499,635,756,668
frame_0272.jpg,953,0,724,3,1194,23,520,40,333,95,154,162,1393,164,0,261,6,338,1428,333,125,454,1261,521,279,556,1002,632,483,640,735,671
frame_0276.jpg,889,0,1128,10,665,17,472,62,302,125,1332,149,138,200,0,300,1367,323,8,374,112,483,1195,522,250,578,933,641,436,657,674,684
frame_0279.jpg,1065,0,825,5,605,34,424,89,1279,136,268,159,1315,319,0,338,7,407,96,510,1131,534,218,600,864,659,386,676,609,703,-1,-1
frame_0280.jpg,1028,0,790,10,575,45,399,104,1244,132,252,176,1282,315,0,356,8,425,94,525,1100,538,207,610,835,665,369,685,584,710,-1,-1
frame_0281.jpg,1009,0,775,5,565,36,392,91,1218,135,248,160,1252,321,0,336,8,404,90,504,1069,537,201,593,809,658,354,669,565,698,-1,-1
frame_0283.jpg,988,0,753,15,542,56,374,118,1203,131,237,192,1238,328,0,374,9,442,83,540,1046,560,186,627,779,689,332,703,536,732,-1,-1
frame_0284.jpg,976,0,744,14,535,51,371,112,1190,137,234,184,108,259,1221,337,0,360,5,429,74,528,1024,568,173,618,314,698,755,694,511,731
frame_0287.jpg,872,0,654,23,466,71,319,138,1076,130,202,214,97,292,1104,333,0,393,63,553,916,575,146,637,665,705,269,714,444,745,-1,-1
frame_0290.jpg,838,0,639,12,459,51,318,110,1011,132,203,180,1022,325,0,352,846,547,132,595,245,670,615,667,409,702,-1,-1,-1,-1,-1,-1
frame_0292.jpg,810,0,618,20,440,64,304,128,988,127,195,202,90,282,1006,318,0,379,61,533,839,544,142,614,614,669,255,685,416,711,-1,-1
frame_0293.jpg,801,0,608,22,432,68,977,123,296,134,189,209,88,290,994,313,0,387,62,541,831,542,141,621,611,669,253,689,414,713,-1,-1
frame_0294.jpg,786,0,595,30,422,82,963,116,290,151,86,313,987,306,0,411,823,538,64,561,607,670,253,700,412,719,-1,-1,-1,-1,-1,-1
frame_0295.jpg,772,0,582,35,412,91,951,110,281,164,180,244,975,296,0,426,9,491,818,530,62,571,141,643,602,666,253,703,410,719,-1,-1
frame_0300.jpg,716,0,534,66,909,73,372,144,253,234,956,245,160,326,822,501,0,525,616,671,152,715,426,752,268,760,-1,-1,-1,-1,-1,-1
frame_0301.jpg,697,0,890,59,517,75,360,162,947,228,243,257,154,353,824,490,0,560,626,671,75,687,436,762,278,779,-1,-1,-1,-1,-1,-1
frame_0305.jpg,688,0,885,42,513,91,355,189,950,197,242,295,152,402,846,466,0,629,658,668,88,751,469,783,180,797,304,819,-1,-1,-1,-1
frame_0307.jpg,715,0,915,36,536,92,375,191,986,189,255,299,161,408,880,458,0,640,686,666,89,762,489,787,185,807,317,829,-1,-1,-1,-1
frame_0308.jpg,729,0,936,39,545,93,384,194,1006,191,261,302,166,413,897,461,0,647,700,670,17,710,90,770,499,793,190,815,324,835,-1,-1
frame_0310.jpg,808,0,1015,52,614,79,435,166,1078,208,299,266,190,371,953,471,0,597,13,659,734,666,88,728,190,780,517,776,331,808,-1,-1
frame_0312.jpg,844,0,647,67,1045,64,464,144,1103,223,321,236,205,339,973,472,0,562,756,656,92,699,199,755,537,759,342,786,-1,-1,-1,-1
frame_0313.jpg,874,0,672,55,1073,73,488,125,341,212,1124,229,217,308,990,469,0,525,10,592,766,644,90,665,199,725,543,739,347,762,-1,-1
frame_0316.jpg,935,0,727,38,1131,83,534,93,376,169,1180,238,241,257,0,463,1042,462,11,529,98,609,814,619,216,674,584,704,377,717,-1,-1
frame_0318.jpg,1007,0,790,25,587,69,1202,92,417,138,267,220,1249,246,123,309,0,420,1105,457,10,488,107,574,870,604,236,643,631,681,410,690
frame_0319.jpg,1028,0,811,21,607,61,1223,96,431,124,277,203,1267,246,0,398,1122,453,9,467,108,554,886,595,238,625,643,670,417,674,-1,-1
frame_0320.jpg,1021,0,806,21,604,62,1214,94,430,126,277,206,1260,243,130,292,0,403,1121,449,10,471,113,558,890,591,247,627,651,667,426,674
frame_0321.jpg,993,0,786,25,589,66,1181,94,419,131,269,211,1229,240,123,300,0,410,1098,440,12,478,116,563,878,583,250,628,647,660,427,672
frame_0322.jpg,969,0,767,21,574,60,1151,95,408,123,261,201,1194,239,0,397,1066,433,12,464,116,548,854,570,248,614,633,645,422,656,-1,-1
frame_0326.jpg,952,0,761,1,575,24,411,70,1113,103,263,137,123,210,1146,238,0,312,1026,404,127,463,834,518,261,530,630,575,430,576,-1,-1
frame_0328.jpg,758,0,943,11,576,11,411,47,263,102,1092,121,0,259,1114,255,12,324,989,410,118,415,246,487,798,507,408,541,600,551,-1,-1
frame_0329.jpg,754,0,573,8,934,17,411,40,263,91,1077,132,120,153,0,243,1094,265,14,308,116,400,969,414,241,475,782,506,400,532,588,546
frame_0330.jpg,747,0,568,5,926,17,408,36,261,84,1064,133,120,146,0,233,1078,266,12,297,112,390,950,412,235,465,765,500,390,523,573,537
frame_0331.jpg,734,0,557,5,912,18,399,36,255,84,1051,134,118,144,0,230,1064,268,11,293,109,386,936,414,227,461,750,501,380,520,561,537
frame_0335.jpg,525,0,361,4,700,24,205,27,51,66,868,71,981,202,0,312,975,332,114,406,834,456,262,488,641,519,445,529,-1,-1,-1,-1
frame_0339.jpg,654,0,484,11,835,15,339,41,211,92,979,136,95,147,991,279,0,287,75,375,850,431,172,451,303,515,656,515,469,541,-1,-1
frame_0340.jpg,649,0,480,6,826,17,337,35,215,78,99,131,969,140,0,206,7,263,978,283,77,352,169,428,835,431,294,495,640,508,456,527
frame_0341.jpg,489,0,656,2,344,22,831,28,222,61,103,110,965,155,0,181,4,238,970,297,73,330,163,411,824,438,286,483,630,507,446,520
frame_0342.jpg,434,0,601,7,291,14,773,42,163,45,42,88,904,176,0,314,904,318,91,400,755,453,213,477,558,515,373,521,-1,-1,-1,-1
frame_0343.jpg,498,0,665,4,353,19,838,35,223,55,102,100,968,164,0,229,968,307,64,319,155,403,820,446,624,512,439,522,-1,-1,-1,-1
frame_0346.jpg,447,0,775,13,315,26,196,68,94,117,911,131,0,188,8,241,920,268,75,325,163,397,785,406,280,462,603,476,431,492,-1,-1
frame_0347.jpg,523,0,370,4,685,20,238,29,122,68,13,117,814,132,824,261,0,318,91,392,698,393,208,452,524,462,358,480,-1,-1,-1,-1
frame_0348.jpg,604,0,450,2,763,23,318,26,203,63,93,110,889,137,0,178,6,231,895,265,73,314,163,387,767,394,278,449,594,462,428,478
frame_0350.jpg,434,0,584,1,306,21,738,26,193,55,88,98,856,141,0,162,6,214,858,266,70,295,154,366,731,388,264,428,563,447,404,459
frame_0352.jpg,411,0,553,5,291,16,697,34,185,45,85,84,0,142,803,149,4,191,799,268,62,272,137,341,676,381,238,405,517,433,368,439
frame_0353.jpg,410,0,550,4,289,18,693,32,185,47,84,87,0,147,800,144,5,196,797,263,63,274,139,342,675,376,239,403,518,429,370,437
frame_0354.jpg,547,0,406,0,285,21,691,22,180,54,83,96,804,131,0,158,7,207,806,250,69,284,147,350,689,367,251,409,533,425,383,437
frame_0360.jpg,506,0,380,2,633,20,270,22,174,53,80,95,730,116,0,156,8,202,733,221,67,274,635,330,144,334,242,385,499,389,365,406
frame_0362.jpg,382,0,512,2,270,19,643,26,173,49,739,127,0,148,7,194,740,236,66,268,141,330,634,343,237,381,235,386,493,397,358,410
frame_0363.jpg,515,0,385,2,645,21,274,20,174,54,83,94,744,118,0,158,5,208,747,226,68,277,644,334,142,339,243,389,505,393,369,410
frame_0367.jpg,530,0,391,6,674,19,274,30,172,67,78,112,786,122,0,177,9,224,790,239,73,297,678,355,153,358,255,412,528,416,385,433
frame_0368.jpg,540,0,399,3,687,22,278,26,174,61,78,106,800,131,0,170,8,217,803,251,72,293,152,358,686,368,256,414,532,427,386,440
frame_0375.jpg,431,0,596,9,297,17,183,47,771,47,82,89,0,150,901,189,9,202,72,289,895,331,153,368,260,441,746,448,399,487,563,492
frame_0376.jpg,438,0,605,11,301,14,185,41,780,53,82,80,0,142,8,194,910,199,72,283,900,342,153,363,259,438,747,455,399,487,563,495
frame_0378.jpg,440,0,303,10,608,15,187,33,784,65,83,71,0,131,8,184,914,214,74,276,156,359,905,357,264,439,754,467,404,491,569,504
frame_0379.jpg,442,0,303,9,611,18,187,31,83,68,790,69,0,128,9,182,921,222,74,276,158,361,913,368,267,443,760,478,409,498,574,513
frame_0381.jpg,451,0,308,11,627,15,189,36,814,66,84,75,0,138,10,192,955,222,80,288,165,375,951,372,280,458,794,488,427,513,600,527
frame_0388.jpg,319,0,469,2,194,15,654,30,84,47,0,108,847,104,15,164,90,270,985,277,183,361,969,425,300,452,446,516,808,521,616,541
frame_0389.jpg,318,0,469,1,193,15,653,29,84,47,0,108,846,102,14,165,93,269,982,273,186,361,967,421,302,450,450,513,807,516,617,538
frame_0390.jpg,321,0,472,2,195,12,656,32,85,42,0,103,849,106,13,159,92,264,984,277,186,356,968,423,303,448,449,511,808,515,619,535
frame_0395.jpg,484,0,325,5,674,23,196,25,82,63,876,89,0,130,19,188,1020,258,109,291,210,380,1010,405,337,464,850,507,489,519,660,536
frame_0399.jpg,343,0,502,6,209,12,687,40,92,42,0,106,875,117,18,164,106,275,1002,286,207,368,982,427,332,455,328,460,479,518,828,517
frame_0401.jpg,348,0,507,6,212,10,694,43,0,104,883,115,18,163,105,275,1010,284,208,369,991,424,337,456,332,461,836,516,483,520,653,538
frame_0405.jpg,376,0,231,9,544,7,101,40,734,45,0,104,926,123,16,166,113,281,1052,290,223,378,1032,429,355,469,876,521,514,529,688,547
frame_0408.jpg,385,0,237,10,554,9,104,41,747,47,0,105,943,126,16,168,113,285,1071,295,223,383,1052,435,359,475,892,528,522,536,700,555
frame_0409.jpg,378,0,227,8,549,10,92,37,744,50,939,131,0,165,97,283,1063,301,208,383,1040,441,343,477,878,535,505,539,684,558,-1,-1
frame_0412.jpg,403,0,249,7,576,13,111,33,771,54,0,96,966,137,14,160,111,280,1090,307,222,383,1069,449,359,481,904,542,526,545,708,567
frame_0413.jpg,402,0,249,5,574,13,111,31,769,54,0,92,965,139,11,157,107,278,1089,311,217,381,1067,453,354,480,520,546,902,544,704,568
frame_0414.jpg,406,0,251,6,577,14,112,32,772,57,0,93,967,142,13,158,108,281,1090,316,218,386,1069,459,355,486,903,552,522,553,706,575
frame_0419.jpg,536,0,376,9,719,20,235,34,106,76,907,73,0,146,12,208,1040,227,97,315,1032,374,201,407,334,491,876,496,498,541,681,545
frame_0420.jpg,516,0,696,10,360,14,224,47,885,54,103,90,0,164,1022,199,96,323,1019,346,198,413,866,473,672,528,492,530,-1,-1,-1,-1
frame_0421.jpg,504,0,683,8,351,18,219,50,871,50,100,94,0,168,1008,195,12,226,93,324,1005,340,193,407,853,466,322,484,660,522,481,526
frame_0424.jpg,508,0,355,11,682,15,223,38,863,59,101,78,0,145,9,202,997,203,85,302,994,344,184,388,310,468,844,466,471,515,651,516
frame_0425.jpg,519,0,365,11,695,16,230,37,877,64,105,77,0,144,9,200,1009,206,89,308,1008,345,191,392,858,468,320,472,484,519,666,519
frame_0426.jpg,534,0,376,8,712,18,237,32,107,72,896,66,0,137,7,198,1027,213,90,300,1022,354,191,389,324,471,869,473,488,520,672,523
frame_0429.jpg,565,0,397,7,761,22,248,32,113,71,963,76,0,137,7,199,1107,234,88,306,1099,386,192,402,330,492,926,512,508,549,710,559
frame_0430.jpg,580,0,409,5,775,23,258,29,119,65,976,81,0,135,1116,238,94,309,1110,389,202,407,346,498,941,512,526,554,727,561,-1,-1
frame_0431.jpg,600,0,426,2,270,24,794,26,123,62,992,85,0,128,7,194,1127,242,98,307,1118,389,210,406,356,497,953,510,539,552,740,558
frame_0437.jpg,494,0,679,4,318,16,874,38,147,52,1066,102,0,122,6,195,1191,256,117,322,1183,397,251,429,1027,519,417,523,821,574,615,576
frame_0438.jpg,668,0,483,0,308,19,867,30,141,58,1065,93,0,130,6,202,1197,250,116,327,1191,396,247,433,1031,521,413,527,820,577,611,579
frame_0439.jpg,479,0,664,0,305,19,863,31,141,55,1063,94,0,126,6,196,1196,252,111,319,1189,398,238,425,401,521,1024,523,599,576,810,577
frame_0441.jpg,649,0,467,1,298,21,842,28,137,60,1035,86,0,132,9,203,1167,236,118,322,1167,377,248,423,1014,501,413,513,810,559,606,562
frame_0444.jpg,627,0,447,6,823,22,281,32,127,72,1023,75,0,144,8,210,1161,224,112,322,1157,367,235,419,999,491,394,504,789,549,585,552
frame_0449.jpg,619,0,448,5,799,22,286,27,131,68,980,72,0,140,9,206,1099,208,119,317,1096,336,244,408,957,455,402,486,771,514,583,525
frame_0452.jpg,630,0,463,2,800,23,300,22,138,61,964,72,0,134,1073,197,11,203,130,314,1072,316,265,403,950,428,426,475,782,489,605,505
frame_0462.jpg,441,0,597,7,286,17,754,35,133,48,901,85,0,112,9,177,995,200,122,285,992,307,249,371,882,406,400,440,729,458,567,471
frame_0463.jpg,450,0,608,6,293,12,764,36,136,41,910,88,0,106,9,172,1004,204,124,283,1002,310,255,370,893,408,408,441,740,459,576,472
frame_0465.jpg,611,0,291,3,133,30,772,30,922,88,0,94,11,162,1014,214,129,276,1006,324,257,366,891,422,409,441,736,469,574,476,-1,-1
frame_0473.jpg,431,0,590,3,276,13,754,33,127,45,910,88,0,110,9,175,1006,216,116,284,996,331,235,372,870,431,378,447,707,478,541,484
frame_0474.jpg,429,0,590,4,275,15,756,32,126,47,919,90,0,112,8,176,1016,221,113,285,1004,339,230,375,872,440,373,451,703,484,705,488
frame_0475.jpg,432,0,594,4,275,15,764,34,125,45,929,92,0,111,8,176,1030,225,112,287,1018,344,229,377,883,447,373,455,711,493,539,496
frame_0480.jpg,492,0,316,9,674,12,146,37,863,53,0,103,1047,123,6,175,1159,278,117,305,247,413,1145,412,408,509,990,523,596,564,793,568
frame_0483.jpg,525,0,337,9,721,12,156,40,925,56,0,109,1125,131,6,187,1250,296,124,324,263,441,1236,442,436,545,1069,563,640,605,855,611
frame_0484.jpg,548,0,353,7,747,16,164,35,951,65,0,104,1147,144,4,184,1267,313,126,330,269,451,1252,458,448,559,1086,578,656,622,872,628
frame_0486.jpg,378,0,581,6,177,15,788,39,0,77,997,106,4,162,1192,205,125,322,1298,388,267,459,1270,535,444,581,1091,644,652,658,870,679
frame_0488.jpg,396,0,605,2,186,21,812,27,1012,84,0,92,1200,169,5,180,145,338,1305,337,302,467,1284,478,492,577,1124,594,705,639,917,642
frame_0489.jpg,612,0,400,0,188,23,817,22,1016,76,0,96,1203,157,6,184,1310,320,154,344,1294,458,318,471,1142,576,514,578,940,631,729,634
frame_0491.jpg,593,0,809,11,380,12,173,48,1025,55,0,133,1230,135,9,221,1346,307,157,373,1324,456,318,493,1155,580,510,595,942,639,724,646
frame_0492.jpg,608,0,390,6,826,16,178,39,1042,66,0,124,1244,153,14,213,1349,325,167,370,1323,469,331,490,1154,588,522,592,944,640,734,645
frame_0494.jpg,594,0,380,10,812,13,173,47,1029,57,0,132,1232,141,15,215,1338,308,165,364,1309,451,324,479,1138,567,511,576,927,620,718,625
frame_0495.jpg,596,0,815,9,379,14,1035,50,172,54,1239,128,0,143,17,227,1349,295,171,372,1318,438,332,485,1147,552,519,581,730,619,-1,-1
frame_0496.jpg,596,0,814,8,380,12,1032,49,171,53,1236,126,0,141,18,224,1342,291,173,369,1315,434,335,479,1145,550,524,571,938,606,731,615
frame_0497.jpg,598,0,815,9,383,12,1027,47,173,52,1224,124,0,140,17,224,1328,283,175,368,1302,420,340,477,1140,536,530,564,939,593,736,605
frame_0501.jpg,830,0,604,6,1055,29,379,34,166,90,1260,99,0,198,1364,262,29,282,1334,401,204,417,377,513,1169,522,568,588,970,590,771,614
frame_0511.jpg,603,0,820,6,388,13,1034,43,177,54,1238,119,0,144,16,228,1352,279,173,375,1332,420,341,486,1170,540,537,573,-1,-1,-1,-1
frame_0512.jpg,595,0,811,7,381,13,1029,42,172,54,1236,119,0,145,17,228,1351,281,174,373,1333,424,340,485,1169,546,-1,-1,-1,-1,-1,-1
frame_0517.jpg,827,0,600,11,1045,21,365,45,1238,78,137,114,1343,222,0,323,1325,351,211,450,1188,475,409,531,1011,553,618,588,823,595,-1,-1
frame_0519.jpg,597,0,818,4,377,17,1038,39,167,62,1242,113,0,156,23,239,1345,274,188,377,1315,409,354,480,1150,524,544,561,948,582,747,597
frame_0520.jpg,599,0,820,7,381,15,1037,45,169,56,1238,120,0,147,19,232,1340,281,181,373,1309,416,347,477,1144,529,536,561,942,586,739,599
frame_0521.jpg,599,0,820,7,380,15,1037,45,169,55,1238,121,0,147,19,230,1340,280,181,372,1309,417,347,476,1144,529,536,561,941,586,739,600
frame_0522.jpg,600,0,820,7,381,15,1038,44,170,56,1239,121,0,148,20,230,1340,281,183,372,1310,418,348,476,1144,529,537,561,942,587,740,599
frame_0524.jpg,601,0,822,7,382,15,1039,45,171,56,1240,121,0,149,22,230,1341,281,184,372,1311,417,349,476,1146,530,538,561,944,587,741,600
frame_0527.jpg,600,0,820,8,381,15,1038,44,171,55,1239,121,0,149,20,231,1340,281,183,372,1310,417,348,476,1144,530,537,561,942,586,740,599
frame_0531.jpg,600,0,821,7,381,14,1038,44,170,55,1239,120,0,147,21,230,1340,281,182,372,1310,416,348,476,1144,530,537,561,942,585,740,599
frame_0535.jpg,601,0,821,6,382,15,1039,45,171,55,1240,120,0,149,22,230,1342,282,184,371,1312,417,349,477,1145,530,538,561,943,586,741,599
frame_0536.jpg,600,0,820,6,381,14,1038,43,170,55,1238,119,0,146,20,230,1340,280,182,371,1310,416,348,475,1144,528,537,561,943,586,740,598
frame_0540.jpg,600,0,821,7,381,15,1038,44,170,56,1239,120,0,148,21,230,1340,281,182,372,1310,418,348,476,1144,530,537,561,942,587,740,600
frame_0542.jpg,600,0,821,7,381,14,1038,43,170,55,1239,121,0,148,20,231,1340,280,182,371,1310,416,348,476,1144,530,537,561,943,587,740,599
frame_0552.jpg,600,0,821,6,382,14,1038,42,170,55,1239,119,0,148,21,229,1340,279,183,370,1310,416,348,475,1144,529,536,560,943,586,740,599
frame_0554.jpg,600,0,821,7,382,14,1038,44,170,56,1239,121,0,148,20,231,1341,281,183,371,1310,416,348,476,1144,530,537,561,942,586,740,600
frame_0555.jpg,600,0,821,6,381,14,1038,44,170,54,1239,121,0,146,20,229,1340,279,182,371,1309,415,348,476,1144,529,537,560,942,585,740,598
frame_0557.jpg,600,0,820,5,381,14,1039,44,170,55,1238,119,0,146,20,229,1340,281,182,371,1310,415,348,475,1144,528,537,560,942,586,740,598
frame_0559.jpg,600,0,821,6,382,13,1038,44,170,54,1239,121,0,146,20,230,1340,280,182,371,1310,416,348,475,1145,529,537,560,942,586,740,599
frame_0561.jpg,600,0,820,7,381,13,1039,44,170,55,1239,120,0,147,20,230,1340,280,182,371,1309,416,348,475,1144,529,537,560,942,585,740,598
frame_0563.jpg,601,0,821,6,382,14,1039,44,171,55,1240,121,0,148,22,229,1341,280,183,371,1311,417,349,475,1145,528,538,560,943,586,741,599
frame_0565.jpg,600,0,820,6,381,14,1038,43,170,54,1239,120,0,147,21,230,1340,279,182,371,1310,415,348,475,1144,529,537,559,943,586,740,599
frame_0566.jpg,600,0,820,6,382,14,1038,43,171,55,1239,120,0,147,20,231,1340,280,183,371,1311,418,348,476,1144,530,537,560,942,586,740,599
frame_0567.jpg,601,0,821,6,382,14,1038,42,171,54,1240,119,0,147,21,230,1341,280,183,371,1311,416,348,476,1145,529,537,561,943,586,740,599
frame_0568.jpg,600,0,820,7,381,14,1038,43,170,55,1239,120,0,146,20,231,1340,280,182,371,1310,417,348,476,1144,529,536,561,942,586,740,599
frame_0569.jpg,601,0,821,6,382,14,1038,44,171,55,1239,120,0,148,21,230,1341,280,183,370,1310,416,348,476,1145,530,537,561,943,586,740,599
frame_0570.jpg,600,0,820,6,381,14,1037,43,170,55,1238,120,0,147,20,230,1340,280,182,371,1310,417,348,476,1144,530,537,561,942,586,740,599
frame_0571.jpg,600,0,821,6,381,13,1038,43,170,55,1238,119,0,146,20,229,1340,279,182,369,1310,415,348,475,1144,528,536,560,942,585,740,598
frame_0572.jpg,601,0,821,7,382,14,1039,45,171,55,1239,121,0,148,22,229,1341,281,183,370,1311,416,349,475,1145,529,537,561,943,586,740,599
frame_0573.jpg,601,0,821,6,382,13,1039,44,171,54,1240,120,0,148,21,230,1341,281,183,371,1311,416,349,476,1145,530,537,560,942,586,740,599
frame_0574.jpg,600,0,820,7,381,14,1038,44,170,55,1238,120,0,148,20,230,1340,282,182,371,1310,416,348,476,1144,529,536,560,942,586,740,599
frame_0575.jpg,601,0,821,7,382,14,1039,44,171,56,1239,121,0,148,21,230,1341,281,183,372,1311,417,348,476,1145,530,537,561,942,586,740,600
frame_0577.jpg,600,0,821,6,382,14,1038,43,170,56,1239,120,0,147,21,230,1340,280,183,371,1310,416,348,475,1145,529,537,560,942,585,740,598
frame_0578.jpg,600,0,820,7,381,14,1038,44,170,55,1238,120,0,147,20,230,1340,281,182,370,1309,417,348,476,1143,530,536,560,942,586,740,599
frame_0579.jpg,601,0,820,6,382,14,1039,45,171,55,1239,121,0,148,21,230,1341,281,183,372,1310,416,348,477,1145,530,537,561,943,586,740,599
frame_0580.jpg,647,0,869,2,414,20,1077,34,179,66,1262,101,0,177,1359,244,18,263,1340,372,210,406,1199,488,404,504,1017,558,613,575,823,591
frame_0583.jpg,421,0,646,11,197,16,863,43,0,95,1068,105,12,185,1253,202,168,355,1336,370,335,482,1298,502,523,587,1133,603,728,644,931,646
frame_0584.jpg,653,0,0,33,867,51,1069,132,2,127,1247,242,143,313,1321,421,298,457,1276,556,481,584,1100,648,686,658,893,676,-1,-1,-1,-1
frame_0596.jpg,559,0,368,4,744,16,175,28,926,61,0,95,1102,129,0,176,1218,275,134,321,1215,403,288,440,1083,520,477,540,891,582,688,589
frame_0602.jpg,703,0,899,3,515,24,1101,33,332,70,153,133,1262,160,0,232,1296,301,14,308,162,426,1181,459,332,520,987,558,542,591,772,606
frame_0611.jpg,746,0,556,9,940,18,365,40,1133,61,172,90,0,178,1281,191,7,257,1307,326,155,385,1185,471,324,486,990,560,536,568,769,594
frame_0612.jpg,739,0,549,6,933,24,360,34,1127,69,169,80,0,161,1272,204,5,238,1294,341,145,367,311,474,1166,482,516,560,967,565,745,593
frame_0613.jpg,731,0,543,10,923,19,355,42,1115,60,167,89,0,176,1263,191,10,254,1291,326,159,379,1174,468,330,481,985,555,538,560,767,587
frame_0614.jpg,747,0,562,3,930,23,370,30,1112,67,175,73,0,158,1247,193,10,239,1274,318,168,368,1164,454,346,469,989,536,559,547,783,571
frame_0615.jpg,762,0,577,1,943,25,382,26,181,68,1121,71,0,154,1251,196,8,237,1275,320,172,369,1169,454,354,473,996,538,569,551,793,573
frame_0617.jpg,801,0,607,7,404,38,1178,64,0,181,1322,188,1355,317,192,400,1252,458,390,503,1079,550,625,578,866,594,-1,-1,-1,-1,-1,-1
frame_0618.jpg,806,0,610,3,997,23,404,30,1189,70,0,170,1336,199,10,260,1371,332,192,398,1269,476,392,511,1092,570,629,592,875,613,-1,-1
frame_0620.jpg,796,0,603,10,984,18,400,44,1173,56,190,98,1323,178,0,193,18,282,1367,303,211,413,1280,448,422,514,1115,546,664,584,907,595
frame_0624.jpg,634,0,829,4,425,22,1014,35,206,60,1199,83,0,145,1343,210,13,235,1385,333,209,380,1297,471,424,494,1133,560,673,577,921,600
frame_0625.jpg,642,0,839,7,431,19,1027,38,208,57,1215,89,0,140,1359,216,10,230,1397,342,204,377,1305,478,418,492,1134,565,667,578,919,602
frame_0629.jpg,898,0,673,6,1124,26,446,39,1352,73,214,91,0,182,1533,218,3,273,1577,369,180,423,1447,536,391,546,1219,639,657,645,949,678
frame_0630.jpg,914,0,683,13,1148,19,1386,58,450,57,215,119,1577,202,0,221,4,315,1624,359,182,460,1489,539,398,581,1252,653,671,675,973,702
frame_0631.jpg,902,0,1149,3,1403,28,666,34,435,94,207,172,1613,168,0,284,1666,332,8,374,183,508,1525,526,400,619,1273,656,673,701,980,716
frame_0633.jpg,1076,0,1341,9,823,15,595,64,383,137,1568,144,177,223,1626,314,0,338,9,424,1468,526,159,544,349,645,1194,667,598,719,894,732
frame_0634.jpg,1041,0,796,12,1299,15,575,56,370,121,1519,150,0,309,1567,323,6,391,144,512,1402,527,319,610,1130,655,553,691,837,711,-1,-1
frame_0635.jpg,982,0,1237,5,743,21,532,71,1460,136,341,142,161,221,1512,308,0,333,8,412,1349,517,136,525,301,620,1080,651,523,695,795,710
frame_0637.jpg,1130,0,888,5,662,32,470,87,1346,127,300,160,1394,300,0,350,8,424,1230,514,117,529,262,619,968,648,455,690,702,706,-1,-1
frame_0638.jpg,1083,0,849,4,631,33,446,88,1291,122,286,160,1335,293,0,345,9,417,1171,501,111,519,245,604,916,632,428,673,661,688,-1,-1
frame_0640.jpg,851,0,1090,7,631,19,445,66,284,128,1293,151,132,199,0,294,1318,337,2,366,85,473,1123,543,203,570,367,654,850,657,591,691
frame_0641.jpg,1069,0,832,6,615,38,432,94,1279,134,277,166,132,244,1315,321,0,349,5,422,89,527,1130,545,209,618,860,675,377,697,599,723
frame_0649.jpg,795,0,588,54,1004,114,408,125,276,208,175,297,1036,331,81,387,0,490,850,610,56,644,129,722,605,763,236,792,397,815,-1,-1
frame_0659.jpg,813,0,611,58,1011,86,434,132,293,216,1051,265,87,411,0,521,898,524,74,665,672,692,463,772,290,777,-1,-1,-1,-1,-1,-1
frame_0661.jpg,840,0,640,43,1031,96,454,104,313,184,197,270,1069,270,89,362,0,468,919,502,87,610,700,651,184,674,494,720,317,722,-1,-1
frame_0664.jpg,854,0,657,14,475,49,330,108,1029,113,209,176,1055,279,0,345,9,405,903,476,82,490,180,563,688,592,311,622,487,638,-1,-1
frame_0665.jpg,856,0,661,11,478,46,332,102,1030,114,209,169,95,244,1053,274,0,336,12,397,905,463,89,480,191,550,696,574,325,606,498,619
frame_0667.jpg,698,0,885,9,520,14,366,52,232,105,1039,129,106,169,0,254,1057,275,6,313,89,403,914,438,196,479,711,531,336,542,512,564
frame_0668.jpg,701,0,522,11,886,15,369,46,235,96,1033,138,0,239,1045,283,8,300,89,391,900,440,195,469,702,527,334,533,508,557,-1,-1
frame_0670.jpg,690,0,872,10,515,13,365,51,232,103,1021,125,110,163,0,250,1039,265,905,421,713,513,347,530,522,548,-1,-1,-1,-1,-1,-1
frame_0672.jpg,743,0,560,7,931,18,400,39,254,87,1080,137,116,146,0,228,1096,276,9,292,103,384,959,427,222,462,760,514,374,524,560,546
frame_0673.jpg,771,0,585,3,962,19,420,35,269,81,124,142,1115,140,0,226,1133,282,9,291,108,389,995,436,230,470,792,526,390,537,585,559
frame_0675.jpg,515,0,706,9,336,18,897,42,166,56,0,110,1043,170,1060,309,922,457,107,465,715,543,286,544,497,572,-1,-1,-1,-1,-1,-1
frame_0679.jpg,732,0,541,8,930,20,353,38,1129,65,167,83,0,165,1277,200,2,241,1295,341,129,366,285,472,1156,484,483,557,943,567,714,594
frame_0680.jpg,741,0,547,8,942,23,358,37,1145,70,170,81,0,162,1298,212,1,240,1319,356,130,369,287,479,1177,505,489,571,959,589,724,612
frame_0681.jpg,753,0,558,3,952,24,365,32,1153,72,0,158,1304,212,3,237,1327,354,140,368,306,480,1193,500,513,570,983,584,750,608,-1,-1
frame_0683.jpg,578,0,766,8,382,16,954,42,0,121,0,203,142,344,1291,376,308,462,1165,510,517,559,969,584,749,603,-1,-1,-1,-1,-1,-1
frame_0685.jpg,602,0,402,4,792,18,979,61,3,91,0,176,1297,279,146,332,1314,418,317,464,1189,551,533,576,994,621,771,632,-1,-1,-1,-1
frame_0686.jpg,605,0,404,5,796,16,195,29,980,62,0,96,1161,129,1,182,1293,272,160,340,1316,406,342,470,1203,538,563,578,1020,611,802,627
frame_0687.jpg,613,0,411,0,200,15,799,24,973,73,0,79,2,169,169,328,1292,408,354,461,1185,533,575,567,1011,601,806,616,-1,-1,-1,-1
frame_0688.jpg,406,0,199,7,601,11,778,41,1,60,942,96,0,149,1102,171,1213,312,159,318,1229,438,337,457,1127,555,550,571,963,617,769,626
frame_0692.jpg,385,0,561,26,0,28,709,71,0,123,840,134,970,213,169,310,1057,347,1073,460,342,457,999,565,536,575,875,621,724,629,-1,-1
frame_0696.jpg,4,0,335,14,482,58,0,95,601,113,699,183,799,267,146,295,861,396,291,453,870,500,450,577,811,592,717,638,598,637,-1,-1
frame_0699.jpg,145,1,6,0,282,29,401,78,0,89,494,134,568,202,646,284,119,285,690,404,233,437,695,497,362,555,644,578,476,614,569,617
frame_0705.jpg,10,0,203,10,290,46,0,70,467,209,75,219,492,309,146,336,488,386,230,429,442,451,312,477,381,481,-1,-1,-1,-1,-1,-1
frame_0707.jpg,189,0,9,2,274,31,340,69,0,67,395,117,453,181,74,205,479,275,144,313,478,350,228,399,376,446,308,444,-1,-1,-1,-1
frame_0709.jpg,171,0,10,1,246,29,0,62,306,65,354,111,64,191,124,291,423,331,196,372,381,389,267,413,326,417,-1,-1,-1,-1,-1,-1
frame_0736.jpg,13,0,171,6,242,37,0,55,298,74,341,115,48,174,397,257,97,267,384,321,160,344,339,372,223,386,-1,-1,-1,-1,-1,-1
frame_0744.jpg,177,0,265,16,3,20,340,42,0,69,405,77,469,128,66,168,504,209,134,248,500,275,216,313,447,329,300,349,377,352,-1,-1
frame_0753.jpg,197,0,94,1,298,8,389,28,1,37,475,58,0,87,556,110,80,184,605,196,163,262,605,268,262,326,542,331,459,359,363,360
frame_0754.jpg,198,0,301,5,93,6,395,24,0,42,480,55,1,93,565,103,616,189,83,189,617,262,168,266,557,327,271,330,471,358,374,360
frame_0755.jpg,199,0,304,3,92,9,398,19,485,49,0,47,572,95,0,99,625,181,85,195,626,256,173,271,566,323,275,332,477,357,381,362
frame_0757.jpg,310,0,204,3,405,9,95,21,493,30,0,68,576,73,4,123,628,155,96,214,631,229,188,282,573,299,293,335,492,340,398,353
frame_0758.jpg,315,0,207,5,412,7,96,26,500,26,497,32,585,69,0,77,5,130,634,150,637,223,97,220,190,288,577,295,494,338,294,337
frame_0759.jpg,314,0,412,2,206,11,502,16,95,37,587,56,0,94,641,136,6,149,645,211,103,236,586,286,198,299,503,334,304,344,409,355
frame_0765.jpg,319,0,418,2,414,7,211,6,97,29,588,64,0,84,3,138,95,227,183,290,479,335,284,338,386,353,-1,-1,-1,-1,-1,-1
frame_0767.jpg,326,0,215,5,422,8,101,26,590,71,0,80,3,134,634,154,627,228,92,226,180,292,562,298,475,339,280,340,382,356,-1,-1
frame_0769.jpg,331,0,219,3,430,6,101,24,600,71,0,79,2,134,642,154,634,228,92,226,181,292,568,298,480,340,284,342,385,356,-1,-1
frame_0772.jpg,341,0,226,4,442,8,105,25,533,31,615,75,0,82,2,138,658,161,94,233,651,238,185,301,580,309,492,352,289,352,394,369
frame_0775.jpg,352,0,455,5,234,6,109,31,633,69,0,92,3,151,678,155,670,233,102,247,602,308,199,315,513,355,307,364,416,377,-1,-1
frame_0777.jpg,354,0,457,3,234,9,550,23,109,38,637,62,0,103,684,146,5,163,681,226,108,258,617,303,208,323,529,355,320,369,430,379
frame_0778.jpg,353,0,454,7,232,12,548,25,108,40,634,66,0,104,680,151,4,163,676,229,105,257,611,307,204,324,522,357,314,370,425,381
frame_0780.jpg,347,0,449,3,229,12,106,42,629,59,0,107,678,141,6,165,678,218,112,257,617,296,214,321,532,347,326,365,436,372,-1,-1
frame_0781.jpg,347,0,448,6,231,8,539,26,106,32,626,68,0,94,675,152,7,154,676,230,112,250,616,307,212,319,529,356,325,368,434,379
frame_0783.jpg,221,0,330,1,428,19,513,49,0,58,597,97,2,117,646,184,100,222,647,260,196,300,587,331,304,359,504,371,410,383,-1,-1
frame_0787.jpg,233,0,349,2,110,10,452,18,0,54,637,97,4,114,696,184,108,220,699,264,214,301,641,338,332,365,552,379,450,390,-1,-1
frame_0789.jpg,247,0,368,5,115,10,477,23,0,53,573,59,4,117,729,203,115,230,735,285,227,317,675,361,353,385,582,404,475,415,-1,-1
frame_0792.jpg,387,0,253,7,510,10,742,87,0,84,11,151,829,186,139,261,846,279,267,348,786,370,414,416,681,424,560,440,-1,-1,-1,-1
frame_0793.jpg,400,0,523,10,262,8,122,32,640,38,759,83,0,89,11,156,845,182,146,268,867,273,281,354,807,365,706,421,432,420,581,442
frame_0795.jpg,292,0,434,10,558,36,0,50,6,126,784,140,860,250,142,265,875,344,279,374,811,435,433,459,708,485,582,496,-1,-1,-1,-1
frame_0796.jpg,161,0,323,23,6,20,466,63,0,101,582,109,680,172,780,250,127,274,835,368,255,411,836,464,400,522,766,546,542,579,663,583
frame_0798.jpg,343,0,0,20,500,28,630,71,5,110,168,288,924,324,937,424,325,425,876,517,495,528,775,566,651,574,-1,-1,-1,-1,-1,-1
frame_0800.jpg,187,0,374,25,0,25,543,61,678,115,1,122,793,183,907,266,169,319,981,396,334,474,992,503,514,595,925,600,816,648,683,652
frame_0802.jpg,199,0,4,20,396,28,571,71,0,119,715,130,838,205,959,296,166,327,1035,437,335,493,1043,551,522,627,968,651,701,696,847,698
frame_0805.jpg,213,0,423,19,6,31,611,54,771,107,0,128,913,179,1052,267,166,325,1139,413,340,486,1149,533,543,619,1057,639,916,689,744,688
frame_0806.jpg,224,0,441,15,6,34,638,47,808,98,0,132,957,169,1104,256,171,331,1199,404,356,492,1209,528,567,625,1114,638,962,692,780,694
frame_0807.jpg,232,0,453,19,11,31,655,54,831,108,0,125,988,185,159,326,337,495,1238,563,551,637,1130,672,771,715,965,722,-1,-1,-1,-1
frame_0809.jpg,420,0,628,3,205,15,820,30,1,74,1005,83,1187,159,0,163,1318,310,163,333,1336,447,348,474,1219,577,573,593,1034,643,815,652
frame_0812.jpg,641,0,424,6,851,20,205,30,1058,72,3,95,1263,147,0,184,1405,310,149,345,1416,459,328,484,1271,597,553,605,1051,664,808,668
frame_0814.jpg,795,0,587,1,383,25,1010,32,181,65,1227,89,0,143,0,225,1386,245,136,365,1403,400,302,486,1250,550,516,590,1018,629,767,642
frame_0815.jpg,773,0,567,5,990,29,368,32,172,75,1211,83,0,153,0,234,1373,240,126,369,1388,396,285,486,1228,548,492,590,989,627,737,641
frame_0816.jpg,759,0,551,10,983,21,355,46,1214,70,166,93,0,175,1387,227,2,253,123,383,1403,389,277,497,1231,550,478,596,981,631,723,646
frame_0817.jpg,753,0,547,13,975,22,353,47,1203,69,166,96,0,178,1371,230,2,256,118,386,1382,393,266,498,1208,552,463,597,959,632,704,647
frame_0818.jpg,720,0,946,12,518,19,1179,54,331,61,155,116,0,199,1357,212,3,273,1368,382,112,395,250,501,1184,548,437,596,926,631,671,645
frame_0820.jpg,662,0,879,6,472,24,1106,38,302,70,139,126,1283,192,0,208,3,279,1296,357,98,391,225,492,1114,524,396,580,861,610,616,625
frame_0821.jpg,651,0,870,0,462,29,1103,30,293,79,135,138,1288,182,0,224,5,295,1302,355,100,407,223,506,1115,531,394,594,857,620,611,638
frame_0825.jpg,969,1,752,0,552,26,1152,133,247,142,0,309,1171,309,7,375,84,473,996,506,190,557,757,618,338,629,531,655,-1,-1,-1,-1
frame_0826.jpg,941,0,728,7,532,39,372,94,1128,123,237,162,1154,296,0,332,6,397,81,491,986,501,187,572,749,620,331,640,523,663,-1,-1
frame_0828.jpg,943,0,725,15,529,53,368,113,1134,119,234,186,108,266,1162,295,0,363,8,427,989,506,83,518,186,596,746,631,328,661,519,678
frame_0830.jpg,924,0,713,33,519,84,1122,100,361,155,230,237,1166,273,106,325,0,431,9,495,1010,496,90,581,776,643,199,654,348,708,547,710
frame_0835.jpg,940,0,730,26,536,72,1131,101,375,138,240,219,1168,266,110,304,0,408,8,473,1011,480,88,558,777,620,200,630,350,683,547,685
frame_0838.jpg,954,0,742,27,544,72,1149,104,379,137,243,219,1188,270,115,302,0,409,8,475,1029,489,88,561,789,629,200,634,352,690,557,694
frame_0839.jpg,965,0,750,20,550,62,1155,105,387,129,247,207,1189,272,114,293,0,396,7,462,1027,487,88,550,199,624,787,624,352,682,555,687
frame_0840.jpg,966,0,754,18,555,58,1156,110,390,121,251,198,1190,277,0,385,1029,491,90,543,200,619,791,626,355,678,560,686,-1,-1,-1,-1
frame_0846.jpg,942,0,724,29,525,80,1142,108,362,149,230,235,1184,279,0,433,1030,499,102,585,798,641,220,655,375,707,574,708,-1,-1,-1,-1
frame_0849.jpg,761,0,968,4,567,22,253,130,1141,126,117,201,1163,285,0,299,95,459,1010,468,214,539,788,579,371,604,568,622,-1,-1,-1,-1
frame_0852.jpg,744,0,557,6,938,18,395,38,252,87,120,144,1096,150,0,229,8,294,1110,302,91,391,957,463,202,476,348,548,743,553,536,579
frame_0860.jpg,521,0,691,4,371,21,865,33,237,58,109,106,996,158,0,178,6,237,1001,296,87,331,189,411,861,430,322,482,673,499,489,515
frame_0862.jpg,512,0,678,5,366,19,846,35,233,55,971,155,0,172,974,285,87,321,190,399,840,414,318,466,659,480,482,496,-1,-1,-1,-1
frame_0864.jpg,511,0,675,4,366,18,839,33,234,52,108,98,964,152,0,168,7,225,969,280,88,316,190,393,840,407,323,460,662,473,485,490
frame_0865.jpg,508,0,672,6,364,19,838,35,233,53,107,98,964,153,0,167,5,225,969,281,84,316,185,394,839,409,316,461,658,475,480,492
frame_0866.jpg,512,0,674,9,367,15,838,42,236,46,109,89,0,157,962,164,4,215,967,294,83,310,182,390,835,420,313,461,654,484,476,497
frame_0868.jpg,509,0,670,7,365,14,832,41,234,45,109,88,0,154,953,162,4,211,956,288,82,305,182,384,826,412,312,453,648,474,472,487
frame_0869.jpg,508,0,668,8,363,15,831,41,233,46,108,90,0,156,952,162,5,213,956,289,83,306,183,385,826,412,312,454,648,475,472,488
frame_0870.jpg,507,0,668,5,362,17,833,36,231,50,107,95,956,156,0,163,5,220,961,284,84,313,183,391,831,410,315,459,652,476,476,491
frame_0875.jpg,700,0,518,3,892,24,364,31,228,73,103,126,1045,151,0,200,7,257,1057,298,90,349,194,429,906,443,331,498,701,517,506,533
frame_0877.jpg,555,0,741,4,394,23,933,35,249,61,113,109,1081,166,0,182,5,242,1090,307,94,338,204,421,938,446,349,494,731,516,531,530
frame_0879.jpg,601,0,432,13,788,13,275,45,979,54,127,90,0,162,1120,189,4,227,1127,329,98,333,219,425,977,463,375,504,770,532,565,544
frame_0880.jpg,619,0,447,11,808,19,286,39,1001,63,132,80,0,149,1144,204,1,214,97,324,1148,345,217,420,994,480,375,505,781,544,571,551
frame_0881.jpg,639,0,463,9,830,19,298,37,1024,64,138,79,0,150,1165,206,4,218,105,331,1170,348,232,429,1019,482,395,514,807,548,595,558
frame_0882.jpg,659,0,480,6,850,22,309,31,144,71,1043,70,0,142,3,211,1180,211,109,328,1185,350,242,428,1036,482,411,514,827,548,614,558
frame_0884.jpg,678,0,496,7,869,23,321,33,150,73,1063,70,0,146,1204,209,3,218,118,338,1215,350,259,440,1074,485,438,527,866,555,650,570
frame_0885.jpg,696,0,509,7,893,22,328,35,1093,69,153,79,0,155,1240,211,2,228,122,351,1252,354,267,455,1106,494,453,543,894,568,671,585
frame_0889.jpg,733,0,545,1,357,23,923,28,169,61,1114,80,0,136,2,212,1253,217,137,343,1269,354,297,452,1139,487,495,542,938,563,720,582
frame_0890.jpg,534,0,718,1,349,21,906,30,164,58,1093,81,0,133,4,209,1228,219,138,339,1244,353,296,445,1117,484,491,535,923,558,710,576
frame_0891.jpg,543,0,723,4,356,19,905,32,168,55,1083,83,0,129,5,206,1210,214,146,335,1223,340,308,440,1104,465,504,524,921,537,719,558
frame_0892.jpg,543,0,723,7,359,15,900,39,171,49,1072,94,0,117,3,194,1191,225,136,323,1200,349,291,431,1078,471,483,518,895,538,693,556
frame_0893.jpg,524,0,701,11,346,10,166,35,878,48,2,99,1053,106,0,172,1173,243,121,303,1178,371,264,413,1047,489,445,507,857,548,653,555
frame_0896.jpg,542,1,362,0,176,19,716,21,885,67,4,75,1045,132,0,151,1147,268,120,290,1145,391,263,403,1019,498,441,502,838,551,642,554
frame_0897.jpg,518,0,343,3,689,14,857,54,2,84,1016,115,0,155,1119,245,117,281,1117,361,256,389,991,468,428,478,814,520,623,525,-1,-1
frame_0899.jpg,468,0,628,2,307,15,790,28,146,47,946,76,0,111,3,177,1055,195,116,290,1062,309,248,384,947,421,411,460,778,481,596,495
frame_0900.jpg,460,0,616,9,302,8,143,32,773,40,0,90,924,96,0,155,1024,217,104,268,1023,330,229,365,905,433,384,448,738,484,562,490
frame_0909.jpg,517,0,660,9,385,9,800,38,248,38,905,136,0,144,5,200,916,238,102,287,820,345,215,358,674,410,356,416,516,433,-1,-1
frame_0910.jpg,536,0,678,9,259,37,817,38,123,74,916,133,0,143,6,200,927,232,109,289,834,337,226,360,691,402,371,415,533,430,-1,-1
frame_0911.jpg,535,0,679,9,396,12,816,37,259,38,120,80,916,132,0,148,5,205,927,231,108,293,834,336,228,363,691,402,371,418,533,430
frame_0912.jpg,551,0,409,8,695,12,268,32,833,43,126,71,0,137,931,140,5,195,939,239,109,288,844,342,230,360,699,405,376,414,540,431
frame_0913.jpg,568,0,422,7,714,12,277,32,854,45,133,68,0,139,953,142,5,199,961,242,111,293,866,347,237,366,719,412,386,424,557,440
frame_0915.jpg,565,0,415,10,722,12,269,38,876,44,0,149,988,151,5,209,998,261,111,304,890,373,235,381,730,440,387,442,559,464,-1,-1
frame_0917.jpg,614,0,784,8,451,17,952,33,293,54,136,103,1079,143,0,183,8,247,1099,261,128,346,990,387,269,425,819,467,440,485,633,501
frame_0918.jpg,793,0,619,3,969,19,453,31,292,76,1109,123,134,138,0,225,1136,243,11,291,1028,383,140,387,286,459,855,474,466,511,665,518
frame_0920.jpg,827,0,645,3,1012,19,471,31,303,80,1157,129,139,144,0,236,1184,253,15,305,1074,394,152,402,306,477,896,489,494,530,699,536
frame_0927.jpg,734,0,545,1,355,24,923,28,166,66,1109,79,0,145,1237,216,9,223,1248,346,153,352,315,455,1120,476,511,537,932,548,725,571
frame_0933.jpg,636,0,421,10,842,17,202,39,1043,61,0,113,1240,131,3,203,1376,285,165,362,1390,427,350,494,1255,564,575,601,1049,637,819,652
frame_0934.jpg,645,0,432,0,211,18,845,23,1036,75,1,86,1219,149,0,178,1343,301,162,344,1353,438,346,481,1225,566,569,593,1030,635,808,646
frame_0938.jpg,463,0,229,8,678,10,868,45,0,69,1043,103,1,172,1210,181,1323,331,189,360,1340,463,395,510,1238,590,630,628,1071,663,867,680
frame_0941.jpg,219,0,434,21,4,33,623,58,784,111,0,135,922,184,1057,272,175,342,1139,417,356,507,1147,537,561,638,1061,644,925,697,760,701
frame_0945.jpg,9,0,377,48,529,106,0,106,645,174,739,253,831,343,160,341,883,476,313,520,890,581,477,656,831,674,740,720,623,721,-1,-1
frame_0956.jpg,226,1,3,0,330,37,409,82,0,86,472,139,112,258,574,315,211,385,578,400,539,475,316,479,409,521,-1,-1,-1,-1,-1,-1
frame_0960.jpg,378,0,260,1,469,16,540,48,612,100,0,108,656,198,7,204,663,287,149,345,623,381,266,436,562,449,489,490,387,489,-1,-1
frame_0966.jpg,397,0,490,7,275,9,562,33,630,83,0,148,662,179,4,242,659,268,137,372,539,435,248,448,460,481,362,489,-1,-1,-1,-1
frame_0969.jpg,410,0,504,6,284,12,577,29,643,81,670,178,0,256,609,364,134,385,537,437,246,459,458,486,359,497,-1,-1,-1,-1,-1,-1
frame_0970.jpg,417,0,513,6,291,12,585,31,651,80,0,164,670,269,5,261,615,366,139,392,543,440,250,465,464,490,364,501,-1,-1,-1,-1
frame_0971.jpg,417,0,512,6,289,12,584,30,142,56,650,80,677,179,0,265,613,371,134,397,541,446,246,472,459,497,-1,-1,-1,-1,-1,-1
frame_0973.jpg,416,0,511,5,288,13,585,26,140,58,680,177,0,268,617,368,135,397,544,443,248,472,464,494,364,508,-1,-1,-1,-1,-1,-1
frame_0974.jpg,417,0,514,5,290,13,585,27,142,59,652,78,0,170,673,271,6,269,618,370,140,400,546,446,251,474,467,498,366,511,-1,-1
frame_0976.jpg,400,0,276,4,492,13,563,42,136,38,630,96,661,198,0,232,128,375,603,388,533,459,238,461,452,505,354,509,-1,-1,-1,-1
frame_0982.jpg,226,0,328,24,5,27,408,60,0,106,533,172,100,257,567,272,565,356,188,369,518,432,289,451,453,474,379,484,-1,-1,-1,-1
frame_0984.jpg,224,0,332,23,5,26,412,61,479,109,0,103,545,173,94,249,182,359,522,432,281,441,454,471,374,477,-1,-1,-1,-1,-1,-1
frame_0999.jpg,112,0,233,3,344,19,2,31,439,46,523,84,0,89,599,140,91,201,640,228,181,288,634,301,287,357,570,362,484,392,390,392
frame_1000.jpg,112,0,234,0,346,15,3,32,444,41,529,79,0,89,609,134,91,201,652,225,182,288,646,298,289,357,581,361,493,391,395,392
frame_1006.jpg,213,0,322,4,100,9,422,20,0,45,515,49,604,96,1,96,658,182,84,190,656,256,174,265,588,322,279,327,495,356,390,357
frame_1011.jpg,325,0,321,3,213,5,424,10,100,21,0,67,610,74,3,118,669,155,95,207,673,229,192,274,189,276,611,300,301,329,519,340
frame_1012.jpg,221,0,435,9,104,16,0,59,618,75,4,109,675,153,97,200,678,224,193,268,615,292,303,322,520,332,419,342,-1,-1,-1,-1
frame_1025.jpg,323,0,210,6,419,12,0,74,597,81,5,130,650,167,103,225,651,242,199,296,592,314,307,349,508,355,413,369,-1,-1,-1,-1
frame_1026.jpg,320,0,209,4,417,10,95,22,0,72,597,79,6,128,652,165,103,223,654,241,199,294,594,314,307,348,510,355,414,368,-1,-1
frame_1029.jpg,316,0,415,8,206,7,95,28,507,28,597,73,0,79,7,134,655,158,105,227,659,236,202,298,601,311,312,350,516,354,420,369
frame_1032.jpg,303,0,199,4,393,9,91,24,476,29,557,74,0,75,7,133,106,230,201,301,568,307,494,352,308,354,409,370,-1,-1,-1,-1
frame_1040.jpg,190,0,90,9,287,8,369,28,1,41,443,58,0,95,512,109,548,193,78,194,543,262,155,270,487,323,245,326,243,332,413,353
frame_1042.jpg,210,0,316,9,407,32,0,43,486,66,1,102,563,124,598,211,87,209,591,286,172,291,530,349,268,355,451,381,363,385,-1,-1
frame_1043.jpg,222,0,105,9,331,11,428,34,0,44,512,69,2,104,590,125,631,216,94,215,625,291,184,299,560,356,286,363,478,389,387,393
frame_1044.jpg,232,0,109,4,347,9,448,32,444,37,0,43,2,104,93,216,649,295,186,301,585,361,291,371,495,395,492,398,397,400,-1,-1
frame_1045.jpg,234,0,353,6,109,11,460,25,0,53,648,113,1,114,698,210,98,223,694,291,195,308,623,363,308,375,528,401,423,406,-1,-1
frame_1050.jpg,284,0,136,6,427,10,557,34,0,51,674,78,0,119,786,141,112,245,849,252,843,346,226,345,753,426,362,426,633,465,502,467
frame_1053.jpg,344,0,167,3,509,14,658,46,2,52,790,97,0,130,916,168,128,279,984,294,264,394,976,398,875,489,422,489,738,532,585,535
frame_1055.jpg,208,0,406,23,11,29,584,63,738,116,0,115,869,187,989,277,129,299,1045,414,271,443,1026,521,436,562,914,605,609,628,769,638
frame_1057.jpg,218,0,429,13,617,44,6,44,774,91,0,141,909,157,1031,242,157,334,1097,379,320,480,1088,492,989,591,503,594,849,641,688,647
frame_1060.jpg,235,0,461,20,5,42,654,61,808,116,0,157,933,189,1054,280,184,383,1117,426,1114,546,363,550,1024,654,557,675,895,713,742,728
frame_1062.jpg,458,0,6,1,637,50,775,113,0,127,885,189,987,282,193,377,1039,540,370,553,963,647,555,678,855,708,723,726,-1,-1,-1,-1
frame_1067.jpg,0,0,423,11,584,70,698,139,783,220,862,317,174,438,898,463,895,581,337,628,832,692,501,754,745,764,640,794,-1,-1,-1,-1
frame_1078.jpg,250,0,493,24,4,46,701,70,866,135,0,184,999,219,1128,325,212,449,1196,492,1195,630,412,645,1108,756,627,790,978,828,823,847
frame_1079.jpg,265,0,522,24,3,47,744,70,921,137,0,187,1064,225,1203,333,225,457,1278,505,1279,646,437,656,1184,774,666,804,1046,846,876,865
frame_1080.jpg,274,0,536,26,6,44,765,73,950,141,0,182,1096,231,219,454,1312,515,1311,657,433,656,1209,786,666,808,1062,857,884,873,-1,-1
frame_1082.jpg,530,0,0,59,984,85,2,182,1334,274,217,425,1428,455,1426,604,436,610,1306,739,681,756,1129,809,923,822,-1,-1,-1,-1,-1,-1
frame_1084.jpg,534,0,262,6,789,19,1012,66,0,78,1209,144,2,202,1396,249,1506,434,215,433,1505,592,440,615,1373,735,696,759,1180,811,954,826
frame_1085.jpg,547,0,269,6,808,16,1038,62,0,81,2,207,1437,241,1556,427,223,438,1559,586,457,618,1421,731,721,761,1224,810,990,825,-1,-1
frame_1086.jpg,549,0,269,11,811,15,1047,59,0,87,1257,134,0,209,1457,238,1573,426,211,435,1572,585,440,614,1426,732,704,756,1216,808,975,823
frame_1088.jpg,740,0,483,9,990,22,229,40,1234,84,0,128,1473,177,3,235,186,428,393,590,1456,716,650,729,1208,795,936,801,-1,-1,-1,-1
frame_1089.jpg,746,0,492,7,988,25,236,35,1219,83,0,123,1449,177,5,231,1591,364,193,425,406,584,664,716,1202,768,941,781,-1,-1,-1,-1
frame_1091.jpg,735,0,485,8,978,21,232,41,1215,78,0,123,1445,167,0,228,1592,359,173,419,1594,530,377,575,1423,686,628,709,1176,766,908,777
frame_1092.jpg,728,0,480,5,970,23,229,37,1208,83,1,116,1436,173,0,221,1583,364,170,411,1582,537,370,568,1406,691,616,703,1159,766,892,773
frame_1095.jpg,638,0,862,11,415,15,195,51,1092,57,1315,133,0,133,2,224,1462,312,148,386,1458,477,322,521,1285,623,541,639,1043,693,792,700
frame_1096.jpg,613,0,836,9,396,17,186,53,1066,54,1295,132,0,133,0,222,1447,315,132,381,1443,484,295,517,1259,633,504,637,1009,701,753,704
frame_1097.jpg,598,0,821,3,386,20,1057,45,180,61,1292,121,0,141,2,229,1449,308,129,382,1443,482,289,515,492,633,1251,634,995,700,737,701
frame_1099.jpg,741,0,525,12,982,20,332,51,1233,79,151,103,0,190,5,269,1413,265,119,404,1412,448,261,521,1208,615,448,628,940,686,682,690
frame_1103.jpg,685,0,485,16,913,20,310,53,1148,77,143,105,0,191,5,267,1317,262,103,398,1312,447,230,513,1112,610,397,619,612,681,854,680
frame_1106.jpg,603,0,812,11,423,18,268,60,1032,60,0,199,1195,239,7,271,91,393,1191,423,1002,587,350,600,764,657,542,658,-1,-1,-1,-1
frame_1108.jpg,541,0,748,2,373,29,972,40,234,73,0,211,1149,219,78,388,1145,413,175,488,307,583,946,579,487,643,703,646,-1,-1,-1,-1
frame_1110.jpg,518,0,718,1,358,24,936,40,222,70,103,122,0,205,1110,222,77,381,1109,415,171,481,299,577,916,581,471,638,680,644,-1,-1
frame_1111.jpg,533,0,735,9,368,22,230,60,953,59,106,111,0,189,5,256,1122,249,72,372,1113,443,164,477,289,579,913,604,462,647,673,659
frame_1115.jpg,534,0,754,4,358,28,999,56,220,72,97,130,0,213,1190,260,15,282,97,399,1184,466,202,502,338,603,977,626,516,669,731,681
frame_1117.jpg,541,0,771,10,361,23,219,62,1024,71,96,118,0,202,20,269,1222,285,108,391,219,496,1214,490,360,599,1003,642,542,669,757,687
frame_1118.jpg,549,0,782,15,362,19,219,55,1042,83,95,109,0,191,20,259,1241,306,112,383,225,491,1231,512,368,598,1016,656,550,672,766,695
frame_1119.jpg,551,0,364,17,788,16,217,51,1053,90,95,104,0,185,20,254,1253,317,117,378,231,487,1242,521,374,596,1026,660,558,671,776,695
frame_1120.jpg,549,0,363,16,789,18,215,51,92,103,1053,93,0,185,22,254,1255,320,122,378,238,486,1244,521,383,594,1031,657,568,667,783,693
frame_1125.jpg,557,0,784,12,376,22,229,63,1034,73,102,118,0,204,15,275,1223,289,103,399,1214,500,211,510,352,617,1004,655,536,689,754,706
frame_1126.jpg,548,0,770,1,371,32,1014,50,228,79,0,230,1203,251,16,301,104,420,1200,458,212,523,354,623,996,627,537,684,754,690,-1,-1
frame_1128.jpg,718,0,953,18,508,22,342,70,212,130,1151,187,94,198,0,293,14,359,1164,386,205,552,977,575,345,635,740,663,525,679,-1,-1
frame_1129.jpg,725,0,959,17,517,21,350,68,216,128,1153,181,97,196,0,292,16,357,1168,376,104,461,214,550,986,563,357,630,752,652,540,670
frame_1131.jpg,812,0,593,3,409,37,1045,37,255,90,115,156,1223,210,0,249,16,320,1225,395,115,434,235,531,1041,567,392,618,807,648,586,663
frame_1132.jpg,833,0,611,5,1070,35,420,40,262,95,118,162,1251,209,0,258,18,330,1254,398,117,446,242,544,1066,573,402,631,825,658,601,674
frame_1133.jpg,854,0,628,6,1097,36,432,42,268,97,121,166,1282,211,0,262,17,335,1288,400,124,453,253,551,1099,577,421,638,855,663,625,681
frame_1135.jpg,889,0,656,1,456,35,1132,36,284,88,127,157,1318,212,0,254,16,329,1323,397,128,449,265,549,1133,572,439,637,886,659,652,679
frame_1137.jpg,877,0,643,8,1130,33,275,103,1322,205,0,270,1329,390,125,463,263,556,1137,569,437,641,887,659,650,681,-1,-1,-1,-1,-1,-1
frame_1140.jpg,664,0,913,7,453,27,1182,59,278,72,122,134,0,230,1384,254,21,304,140,431,1387,450,281,538,1183,616,460,638,922,689,679,694
frame_1141.jpg,685,0,470,16,940,22,287,51,1211,92,126,107,0,198,20,276,1405,303,140,413,1398,499,281,529,461,639,1185,652,679,705,922,712
frame_1144.jpg,674,0,455,19,937,18,275,56,1218,91,118,112,0,203,22,277,1414,306,141,409,1398,504,280,521,454,626,1173,653,666,694,906,704
frame_1145.jpg,673,0,934,16,455,19,275,57,1213,87,118,114,0,206,22,281,1409,299,144,412,1395,496,284,523,458,628,1175,645,672,692,912,699
frame_1147.jpg,678,0,943,13,458,20,275,60,1231,83,119,118,0,210,23,286,1437,298,145,418,1426,498,286,529,464,636,1200,653,683,700,930,708
frame_1149.jpg,675,0,933,11,460,24,280,69,1211,71,121,130,0,225,1415,281,22,301,140,433,1410,483,282,543,460,648,1192,647,678,710,923,713
frame_1150.jpg,669,0,919,8,457,26,1187,63,281,72,124,134,0,228,1382,267,16,304,131,432,1377,465,266,542,1162,634,440,643,654,703,897,702
frame_1153.jpg,880,0,639,1,439,34,1141,39,271,86,121,149,1340,227,0,241,14,313,112,430,1339,424,237,532,1125,600,401,628,855,678,611,683
frame_1155.jpg,657,0,888,0,457,31,1134,40,284,81,127,146,1318,214,0,239,16,313,1323,396,127,431,262,532,1132,566,434,619,883,648,647,664
frame_1157.jpg,681,0,909,4,480,26,1148,44,301,73,136,135,1327,212,0,228,14,302,1336,385,131,423,273,524,1154,552,454,612,911,636,673,654
frame_1159.jpg,713,0,947,6,503,26,1189,49,316,73,142,137,1368,219,0,231,14,310,1376,394,138,435,288,539,1194,564,477,629,947,650,704,670
frame_1160.jpg,740,0,970,11,529,21,1203,61,334,65,151,127,0,223,1369,226,16,303,1375,392,151,431,310,536,1202,552,505,623,968,638,732,661
frame_1161.jpg,747,0,974,16,537,19,341,60,1202,64,155,119,0,213,1365,225,13,293,1371,388,150,422,309,528,1203,545,507,615,972,630,735,654
frame_1166.jpg,806,0,591,5,1028,28,381,35,178,86,1247,87,0,177,1394,253,10,262,156,405,1398,412,326,522,1235,563,535,620,1010,643,772,664
frame_1168.jpg,802,0,586,7,1027,27,377,38,1249,84,174,91,0,183,1403,249,11,269,1410,409,161,412,333,529,1250,561,544,625,1023,644,784,667
frame_1170.jpg,813,0,593,10,1042,26,380,44,1267,86,174,100,0,197,1419,253,13,285,1423,415,168,429,344,543,1260,570,556,638,1032,655,795,679
frame_1172.jpg,854,0,624,7,1091,27,399,39,1321,92,182,96,0,197,1470,264,17,288,1468,424,184,439,370,554,1300,576,590,647,1071,661,832,687
frame_1174.jpg,883,0,637,8,1135,29,403,41,180,101,1380,102,0,207,1528,286,21,299,195,453,1515,455,381,572,1329,609,601,669,1089,689,845,711
frame_1175.jpg,869,0,1128,19,624,19,391,62,1380,81,174,129,0,240,1538,262,25,328,1529,432,201,473,390,581,1344,590,613,670,1103,677,858,705
frame_1176.jpg,865,0,622,17,1121,20,391,57,1371,84,174,123,0,234,1527,261,25,324,1521,430,201,469,390,579,1339,586,613,669,1101,674,857,704
frame_1177.jpg,870,0,625,15,1126,21,392,54,1376,87,175,118,0,226,1530,269,24,316,1518,438,197,463,385,574,1332,592,605,665,1092,676,848,703
frame_1178.jpg,872,0,627,15,1128,22,394,53,1378,87,176,118,0,226,1532,268,24,315,1522,436,198,463,386,573,1337,592,608,664,1096,675,852,702
frame_1179.jpg,876,0,631,9,1131,26,399,43,1381,98,180,102,0,207,1535,286,20,298,188,451,1522,456,373,569,1333,611,594,668,1089,691,841,712
frame_1181.jpg,845,0,613,9,1087,29,390,41,178,96,1325,95,0,196,1481,275,16,286,175,436,1477,443,354,555,1300,598,571,656,1061,680,815,701
frame_1183.jpg,809,0,593,8,1034,27,381,42,1256,87,175,98,0,191,1407,252,12,279,1412,412,166,424,341,538,1253,566,553,634,1029,649,792,673
frame_1184.jpg,818,0,603,4,1037,32,390,31,181,80,1250,91,0,172,1395,251,11,258,167,403,1397,405,344,518,1243,550,557,612,1025,629,794,652
frame_1185.jpg,801,0,588,8,1020,23,382,39,1239,79,5,178,0,182,1389,241,1394,398,158,404,328,516,1236,550,539,612,1011,632,776,654,-1,-1
frame_1186.jpg,799,0,590,4,1016,28,383,31,181,78,1234,85,0,165,1393,243,5,249,149,395,1409,400,321,512,1257,553,538,615,1030,638,785,660
frame_1190.jpg,769,0,567,16,978,15,1190,56,369,55,176,109,1356,198,0,205,7,287,1386,347,156,417,1252,507,334,525,1038,604,551,610,798,640
frame_1195.jpg,764,0,972,8,564,21,1183,38,369,66,174,126,1351,168,0,220,7,299,1386,310,154,419,1258,471,332,518,1044,573,553,596,803,616
frame_1197.jpg,957,0,745,2,1174,20,546,32,355,86,1355,142,166,151,0,249,1396,285,9,327,154,438,1267,450,330,530,1050,561,552,598,804,611
frame_1198.jpg,749,0,960,11,550,21,1175,43,358,62,168,119,1348,177,0,206,5,283,1382,322,141,402,1245,482,309,505,1021,580,526,587,774,615
frame_1200.jpg,739,0,541,10,947,21,351,42,1159,63,166,87,0,164,1319,204,0,239,1335,353,122,361,275,466,1180,502,473,556,951,579,709,598
frame_1201.jpg,722,0,528,15,931,18,343,51,1142,57,161,101,0,179,1301,197,2,253,1315,347,118,372,266,475,1159,497,458,561,928,579,689,600
frame_1203.jpg,717,0,523,10,928,21,339,47,1140,64,0,173,1296,213,1,247,112,368,1306,365,254,473,1141,516,439,564,906,594,666,609,-1,-1
frame_1206.jpg,697,0,912,14,503,19,1133,53,326,59,4,191,1296,206,0,261,1300,369,91,377,216,482,1113,531,388,574,859,611,611,623,-1,-1
frame_1217.jpg,521,0,1122,18,166,91,1287,144,5,166,0,236,1311,284,102,344,241,441,1155,440,429,522,916,530,666,557,-1,-1,-1,-1,-1,-1
frame_1222.jpg,729,0,544,5,921,22,361,30,1114,63,177,67,7,131,1264,186,0,199,115,314,1287,316,263,415,1150,450,460,501,932,523,694,540
frame_1223.jpg,572,0,760,4,383,18,951,34,1142,82,10,108,0,178,1287,210,116,301,1306,339,266,410,1168,469,468,505,949,538,708,550,-1,-1
frame_1225.jpg,623,0,422,4,215,18,818,22,16,64,1013,70,1205,132,0,134,118,270,1342,272,273,394,1354,401,482,504,1208,522,732,571,980,577
frame_1226.jpg,619,0,418,3,211,18,814,20,14,64,1010,68,1204,130,0,135,1346,270,120,271,279,395,1365,398,492,504,1221,521,745,571,995,576
frame_1227.jpg,433,0,223,3,634,9,826,38,18,41,1016,94,0,112,1204,164,121,257,1338,308,278,391,1354,437,492,513,1214,552,744,588,993,599
frame_1229.jpg,221,0,430,3,629,17,18,30,817,53,0,103,1001,114,1185,190,124,252,1317,337,284,395,1334,466,498,523,1203,580,748,606,988,625
frame_1230.jpg,223,0,433,4,634,20,17,31,822,58,0,106,1006,119,1189,196,129,258,1320,343,294,400,1340,472,512,531,1210,586,762,612,1002,630
frame_1233.jpg,226,0,442,12,13,24,645,37,832,80,0,101,1008,148,1185,229,148,268,1315,375,328,416,1341,500,558,553,1227,613,809,637,1037,655
frame_1234.jpg,438,0,14,0,637,28,817,74,0,80,985,144,148,247,1276,371,327,400,1299,492,552,537,1194,598,796,621,1012,640,-1,-1,-1,-1
frame_1240.jpg,229,0,16,4,437,31,627,74,0,86,794,132,945,211,151,273,1097,302,328,441,1205,449,1224,571,544,594,1130,673,772,687,969,710
frame_1244.jpg,438,0,643,22,2,27,823,64,0,117,988,131,1151,211,179,298,1265,355,375,447,1286,477,602,573,1189,588,1027,642,831,640,-1,-1
frame_1246.jpg,433,0,212,5,637,13,819,48,0,51,987,107,3,144,1154,180,1273,322,189,318,1299,446,390,461,1208,563,622,578,1049,625,854,633
frame_1247.jpg,431,0,211,6,637,8,820,42,0,57,989,98,5,152,1157,170,1275,312,195,325,1301,434,398,465,1209,555,629,578,1053,618,858,630
frame_1250.jpg,435,0,644,6,212,12,832,36,0,67,1003,93,5,162,1173,168,1292,312,193,337,1314,440,393,477,1217,561,626,590,1055,628,858,641
frame_1251.jpg,440,0,651,4,841,31,0,81,1186,162,6,179,1308,309,201,360,1331,442,408,505,1236,573,643,617,1076,645,877,665,-1,-1,-1,-1
frame_1253.jpg,679,1,461,0,225,21,874,27,1053,80,0,93,1229,154,7,198,1348,306,208,382,1367,443,419,527,1269,578,660,640,1102,658,898,684
frame_1254.jpg,707,0,480,2,908,24,234,29,1091,77,0,113,1266,153,9,225,1386,307,225,417,1406,448,447,564,1305,589,694,673,1139,676,936,710
frame_1258.jpg,795,0,547,1,1013,24,268,35,1201,79,0,140,1372,162,10,268,1474,324,1475,469,247,478,1356,614,482,627,1182,708,735,728,978,753
frame_1259.jpg,801,0,548,1,1020,26,270,32,1209,83,0,136,1382,170,10,264,1480,338,243,479,1477,486,1350,631,472,628,1171,723,722,735,963,763
frame_1260.jpg,802,0,544,2,1024,26,265,38,1217,84,0,144,1392,174,10,270,1481,347,238,481,1469,498,462,630,1334,641,1151,730,704,737,944,768
frame_1261.jpg,789,0,533,12,1014,16,257,59,1211,67,1389,150,0,177,16,302,1488,320,1482,473,249,505,1352,623,476,644,1169,720,722,742,961,765
frame_1263.jpg,792,0,1018,16,533,12,1212,64,255,60,1386,149,0,185,22,308,1472,316,1454,462,259,500,1318,603,478,629,1140,693,714,718,941,738
frame_1264.jpg,790,0,1014,10,532,20,1206,52,254,75,1377,130,0,202,1465,292,22,325,1450,437,259,513,1318,580,482,633,1139,674,717,713,943,724
frame_1265.jpg,795,0,1023,7,536,23,1214,46,253,85,1387,123,0,220,1470,284,28,343,1456,430,275,527,1326,574,502,643,1153,671,737,718,960,724
frame_1269.jpg,824,0,1058,5,551,27,1255,43,259,96,1426,121,0,244,1500,285,33,368,1476,431,287,548,1335,573,514,655,1157,670,746,723,965,725
frame_1270.jpg,827,0,1061,7,557,23,1256,47,264,86,1425,125,0,229,1501,289,31,354,1474,432,285,536,1335,572,511,646,1157,666,744,716,963,720
frame_1272.jpg,1067,0,831,0,1263,34,559,30,264,102,1433,109,0,252,1509,269,32,375,1484,414,1346,557,290,550,1169,656,520,654,977,716,755,717
frame_1276.jpg,1056,0,820,9,1255,28,550,49,1430,95,259,131,1514,254,0,292,1496,400,35,414,1363,550,297,581,1189,658,531,678,995,724,771,736
frame_1278.jpg,1049,0,813,8,1245,27,545,49,1418,94,256,132,1502,253,0,292,1484,399,36,415,1354,551,297,583,1181,657,530,680,989,725,768,735
frame_1279.jpg,1018,0,790,11,1213,24,529,54,1387,87,248,138,1477,241,0,297,1466,385,35,418,1341,536,294,579,1173,645,527,673,985,714,764,726
frame_1280.jpg,970,0,754,10,1160,23,506,51,1339,83,236,131,1441,232,0,280,1445,376,32,398,1332,528,284,561,1170,639,517,661,982,709,758,719
frame_1282.jpg,714,0,917,4,483,25,1096,37,230,83,1265,102,0,204,1370,249,22,319,1380,387,254,491,1276,532,477,608,1121,632,713,682,935,688
frame_1284.jpg,832,0,643,3,1001,27,432,32,1166,81,205,91,0,205,1281,215,24,311,1307,346,248,468,1224,488,464,575,1085,588,695,644,909,646
frame_1287.jpg,634,0,433,9,807,17,211,40,960,57,1111,119,0,127,15,232,1212,251,1233,372,225,402,1157,499,431,524,1025,584,654,607,860,625
frame_1290.jpg,463,0,664,8,232,16,832,37,978,89,0,92,1118,160,6,204,1214,296,222,402,1234,420,1159,548,434,546,1032,632,662,646,871,670
frame_1291.jpg,453,0,652,6,224,18,817,34,958,84,0,96,1096,154,14,210,1191,287,1212,408,239,404,1144,533,453,542,1027,617,677,634,873,657
frame_1292.jpg,432,0,622,12,212,13,777,44,0,81,908,97,1038,169,13,195,1126,300,231,391,1146,417,1083,536,433,530,974,614,644,624,831,649
frame_1294.jpg,197,1,399,0,576,20,717,60,0,60,835,118,13,176,953,194,222,381,1050,441,411,527,995,555,899,626,605,627,772,658,-1,-1
frame_1302.jpg,374,0,532,23,657,64,0,66,753,123,850,202,10,193,912,338,209,409,923,446,874,559,378,554,548,648,689,670,-1,-1,-1,-1
frame_1303.jpg,376,0,542,18,665,57,764,114,861,190,0,215,915,322,924,436,201,429,871,551,373,568,787,629,542,654,684,670,-1,-1,-1,-1
frame_1304.jpg,391,0,560,15,193,14,686,50,0,100,879,180,9,231,930,313,934,427,209,440,876,543,377,574,790,623,544,655,686,667,-1,-1
frame_1306.jpg,556,0,382,2,683,23,183,37,881,137,932,269,0,283,936,386,205,476,877,510,790,600,376,593,684,656,544,659,-1,-1,-1,-1
frame_1307.jpg,570,0,398,10,700,16,801,55,896,121,0,184,946,250,17,316,947,367,885,491,225,497,798,585,393,603,695,647,557,658,-1,-1
frame_1309.jpg,557,0,688,7,383,19,787,40,881,102,924,229,0,351,853,472,201,518,763,568,365,610,658,634,524,654,-1,-1,-1,-1,-1,-1
frame_1310.jpg,566,0,698,7,389,19,795,37,186,81,887,99,927,224,0,356,200,519,761,560,363,607,656,627,522,648,-1,-1,-1,-1,-1,-1
frame_1311.jpg,697,3,566,0,795,32,392,23,884,93,926,213,919,326,0,369,852,452,204,527,764,549,369,610,661,620,527,645,-1,-1,-1,-1
frame_1318.jpg,719,0,585,3,818,20,408,33,909,79,201,110,0,275,946,320,17,403,879,450,789,555,220,556,685,632,387,635,548,664,-1,-1
frame_1346.jpg,0,0,254,20,374,60,12,88,469,111,547,172,164,265,689,354,296,401,709,440,428,502,618,552,539,551,-1,-1,-1,-1,-1,-1
frame_1356.jpg,0,0,264,20,384,62,0,95,474,120,137,290,662,380,257,434,670,470,377,542,628,550,563,589,483,591,-1,-1,-1,-1,-1,-1
frame_1357.jpg,133,0,0,8,267,20,387,63,3,106,479,117,552,183,140,304,673,382,260,450,682,474,638,558,385,557,574,601,492,605,-1,-1
frame_1358.jpg,0,0,273,16,391,62,1,100,482,117,555,184,628,264,137,302,669,382,254,450,674,475,630,558,377,557,564,601,484,605,-1,-1
frame_1359.jpg,1,0,283,19,403,67,0,105,494,126,565,195,635,278,136,317,672,399,252,470,673,494,627,579,374,580,559,623,478,629,-1,-1
frame_1379.jpg,315,0,446,7,544,32,615,71,3,122,685,141,0,242,718,263,714,362,149,426,661,472,273,539,587,555,503,603,397,602,-1,-1
frame_1390.jpg,293,0,6,14,418,34,521,78,0,100,601,134,680,210,118,273,229,401,711,414,647,493,352,496,563,533,467,539,-1,-1,-1,-1
frame_1394.jpg,150,0,304,11,3,33,442,39,554,79,0,116,646,133,734,207,125,279,780,320,244,399,775,411,707,491,376,492,611,531,504,535
frame_1397.jpg,286,0,139,2,429,15,553,44,0,45,0,119,116,259,235,369,750,452,376,454,372,459,636,498,512,501,-1,-1,-1,-1,-1,-1
frame_1404.jpg,298,0,440,5,143,11,564,26,0,58,675,65,784,121,4,129,853,223,135,258,861,315,267,358,793,402,416,435,687,452,563,466
frame_1408.jpg,291,0,138,9,433,7,559,30,0,49,4,118,783,126,135,246,867,316,268,345,420,422,693,448,568,457,-1,-1,-1,-1,-1,-1
frame_1414.jpg,294,0,141,3,436,11,561,38,0,36,675,82,7,104,787,137,143,230,865,237,878,323,281,330,815,402,436,409,711,443,584,447
frame_1416.jpg,147,0,301,12,0,22,444,35,569,73,0,90,678,126,129,228,853,298,262,340,863,382,411,433,793,457,559,482,685,488,-1,-1
frame_1418.jpg,142,0,292,4,435,21,0,28,560,53,5,95,672,100,783,160,138,225,857,263,274,329,868,349,426,415,804,424,699,459,573,459
frame_1421.jpg,300,0,0,29,683,98,4,97,797,161,137,233,869,265,273,341,879,354,426,427,811,433,704,470,576,471,-1,-1,-1,-1,-1,-1
frame_1425.jpg,447,1,298,0,142,17,586,18,579,18,706,55,0,71,826,111,14,144,908,219,160,272,922,313,304,368,853,405,464,440,744,456
frame_1429.jpg,466,0,311,8,603,12,145,35,848,96,0,101,15,180,927,203,937,300,171,306,869,396,320,398,762,456,483,462,634,480,-1,-1
frame_1430.jpg,479,0,621,8,321,11,745,38,150,45,0,122,941,196,15,204,950,295,179,330,880,396,332,419,773,461,495,479,647,492,-1,-1
frame_1433.jpg,501,0,645,5,337,15,771,32,160,55,888,81,0,142,957,192,14,225,957,293,176,352,880,396,327,438,767,465,487,493,639,501
frame_1434.jpg,503,0,649,2,337,17,894,77,0,149,964,184,15,233,960,289,177,358,880,393,327,441,767,462,488,496,638,500,-1,-1,-1,-1
frame_1440.jpg,534,0,680,6,361,12,806,34,173,50,916,86,0,142,971,194,12,226,957,293,173,355,871,392,320,435,755,457,476,488,624,493
frame_1441.jpg,535,0,680,9,363,13,804,36,172,51,915,91,0,144,968,201,11,230,959,300,170,362,867,400,317,444,752,468,472,502,623,505
frame_1442.jpg,530,0,677,7,359,12,801,34,170,51,912,89,0,142,965,200,11,227,953,299,171,357,864,397,317,440,747,464,473,494,619,499
frame_1443.jpg,520,0,664,6,352,14,788,32,167,52,899,84,0,140,957,192,12,224,950,290,171,351,864,389,318,433,751,456,474,486,622,492
frame_1446.jpg,328,0,486,3,158,19,622,23,740,61,0,85,850,122,3,165,910,237,139,305,903,336,272,406,816,430,420,481,700,486,568,506
frame_1447.jpg,323,0,477,5,156,11,612,27,730,68,0,73,842,130,3,152,901,246,134,292,263,394,409,477,557,507,-1,-1,-1,-1,-1,-1
frame_1448.jpg,316,0,470,10,151,11,599,31,0,66,713,74,823,137,0,143,884,252,128,285,881,351,257,391,797,440,404,472,681,491,551,505
frame_1452.jpg,296,0,141,6,440,13,565,36,0,51,677,80,2,121,845,250,123,252,841,341,246,354,761,422,385,433,650,464,525,470,-1,-1
frame_1454.jpg,283,0,135,4,422,11,547,38,1,45,661,81,0,111,771,142,110,238,833,252,226,338,829,343,360,419,746,422,630,459,501,461
frame_1457.jpg,303,0,450,5,146,9,584,26,0,59,707,63,824,123,1,127,895,230,123,253,896,323,251,351,397,431,553,462,550,467,-1,-1
frame_1459.jpg,158,0,323,1,477,18,2,38,614,49,738,99,0,108,853,167,118,248,919,282,248,357,913,377,396,448,821,458,694,495,552,494
frame_1463.jpg,308,0,151,4,461,11,604,38,2,46,738,85,0,112,863,150,110,241,937,269,232,345,930,368,827,452,536,483,686,487,-1,-1
frame_1468.jpg,455,0,299,4,603,13,142,23,748,48,0,76,888,103,4,142,977,218,122,256,979,321,252,351,877,414,406,428,731,461,572,467
frame_1473.jpg,313,0,469,2,152,11,616,22,0,56,755,62,887,118,0,122,973,229,119,242,974,327,252,339,877,415,410,420,735,458,577,462
frame_1474.jpg,318,0,626,16,767,53,0,64,899,105,2,131,987,217,128,250,990,314,266,345,894,404,428,422,756,450,599,458,-1,-1,-1,-1
frame_1476.jpg,462,0,307,6,610,12,148,25,751,45,0,75,888,94,3,140,980,202,126,251,988,299,262,344,894,393,423,417,754,441,595,451
frame_1477.jpg,470,0,311,6,618,15,150,24,761,49,0,76,901,98,5,141,993,208,132,255,998,308,271,350,904,401,433,424,764,450,605,459
frame_1481.jpg,465,0,617,9,308,9,147,32,763,40,904,88,0,89,5,154,1000,198,132,266,1008,298,270,356,912,394,434,428,769,447,608,459
frame_1483.jpg,464,0,619,5,305,13,771,32,143,41,921,78,0,100,6,165,1023,189,131,275,1032,293,271,363,932,394,437,433,781,450,614,464
frame_1487.jpg,557,1,370,0,176,14,734,24,902,69,0,70,1059,134,3,145,1158,262,129,282,1160,374,287,396,1045,476,476,489,873,528,682,534
frame_1488.jpg,265,0,456,4,637,28,809,77,968,143,1067,274,0,285,1065,389,154,402,942,494,346,502,761,546,560,551,-1,-1,-1,-1,-1,-1
frame_1490.jpg,536,0,715,11,354,11,173,38,896,49,3,98,1069,108,0,170,1183,244,114,297,1183,370,254,406,1044,487,433,499,848,543,640,549
frame_1491.jpg,674,0,496,7,861,20,323,36,1045,63,151,79,0,151,1176,194,2,221,1183,325,117,334,257,429,1045,456,434,509,847,526,638,544
frame_1493.jpg,604,0,787,1,435,23,973,27,279,65,129,118,1118,146,0,196,7,260,1134,276,113,357,999,417,243,437,803,497,407,502,601,526
frame_1494.jpg,592,0,770,3,428,23,949,28,274,64,130,116,1085,147,0,196,8,258,1097,273,114,354,970,409,243,432,783,487,403,495,591,516
frame_1495.jpg,596,0,771,11,434,16,944,44,280,49,130,94,1070,163,0,166,6,229,1077,287,109,327,235,408,948,411,391,474,765,480,576,501
frame_1501.jpg,591,0,755,8,435,15,913,36,283,50,1028,140,0,168,6,229,1038,249,116,319,929,367,247,394,765,437,406,449,588,466,-1,-1
frame_1502.jpg,600,0,442,13,764,13,923,42,287,45,135,89,1037,148,0,158,6,220,1045,257,117,313,935,373,247,389,768,441,407,446,590,466
frame_1505.jpg,747,0,580,1,910,16,423,27,274,72,1035,116,126,128,0,208,1052,227,11,268,125,353,945,353,258,418,781,435,421,466,602,473
frame_1508.jpg,616,0,788,3,451,21,956,30,292,60,135,114,1080,138,0,194,1093,254,11,259,131,353,981,380,270,426,811,459,438,480,627,493
frame_1513.jpg,643,0,832,6,461,19,1020,41,287,60,120,120,1157,169,0,280,1168,301,128,384,1040,436,279,468,855,517,464,531,660,548,-1,-1
frame_1514.jpg,644,0,833,3,464,21,1019,38,291,61,293,67,123,123,1158,161,0,284,1173,291,131,389,1050,429,282,470,865,514,464,532,667,548
frame_1518.jpg,669,0,865,7,485,23,1059,42,310,65,141,125,1200,173,0,216,15,288,1213,312,148,401,1081,454,300,487,890,540,483,555,687,574
frame_1521.jpg,691,0,896,12,499,17,315,56,1100,58,143,114,0,206,1241,203,16,280,1246,349,154,401,1102,490,307,493,490,569,903,570,696,596
frame_1524.jpg,526,0,729,3,333,18,945,38,151,58,1152,110,0,138,15,213,1276,275,148,348,1257,420,297,454,1089,540,473,546,880,592,673,596
frame_1527.jpg,541,0,342,4,748,18,155,32,962,66,0,102,1164,155,13,180,146,323,1271,327,291,436,1238,465,463,537,1065,567,657,596,858,604
frame_1528.jpg,538,0,342,2,745,17,154,29,959,67,0,99,1162,155,12,175,141,318,1271,327,285,430,1237,468,455,531,1061,568,649,592,852,603
frame_1529.jpg,538,0,340,7,746,13,154,37,962,58,0,110,1166,141,14,188,1278,313,149,327,295,438,1249,453,469,537,1077,559,665,593,869,599
frame_1531.jpg,536,0,338,8,744,12,152,41,960,55,0,114,1166,139,14,192,1280,309,150,330,296,441,1251,450,471,537,1078,557,666,594,870,598
frame_1534.jpg,523,0,729,6,329,13,947,41,148,50,1158,119,0,127,14,202,1280,290,148,335,1256,434,292,443,466,537,1082,546,664,590,870,591
frame_1539.jpg,523,0,731,7,328,14,952,46,147,50,0,125,1164,125,14,201,1285,297,146,336,290,444,1258,442,463,539,1081,553,660,594,867,598
frame_1540.jpg,724,0,326,7,943,37,145,41,1157,115,0,120,15,193,1283,284,1259,428,467,524,1087,538,667,580,875,585,-1,-1,-1,-1,-1,-1
frame_1545.jpg,504,0,689,5,325,16,882,38,1068,103,0,123,1185,252,128,322,1171,388,268,423,1021,503,434,514,825,555,627,559,-1,-1,-1,-1
frame_1546.jpg,481,0,657,5,310,18,843,36,1025,95,0,120,1145,239,113,309,1138,373,241,411,989,489,404,499,793,543,595,546,-1,-1,-1,-1
frame_1549.jpg,406,0,588,8,223,14,771,43,41,45,940,102,1049,239,0,320,1044,364,145,425,911,481,323,513,724,542,524,555,-1,-1,-1,-1
frame_1551.jpg,484,0,659,6,313,14,840,41,147,46,1014,100,0,110,1,180,1126,244,109,305,1119,375,238,408,976,490,400,499,784,544,589,547
frame_1553.jpg,445,0,611,5,287,16,790,37,138,44,965,97,0,106,0,171,1082,245,92,289,1073,379,207,390,354,482,922,494,534,536,727,540
frame_1555.jpg,453,0,294,8,620,11,139,34,798,50,1,89,971,116,0,155,1082,266,86,276,197,382,1067,402,339,481,912,510,519,540,713,551
frame_1564.jpg,463,0,623,9,326,14,207,43,787,47,95,82,0,143,909,177,5,197,73,287,906,309,158,366,767,427,273,438,588,478,421,480
frame_1572.jpg,521,0,385,8,662,14,270,35,170,73,775,115,0,188,8,236,786,231,683,353,153,372,261,423,536,420,393,441,-1,-1,-1,-1
frame_1575.jpg,498,0,629,12,370,13,261,39,165,80,735,104,75,128,0,193,745,212,9,238,74,306,650,328,153,361,513,395,254,408,378,420
frame_1577.jpg,496,0,624,7,370,14,261,46,166,88,729,91,75,139,740,196,0,206,11,251,651,313,79,316,162,367,520,384,264,406,388,414
frame_1578.jpg,508,0,381,9,636,10,271,37,173,77,737,97,80,125,0,190,745,201,9,236,76,302,652,315,157,357,519,383,259,399,385,410
frame_1581.jpg,511,0,643,5,381,17,271,44,172,91,747,95,757,202,0,212,79,327,662,322,163,377,528,394,268,413,265,419,393,425,-1,-1
frame_1585.jpg,516,0,643,6,387,11,273,41,174,86,746,94,79,138,754,198,0,205,9,252,662,315,79,318,163,370,529,386,269,409,395,417
frame_1590.jpg,635,0,500,0,367,24,256,63,750,84,161,114,72,171,764,194,0,245,14,291,674,321,86,353,173,401,541,402,281,437,407,439
frame_1594.jpg,521,0,661,8,387,15,270,46,169,92,772,101,77,146,0,216,782,214,12,263,85,331,684,336,172,386,545,409,279,428,407,438
frame_1601.jpg,552,0,410,6,697,17,288,33,181,72,83,120,814,124,0,187,9,236,819,244,79,312,707,366,164,375,273,429,554,431,407,450
frame_1602.jpg,560,0,416,9,708,17,293,37,184,77,84,127,824,125,0,195,9,246,831,246,80,323,720,371,168,387,280,440,566,440,416,461
frame_1606.jpg,588,0,434,0,303,23,747,28,190,58,86,105,871,152,0,172,11,225,875,282,86,311,178,382,752,405,291,446,590,464,433,476
frame_1612.jpg,319,0,461,1,197,16,628,28,89,47,799,93,0,103,8,158,912,250,77,259,163,346,893,387,272,431,744,482,410,488,568,507
frame_1614.jpg,320,0,465,2,194,14,637,33,0,102,813,102,6,155,77,258,930,264,165,347,907,404,274,433,413,494,752,496,572,516,-1,-1
frame_1616.jpg,243,0,390,5,563,35,7,42,741,108,0,264,861,276,90,356,843,417,204,446,346,510,690,511,509,534,-1,-1,-1,-1,-1,-1
frame_1618.jpg,336,0,487,3,667,31,94,46,0,106,851,105,94,269,978,274,192,365,964,417,312,455,808,515,459,517,626,539,-1,-1,-1,-1
frame_1619.jpg,484,0,329,2,201,19,671,24,88,55,866,93,0,118,15,175,1005,263,101,281,200,373,993,413,323,461,836,512,475,521,646,540
frame_1620.jpg,486,0,330,7,678,17,198,32,85,73,878,78,0,139,18,197,1024,246,110,301,215,389,1016,396,342,474,859,502,497,525,672,536
frame_1621.jpg,403,0,245,4,598,21,0,61,801,90,946,264,19,294,121,385,934,415,247,473,770,519,402,531,577,549,-1,-1,-1,-1,-1,-1
frame_1622.jpg,494,0,334,5,692,22,201,26,86,65,900,91,0,130,17,189,1048,268,109,296,214,386,1036,420,341,474,869,524,498,533,674,550
frame_1624.jpg,492,0,330,7,690,21,199,29,85,68,902,88,0,134,16,191,1057,264,106,298,211,388,1047,419,339,478,879,526,499,536,679,554
frame_1625.jpg,488,0,328,10,686,16,197,34,87,72,897,78,0,141,16,198,1053,251,107,302,211,391,1047,406,343,476,880,516,500,534,682,548
frame_1627.jpg,486,0,331,8,673,18,202,33,88,72,871,75,0,138,14,195,1020,239,101,299,204,387,1016,391,333,472,862,502,491,528,669,539
frame_1630.jpg,476,0,652,5,330,16,204,50,839,47,94,93,0,167,990,194,99,323,1001,343,202,407,862,472,334,486,675,528,496,532,-1,-1
frame_1632.jpg,389,0,566,3,242,23,757,41,116,59,4,108,903,187,0,331,908,340,100,417,759,474,226,495,566,534,386,538,-1,-1,-1,-1
frame_1633.jpg,653,0,474,1,327,26,843,32,204,64,92,114,996,175,0,186,12,241,1004,329,90,336,186,417,853,469,311,494,656,531,473,536
frame_1634.jpg,646,0,472,2,327,27,832,29,204,65,981,166,0,185,9,240,989,316,84,332,179,412,842,455,304,486,647,519,464,526,-1,-1
frame_1635.jpg,632,0,461,7,815,23,320,36,199,78,90,131,964,154,0,203,10,257,978,301,87,346,184,422,838,442,310,491,647,512,469,525
frame_1637.jpg,645,0,477,2,334,27,819,27,211,67,96,117,954,156,0,190,10,247,961,295,90,337,188,414,827,430,316,481,646,498,472,514
frame_1642.jpg,712,0,521,9,912,27,364,44,231,96,1068,180,0,244,1072,353,188,505,910,523,321,586,697,607,495,625,-1,-1,-1,-1,-1,-1
frame_1643.jpg,701,0,508,15,910,21,352,56,221,112,102,178,1081,180,0,267,9,333,1091,368,83,438,180,530,918,552,311,613,693,640,487,658
frame_1647.jpg,728,0,527,13,946,24,362,54,228,112,1124,198,0,270,8,340,1126,400,76,451,172,550,937,595,302,643,696,683,479,695,-1,-1
frame_1648.jpg,754,0,549,15,971,22,382,57,241,116,1150,185,0,278,9,348,1159,377,85,458,193,556,977,571,331,642,741,666,520,686,-1,-1
frame_1652.jpg,581,0,776,1,411,27,978,32,262,73,1135,181,0,216,8,283,1144,344,96,392,212,484,984,504,361,567,766,586,553,606,-1,-1
frame_1654.jpg,652,0,850,12,472,17,1044,53,304,55,0,193,1188,195,8,266,1195,342,115,384,249,480,1047,490,419,561,838,571,624,596,-1,-1
frame_1655.jpg,645,0,837,9,465,19,1030,48,299,58,140,113,1173,187,0,196,7,267,1181,333,114,380,248,474,1035,481,415,553,828,562,617,586
frame_1658.jpg,635,0,463,11,820,15,297,42,1006,59,141,88,0,166,1141,195,1149,331,116,350,254,438,1012,464,419,520,817,536,615,555,-1,-1
frame_1661.jpg,687,0,509,13,869,14,333,47,1048,52,1179,176,0,181,6,255,1196,305,134,373,1075,441,288,465,889,526,474,538,685,559,-1,-1
frame_1663.jpg,679,0,860,8,501,18,1038,41,327,56,153,112,1169,158,0,197,8,269,1186,283,141,378,1070,419,295,463,890,505,482,527,690,542
frame_1665.jpg,622,2,804,0,990,22,452,28,290,74,134,132,1132,137,0,217,1152,267,11,284,132,381,1030,408,272,458,844,496,447,517,645,532
frame_1667.jpg,803,0,621,3,987,18,450,32,289,81,1130,128,133,142,0,228,1150,251,13,294,136,387,1031,392,279,460,848,481,454,512,652,522
frame_1668.jpg,800,0,617,10,982,12,290,91,1127,118,1152,240,0,243,10,307,1037,381,282,466,856,475,458,518,660,521,-1,-1,-1,-1,-1,-1
frame_1669.jpg,798,0,618,6,982,15,451,34,291,81,1131,120,0,227,1160,242,7,290,127,383,1044,385,270,456,857,478,448,509,654,520,-1,-1
frame_1670.jpg,805,0,625,4,987,16,458,32,296,82,1136,122,0,229,1165,247,7,294,128,389,1051,392,274,465,865,486,454,520,661,530,-1,-1
frame_1672.jpg,653,0,835,10,481,16,1015,39,314,52,148,101,1154,155,0,176,3,242,1173,280,120,346,1049,413,261,431,857,493,441,499,649,523
frame_1673.jpg,669,0,495,13,850,13,1029,44,324,46,153,92,1166,160,0,167,2,235,1185,283,120,341,1061,417,265,429,868,496,448,499,659,524
frame_1674.jpg,678,0,861,7,501,19,1043,34,328,59,156,113,1183,146,0,194,5,264,1202,272,127,366,1081,411,277,450,890,498,466,516,680,533
frame_1676.jpg,827,0,1026,5,634,16,457,58,1191,111,293,121,134,194,1227,243,0,290,12,356,1108,402,142,447,912,511,295,517,484,565,699,566
frame_1677.jpg,1024,0,1192,106,291,121,136,192,1228,239,0,293,15,360,1110,402,146,451,916,511,301,520,704,568,490,568,-1,-1,-1,-1,-1,-1
frame_1679.jpg,838,0,1037,8,643,13,465,54,298,113,1200,120,136,184,1234,254,0,283,14,352,1113,414,145,446,299,519,917,522,489,571,705,575
frame_1680.jpg,1058,0,652,7,469,50,299,113,1221,113,136,191,1251,253,0,291,15,361,1124,417,150,458,925,528,306,530,497,582,713,583,-1,-1
frame_1681.jpg,867,0,1080,11,660,15,472,59,299,123,1251,133,135,201,1279,279,0,301,17,372,1146,445,153,469,311,543,939,553,504,599,722,604
frame_1683.jpg,906,0,689,15,1129,18,491,61,307,127,1302,152,1329,306,0,322,1192,477,175,505,344,583,986,590,545,640,768,645,-1,-1,-1,-1
frame_1688.jpg,772,0,557,8,999,25,352,39,1218,90,157,94,0,186,1355,255,20,268,174,403,1344,408,341,507,1178,541,534,591,965,611,749,629
frame_1689.jpg,784,0,566,4,1011,27,356,34,1228,96,0,184,1359,262,25,265,186,403,1346,411,357,507,1185,542,553,592,976,608,765,628,-1,-1
frame_1690.jpg,800,1,580,0,366,24,1025,34,164,73,1237,105,0,164,21,249,1359,268,185,388,1342,412,357,494,1181,535,554,578,976,598,767,615
frame_1691.jpg,788,0,569,0,360,23,1013,30,1228,104,0,162,22,243,1352,268,178,381,1331,413,345,485,1164,536,536,571,956,596,746,610,-1,-1
frame_1692.jpg,561,0,780,4,352,19,1009,40,158,61,1228,119,0,145,18,226,1351,291,168,367,1326,440,327,475,1150,557,514,568,935,611,722,615
frame_1693.jpg,566,0,786,5,356,17,1016,42,160,58,1237,121,0,140,18,220,1361,295,166,361,1336,444,326,471,1157,561,513,565,939,612,724,615
frame_1695.jpg,561,0,783,5,352,17,1017,43,158,57,1242,124,0,140,18,221,1369,303,165,363,1343,454,323,475,510,571,1160,572,938,623,721,624
frame_1697.jpg,769,0,554,1,350,23,995,33,158,68,1212,105,0,154,15,236,1346,278,160,378,1330,429,320,487,1158,559,510,581,941,620,724,628
frame_1698.jpg,752,0,544,4,972,27,345,30,157,77,1188,91,0,163,14,242,1327,256,156,377,1320,408,313,485,1155,541,504,576,938,607,719,619
frame_1699.jpg,726,0,526,6,937,26,336,32,155,77,1147,85,0,161,9,239,1288,247,139,372,1285,401,289,480,1125,538,475,574,909,608,689,621
frame_1702.jpg,680,0,499,5,868,23,324,29,151,70,1053,75,0,144,4,215,1182,215,123,336,1183,352,263,436,1041,481,438,521,844,549,639,562
frame_1703.jpg,670,0,490,8,859,21,316,36,1045,67,146,81,0,156,1177,204,7,227,1182,339,127,345,269,440,1044,468,444,520,848,538,645,556
frame_1708.jpg,685,0,501,7,880,22,324,34,1073,71,150,77,0,153,1210,211,3,225,123,345,1215,351,265,446,1070,484,443,530,865,554,652,569
frame_1709.jpg,705,0,517,10,903,18,334,42,1100,63,156,89,0,170,1244,205,6,246,1254,348,133,368,282,469,1110,490,468,553,903,567,684,589
frame_1710.jpg,718,0,524,14,921,16,339,48,1125,59,158,99,0,182,1275,203,7,257,1289,348,138,380,294,481,1143,494,484,566,931,576,708,600
frame_1711.jpg,746,0,549,12,952,19,356,45,1158,64,166,97,0,181,1310,208,5,260,1328,355,143,389,307,495,1185,505,510,582,972,590,742,617
frame_1715.jpg,639,0,842,6,427,16,1039,45,207,52,1231,105,1,132,0,220,1369,253,163,379,1387,396,352,505,1261,538,582,608,1060,622,831,648
frame_1716.jpg,642,0,844,9,429,16,1038,46,208,51,1231,106,0,132,2,223,1368,253,171,382,1392,393,366,509,1271,537,600,612,1077,622,850,651
frame_1718.jpg,690,0,469,8,892,15,231,38,1079,58,1261,124,0,121,3,221,1392,269,196,395,1416,407,409,533,1307,551,1127,639,656,638,909,673
frame_1720.jpg,654,0,442,6,843,18,216,33,1017,63,0,108,1190,128,4,207,1309,272,197,377,1331,404,401,511,1233,538,636,613,1069,620,871,650
frame_1721.jpg,632,0,429,4,813,20,209,29,978,65,0,102,1142,131,7,202,1260,270,203,374,1286,399,406,509,1199,531,1049,612,636,609,862,644
frame_1722.jpg,624,0,424,6,803,17,206,34,963,60,0,111,1124,122,11,209,1239,257,1267,381,216,379,1190,510,424,507,1051,593,655,600,873,628
frame_1726.jpg,213,0,422,4,601,25,0,47,748,63,869,121,8,151,989,191,1067,315,215,347,1086,421,412,486,1029,527,613,586,925,593,792,618
frame_1734.jpg,339,0,497,9,165,10,633,35,0,64,751,79,864,141,7,146,936,254,163,296,944,351,315,406,873,446,479,488,766,500,637,517
frame_1735.jpg,312,0,459,4,587,24,700,64,0,66,811,121,7,141,881,224,152,276,889,317,294,376,823,407,449,450,721,459,598,477,-1,-1
frame_1742.jpg,391,0,264,1,504,13,126,17,605,43,0,67,704,90,5,131,768,181,125,242,776,263,245,325,715,344,378,387,621,392,509,409
frame_1751.jpg,482,0,371,3,585,13,247,22,684,41,115,57,754,116,0,120,12,178,768,190,138,262,717,271,262,321,631,328,396,358,524,359
frame_1755.jpg,349,0,455,6,231,8,554,28,109,29,647,65,0,79,8,133,712,143,718,218,116,223,225,291,661,293,571,338,346,340,467,356
frame_1756.jpg,348,0,454,4,231,9,552,23,646,57,650,60,0,85,713,138,8,139,718,209,721,213,117,227,663,287,227,293,573,334,349,340
frame_1760.jpg,474,0,357,4,233,19,0,107,770,145,11,166,786,228,130,256,723,312,248,324,626,365,380,374,513,387,-1,-1,-1,-1,-1,-1
frame_1761.jpg,487,0,368,1,241,16,599,19,111,47,710,55,0,107,787,144,12,167,801,228,137,260,741,314,259,329,641,369,394,379,527,392
frame_1764.jpg,547,0,407,11,686,12,261,40,824,44,118,85,925,142,0,157,15,219,944,240,149,314,867,345,286,384,744,413,443,434,603,444
frame_1765.jpg,580,0,435,2,720,22,283,22,131,60,857,65,0,129,953,170,13,198,967,271,152,304,885,374,293,384,455,442,451,446,614,462
frame_1770.jpg,678,0,502,9,855,17,325,40,1031,57,151,87,0,168,1155,182,12,240,1170,304,158,355,1058,429,316,443,889,505,503,511,702,534
frame_1771.jpg,690,0,510,12,872,14,329,47,1052,52,152,99,1180,178,0,183,12,258,1196,302,162,372,1082,432,324,460,909,512,515,526,718,545
frame_1775.jpg,656,0,849,2,475,26,1044,30,302,71,1192,156,0,217,12,287,1210,292,143,392,1080,434,292,474,885,522,474,539,680,557,-1,-1
frame_1776.jpg,830,0,636,3,1024,21,460,35,293,85,1172,145,134,152,0,244,1192,281,16,313,145,413,1065,430,293,492,877,523,473,550,675,563
frame_1778.jpg,808,0,613,1,1003,23,439,31,281,79,128,141,1155,149,0,228,1171,290,12,294,127,395,1034,439,263,477,834,528,431,541,630,562
frame_1781.jpg,698,0,519,11,888,15,363,46,227,95,1039,135,103,154,0,233,1055,276,12,291,104,379,917,423,216,451,722,506,359,511,533,533
frame_1782.jpg,698,0,523,5,881,22,369,32,233,75,106,129,1024,146,0,204,9,262,1036,285,96,353,898,425,206,430,347,495,707,500,519,523
frame_1785.jpg,659,0,846,11,483,15,337,52,209,102,999,126,92,162,0,239,1017,265,11,293,100,376,883,410,207,443,694,493,343,500,511,520
frame_1786.jpg,650,0,479,11,831,16,334,44,209,89,977,133,93,145,0,219,10,273,992,269,95,357,858,410,198,427,330,486,674,486,494,510
frame_1789.jpg,634,0,469,7,806,18,329,37,206,79,92,132,942,134,0,203,10,257,952,266,91,339,823,399,191,408,319,467,646,470,476,491
frame_1790.jpg,628,0,464,10,800,16,325,42,203,87,938,129,92,141,0,214,950,261,11,267,93,348,824,395,195,415,649,468,323,471,478,493
frame_1791.jpg,627,0,464,10,798,17,324,41,203,86,935,130,91,140,0,213,948,260,11,265,94,346,821,394,195,413,648,467,323,469,478,491
frame_1801.jpg,641,0,804,10,483,15,342,51,216,102,937,116,0,242,954,245,8,299,93,383,839,391,198,450,668,479,330,505,495,516,-1,-1
frame_1805.jpg,818,0,652,11,488,44,961,88,346,97,220,165,989,213,101,244,0,339,890,370,15,395,117,469,727,482,235,522,553,543,381,555
frame_1811.jpg,839,0,664,10,495,44,990,95,348,98,219,166,1017,226,100,244,0,338,906,390,16,397,116,472,734,500,233,527,554,559,381,565
frame_1812.jpg,855,0,675,6,502,36,353,87,1008,100,224,154,100,229,1035,235,0,322,16,381,919,398,115,458,740,504,234,517,557,557,382,559
frame_1856.jpg,505,0,334,8,669,12,160,32,828,49,0,92,983,106,2,164,1086,236,135,293,1094,353,280,397,984,463,454,486,825,519,645,530
frame_1857.jpg,499,0,664,10,328,11,155,39,827,44,987,99,0,99,1,169,1097,227,134,296,1106,346,278,396,995,457,454,483,830,515,647,526
frame_1858.jpg,503,0,331,6,669,12,158,30,831,50,0,87,991,110,1,156,1100,240,131,286,1106,360,274,389,992,469,449,482,825,523,641,530
frame_1860.jpg,519,0,341,7,692,12,162,33,862,51,0,90,1029,112,0,162,1141,248,134,295,1147,371,281,403,1027,485,461,498,853,541,661,547
frame_1862.jpg,558,0,371,4,735,16,180,24,905,60,3,83,1072,124,0,159,1180,263,142,301,1185,388,297,415,1065,502,486,515,888,560,693,566
frame_1864.jpg,550,0,362,5,732,16,174,26,912,61,2,84,1088,127,0,158,1202,273,135,299,1205,402,286,412,471,515,1072,518,883,571,681,572
frame_1865.jpg,549,0,362,5,731,17,174,26,912,62,3,83,1087,129,0,157,1202,275,133,297,1203,406,283,411,467,514,1069,520,676,572,880,573
frame_1867.jpg,537,0,721,4,351,18,907,37,166,54,1093,93,0,119,1,192,1219,233,139,323,1229,366,292,426,1098,493,482,520,905,557,696,567
frame_1870.jpg,721,0,529,5,341,33,159,72,1125,73,0,145,5,215,1275,214,143,336,298,435,1159,490,495,526,950,560,723,572,-1,-1,-1,-1
frame_1872.jpg,730,0,355,18,917,29,0,117,0,190,1235,219,139,315,1248,347,296,415,1116,473,490,505,920,539,707,550,-1,-1,-1,-1,-1,-1
frame_1874.jpg,544,0,730,3,357,20,918,35,170,54,1102,85,0,120,1,192,1231,220,142,315,1244,346,298,414,1114,470,491,502,920,534,709,546
frame_1875.jpg,553,0,740,3,363,19,927,35,174,53,1110,86,0,119,1,191,1240,220,145,318,1252,346,304,417,1122,471,499,506,929,535,718,548
frame_1879.jpg,718,0,532,14,909,17,347,48,1099,57,163,98,0,178,1235,186,6,248,1252,314,153,362,313,448,1125,448,506,524,933,527,724,552
frame_1880.jpg,701,0,517,13,891,14,335,48,1080,54,158,96,0,176,1219,181,6,245,1235,311,149,358,304,443,1108,444,493,518,915,522,706,548
frame_1881.jpg,702,0,517,13,895,15,336,46,1086,54,157,96,0,174,1225,184,5,243,1239,318,145,356,298,443,1109,452,487,520,912,528,701,553
frame_1882.jpg,711,0,909,13,522,16,1105,50,338,55,158,107,1249,181,0,190,5,260,1264,318,145,372,300,458,1129,459,492,536,928,539,711,567
frame_1883.jpg,712,0,917,7,519,23,1123,40,334,68,155,127,1276,175,0,214,7,286,1293,318,148,397,1150,468,302,480,940,554,495,556,717,585
frame_1884.jpg,711,0,923,9,515,25,1135,41,331,72,154,132,1293,179,0,217,6,287,1309,326,143,398,1157,478,295,483,486,560,938,564,710,592
frame_1885.jpg,899,0,687,2,1115,25,495,35,316,88,145,155,1282,158,0,244,1302,307,8,312,141,417,1151,466,290,496,929,561,478,568,700,593
frame_1886.jpg,869,0,662,3,1081,20,475,38,304,90,139,155,1247,151,0,243,1268,297,7,310,133,409,1119,455,275,486,899,549,455,556,673,582
frame_1887.jpg,848,0,642,7,1057,20,460,44,292,97,1222,150,134,163,0,251,1242,299,8,317,130,415,1092,458,268,490,875,551,443,559,654,584
frame_1890.jpg,834,0,633,3,1040,23,453,37,288,87,132,150,1198,155,0,235,7,299,1212,302,126,398,1063,457,259,473,427,544,848,544,632,572
frame_1893.jpg,651,0,852,8,469,21,1053,42,301,63,139,118,1202,180,0,195,4,260,1210,325,120,366,251,447,1056,470,419,527,840,547,623,565
frame_1897.jpg,680,0,883,3,491,25,1090,35,315,71,147,130,1250,169,0,215,9,283,1270,314,143,389,1128,466,290,468,475,546,916,551,692,578
frame_1898.jpg,687,0,891,7,499,25,1095,39,320,69,149,127,1248,175,0,212,8,281,1265,319,144,389,1123,466,291,469,477,547,913,550,693,578
frame_1899.jpg,691,0,895,7,501,22,1099,40,322,65,149,125,1252,181,0,211,6,280,1267,327,140,390,287,473,1121,478,472,553,909,562,688,587
frame_1900.jpg,679,0,890,7,486,22,1105,48,309,64,143,120,1261,198,0,202,5,270,1266,350,129,381,265,465,1100,499,439,549,875,575,651,591
frame_1902.jpg,688,0,909,4,490,28,1134,43,308,75,140,139,1297,200,0,229,10,300,1302,362,143,413,284,496,1133,519,463,581,905,601,677,622
frame_1908.jpg,525,0,742,7,327,13,146,50,975,50,0,122,1199,139,9,197,1324,328,147,333,285,434,1287,481,454,543,1094,591,653,611,866,627
frame_1910.jpg,542,0,761,8,339,13,152,50,991,51,0,125,1207,137,15,201,1321,314,169,335,317,430,1286,458,491,532,1106,560,689,592,893,601
frame_1916.jpg,398,0,202,6,611,16,20,34,839,67,1060,161,0,313,1178,353,131,419,1139,507,293,537,940,611,492,615,709,639,-1,-1,-1,-1
frame_1918.jpg,530,0,747,11,332,14,152,47,985,60,0,114,1218,154,1,186,120,324,1341,356,245,430,1304,521,405,551,608,635,1088,637,838,665
frame_1919.jpg,519,0,329,11,726,12,949,61,3,99,1173,149,0,166,113,300,1303,338,236,403,1272,496,396,523,595,604,1068,605,822,634,-1,-1
frame_1922.jpg,543,0,742,10,352,12,168,42,948,51,3,106,1152,126,0,176,1281,294,126,311,262,414,1269,443,434,527,1096,564,646,600,870,611
frame_1924.jpg,562,0,777,5,359,18,1004,43,167,56,1234,120,0,127,2,202,141,341,287,448,1367,466,476,569,1199,603,708,646,954,657,-1,-1
frame_1925.jpg,582,0,793,6,375,18,1010,45,176,55,1222,118,0,130,1,207,1356,290,153,349,1347,444,307,452,498,567,1178,575,724,632,955,633
frame_1926.jpg,594,0,804,8,385,15,1018,46,181,51,1224,123,0,128,3,207,1352,287,161,351,1341,437,319,452,1181,562,515,564,964,622,739,625
frame_1927.jpg,592,0,383,8,804,14,179,39,1018,61,0,110,1223,145,1,189,1341,319,153,336,305,444,1323,468,493,562,1151,588,711,631,933,637
frame_1937.jpg,814,0,594,10,1030,21,378,42,1231,87,171,100,0,196,1333,239,19,275,1309,377,201,395,363,471,1150,498,553,552,954,563,756,584
frame_1938.jpg,807,0,591,10,1021,23,375,41,1222,88,170,95,0,188,1326,239,16,265,1303,376,196,386,358,464,1145,496,547,547,949,560,750,580
frame_1939.jpg,802,0,588,8,1017,22,374,39,1216,84,170,92,0,188,1324,238,17,264,1302,376,196,385,357,462,1146,496,546,546,949,560,750,580
frame_1942.jpg,804,0,591,8,1017,22,377,39,1212,84,172,93,0,188,1318,235,18,266,1299,372,201,385,364,463,1146,490,554,546,955,557,757,578
frame_1943.jpg,804,0,591,10,1015,20,377,42,1211,81,172,97,0,194,1318,231,19,272,1298,366,203,389,366,465,1148,487,558,546,956,553,760,576
frame_1945.jpg,808,0,595,10,1018,21,381,41,1212,80,174,96,0,196,1317,228,19,273,1300,361,206,390,372,464,1150,479,565,544,962,548,768,572
frame_1947.jpg,806,0,593,12,1016,19,380,45,1210,77,172,101,0,200,1315,225,18,279,1298,358,206,394,371,467,1150,480,564,546,960,548,766,573
frame_1948.jpg,807,0,594,13,1015,19,380,45,1210,79,173,101,0,201,1316,226,19,277,1298,359,207,394,373,467,1150,480,565,546,962,548,767,574
frame_1950.jpg,810,0,598,12,1019,20,383,44,1211,78,175,101,0,203,1316,224,19,280,1299,357,210,395,376,469,1153,479,569,546,965,547,772,574
frame_1951.jpg,811,0,599,11,1020,21,384,42,1212,81,174,100,0,197,1318,228,20,276,1299,360,211,394,378,467,1154,480,572,547,968,548,775,574
frame_1954.jpg,817,0,605,8,1025,23,388,37,1215,85,177,90,0,188,1317,232,18,268,1296,363,209,386,376,460,1151,482,569,542,964,548,771,571
frame_1955.jpg,835,0,621,2,402,26,1040,28,185,74,1226,94,0,170,1323,240,17,250,1302,370,211,374,379,452,1155,484,573,538,970,549,777,569
frame_1956.jpg,607,0,821,3,386,21,1029,35,171,66,1218,108,0,238,1314,263,185,367,349,450,1130,508,938,567,742,583,-1,-1,-1,-1,-1,-1
frame_1957.jpg,625,0,843,3,402,21,1055,38,187,64,1250,111,0,157,16,239,1352,268,206,370,1327,404,374,455,1171,520,568,550,975,578,775,593
frame_1958.jpg,626,0,840,2,407,21,1047,37,192,66,1238,106,0,160,11,242,1342,263,198,375,1325,400,366,462,1173,521,563,559,978,585,774,600
frame_1962.jpg,615,0,821,7,403,16,1019,46,191,54,1202,115,0,138,7,220,1309,269,188,358,1298,404,353,449,1156,525,550,550,965,587,763,597
frame_1965.jpg,590,0,787,8,388,13,980,47,186,48,1161,114,0,121,0,199,1274,263,165,333,1268,396,322,425,1126,516,513,529,933,575,726,582
frame_1967.jpg,593,0,396,9,784,11,195,38,972,51,6,104,1155,118,0,178,1274,268,155,317,1274,404,307,413,1135,526,500,525,936,585,720,586
frame_1968.jpg,586,0,776,11,392,10,194,40,965,51,8,105,1149,118,0,179,1274,270,148,319,1281,409,298,418,489,536,1140,538,937,591,715,591
frame_1970.jpg,560,0,748,9,371,11,181,40,6,104,0,174,1251,269,143,306,284,400,1252,408,468,514,1109,530,685,581,903,586,-1,-1,-1,-1
frame_1972.jpg,551,0,752,12,361,17,955,52,178,55,3,106,1108,187,1127,326,0,358,145,429,989,463,334,514,780,538,555,556,-1,-1,-1,-1
frame_1975.jpg,702,0,514,11,900,15,330,47,156,93,0,170,1249,197,3,236,1268,333,148,344,1124,468,474,504,915,538,693,550,-1,-1,-1,-1
frame_1976.jpg,712,0,524,3,340,26,908,30,162,63,3,128,0,194,1243,223,136,308,1250,357,273,388,1102,481,452,484,889,539,668,539,-1,-1
frame_1977.jpg,704,0,519,10,895,18,338,42,1085,59,161,88,0,162,1223,190,1,228,1238,321,146,335,290,407,1102,451,473,492,903,520,688,535
frame_1979.jpg,713,0,528,4,904,26,344,31,164,71,1091,72,1,142,0,207,1220,208,147,320,1226,338,289,395,1090,461,471,484,892,523,680,531
frame_1980.jpg,708,0,524,6,899,26,342,35,1085,71,1,147,1217,205,0,211,145,321,1222,332,1084,455,463,480,884,517,674,527,-1,-1,-1,-1
frame_1981.jpg,709,0,524,4,898,25,343,28,164,67,1085,74,2,135,0,200,1216,210,142,313,1222,340,281,389,1083,461,460,480,882,523,670,529
frame_1982.jpg,712,0,527,4,904,26,344,31,165,70,1091,73,2,141,0,207,1220,210,144,319,1226,340,284,396,1085,463,463,484,884,525,672,532
frame_1985.jpg,709,0,524,3,900,26,342,30,163,68,1087,75,1,137,0,203,1217,212,141,314,1223,341,281,391,1083,464,459,481,881,524,669,531
frame_1986.jpg,711,0,526,2,344,27,901,26,165,64,1087,76,2,132,0,198,1216,212,142,310,1221,342,282,387,1082,463,460,479,882,523,670,528
frame_1987.jpg,714,0,530,1,347,24,903,28,166,61,1088,80,3,127,0,193,1216,216,140,307,1221,346,280,385,1080,466,457,478,879,524,667,529
frame_1991.jpg,713,0,530,0,348,21,901,28,168,56,1084,80,3,122,0,186,1212,215,140,300,1215,345,279,378,1077,463,455,472,876,521,665,524
frame_1992.jpg,530,0,713,1,349,21,900,32,169,55,1083,84,4,119,0,184,1209,219,139,300,1214,347,278,379,1075,467,454,472,875,524,663,526
frame_1993.jpg,534,0,716,3,352,19,902,34,171,52,1083,89,4,115,0,181,1208,224,140,297,1211,353,278,377,1074,470,454,472,874,526,663,527
frame_1996.jpg,692,0,509,13,884,17,330,49,1073,55,156,97,0,172,1210,183,1,237,1220,312,145,338,284,406,1084,440,462,486,884,509,672,525
frame_1998.jpg,541,0,723,9,359,11,176,39,905,46,5,95,1080,105,0,161,1198,241,138,281,277,363,1200,365,451,462,1062,476,658,521,866,525
frame_1999.jpg,535,0,714,9,356,13,176,39,895,48,7,96,1069,106,0,160,1182,243,134,278,266,359,1179,367,434,458,1039,476,636,517,842,522
frame_2002.jpg,484,0,655,4,318,19,834,36,154,49,1007,90,5,106,0,167,1121,225,120,275,239,350,1115,350,390,443,970,459,578,499,776,504
frame_2004.jpg,475,0,645,1,311,21,825,31,152,52,1000,82,6,111,0,171,1116,221,114,277,228,351,1108,350,373,444,958,462,559,501,758,508
frame_2006.jpg,620,0,453,9,800,19,296,38,974,62,5,144,1092,194,0,202,112,301,1086,322,939,440,365,448,743,494,547,496,-1,-1,-1,-1
frame_2008.jpg,541,0,715,4,387,20,891,33,248,57,116,105,1019,159,0,173,0,226,1015,289,97,308,193,365,867,415,318,439,672,474,486,481
frame_2009.jpg,524,0,697,2,374,24,871,31,238,64,111,113,997,153,0,181,1,233,997,284,98,313,192,368,851,409,316,440,662,470,479,478
frame_2012.jpg,500,0,665,0,356,22,832,26,227,62,105,109,955,144,0,175,1,226,955,270,93,303,184,355,816,392,301,423,633,451,458,460
frame_2013.jpg,484,0,645,0,344,24,808,25,220,62,102,108,928,141,0,174,2,223,928,266,90,299,178,350,792,387,291,417,613,445,442,454
frame_2014.jpg,631,0,472,3,792,22,335,30,214,70,99,118,913,137,0,185,2,234,912,263,89,307,174,357,777,387,284,423,600,447,432,458
frame_2016.jpg,616,0,460,4,779,22,324,30,206,70,95,119,899,137,0,184,2,232,896,264,86,304,759,386,272,418,582,444,417,454,-1,-1
frame_2018.jpg,462,1,616,0,326,23,772,24,209,62,98,109,886,139,0,172,2,222,883,264,86,295,167,344,751,383,272,410,579,440,415,447
frame_2020.jpg,630,0,471,5,790,20,333,34,213,78,909,135,0,199,1,249,909,262,92,321,178,369,777,388,288,433,603,452,436,465,-1,-1
frame_2022.jpg,677,0,857,11,502,17,353,57,223,111,997,126,103,171,0,250,1003,261,5,302,105,373,860,404,200,419,324,479,669,482,487,505
frame_2023.jpg,715,0,532,7,901,18,377,42,237,90,1040,139,109,147,0,222,4,275,1043,276,105,353,204,402,891,413,330,469,691,485,500,501
frame_2025.jpg,584,0,772,7,417,21,960,41,267,60,124,109,0,180,1096,178,0,238,1092,316,105,328,209,389,932,450,344,469,723,510,523,515
frame_2026.jpg,615,0,806,15,443,16,285,51,996,54,134,96,2,166,1130,195,0,225,108,321,1124,336,217,386,961,466,356,473,747,523,540,524
frame_2027.jpg,633,0,458,15,826,14,295,49,1018,54,140,96,3,168,1155,195,0,228,114,326,1152,337,226,393,991,469,372,481,774,530,564,533
frame_2030.jpg,700,0,510,2,330,26,904,31,159,61,1107,90,5,125,0,189,1242,248,123,301,244,380,1234,390,400,482,1059,513,605,549,829,560
frame_2034.jpg,574,0,380,2,188,18,766,22,9,69,957,75,0,138,1142,152,140,275,1254,312,273,367,1243,445,447,486,1084,553,656,565,872,587
frame_2037.jpg,208,0,410,2,609,21,13,34,796,63,0,106,975,133,1145,226,146,265,287,375,1244,388,466,511,1232,517,675,605,1084,614,886,638
frame_2038.jpg,406,0,603,24,12,31,784,61,0,104,956,129,151,262,294,371,1212,501,477,505,683,596,1076,597,887,624,-1,-1,-1,-1,-1,-1
frame_2041.jpg,206,0,400,14,13,25,586,43,753,91,0,101,906,164,1052,257,149,269,288,384,1135,411,468,525,1127,531,661,618,1008,622,843,648
frame_2046.jpg,172,0,9,14,335,23,487,60,0,87,616,112,728,182,132,257,836,268,252,366,893,400,407,494,891,501,806,577,555,576,687,599
frame_2048.jpg,13,0,332,35,0,74,477,85,596,146,695,222,115,254,224,373,836,453,364,513,824,552,501,604,738,621,625,636,-1,-1,-1,-1
frame_2050.jpg,11,0,314,34,0,74,450,83,562,144,654,221,106,251,742,312,207,366,780,443,338,501,765,538,463,587,682,605,576,618,-1,-1
frame_2053.jpg,150,1,14,0,284,36,0,66,404,84,503,141,581,210,90,229,658,294,178,334,291,459,672,498,401,539,596,557,502,568,-1,-1
frame_2056.jpg,140,0,280,13,9,17,413,42,0,78,532,85,637,144,98,214,737,226,192,305,787,350,317,421,774,445,447,498,684,510,569,525
frame_2057.jpg,276,0,9,3,410,29,0,63,528,72,95,196,733,214,187,286,781,337,310,399,767,429,438,476,676,492,560,504,-1,-1,-1,-1
frame_2058.jpg,134,0,265,11,9,20,391,35,503,73,0,77,603,129,698,203,94,202,184,286,746,317,302,391,734,405,423,460,649,468,541,484
frame_2059.jpg,128,0,254,10,8,18,374,34,482,70,0,73,577,123,669,194,89,194,175,275,715,304,288,377,705,389,405,443,623,450,518,465
frame_2060.jpg,126,0,248,12,8,17,365,37,0,70,467,74,557,126,84,190,643,196,165,269,685,303,271,368,673,384,382,433,590,442,489,455
frame_2065.jpg,111,0,223,4,332,20,3,24,428,47,0,74,517,87,599,147,82,173,157,238,639,242,626,315,256,320,552,369,358,370,457,386
frame_2071.jpg,114,0,228,2,342,15,5,27,445,40,0,73,542,80,540,83,631,140,82,169,159,231,674,236,659,311,258,311,365,362,574,364
frame_2072.jpg,226,0,111,1,340,9,446,31,4,31,545,67,0,77,637,124,86,169,685,221,164,229,672,296,267,306,590,352,376,355,485,369
frame_2074.jpg,225,0,110,5,339,7,445,26,3,38,543,61,0,84,635,114,89,174,684,207,170,231,675,282,274,306,596,340,385,351,492,361
frame_2078.jpg,234,0,353,6,113,9,464,24,2,43,567,61,0,94,665,115,97,190,722,213,185,249,182,253,715,293,299,328,637,358,418,375
frame_2079.jpg,243,0,118,5,365,7,478,28,2,40,582,65,0,93,681,123,99,192,737,225,188,255,728,306,304,337,648,372,425,386,540,396
frame_2082.jpg,272,0,135,3,407,11,529,37,5,36,642,81,0,93,748,144,108,203,805,253,204,273,795,341,329,364,705,408,460,420,586,432
frame_2084.jpg,304,0,448,18,7,29,579,50,0,88,699,100,117,210,868,284,220,287,855,375,357,389,758,443,497,449,632,466,-1,-1,-1,-1
frame_2085.jpg,313,0,156,1,462,13,7,35,597,44,720,94,0,98,836,162,124,221,900,279,235,300,890,374,375,401,792,448,522,461,661,475
frame_2086.jpg,163,0,325,3,479,22,8,29,616,57,0,92,741,112,858,185,123,222,918,306,233,305,905,402,374,412,801,474,524,478,667,496
frame_2087.jpg,170,0,334,5,491,26,11,29,635,62,0,93,767,120,892,197,120,225,231,310,955,325,938,426,372,424,528,497,827,500,681,520
frame_2088.jpg,171,0,337,1,500,19,11,33,653,54,0,97,800,113,938,193,118,229,230,318,1013,334,374,439,998,444,542,520,873,525,710,547
frame_2089.jpg,176,0,345,3,511,21,12,32,670,57,0,96,820,118,962,200,121,230,234,321,1039,344,379,443,1022,456,550,526,893,537,724,556
frame_2090.jpg,357,0,180,7,528,11,691,39,10,50,845,93,0,116,991,169,133,249,1074,307,257,335,1062,420,410,453,936,510,591,523,769,541
frame_2092.jpg,391,0,198,6,579,12,756,45,11,50,925,105,0,121,1086,192,141,265,1174,341,277,362,1157,466,438,490,1016,563,634,572,829,594
frame_2094.jpg,378,0,569,1,756,25,12,68,945,80,0,136,1125,161,134,270,1231,323,264,360,1216,459,427,488,1054,563,632,571,844,595,-1,-1
frame_2096.jpg,531,0,348,6,720,15,171,27,916,62,8,83,1108,139,0,150,127,275,1227,305,249,360,1212,447,403,480,1042,555,606,563,822,588
frame_2101.jpg,453,0,632,8,292,13,141,40,831,50,8,93,1030,125,0,154,95,265,1152,301,191,343,1123,452,310,457,485,544,927,560,696,580
frame_2103.jpg,471,0,662,10,302,14,146,40,875,56,8,94,1090,137,0,157,98,271,1220,328,197,353,320,473,1185,489,502,566,970,597,722,611
frame_2104.jpg,491,0,687,10,315,12,152,40,904,57,7,95,1123,139,0,159,105,277,1257,329,209,360,340,482,1224,491,531,577,1011,601,759,618
frame_2105.jpg,516,0,333,10,715,13,161,35,933,63,9,91,1151,147,0,157,112,281,1283,335,224,366,363,493,1254,495,561,588,1045,607,794,628
frame_2109.jpg,593,0,383,12,817,14,185,44,1058,69,8,111,1297,162,0,190,136,330,1441,372,272,428,1409,551,434,571,660,673,1186,679,915,711
frame_2111.jpg,602,0,844,7,381,19,176,60,1109,57,1,138,1371,155,0,221,153,364,1525,378,298,459,1493,566,473,608,1258,702,710,707,976,739
frame_2112.jpg,609,0,860,2,382,25,1132,46,174,73,1402,142,0,160,6,245,1560,366,173,386,326,478,1527,555,508,623,1294,695,749,715,1014,738
frame_2114.jpg,887,0,625,5,388,37,1173,39,173,92,1450,135,0,190,12,278,1603,359,198,413,360,497,1561,542,551,636,1327,678,793,716,1053,729
frame_2116.jpg,874,0,615,3,380,34,1158,39,169,88,1433,133,0,183,14,270,1588,356,197,405,357,490,1552,543,547,630,1320,679,788,711,1047,726
frame_2121.jpg,619,0,876,8,383,19,1155,58,173,60,0,146,1427,163,8,232,183,373,1575,387,339,464,1531,568,522,611,1293,694,759,703,1019,728
frame_2122.jpg,618,0,871,9,387,19,1148,59,177,60,0,148,1418,162,7,233,175,377,1571,390,330,470,1532,577,512,621,1295,708,752,717,1015,746
frame_2123.jpg,624,0,869,11,395,15,182,55,1135,65,0,136,1394,167,1,223,164,370,1543,391,317,468,1508,577,497,621,1279,709,738,719,1001,749
frame_2129.jpg,578,0,380,9,788,16,187,34,1012,70,12,96,1233,156,0,169,130,308,1373,344,260,400,1354,511,417,537,641,636,1150,636,891,670
frame_2131.jpg,604,0,812,15,399,14,1029,64,12,112,1237,141,0,186,1371,317,141,325,1358,475,1173,604,680,631,927,652,-1,-1,-1,-1,-1,-1
frame_2132.jpg,581,0,788,10,384,16,190,46,1004,56,10,111,1215,131,0,185,1349,307,133,315,1332,464,427,524,1138,593,647,611,891,634,-1,-1
frame_2138.jpg,715,0,929,12,522,21,1145,51,340,61,164,113,5,193,1308,198,0,261,1317,353,134,365,267,431,1144,503,432,526,901,576,656,582
frame_2139.jpg,709,0,925,15,515,19,1143,54,334,58,161,109,5,187,1305,207,0,254,128,359,1311,363,257,427,1131,513,415,524,883,582,637,584
frame_2140.jpg,688,0,902,9,496,26,1125,46,7,202,1297,195,0,267,1308,355,128,367,255,431,1127,511,410,526,877,581,630,585,-1,-1,-1,-1
frame_2141.jpg,681,0,891,10,492,21,1105,48,319,62,153,116,4,196,1264,198,0,264,1269,354,125,366,249,429,1093,504,401,525,851,576,615,582
frame_2144.jpg,613,0,808,12,441,17,1003,51,286,54,140,100,3,174,1145,198,0,236,108,331,1140,347,219,393,346,483,970,483,534,540,747,542
frame_2145.jpg,578,0,766,2,413,26,956,31,267,70,130,121,1099,168,1,199,0,260,1101,316,106,347,211,402,937,459,333,484,722,526,514,533
frame_2146.jpg,558,0,742,1,397,29,928,26,257,73,1071,164,2,205,0,265,1072,314,100,352,202,406,911,460,317,489,697,530,495,538,-1,-1
frame_2149.jpg,732,0,541,11,929,23,382,47,247,97,1082,171,3,245,0,307,1078,340,92,397,897,507,288,536,667,583,459,590,-1,-1,-1,-1
frame_2151.jpg,873,0,671,1,484,32,334,85,213,151,1045,149,0,311,1045,337,80,454,163,510,854,533,251,588,619,625,412,638,-1,-1,-1,-1
frame_2152.jpg,882,0,677,4,484,39,333,97,213,168,0,336,1054,346,80,483,162,539,857,554,246,617,616,652,409,668,-1,-1,-1,-1,-1,-1
frame_2160.jpg,853,0,639,15,447,59,303,123,1038,163,0,362,1023,391,60,510,129,568,792,620,191,651,335,714,536,712,-1,-1,-1,-1,-1,-1
frame_2166.jpg,639,0,862,5,450,29,1094,41,290,78,0,218,1270,220,89,393,1259,412,304,567,1031,587,505,643,751,654,-1,-1,-1,-1,-1,-1
frame_2167.jpg,691,0,496,14,913,21,324,51,1140,76,12,173,0,241,1298,258,101,355,1279,442,328,545,1054,597,530,629,779,650,-1,-1,-1,-1
frame_2168.jpg,531,0,732,0,350,26,953,35,1174,103,12,132,0,203,1321,290,106,327,223,410,1299,464,347,529,1080,607,556,621,808,650,-1,-1
frame_2173.jpg,623,0,413,11,836,13,209,37,1058,64,13,103,1274,139,0,180,1416,318,147,319,295,412,1410,475,469,540,1221,608,709,632,966,655
frame_2174.jpg,658,0,439,1,877,25,17,78,1098,83,0,157,1315,174,150,313,1450,359,303,413,1437,517,484,553,1246,643,728,653,988,684,-1,-1
frame_2175.jpg,465,0,913,34,21,67,1133,100,0,149,155,313,1485,383,315,422,1473,544,504,569,1282,672,757,677,1023,711,-1,-1,-1,-1,-1,-1
frame_2178.jpg,266,0,512,8,743,35,19,40,955,86,0,132,1151,166,1338,266,191,322,371,443,1448,445,1443,588,591,601,1293,702,840,708,1078,738
frame_2180.jpg,278,0,525,22,22,25,755,59,956,122,0,121,1137,210,1312,317,193,329,372,464,1411,496,1408,638,598,635,1270,750,844,750,1072,784
frame_2184.jpg,240,0,16,20,457,25,656,66,0,110,824,126,972,207,1113,306,177,306,333,427,1192,463,1189,585,536,583,1078,680,738,682,919,711
frame_2186.jpg,215,0,420,4,619,25,12,38,800,66,0,119,161,288,308,392,1213,519,503,535,1086,620,711,629,908,655,-1,-1,-1,-1,-1,-1
frame_2187.jpg,403,0,203,1,598,16,12,42,782,54,954,120,0,121,1125,209,155,280,1230,370,300,379,1231,502,495,522,1101,608,711,616,916,642
frame_2190.jpg,190,0,374,1,550,18,12,37,710,54,0,109,860,113,1006,194,142,257,1093,337,274,348,1092,454,449,477,977,548,638,559,816,580
frame_2193.jpg,196,0,380,9,555,34,13,31,714,77,0,105,860,143,1000,229,142,261,272,359,1080,375,1073,491,444,493,958,579,627,581,802,606
frame_2194.jpg,203,0,389,20,15,22,561,55,0,98,713,106,848,178,978,269,140,266,268,370,1044,414,437,511,1034,526,612,603,925,609,775,633
frame_2205.jpg,25,0,185,23,329,80,0,81,451,148,542,220,92,289,612,301,678,397,180,411,696,522,310,569,680,617,418,664,516,696,-1,-1
frame_2206.jpg,24,0,339,66,0,78,468,132,566,197,101,272,191,389,744,497,742,498,323,542,722,591,440,636,644,655,546,669,-1,-1,-1,-1
frame_2207.jpg,24,0,193,10,351,59,0,78,487,118,594,186,677,265,107,273,758,361,205,390,789,492,343,546,772,589,471,642,690,658,586,674
frame_2208.jpg,22,0,205,10,372,57,0,79,516,116,633,184,114,276,812,362,222,395,848,498,370,551,831,598,505,650,742,668,630,684,-1,-1
frame_2211.jpg,23,0,416,36,0,77,587,87,729,153,852,234,136,266,966,333,262,383,1019,480,427,541,1003,589,596,645,895,665,753,682,-1,-1
frame_2213.jpg,21,0,427,14,609,57,0,77,768,116,909,195,143,256,1041,293,278,370,1108,444,448,522,1092,560,633,625,972,644,812,662,-1,-1
frame_2214.jpg,246,0,27,8,455,38,646,87,0,87,811,153,957,239,144,274,1088,342,282,395,1152,498,451,555,1128,615,642,666,998,695,826,709
frame_2215.jpg,250,0,28,8,462,36,657,86,0,85,829,152,981,241,140,271,1117,347,280,393,1180,507,446,553,1154,624,641,666,1013,703,832,713
frame_2217.jpg,203,0,391,3,579,23,20,33,763,64,0,104,944,135,1119,231,123,253,250,352,1218,402,405,496,1197,538,606,604,1033,633,821,649
frame_2219.jpg,377,0,565,7,560,12,748,39,17,55,936,100,0,123,1117,187,124,262,252,353,1228,355,402,486,1212,496,605,584,1042,599,826,621
frame_2220.jpg,356,0,535,2,180,12,719,26,16,58,910,83,0,123,1096,167,116,252,234,336,1207,337,370,463,1184,478,566,559,1007,579,783,599
frame_2222.jpg,460,0,298,10,635,10,142,34,0,86,1018,122,94,261,1145,287,1131,431,327,445,515,532,954,539,728,565,-1,-1,-1,-1,-1,-1
frame_2223.jpg,461,0,302,8,633,11,149,32,820,53,10,82,1004,124,0,143,99,253,1121,288,205,328,1099,429,320,439,497,522,921,533,702,556
frame_2224.jpg,447,0,615,3,292,17,800,36,143,45,983,97,7,102,0,162,1102,256,100,267,207,334,1084,395,320,437,911,505,495,512,696,537
frame_2225.jpg,579,0,415,2,267,21,762,29,945,88,0,111,1064,242,85,266,1044,383,290,429,870,493,460,500,657,524,-1,-1,-1,-1,-1,-1
frame_2227.jpg,531,0,377,8,709,19,243,33,116,69,891,69,4,127,0,181,1016,222,85,272,178,331,999,367,271,424,825,482,426,492,614,515
frame_2229.jpg,510,0,363,11,682,18,235,39,854,64,113,77,4,137,0,192,973,215,81,281,170,338,955,358,255,429,788,475,405,495,586,513
frame_2232.jpg,460,0,630,9,319,17,202,48,807,50,97,86,2,145,0,196,932,200,74,276,912,346,228,409,738,462,366,473,538,495,-1,-1
frame_2235.jpg,436,0,588,13,308,14,195,41,742,52,93,76,2,132,0,180,849,186,73,257,150,305,833,317,223,383,686,422,353,440,510,455
frame_2238.jpg,422,0,567,11,298,12,190,38,711,47,93,73,0,127,1,173,810,171,74,246,150,290,796,289,225,362,661,388,350,412,498,422
frame_2239.jpg,423,0,301,11,567,12,192,35,711,50,93,68,0,122,0,168,812,173,73,242,800,293,225,363,666,392,350,415,502,427,-1,-1
frame_2240.jpg,422,0,300,9,564,14,192,32,705,53,91,64,2,115,0,161,802,178,72,237,147,284,788,297,222,359,655,394,346,411,493,425
frame_2241.jpg,411,0,553,8,289,14,184,39,696,43,88,74,0,128,797,163,0,173,72,242,784,281,222,356,653,379,346,404,492,414,-1,-1
frame_2242.jpg,406,0,547,10,286,14,180,39,691,44,84,74,0,125,0,170,794,164,71,240,147,283,784,282,221,353,653,379,345,403,491,414
frame_2244.jpg,418,0,301,5,550,17,196,24,93,53,677,57,2,102,0,148,762,173,72,224,750,280,224,341,632,369,344,390,484,401,-1,-1
frame_2246.jpg,419,0,303,1,199,17,547,21,96,42,668,64,4,89,0,134,746,178,72,209,730,280,220,328,614,362,337,378,471,390,-1,-1
frame_2248.jpg,405,0,291,6,537,16,188,26,91,53,665,56,2,103,0,148,750,171,68,220,735,279,211,336,615,367,330,384,467,395,-1,-1
frame_2249.jpg,408,0,544,9,288,11,185,36,681,44,87,70,0,124,778,161,0,169,73,240,768,275,223,354,644,373,347,401,490,409,-1,-1
frame_2250.jpg,423,0,568,4,299,15,712,41,191,43,92,80,0,138,815,161,0,185,76,259,806,281,157,301,237,373,677,385,364,420,514,425
frame_2252.jpg,459,0,617,8,324,16,206,46,777,44,891,179,0,197,81,275,880,312,165,323,248,402,734,424,387,456,552,466,-1,-1,-1,-1
frame_2254.jpg,500,0,681,2,349,24,869,36,221,62,102,109,0,177,1005,181,0,231,86,312,994,331,269,445,821,462,426,502,613,511,-1,-1
frame_2280.jpg,387,0,197,0,573,15,14,44,749,50,919,112,0,116,1076,198,139,259,271,348,1160,351,1141,473,428,474,618,560,997,563,811,589
frame_2282.jpg,398,0,586,24,17,27,763,68,0,100,1091,232,136,251,268,345,1173,392,421,483,1151,516,614,580,1001,601,810,618,-1,-1,-1,-1
frame_2287.jpg,172,0,334,5,497,26,17,28,659,65,0,88,822,131,99,219,974,223,204,303,1052,381,321,428,1019,501,486,526,862,572,670,574
frame_2289.jpg,298,0,452,1,148,12,610,22,10,53,775,70,0,111,935,144,100,221,203,292,1029,291,319,398,1008,411,483,479,856,497,666,513
frame_2291.jpg,414,0,272,2,134,17,562,15,716,56,8,58,0,111,863,119,96,211,948,252,193,271,927,362,301,365,450,432,787,440,616,458
frame_2298.jpg,356,0,484,7,233,8,113,27,620,36,6,67,750,84,0,113,86,195,829,197,172,246,815,292,269,321,696,366,401,373,547,390
frame_2301.jpg,239,0,361,4,484,22,9,40,610,62,0,86,727,120,162,231,791,232,250,312,769,322,374,371,653,385,511,396,-1,-1,-1,-1
frame_2302.jpg,240,0,120,6,361,6,483,27,8,35,608,67,0,82,723,126,80,172,161,228,784,238,252,307,763,324,372,369,648,385,508,395
frame_2303.jpg,242,0,122,3,362,9,10,29,483,33,0,73,606,76,718,138,77,165,156,223,775,248,241,304,751,334,362,368,636,390,496,397
frame_2304.jpg,238,0,120,3,357,8,9,30,477,30,599,74,0,75,711,135,74,164,153,222,769,245,238,303,745,332,357,366,629,389,490,395
frame_2307.jpg,346,0,227,2,470,14,598,47,0,50,720,100,73,178,790,209,772,300,248,304,244,307,372,363,656,368,512,384,-1,-1,-1,-1
frame_2308.jpg,356,0,485,5,233,8,114,28,619,33,5,69,748,78,0,116,831,193,85,198,171,248,818,289,268,322,699,366,400,376,547,391
frame_2309.jpg,500,0,363,3,235,20,644,18,112,49,787,62,3,98,0,147,880,174,92,226,871,278,288,341,747,365,431,392,586,399,-1,-1
frame_2310.jpg,510,0,367,10,666,13,235,34,822,49,110,70,1,125,930,162,0,174,97,251,926,273,193,296,305,366,796,371,458,410,626,413
frame_2314.jpg,713,0,538,8,891,17,384,40,243,87,1030,132,0,224,1044,260,5,279,121,353,911,393,361,455,724,465,536,486,-1,-1,-1,-1
frame_2317.jpg,637,0,846,1,453,29,1058,30,287,76,133,134,1216,171,0,216,2,279,1220,320,129,369,254,418,1050,466,397,500,821,537,598,547
frame_2320.jpg,722,0,522,18,946,20,338,54,1171,68,166,103,6,183,1333,233,0,252,129,364,1331,396,264,430,412,532,1138,545,633,602,882,607
frame_2321.jpg,759,0,549,10,990,27,358,42,173,87,1225,85,8,161,0,233,1390,260,130,351,268,425,1384,429,420,535,1177,576,648,615,907,631
frame_2329.jpg,792,0,579,5,1019,28,402,37,253,84,116,139,0,214,2,272,106,359,215,412,338,500,1016,501,531,561,764,565,-1,-1,-1,-1
frame_2330.jpg,747,0,550,1,384,29,955,28,243,73,112,126,1116,170,0,197,2,254,1118,326,100,336,205,387,317,469,940,468,498,525,709,528
frame_2332.jpg,674,0,491,7,867,21,341,39,213,84,97,136,1016,156,0,206,3,258,1016,305,93,332,187,376,849,441,287,451,447,499,638,499
frame_2333.jpg,658,0,483,3,847,21,337,32,211,75,98,127,986,153,0,194,2,245,983,293,92,319,184,362,823,423,282,434,621,480,437,480
frame_2334.jpg,642,0,470,4,822,24,325,31,205,72,94,122,961,155,0,188,3,238,960,295,90,312,804,423,274,428,426,476,607,477,-1,-1
frame_2340.jpg,438,0,603,2,302,23,772,37,190,60,86,106,0,169,884,177,1,218,78,293,862,316,156,337,235,408,230,413,702,430,361,461
frame_2341.jpg,448,0,312,13,611,14,196,41,774,59,90,79,1,135,0,185,877,205,74,264,848,338,221,391,686,440,347,449,504,468,-1,-1
frame_2342.jpg,448,0,313,8,608,20,198,31,93,65,770,72,1,117,0,167,870,221,71,249,840,354,216,383,341,447,677,451,497,472,-1,-1
frame_2343.jpg,454,0,318,6,615,21,200,27,94,61,776,78,1,114,0,165,875,229,73,249,150,302,845,365,220,388,346,453,683,459,502,480
frame_2345.jpg,466,0,325,3,205,22,637,28,95,53,808,91,1,106,0,158,72,246,914,258,219,397,877,401,348,471,702,494,510,506,-1,-1
frame_2346.jpg,329,0,471,4,208,13,99,38,641,39,3,87,810,112,0,139,71,231,147,293,911,285,213,392,873,428,340,473,695,513,503,516
frame_2348.jpg,317,0,461,6,199,14,92,41,632,42,0,90,804,118,1,143,75,235,904,296,217,397,863,439,343,478,688,520,502,521,-1,-1
frame_2352.jpg,199,0,321,0,91,17,464,20,0,63,633,72,2,116,799,170,84,218,166,283,887,355,234,395,356,483,843,487,505,535,680,546
frame_2355.jpg,199,0,323,5,89,14,468,29,638,86,0,113,799,189,169,285,882,373,237,398,360,486,837,498,506,539,677,553,-1,-1,-1,-1
frame_2360.jpg,202,0,324,1,91,18,468,20,0,63,635,69,5,118,796,161,97,218,892,333,262,393,860,460,392,475,542,520,711,524,-1,-1
frame_2361.jpg,202,0,324,1,91,16,469,21,0,62,636,70,2,117,796,161,96,216,184,280,890,334,261,391,858,459,391,473,539,519,708,523
frame_2362.jpg,202,0,325,1,94,16,468,20,0,65,636,68,4,119,796,159,96,218,184,281,891,331,261,392,858,458,390,474,540,518,710,521
frame_2363.jpg,201,0,324,0,467,18,0,65,634,66,3,119,796,156,97,218,893,329,262,393,863,456,391,475,543,518,713,521,-1,-1,-1,-1
frame_2366.jpg,197,0,318,0,461,18,629,65,0,120,791,155,92,218,180,281,888,327,256,391,858,454,385,473,537,516,706,520,-1,-1,-1,-1
frame_2376.jpg,325,0,203,6,473,11,91,30,642,50,0,82,7,137,806,132,108,232,202,290,909,297,287,398,886,425,422,472,744,498,576,506
frame_2379.jpg,323,0,200,6,468,11,89,30,640,49,0,83,7,137,805,131,107,232,908,297,285,396,883,425,419,470,738,498,571,504,-1,-1
frame_2381.jpg,323,0,199,7,468,11,89,31,639,50,0,83,8,138,806,133,108,233,909,301,285,397,883,428,418,471,737,500,571,505,-1,-1
frame_2383.jpg,320,0,198,6,467,10,87,30,638,49,0,82,7,137,805,133,107,232,907,300,283,397,881,428,416,470,734,500,567,506,-1,-1
frame_2388.jpg,322,0,199,6,467,11,90,29,638,50,0,82,7,137,805,132,107,231,907,299,284,395,882,427,417,469,736,498,570,503,-1,-1
frame_2395.jpg,366,0,232,9,522,8,108,36,700,51,1,90,873,133,0,149,92,253,972,312,266,428,934,456,406,511,765,541,575,550,-1,-1
frame_2396.jpg,379,0,538,8,241,13,112,41,716,48,1,98,888,125,0,157,96,261,986,296,278,432,952,437,425,511,786,529,596,545,-1,-1
frame_2405.jpg,289,0,146,5,441,10,14,40,600,42,0,97,769,104,930,195,87,214,179,290,1007,361,271,404,962,486,418,498,593,550,788,555
frame_2406.jpg,286,0,141,8,438,7,598,35,11,45,769,95,0,103,929,183,90,217,185,292,1006,346,279,401,963,468,426,490,599,537,791,538
frame_2410.jpg,272,0,414,3,134,12,561,23,8,52,714,70,0,107,857,141,93,210,933,279,288,373,904,388,432,445,763,462,593,475,-1,-1
frame_2413.jpg,384,0,253,4,521,14,668,50,10,62,0,113,805,110,92,203,883,236,180,259,860,340,275,346,412,407,726,415,565,431,-1,-1
frame_2414.jpg,364,0,499,6,238,10,115,30,643,37,5,76,779,89,0,125,89,210,861,210,178,262,843,313,272,343,717,394,408,399,559,417
frame_2419.jpg,456,0,596,1,328,20,732,24,211,54,98,99,829,120,0,160,4,208,830,219,101,272,195,305,724,319,296,359,580,371,434,384
frame_2421.jpg,579,0,723,5,435,15,309,50,836,91,196,96,847,193,0,222,6,267,744,308,105,321,199,346,595,376,303,389,445,403,-1,-1
frame_2423.jpg,609,0,764,12,457,13,324,46,204,92,882,109,94,147,0,218,890,219,8,266,109,325,777,336,205,357,619,403,313,403,460,424
frame_2425.jpg,649,0,487,8,812,17,344,39,218,86,934,126,99,142,0,216,939,244,8,268,117,333,218,369,817,364,333,424,652,430,488,449
frame_2426.jpg,851,0,361,30,226,81,975,113,102,142,0,225,980,236,12,280,130,346,854,363,239,378,686,434,360,436,519,458,-1,-1,-1,-1
frame_2429.jpg,584,0,416,14,767,15,265,46,948,61,123,91,0,161,1066,203,4,221,120,310,1053,335,232,360,353,445,899,449,522,494,707,496
frame_2430.jpg,612,0,436,11,803,19,277,41,994,71,129,84,0,154,3,216,1115,219,120,311,1100,358,235,367,359,457,936,475,536,514,731,521
frame_2432.jpg,679,0,488,2,312,25,889,33,147,62,1095,99,2,130,0,198,1223,268,124,307,248,374,1201,418,381,479,1016,533,573,553,789,572
frame_2433.jpg,709,0,509,0,327,23,925,34,154,62,1138,102,3,131,0,200,1271,279,128,314,257,384,1248,432,396,495,1056,553,595,572,819,593
frame_2435.jpg,761,0,551,5,355,33,987,32,168,78,1210,97,3,156,0,229,1353,271,144,347,287,419,1340,431,443,531,1148,565,663,605,903,618
frame_2438.jpg,399,0,841,12,192,23,1074,75,7,89,0,170,1297,173,147,316,1419,374,292,407,1383,538,451,545,672,644,1171,653,915,681,-1,-1
frame_2441.jpg,605,0,392,11,827,16,189,41,1060,71,8,108,1283,161,0,188,148,329,1414,357,295,415,1386,520,457,549,1181,642,681,643,927,675
frame_2442.jpg,600,0,390,10,819,16,189,37,1046,69,8,104,1267,159,0,183,147,323,1396,350,294,407,1370,511,456,540,1171,630,678,634,921,663
frame_2443.jpg,592,0,385,10,807,14,186,40,1030,66,7,107,1245,153,0,184,148,323,1372,341,292,405,1349,497,454,537,1156,618,674,627,912,654
frame_2445.jpg,568,0,367,10,779,15,176,41,998,66,4,105,1209,153,0,180,138,311,1327,337,274,392,1296,490,425,516,1100,603,633,605,861,633
frame_2447.jpg,363,0,556,4,178,14,757,32,11,64,963,96,0,136,1159,193,126,271,251,358,1260,378,390,488,1222,520,584,585,1029,614,800,628
frame_2448.jpg,371,0,183,9,565,10,765,44,10,57,964,112,0,131,1152,213,130,272,257,360,1248,397,398,494,1209,535,590,593,1022,626,801,637
frame_2454.jpg,414,0,208,3,616,14,811,50,11,54,995,117,0,134,1164,209,153,287,297,378,1251,376,1227,506,465,513,1070,603,667,603,871,630
frame_2455.jpg,413,0,207,8,615,9,807,41,10,64,0,145,1154,192,158,294,1242,354,1221,483,475,513,1070,584,678,595,877,616,-1,-1,-1,-1
frame_2458.jpg,424,0,214,3,626,17,813,55,10,52,984,121,0,136,1144,211,164,296,1227,372,311,387,1211,499,494,526,1072,598,695,611,890,632
frame_2460.jpg,224,0,439,3,641,27,12,45,821,71,0,134,985,140,1137,235,169,306,1214,395,319,401,1198,522,507,547,1068,620,707,634,895,655
frame_2463.jpg,229,0,439,14,13,36,630,47,793,99,0,129,932,171,1063,266,171,313,316,415,1127,417,1115,535,505,563,1003,629,689,647,854,664
frame_2464.jpg,235,0,448,15,12,38,642,49,802,101,0,134,939,174,1066,269,181,326,1129,420,330,429,1118,539,525,578,1014,634,708,661,870,674
frame_2465.jpg,231,0,446,13,9,38,641,47,797,100,0,139,932,173,1057,267,186,338,338,442,1116,538,538,590,1016,636,721,670,878,680,-1,-1
frame_2466.jpg,229,0,438,18,10,33,620,55,770,109,0,136,889,182,1003,274,183,335,1059,419,328,437,1051,532,524,583,961,626,692,659,836,667
frame_2467.jpg,215,0,411,22,9,32,583,61,717,115,0,134,825,186,174,335,312,434,972,520,500,574,656,646,784,651,-1,-1,-1,-1,-1,-1
frame_2470.jpg,14,0,336,12,468,56,0,91,569,110,644,178,717,261,123,279,224,373,746,382,734,475,371,505,668,550,484,573,580,582,-1,-1
frame_2471.jpg,16,0,300,11,420,54,0,88,507,105,574,170,639,249,108,269,196,360,663,365,652,453,331,485,593,525,432,549,518,557,-1,-1
frame_2481.jpg,18,0,264,17,0,68,455,108,73,213,577,246,140,293,588,353,240,411,565,432,327,479,493,486,411,499,-1,-1,-1,-1,-1,-1
frame_2492.jpg,183,0,359,11,12,30,527,38,679,83,0,100,814,150,124,245,987,377,378,454,956,479,532,535,835,549,685,564,-1,-1,-1,-1
frame_2495.jpg,205,0,394,16,15,28,575,48,743,97,0,102,135,259,1031,264,263,352,1095,413,410,487,1068,525,587,577,932,599,763,613,-1,-1
frame_2496.jpg,207,0,397,20,19,22,579,57,0,94,746,112,901,191,128,252,1038,289,252,349,1097,443,394,490,1064,554,567,588,921,624,745,632
frame_2498.jpg,350,0,173,9,531,9,713,39,11,52,897,100,0,119,1071,192,121,251,240,332,1161,357,376,458,1129,488,558,550,960,574,755,588
frame_2500.jpg,523,0,342,1,168,18,712,20,9,71,909,75,0,138,1097,160,122,263,1202,332,245,341,379,462,1173,470,567,552,994,566,776,587
frame_2501.jpg,509,1,332,0,163,16,697,23,11,66,897,79,0,132,1089,169,112,257,227,335,1195,347,352,460,1160,490,535,555,971,583,746,597
frame_2503.jpg,468,0,659,8,297,16,142,46,872,50,6,104,1085,132,0,168,107,282,1209,320,330,468,1172,475,510,557,963,581,723,596,-1,-1
frame_2504.jpg,459,0,296,11,643,12,144,35,847,58,8,90,1050,141,0,152,100,268,1170,328,208,341,313,457,1133,481,486,550,929,582,696,593
frame_2510.jpg,510,0,354,16,704,15,223,48,909,71,104,90,2,156,0,213,1050,256,79,307,1019,432,241,469,390,550,813,558,583,584,-1,-1
frame_2514.jpg,463,0,647,13,317,18,199,51,842,68,93,94,2,156,0,211,974,258,70,303,938,435,208,459,342,540,736,557,520,577,-1,-1
frame_2522.jpg,308,0,189,11,464,9,86,38,660,57,0,95,3,153,863,166,85,260,986,403,226,456,355,560,935,577,522,627,731,650,-1,-1
frame_2530.jpg,300,0,180,8,457,7,78,39,659,52,0,99,11,157,869,160,105,259,1002,388,268,449,404,544,960,552,570,603,768,620,-1,-1
frame_2532.jpg,303,0,182,8,458,13,80,34,658,64,0,91,9,149,862,178,103,254,990,407,260,450,395,548,946,569,560,610,757,633,-1,-1
frame_2533.jpg,305,0,184,6,459,17,80,31,656,70,0,86,8,144,857,188,99,250,983,417,254,447,387,547,937,578,550,613,747,638,-1,-1
frame_2534.jpg,305,0,184,5,457,19,82,28,654,73,0,82,9,139,855,193,97,247,981,426,250,446,380,551,935,589,544,619,742,648,-1,-1
frame_2536.jpg,302,0,184,4,456,17,82,28,653,71,0,80,7,137,855,189,95,244,981,422,248,441,379,545,936,582,544,613,743,641,-1,-1
frame_2537.jpg,300,0,182,4,453,17,80,26,0,78,650,71,6,136,853,190,94,242,980,423,245,442,376,546,935,586,542,616,742,645,-1,-1
frame_2538.jpg,301,0,183,3,454,17,80,27,0,79,651,73,7,136,854,191,94,242,981,424,245,442,376,547,936,587,542,617,743,645,-1,-1
frame_2541.jpg,187,3,306,0,459,17,83,25,0,76,652,73,5,133,851,189,92,240,976,421,242,441,373,547,932,583,539,616,739,644,-1,-1
frame_2543.jpg,334,0,495,1,203,22,706,41,92,58,0,121,927,142,5,182,87,291,1059,389,239,487,1002,579,376,590,554,655,779,669,-1,-1
frame_2545.jpg,536,0,365,1,228,24,746,38,105,62,0,126,961,129,2,189,89,299,1086,354,252,489,1032,536,398,587,585,639,812,637,-1,-1
frame_2547.jpg,381,0,237,25,782,30,108,64,1012,118,0,131,1,193,91,300,1144,340,263,484,1086,522,416,578,852,625,612,628,-1,-1,-1,-1
frame_2550.jpg,286,0,469,0,135,20,685,36,0,55,908,120,1044,327,85,354,176,472,999,499,339,564,780,603,540,611,-1,-1,-1,-1,-1,-1
frame_2552.jpg,459,0,651,6,290,16,134,50,869,50,0,116,1083,136,1,185,116,302,1209,336,234,376,344,500,1171,500,523,589,966,608,733,628
frame_2553.jpg,474,0,671,5,299,18,891,48,137,54,0,122,1107,133,0,193,123,312,1233,331,246,385,1196,497,361,508,547,596,994,606,759,630
frame_2554.jpg,680,0,479,6,905,32,300,33,137,78,1129,104,0,155,5,227,1266,294,137,337,1237,456,394,519,1038,576,804,614,-1,-1,-1,-1
frame_2555.jpg,507,0,322,9,711,15,152,36,936,66,6,98,1157,163,0,170,122,295,245,374,1278,363,367,503,1234,525,556,600,1020,626,777,641
frame_2558.jpg,572,0,367,9,790,15,173,40,1018,68,1,109,1239,160,0,187,149,321,1366,353,290,400,1335,513,443,536,657,627,1133,628,890,657
frame_2562.jpg,461,0,229,11,686,16,901,53,9,71,1103,124,0,156,1282,224,177,318,1370,399,340,409,1337,536,520,557,1168,638,738,646,956,671
frame_2563.jpg,481,0,718,6,237,19,941,36,5,93,1149,100,0,187,1336,195,200,354,1433,373,378,441,1409,518,578,589,1246,634,809,670,1035,681
frame_2565.jpg,503,0,746,5,250,18,969,36,1170,101,5,97,1355,196,0,200,1447,373,212,371,395,460,1425,518,607,607,1267,638,840,684,1062,690
frame_2570.jpg,466,0,236,4,678,20,858,62,8,66,1011,132,0,169,1147,226,190,349,1209,385,345,440,1187,511,542,586,1064,616,732,658,905,662
frame_2573.jpg,217,0,426,2,615,27,10,51,774,71,906,136,0,145,1025,225,166,316,1075,371,303,402,1052,485,480,539,942,577,647,609,801,616
frame_2577.jpg,207,0,391,0,557,27,7,32,687,73,0,127,790,137,882,222,153,299,913,353,273,383,890,453,434,509,803,535,569,569,690,572
frame_2578.jpg,7,0,644,9,0,85,836,149,139,244,867,279,249,323,841,378,847,380,398,440,400,440,758,461,528,497,643,498,649,500,-1,-1
frame_2579.jpg,329,0,168,5,478,17,8,44,600,52,0,127,786,185,122,272,818,309,222,344,796,406,362,456,705,482,485,512,598,516,-1,-1
frame_2583.jpg,269,0,136,5,394,14,500,42,6,49,585,86,0,118,665,151,100,237,694,257,183,296,679,342,305,392,603,412,412,440,509,443
frame_2584.jpg,268,0,394,15,497,44,8,48,584,89,0,114,662,155,99,231,692,261,180,292,673,345,296,386,595,412,402,435,500,440,-1,-1
frame_2586.jpg,254,0,374,13,473,41,8,38,0,95,640,144,90,202,671,244,654,323,277,348,575,384,382,397,479,405,-1,-1,-1,-1,-1,-1
