Filename,x1,y1,x2,y2,x3,y3,x4,y4,x5,y5,x6,y6,x7,y7,x8,y8,x9,y9,x10,y10,x11,y11,x12,y12,x13,y13,x14,y14,x15,y15,x16,y16
frame_0001.jpg,679,0,494,11,870,27,309,44,135,100,1046,106,16,221,1140,249,0,409,1134,433,87,578,1026,596,857,708,235,709,657,778,438,782
frame_0002.jpg,698,0,511,2,322,26,889,37,145,75,1062,125,22,191,1146,273,0,378,1130,456,83,550,1014,611,226,684,840,713,424,765,639,771
frame_0005.jpg,698,0,510,1,322,25,889,38,146,72,1063,129,23,186,1144,280,0,372,1123,465,77,542,1000,619,215,676,823,718,408,760,621,771
frame_0006.jpg,696,0,509,3,321,26,889,38,146,74,1064,128,24,188,1147,280,0,372,1127,466,76,541,1004,621,212,676,823,721,405,761,619,773
frame_0007.jpg,690,0,502,6,885,33,314,34,139,86,1064,119,18,203,1154,270,0,389,1140,457,82,558,1023,617,225,692,845,721,423,773,641,780
frame_0008.jpg,699,0,507,10,897,32,315,42,137,100,1079,119,15,224,1169,272,0,419,1157,465,87,593,1040,630,235,727,862,742,438,806,658,807
frame_0009.jpg,714,0,517,12,917,31,322,45,140,103,1105,117,17,229,1197,273,0,422,1182,467,88,594,1059,633,237,728,875,744,442,807,666,809
frame_0010.jpg,708,0,508,19,915,22,311,62,1109,102,129,128,1212,255,8,262,1210,453,0,462,1096,629,99,637,917,753,260,769,705,832,475,841
frame_0011.jpg,722,0,519,18,932,25,317,59,1129,108,131,126,8,260,1233,264,0,464,1230,465,100,643,1113,644,930,768,262,779,715,846,481,854
frame_0012.jpg,733,0,529,20,945,24,326,62,1143,105,135,130,1249,261,9,268,1248,463,0,473,1133,644,102,654,950,772,269,790,732,853,493,864
frame_0013.jpg,738,0,531,19,953,25,325,62,1154,108,134,131,1262,267,7,271,1263,473,0,480,1147,659,103,665,962,788,272,804,742,871,500,881
frame_0014.jpg,741,0,959,21,531,24,322,73,1163,101,129,147,1271,262,3,295,1273,471,0,511,1159,660,111,695,977,795,286,831,758,884,516,901
frame_0016.jpg,758,0,983,23,539,24,323,74,1189,112,124,155,1289,279,0,312,1278,492,5,533,1155,678,122,718,970,809,298,849,757,896,522,914
frame_0017.jpg,748,0,977,19,527,27,311,81,1189,107,116,164,1294,276,0,319,1285,490,13,535,1162,675,134,713,978,805,310,841,765,889,533,905
frame_0018.jpg,756,0,987,20,533,27,314,81,1198,110,116,167,1301,279,0,328,1289,494,18,547,1168,678,144,727,986,808,324,852,777,894,547,913
frame_0021.jpg,770,0,547,12,997,36,325,51,123,124,1198,139,0,276,1287,312,10,492,1261,518,127,673,1129,688,944,800,297,804,736,871,512,876
frame_0022.jpg,770,0,547,16,998,34,326,56,123,129,1200,133,0,282,1290,304,10,497,1266,510,128,676,1136,679,951,795,300,806,742,868,517,876
frame_0023.jpg,770,0,547,20,999,30,325,63,1205,125,123,141,1299,297,0,297,1278,506,10,513,1149,681,129,693,962,801,302,822,752,879,523,889
frame_0024.jpg,768,0,545,20,999,28,324,64,1208,126,122,144,1305,298,0,302,1288,511,11,521,1160,690,130,704,972,813,306,834,759,893,528,903
frame_0025.jpg,779,0,554,15,1011,35,329,57,124,132,1217,137,0,289,1310,313,8,510,1286,525,127,696,1154,701,966,820,302,830,753,895,522,903
frame_0027.jpg,783,0,555,16,1015,35,331,56,125,131,1223,137,0,286,1316,313,8,505,1289,523,126,688,1155,698,964,815,299,821,750,888,519,894
frame_0030.jpg,786,0,559,12,1018,39,334,49,127,121,1222,144,0,275,1312,322,5,495,1283,533,120,681,1145,705,291,817,954,820,740,891,509,893
frame_0031.jpg,780,0,554,18,1011,32,329,61,1216,131,123,139,0,298,1310,306,1286,516,12,517,1155,691,134,699,969,811,309,829,758,888,529,898
frame_0032.jpg,775,0,549,19,1007,30,325,63,1213,127,122,142,1306,300,0,299,1282,508,12,515,1150,683,132,695,963,802,306,822,753,879,525,889
frame_0033.jpg,779,0,552,11,1011,38,328,46,126,115,1218,146,0,267,1304,326,0,481,1269,538,108,667,1125,709,271,804,928,821,484,884,712,887
frame_0035.jpg,773,0,544,17,1008,36,321,59,120,135,1217,141,0,291,1307,323,9,508,1276,537,124,690,1137,711,292,822,945,826,732,895,506,897
frame_0036.jpg,776,0,546,17,1013,35,321,59,119,134,1223,140,0,287,1311,321,8,501,1276,534,122,680,1132,706,287,810,937,817,498,883,723,884
frame_0037.jpg,767,0,539,18,1002,33,316,61,1213,136,117,138,0,292,1303,315,12,504,1272,527,127,680,1131,698,293,809,939,811,727,879,504,880
frame_0039.jpg,769,0,542,13,1004,38,319,51,120,123,1212,145,0,272,1298,324,5,483,1262,536,116,662,1118,703,279,794,924,812,488,871,711,875
frame_0040.jpg,752,0,525,22,993,29,305,68,1212,131,112,144,0,293,1310,312,10,498,1279,529,118,672,1130,703,276,801,929,816,484,877,710,880
frame_0041.jpg,769,0,538,15,1008,36,316,56,117,131,1220,145,0,286,1310,326,12,500,1277,540,126,680,1134,711,292,810,940,821,503,885,728,885
frame_0042.jpg,336,0,1037,4,131,69,1241,120,4,220,1312,309,0,434,1253,522,100,617,1092,686,253,752,890,788,455,834,675,843,-1,-1,-1,-1
frame_0043.jpg,763,0,534,12,1004,34,317,46,122,111,1221,136,2,246,1310,309,0,438,1265,509,98,603,1105,667,250,728,897,763,453,804,676,814
frame_0051.jpg,624,0,825,9,438,30,1015,77,259,80,97,157,1118,223,0,293,1119,412,13,476,1017,579,116,629,855,699,268,739,665,763,-1,-1
frame_0052.jpg,628,0,443,20,825,20,264,60,1010,100,102,127,1105,254,0,258,5,440,1098,446,98,599,989,609,241,718,822,719,630,770,-1,-1
frame_0059.jpg,615,0,432,17,811,23,256,52,993,105,98,114,0,237,1081,254,2,410,1062,439,89,561,946,590,223,674,779,688,400,741,593,744
frame_0060.jpg,639,0,455,8,832,32,278,36,115,90,1009,123,8,211,1090,278,0,389,1065,462,79,548,943,611,210,670,772,705,387,747,582,756
frame_0061.jpg,629,0,446,12,824,29,269,44,109,102,1004,115,5,225,1089,269,0,402,1070,456,83,560,950,609,215,680,780,707,393,755,589,762
frame_0062.jpg,626,0,443,13,822,28,267,45,108,103,1002,115,4,225,1088,270,0,400,1067,457,81,557,945,611,212,677,774,708,387,753,583,761
frame_0063.jpg,619,0,436,15,816,27,260,50,103,110,998,112,2,232,1086,268,0,407,1066,457,83,562,947,611,214,681,775,709,391,754,585,762
frame_0066.jpg,628,0,444,18,822,23,266,55,1001,102,103,118,0,245,1089,250,0,423,1077,434,91,578,965,590,230,694,800,695,612,759,414,761
frame_0067.jpg,621,0,438,18,815,22,263,56,996,103,102,119,0,245,1088,255,0,425,1077,443,88,582,964,603,226,700,797,708,607,754,408,754
frame_0068.jpg,622,0,438,19,818,23,260,57,1000,105,100,123,0,251,1088,259,4,432,1074,447,95,588,961,605,234,704,797,709,611,771,415,772
frame_0069.jpg,623,0,437,19,822,22,258,59,1005,104,97,124,0,254,1093,257,9,433,1077,443,102,585,964,598,243,697,801,699,616,760,423,762
frame_0070.jpg,618,0,818,17,431,25,253,69,1002,94,94,139,1095,243,0,270,1086,430,12,448,976,588,111,597,815,693,254,707,631,759,437,766
frame_0071.jpg,618,0,818,14,431,26,254,72,1005,90,94,145,1100,239,0,277,1091,428,13,457,982,588,111,607,819,697,255,715,634,765,439,774
frame_0072.jpg,620,0,821,14,432,27,255,73,1011,91,96,147,1106,244,0,278,1094,436,11,457,980,598,106,608,813,707,247,718,625,774,430,779
frame_0073.jpg,613,0,818,15,426,26,250,71,1012,93,94,141,1111,249,0,270,7,446,1098,444,99,597,980,608,237,710,807,714,616,776,418,776
frame_0075.jpg,618,0,824,18,429,25,253,68,1021,98,96,137,1121,258,0,266,6,444,1107,457,96,598,985,623,232,716,809,729,413,787,613,790
frame_0076.jpg,623,0,830,20,434,23,258,65,1026,102,98,134,0,263,1125,262,5,442,1111,464,93,598,988,629,230,717,810,735,412,790,614,794
frame_0077.jpg,623,0,830,16,434,26,255,72,1026,95,97,143,1128,254,0,275,10,455,1119,455,103,611,1002,622,245,728,827,732,431,797,632,797
frame_0078.jpg,636,0,843,18,444,24,263,68,1038,100,100,140,1137,260,0,274,9,458,1125,459,105,617,1007,626,249,735,834,735,639,801,436,803
frame_0079.jpg,641,0,850,18,447,24,266,68,1046,102,100,139,1144,261,0,272,6,456,1130,462,99,614,1009,630,242,733,831,739,634,804,428,803
frame_0080.jpg,644,0,857,19,450,23,266,68,1057,104,103,138,1156,270,0,272,5,458,1139,476,96,618,1012,646,237,740,830,754,424,814,629,817
frame_0082.jpg,657,0,456,21,878,27,269,62,1084,122,102,131,0,265,1180,298,4,452,1153,510,93,615,1015,678,231,742,825,780,414,822,621,833
frame_0083.jpg,666,0,462,18,889,29,271,57,104,124,1096,127,0,257,1190,305,4,444,1160,517,93,608,1018,682,230,735,825,781,414,817,620,832
frame_0084.jpg,673,0,467,16,896,30,276,55,106,120,1103,131,0,253,1198,310,1,440,1165,522,89,605,1020,688,226,734,825,785,410,818,618,834
frame_0086.jpg,690,0,481,14,918,35,289,50,117,114,1131,140,7,244,1224,327,0,433,1185,546,80,603,1030,714,214,738,825,810,398,829,609,853
frame_0088.jpg,689,0,475,19,925,30,279,60,109,128,1151,136,2,261,1253,328,0,450,1215,557,83,620,1054,731,217,755,841,830,403,849,619,873
frame_0089.jpg,690,0,475,20,930,29,279,63,109,132,1159,134,3,265,1263,329,0,453,1224,560,82,623,1061,735,217,759,845,835,403,853,620,879
frame_0091.jpg,671,0,909,22,461,25,270,71,1140,120,103,142,0,277,1253,310,1,465,1227,542,87,634,1073,724,224,768,860,830,415,860,635,881
frame_0096.jpg,671,0,903,19,465,26,275,73,1127,110,107,145,2,280,1241,293,0,469,1221,520,85,638,1073,705,225,773,865,818,640,871,418,861
frame_0097.jpg,685,0,918,22,475,25,285,70,1144,116,117,140,7,272,1255,303,0,461,1228,536,80,632,1072,722,215,770,858,832,406,864,629,885
frame_0099.jpg,666,0,893,18,464,27,279,75,1114,102,116,144,9,271,1230,280,0,455,1213,509,77,621,1064,697,210,757,852,810,400,848,623,866
frame_0100.jpg,656,0,875,19,460,25,281,69,1088,102,120,136,12,257,1201,274,0,436,1186,495,70,600,1041,679,200,735,832,792,386,827,606,845
frame_0102.jpg,622,0,826,14,439,26,269,70,1026,89,117,134,14,247,1131,247,0,416,1118,453,67,569,983,629,189,695,788,737,366,778,574,792
frame_0105.jpg,593,0,424,18,777,19,262,55,953,90,113,111,12,220,1046,231,0,385,1039,414,71,533,926,573,193,652,755,675,367,726,563,732
frame_0106.jpg,594,0,427,14,773,22,265,47,940,93,116,100,14,206,1027,230,0,369,1018,405,70,516,909,556,193,633,744,655,363,704,557,710
frame_0107.jpg,602,0,436,10,776,26,273,40,121,90,937,99,16,195,1017,234,0,359,1006,405,69,508,900,551,192,625,739,646,364,696,555,701
frame_0108.jpg,606,0,442,9,778,26,279,37,126,87,934,99,19,190,1012,230,0,353,999,396,68,501,894,540,190,617,735,636,361,687,552,690
frame_0109.jpg,602,0,438,8,771,23,278,36,126,84,927,95,19,188,1005,225,0,349,993,389,67,495,888,532,187,610,730,628,356,679,547,682
frame_0110.jpg,594,0,433,9,763,24,275,37,125,86,918,96,19,189,995,227,0,349,983,393,64,496,878,536,182,611,720,631,350,682,539,685
frame_0111.jpg,580,0,422,12,748,23,267,41,123,92,903,93,20,193,981,223,0,350,969,391,61,494,863,536,174,608,703,631,337,678,523,684
frame_0112.jpg,562,0,406,14,729,21,255,45,885,89,114,96,16,197,964,220,0,351,952,387,61,491,847,531,173,602,690,626,331,671,513,678
frame_0114.jpg,548,0,395,12,711,20,248,41,111,90,864,88,15,188,942,216,0,339,931,380,60,476,828,520,168,585,674,611,323,653,500,660
frame_0115.jpg,565,0,411,8,727,27,261,33,120,78,876,98,20,173,949,227,0,324,933,389,58,463,828,525,166,576,673,612,321,647,498,657
frame_0116.jpg,589,0,432,4,279,27,751,29,132,70,897,103,26,167,966,232,0,321,947,393,57,465,840,529,165,580,683,616,324,654,505,663
frame_0117.jpg,581,0,426,8,743,27,275,32,131,77,891,98,26,174,960,228,0,327,940,391,52,469,830,529,156,583,671,618,312,656,492,665
frame_0118.jpg,561,0,407,11,723,23,261,39,122,86,874,93,22,182,947,224,0,333,928,390,52,471,819,530,154,582,660,619,306,654,483,665
frame_0120.jpg,503,0,670,7,354,25,219,65,834,64,96,122,923,196,11,220,0,362,914,371,54,490,804,524,152,594,642,620,295,661,467,670
frame_0121.jpg,483,0,649,3,337,30,813,57,205,74,85,134,903,184,6,234,899,361,0,376,57,501,795,514,158,602,640,614,301,664,469,667
frame_0122.jpg,473,0,637,1,328,32,800,53,198,76,79,137,891,178,3,238,887,352,0,378,58,500,785,505,158,596,632,603,300,655,465,657
frame_0123.jpg,632,0,468,2,325,35,796,50,195,80,79,141,888,177,4,241,884,350,0,378,60,500,782,502,158,595,628,601,298,653,462,655
frame_0127.jpg,645,0,474,3,325,38,817,52,192,87,74,151,912,184,0,255,908,365,0,396,62,519,801,523,162,616,642,624,305,675,471,678
frame_0130.jpg,650,0,472,9,319,50,834,49,185,104,70,173,940,187,0,281,941,378,7,423,73,547,832,543,179,644,669,649,324,703,493,706
frame_0134.jpg,675,0,481,9,319,53,876,55,181,110,64,183,989,207,0,298,986,412,15,444,90,570,869,581,200,668,700,684,350,730,522,736
frame_0135.jpg,685,0,484,7,321,51,894,62,181,106,65,178,1010,218,0,292,1003,426,16,437,90,563,880,594,199,663,704,693,348,730,522,741
frame_0136.jpg,684,0,484,3,318,43,892,65,179,95,63,164,1009,226,0,276,18,420,1002,434,91,545,877,596,200,647,699,690,346,716,518,733
frame_0137.jpg,687,0,486,1,322,39,895,68,181,90,64,158,1007,229,0,270,14,414,995,435,87,539,868,594,194,640,692,685,341,710,510,727
frame_0138.jpg,495,0,696,3,327,35,904,76,186,82,67,149,1014,244,0,261,12,408,997,454,81,537,865,613,186,643,685,701,330,718,502,739
frame_0141.jpg,488,1,693,0,318,40,903,72,175,93,58,166,1019,238,0,284,28,432,1013,447,112,559,894,607,228,658,724,699,378,725,548,741
frame_0143.jpg,520,0,731,13,345,31,195,76,939,98,70,142,0,258,1038,274,13,408,1006,482,85,539,864,633,191,645,683,713,335,719,503,744
frame_0144.jpg,534,0,746,22,355,24,203,63,952,116,74,124,0,236,1041,295,7,386,996,502,72,521,173,630,848,645,315,709,663,717,481,739
frame_0145.jpg,530,0,747,18,350,27,197,68,962,113,70,130,0,243,1060,297,10,391,1020,509,77,524,180,632,868,654,322,714,678,725,492,746
frame_0147.jpg,527,0,743,13,347,30,196,73,962,102,71,136,0,249,1065,282,12,395,1029,491,80,525,186,632,880,640,331,710,690,716,503,740
frame_0149.jpg,532,0,757,14,347,29,195,71,986,109,69,134,0,246,1083,296,11,395,1060,516,81,528,187,640,906,667,334,725,707,740,512,762
frame_0151.jpg,509,0,724,7,332,33,184,80,946,90,63,148,0,264,1063,265,22,413,1044,481,101,544,909,634,215,649,726,715,365,725,540,749
frame_0152.jpg,505,0,715,7,331,35,184,82,930,86,62,151,1045,259,0,268,23,420,1033,467,105,551,904,623,221,655,727,709,373,728,546,748
frame_0153.jpg,511,0,719,11,336,31,189,76,929,93,65,144,0,263,1041,265,23,417,1028,470,106,551,901,624,224,656,728,710,377,730,549,749
frame_0154.jpg,517,0,725,12,342,30,192,75,932,96,66,142,0,261,1041,266,22,416,1026,470,107,551,901,624,224,658,729,710,376,731,550,749
frame_0155.jpg,520,0,728,11,345,32,195,78,937,93,68,148,0,270,1048,266,24,426,1033,473,108,562,908,628,226,669,734,718,381,741,554,758
frame_0157.jpg,511,0,720,6,336,35,189,83,935,84,64,154,1052,256,0,276,25,433,1044,468,110,569,920,629,231,675,747,720,388,748,564,764
frame_0158.jpg,511,0,719,6,337,34,188,82,932,84,64,153,1050,254,0,275,23,431,1042,464,109,567,920,624,230,673,746,717,387,745,565,760
frame_0159.jpg,512,0,723,5,339,34,190,82,938,82,67,151,1055,253,0,271,21,425,1045,465,102,560,917,626,220,668,737,718,376,742,554,759
frame_0161.jpg,517,0,733,2,339,38,959,79,190,89,66,161,1083,257,0,282,21,437,1071,478,100,574,935,649,218,684,748,741,375,761,555,784
frame_0162.jpg,724,0,509,7,332,52,952,67,185,110,63,188,1087,236,0,313,1092,457,30,468,118,602,966,635,242,707,784,738,406,777,592,790
frame_0166.jpg,774,0,554,11,371,61,1003,63,213,125,78,206,1132,233,0,331,1127,465,11,495,90,637,987,660,212,751,788,777,381,825,579,836
frame_0168.jpg,785,0,570,2,387,44,1004,66,227,100,88,174,1125,232,2,293,0,456,1113,455,69,600,970,643,187,717,768,754,356,795,555,809
frame_0171.jpg,795,0,569,15,1034,55,381,67,223,133,87,214,1173,228,2,337,1170,475,0,503,67,650,1016,685,182,773,793,810,353,856,565,870
frame_0172.jpg,827,0,594,11,405,61,1073,61,245,124,105,200,1206,246,14,318,0,482,1194,506,57,634,1026,722,166,763,787,841,334,858,546,888
frame_0175.jpg,783,0,549,26,1041,45,365,90,212,165,1213,224,80,251,0,378,1235,500,4,548,74,701,1087,743,194,831,846,887,372,926,599,947
frame_0177.jpg,832,0,603,19,1076,54,415,77,256,149,111,235,1224,232,14,365,1224,500,0,545,58,709,1061,740,172,846,822,887,350,940,575,954
frame_0179.jpg,837,0,605,16,1083,58,416,74,258,146,117,230,1227,252,18,359,0,539,1212,535,50,703,1034,777,153,845,785,916,319,948,537,975
frame_0180.jpg,419,0,1081,2,260,68,118,151,1214,199,19,278,0,457,1189,483,48,621,1004,716,146,761,757,845,306,863,515,894,-1,-1,-1,-1
frame_0181.jpg,839,0,615,4,429,41,1074,61,269,103,127,180,1199,254,24,301,0,476,1167,525,43,637,981,747,138,775,737,867,293,877,499,912
frame_0182.jpg,632,2,851,0,446,44,1076,72,286,103,141,177,1193,260,31,296,0,469,1159,525,38,631,978,743,132,771,735,864,288,876,496,910
frame_0184.jpg,641,0,861,3,458,40,1090,80,302,96,156,166,43,284,1212,278,0,462,1178,561,25,635,106,790,984,795,256,890,-1,-1,-1,-1
frame_0186.jpg,878,0,632,17,1137,68,441,81,284,156,144,241,1273,296,38,369,0,553,1222,628,22,726,98,884,996,899,238,1009,711,1027,-1,-1
frame_0199.jpg,666,0,880,19,477,48,327,126,1027,184,207,212,97,307,15,437,1047,477,0,611,37,770,907,762,682,927,120,904,-1,-1,-1,-1
frame_0200.jpg,685,0,889,21,494,39,341,114,1014,186,217,199,104,293,17,420,1007,463,0,590,858,723,34,740,117,868,646,884,250,954,432,963
frame_0203.jpg,626,0,814,13,453,45,317,116,934,157,206,196,101,282,21,398,936,416,0,554,797,666,25,693,95,812,592,824,386,895,214,889
frame_0204.jpg,611,0,799,9,442,50,305,124,919,151,199,207,96,295,19,413,919,411,0,568,783,666,25,706,95,824,580,828,210,903,377,906
frame_0205.jpg,595,0,785,9,426,52,292,129,903,152,187,213,88,303,15,421,905,414,0,575,770,667,29,711,100,826,572,827,217,902,379,906
frame_0206.jpg,590,0,777,10,420,50,288,124,895,151,182,204,84,291,13,405,893,406,0,555,758,651,30,686,98,795,563,802,212,869,370,875
frame_0208.jpg,617,0,795,20,452,38,317,102,207,175,901,167,106,255,26,365,884,417,0,514,21,649,739,653,81,764,540,795,189,846,346,859
frame_0209.jpg,621,0,802,24,455,37,321,101,212,173,903,170,108,253,28,361,883,419,0,509,19,642,734,651,78,757,535,791,185,839,339,853
frame_0210.jpg,621,0,799,21,454,36,321,99,213,171,903,167,110,250,30,358,885,416,0,506,18,640,737,652,76,756,536,792,183,838,340,855
frame_0212.jpg,610,0,791,16,445,41,311,108,900,163,205,183,104,264,25,375,886,418,0,524,19,659,739,660,78,776,538,806,186,858,343,873
frame_0213.jpg,607,0,791,18,440,43,309,111,902,169,203,187,103,269,25,380,889,430,0,530,18,666,742,677,78,785,537,824,184,870,339,885
frame_0214.jpg,589,0,775,13,422,48,291,120,890,163,188,200,92,286,18,400,885,430,0,551,24,685,743,681,88,802,541,830,195,883,350,897
frame_0215.jpg,587,0,775,13,415,49,283,125,891,169,182,208,86,295,15,412,882,441,0,563,28,698,738,693,92,813,540,842,200,894,352,909
frame_0217.jpg,615,0,805,27,443,38,308,104,201,177,916,193,103,257,26,367,890,466,0,517,19,654,730,710,72,774,523,843,175,865,327,892
frame_0218.jpg,616,0,806,28,443,37,307,102,202,174,919,195,103,254,25,364,897,475,0,514,16,653,735,721,72,777,524,855,173,872,325,896
frame_0221.jpg,612,0,815,28,434,41,298,110,193,184,934,208,96,266,23,378,907,505,0,529,19,668,736,759,72,792,172,891,519,888,320,928
frame_0222.jpg,604,0,809,29,428,43,292,113,189,188,931,212,94,271,21,382,906,515,0,533,17,673,735,773,71,799,169,900,516,901,318,933
frame_0223.jpg,597,0,801,24,418,47,286,120,181,196,89,280,19,393,907,513,0,543,19,682,737,774,75,806,175,906,518,905,321,940,-1,-1
frame_0224.jpg,592,0,799,23,413,48,280,122,179,200,927,206,87,285,17,398,907,516,0,548,21,688,739,780,75,812,175,912,519,911,322,944
frame_0225.jpg,589,0,792,22,410,46,276,120,178,197,921,206,86,281,16,394,902,516,0,545,19,683,735,779,75,808,173,908,517,908,-1,-1
frame_0226.jpg,582,0,787,22,405,49,273,124,173,203,917,205,83,288,16,403,901,514,0,553,22,692,737,779,80,816,179,915,520,912,324,945
frame_0227.jpg,579,0,784,18,400,51,267,130,168,212,78,300,12,417,896,514,0,569,24,707,732,779,84,829,521,914,183,924,329,959,-1,-1
frame_0229.jpg,578,0,787,15,399,55,267,134,922,198,167,217,78,305,12,421,907,511,0,572,25,708,739,778,84,830,526,915,184,924,330,959
frame_0230.jpg,577,0,786,15,396,55,265,136,921,198,165,218,77,308,11,424,908,513,0,576,24,713,742,784,82,835,527,922,184,932,333,967
frame_0232.jpg,582,0,793,16,402,55,269,135,932,198,169,217,79,305,13,422,921,514,0,573,25,713,754,788,83,837,536,928,186,936,336,967
frame_0233.jpg,583,0,795,15,402,57,270,138,935,198,169,222,80,311,13,429,926,517,0,582,26,723,760,794,86,849,541,937,190,947,-1,-1
frame_0234.jpg,592,0,805,10,406,58,272,142,949,194,172,228,81,318,13,437,940,515,0,591,29,731,774,795,89,856,551,940,194,954,347,983
frame_0235.jpg,600,0,822,9,411,59,275,142,972,191,172,228,79,318,12,436,968,513,0,589,28,730,795,794,90,854,200,953,356,979,-1,-1
frame_0238.jpg,889,0,297,121,1056,165,182,214,80,311,9,438,1051,493,0,599,35,744,869,783,108,871,628,939,230,968,406,997,-1,-1,-1,-1
frame_0240.jpg,754,0,1012,22,529,51,355,129,1181,202,220,216,101,309,16,434,1182,517,0,601,39,753,989,802,124,887,721,959,265,988,469,1016
frame_0244.jpg,810,0,592,11,410,61,1038,57,253,126,113,205,1174,231,16,328,1171,487,0,503,53,662,1012,713,158,797,780,851,326,893,541,914
frame_0246.jpg,807,0,594,8,411,56,1030,56,252,119,109,198,1161,219,11,319,1159,457,0,490,63,645,1013,669,177,772,795,801,350,856,566,867
frame_0247.jpg,820,0,608,9,1034,53,424,56,259,121,108,203,1161,208,7,329,1167,435,0,507,1036,643,72,662,831,782,200,787,606,859,386,861
frame_0248.jpg,835,0,624,3,438,47,1047,58,268,109,114,188,1171,212,9,315,1177,433,0,496,1050,635,74,655,848,772,206,781,623,852,400,855
frame_0250.jpg,638,0,852,4,448,37,1062,70,274,94,116,170,1179,228,10,295,1176,448,0,475,76,636,1043,642,208,762,842,769,398,840,619,841
frame_0252.jpg,639,0,850,8,450,33,1057,77,277,83,120,153,1171,237,14,272,0,448,1162,451,70,605,1025,638,197,732,822,757,382,812,600,821
frame_0254.jpg,637,0,849,11,447,31,272,80,1058,84,115,149,1170,244,12,268,0,441,1159,458,70,597,1020,642,196,724,817,758,379,806,596,817
frame_0255.jpg,649,0,863,14,456,28,281,74,1072,92,122,139,16,256,1181,253,0,428,1165,465,70,584,1022,645,194,712,816,756,377,795,593,811
frame_0257.jpg,655,0,867,20,463,23,283,65,1072,99,123,126,16,241,1179,260,0,413,1165,468,72,572,1028,642,200,701,826,750,386,787,605,803
frame_0258.jpg,665,0,475,18,873,24,293,55,1071,107,129,113,18,227,1172,265,0,402,1156,467,70,562,1020,637,199,693,823,742,386,779,605,795
frame_0259.jpg,677,0,487,10,881,30,304,40,137,92,1074,118,22,203,1172,277,0,380,1156,474,70,545,1025,640,202,680,829,742,392,772,612,792
frame_0260.jpg,700,0,508,3,320,26,902,41,147,73,1089,139,26,184,1177,301,0,367,1152,501,70,539,1017,661,200,681,822,758,389,777,607,802
frame_0262.jpg,538,0,734,7,345,15,165,55,936,57,1118,163,36,163,1194,330,0,347,63,522,1154,523,186,668,1007,677,808,763,373,769,590,800
frame_0263.jpg,541,0,737,10,349,11,169,47,939,63,40,151,1120,171,0,332,1196,337,58,509,1153,531,178,658,1003,681,362,764,801,765,581,799
frame_0264.jpg,536,0,731,5,343,15,165,56,933,55,1117,160,37,163,1196,329,0,345,61,523,1161,528,186,673,1016,686,816,775,375,779,596,812
frame_0265.jpg,720,0,521,2,327,28,928,42,149,77,1120,143,27,193,1207,313,0,380,1177,516,70,555,1035,679,201,700,835,777,394,798,616,823
frame_0266.jpg,524,0,724,0,327,22,932,46,147,69,1122,150,25,184,1208,318,0,372,1178,518,75,548,1037,676,209,692,839,772,402,789,623,815
frame_0267.jpg,535,0,736,2,336,21,941,50,152,67,1127,154,26,183,1210,321,0,373,1179,519,76,551,1040,677,213,695,846,771,409,792,630,816
frame_0268.jpg,732,0,530,0,330,24,939,44,144,74,1128,145,21,193,1215,311,0,387,1190,510,82,565,1057,671,225,708,865,771,426,801,650,820
frame_0270.jpg,559,0,758,8,353,14,157,58,955,60,1130,163,23,180,1210,324,0,387,1190,515,92,579,1069,673,248,730,892,776,460,821,685,832
frame_0271.jpg,569,0,767,9,361,17,962,59,160,61,1134,159,22,187,1214,317,0,398,1195,504,97,592,1079,663,259,740,907,768,476,826,702,830
frame_0272.jpg,566,0,765,4,357,22,961,49,157,71,1135,145,20,200,1216,301,0,414,1200,489,100,607,1086,651,265,753,916,762,713,831,485,834
frame_0273.jpg,755,0,555,1,345,27,953,42,145,82,1130,134,12,217,1218,288,0,433,1210,476,109,625,1102,642,936,758,282,767,735,833,506,842
frame_0274.jpg,561,0,761,4,348,22,957,50,143,75,1132,146,9,211,1220,300,0,434,1214,488,117,631,1111,652,950,768,295,777,752,843,523,852
frame_0275.jpg,581,0,782,7,366,19,976,56,156,68,1147,154,15,202,1230,308,0,427,1221,495,114,629,1115,657,954,771,293,776,754,846,523,855
frame_0278.jpg,612,0,820,10,386,17,1021,63,167,68,1197,168,19,208,1280,332,0,448,1266,528,114,663,1153,697,982,817,298,820,775,895,536,903
frame_0280.jpg,628,0,395,7,835,14,164,52,1031,73,1199,181,8,202,1279,343,0,456,1270,534,136,684,1171,701,1017,823,340,845,822,907,586,923
frame_0281.jpg,645,0,415,12,849,15,183,60,1039,72,1201,178,21,208,1277,336,0,465,1266,526,1166,693,128,691,1009,816,328,850,815,904,576,925
frame_0282.jpg,630,0,833,11,402,15,1022,64,173,67,1186,166,17,218,1264,321,0,473,1257,507,1160,674,132,696,1008,799,335,849,816,890,581,917
frame_0283.jpg,617,0,820,11,390,15,1010,65,166,66,1177,168,14,216,1260,326,0,468,1254,516,1156,686,130,691,1001,811,328,847,808,899,573,921
frame_0284.jpg,632,0,836,11,403,14,1028,66,174,65,1191,170,16,219,1270,329,0,475,1261,520,1165,690,133,702,1012,818,337,861,820,910,584,932
frame_0285.jpg,631,0,838,7,400,19,1036,59,170,77,1205,163,16,233,1288,326,0,492,1280,523,1178,700,130,718,1018,831,330,877,821,922,582,932
frame_0286.jpg,645,0,860,8,410,18,1062,65,178,73,1236,176,21,232,1316,346,0,493,1302,550,125,723,1190,728,1021,859,322,887,817,930,-1,-1
frame_0288.jpg,672,0,899,10,426,19,1112,70,183,79,1291,190,20,245,1367,371,0,513,1343,583,127,747,1219,765,1039,894,323,912,-1,-1,-1,-1
frame_0289.jpg,691,0,922,12,438,15,190,73,1139,76,1318,199,23,240,1390,382,0,509,1358,594,125,743,1226,772,1041,895,321,905,-1,-1,-1,-1
frame_0294.jpg,717,0,445,9,962,17,183,71,1179,88,1345,224,14,252,1383,416,0,521,1327,622,125,747,1174,787,983,899,309,899,771,973,537,977
frame_0297.jpg,699,0,934,14,437,15,1142,81,176,81,1304,206,9,266,1353,385,0,540,1303,583,1168,747,139,760,993,862,332,901,794,945,565,965
frame_0298.jpg,698,0,930,13,434,14,1135,79,175,77,1295,204,6,264,1344,382,0,537,1293,581,1160,745,137,758,986,862,330,901,788,945,562,965
frame_0300.jpg,684,0,915,13,428,16,1123,78,172,81,1282,201,8,265,1332,379,0,535,1283,578,1150,742,134,753,977,858,325,895,779,941,552,959
frame_0304.jpg,689,0,433,10,916,16,179,70,1120,83,1275,207,13,246,1322,382,0,510,1270,576,129,729,1136,735,961,847,315,873,765,925,541,940
frame_0305.jpg,693,0,438,8,918,18,184,66,1120,86,1274,210,16,242,1319,385,0,509,1268,579,127,728,1135,738,961,851,312,874,763,927,539,943
frame_0306.jpg,695,0,441,8,921,18,187,64,1121,86,1277,213,19,238,1321,389,0,503,1268,584,124,724,1132,742,956,852,306,870,758,929,533,941
frame_0307.jpg,692,0,440,8,919,19,187,64,1121,89,1275,214,19,238,1322,390,0,501,1268,585,124,722,1134,744,957,854,307,871,758,930,532,942
frame_0308.jpg,696,0,441,7,921,19,187,62,1121,88,1274,214,20,235,1321,392,0,500,1268,587,123,722,1131,744,955,855,305,869,756,931,532,943
frame_0309.jpg,694,0,441,6,921,19,187,62,1120,87,1275,213,18,234,1321,389,0,500,1268,583,124,721,1133,741,958,852,308,868,759,928,534,940
frame_0310.jpg,699,0,443,6,924,19,190,60,1124,89,1276,215,19,235,1321,391,0,500,1268,585,124,721,1132,743,956,853,306,869,758,930,533,942
frame_0311.jpg,699,0,445,5,926,20,190,60,1126,91,1280,219,20,233,1322,396,0,498,1266,591,120,720,1127,748,951,858,302,870,751,932,526,944
frame_0312.jpg,696,0,443,7,924,21,189,63,1126,92,1280,220,21,236,1323,398,0,501,1267,594,121,722,1128,752,950,861,302,870,751,936,526,945
frame_0313.jpg,692,0,438,9,922,19,184,67,1125,89,1280,216,18,240,1324,396,0,504,1266,591,121,723,1126,749,948,859,301,871,748,934,524,943
frame_0314.jpg,694,0,436,9,923,19,184,66,1127,88,1284,216,18,241,1327,396,0,504,1270,594,121,722,1129,752,949,861,300,870,748,934,524,942
frame_0315.jpg,690,0,434,11,920,18,181,69,1126,86,1283,214,16,244,1328,392,0,507,1271,588,124,725,1132,748,953,858,303,870,752,932,527,943
frame_0316.jpg,691,0,436,9,922,18,184,66,1127,87,1284,214,16,241,1330,393,0,503,1274,590,123,722,1134,748,955,857,305,868,755,931,529,941
frame_0317.jpg,692,0,437,10,923,18,184,68,1127,87,1284,214,18,243,1328,392,0,505,1272,589,123,725,1133,748,954,858,303,871,754,934,528,944
frame_0318.jpg,691,0,437,10,922,18,184,68,1126,86,1284,213,18,243,1329,391,0,506,1273,588,122,722,1134,747,954,856,304,869,754,932,529,942
frame_0319.jpg,688,0,433,10,917,16,180,69,1122,84,1281,210,16,243,1328,389,0,505,1274,585,123,723,1135,745,956,855,305,869,755,931,529,941
frame_0320.jpg,692,0,437,9,921,18,185,66,1124,86,1283,214,18,240,1329,392,0,502,1273,590,122,722,1134,749,955,859,303,870,753,934,527,943
frame_0321.jpg,692,0,436,10,920,18,183,68,1126,87,1282,213,17,242,1329,392,0,504,1274,589,122,724,1135,749,956,859,303,871,754,934,529,945
frame_0323.jpg,695,0,440,8,924,18,187,64,1127,86,1284,214,19,237,1330,391,0,500,1275,588,122,720,1135,746,957,857,303,868,756,932,529,942
frame_0324.jpg,696,0,441,7,925,19,189,62,1129,88,1284,215,20,235,1329,393,0,498,1274,590,121,718,1134,748,955,859,302,868,754,933,526,941
frame_0325.jpg,699,0,443,7,929,19,189,63,1131,89,1286,217,21,236,1332,397,0,500,1274,595,121,722,1134,754,954,864,301,871,752,938,525,947
frame_0327.jpg,700,0,445,6,932,21,189,61,1135,93,1292,223,21,233,1335,403,0,496,1275,599,121,716,1133,755,952,863,300,865,750,934,524,941
frame_0328.jpg,698,0,440,7,929,20,187,63,1134,92,1291,221,19,236,1334,402,0,499,1275,598,120,717,1132,756,950,863,299,866,748,935,522,942
frame_0329.jpg,695,0,439,9,927,19,185,67,1133,89,1290,219,18,242,1335,399,0,504,1275,597,121,723,1132,755,952,864,300,871,749,937,524,945
frame_0330.jpg,696,0,439,8,928,20,185,64,1134,91,1290,219,18,238,1335,399,0,500,1274,595,122,719,1133,753,952,861,302,865,750,932,525,940
frame_0332.jpg,707,0,449,4,937,23,194,56,1143,97,1298,228,23,228,1338,408,0,490,1276,604,119,712,1132,760,296,862,949,866,745,936,520,940
frame_0333.jpg,703,0,446,6,937,23,192,59,1142,96,1299,228,22,232,1339,410,0,495,1278,607,119,716,1133,765,296,867,950,871,746,941,519,945
frame_0334.jpg,701,0,443,6,934,21,188,61,1141,92,1298,223,20,233,1342,404,0,495,1280,602,120,714,1136,759,952,866,299,865,748,937,521,942
frame_0336.jpg,700,0,443,7,933,19,189,62,1141,91,1300,222,19,235,1342,403,0,497,1282,602,120,718,1138,759,953,866,298,867,750,937,523,944
frame_0337.jpg,703,0,446,5,936,21,192,59,1142,93,1300,224,22,231,1343,404,0,494,1283,601,120,714,1139,759,955,866,300,865,751,937,524,942
frame_0338.jpg,716,0,457,0,949,27,201,48,1154,104,27,216,1309,237,1348,418,0,479,1283,614,116,702,1135,768,292,856,949,871,743,937,515,938
frame_0339.jpg,699,0,440,10,937,18,188,67,1151,88,1318,221,21,238,1368,408,0,498,1308,613,118,717,1159,774,297,871,969,882,758,950,525,952
frame_0345.jpg,1049,0,360,22,1252,70,134,107,1362,233,0,277,1373,442,21,526,1273,634,175,731,1107,780,392,868,899,886,650,923,-1,-1,-1,-1
frame_0346.jpg,814,0,1034,9,590,13,356,70,1235,90,132,163,1349,249,0,341,1369,459,27,595,1282,656,190,800,1126,810,925,927,413,931,677,977
frame_0347.jpg,825,0,1044,16,602,31,1244,89,364,94,134,194,1359,237,0,380,1385,436,1311,627,37,637,1167,784,219,835,976,910,459,952,731,977
frame_0349.jpg,1048,0,808,5,577,59,1281,61,344,142,1423,219,128,252,0,437,1460,446,1368,674,22,690,1194,858,177,893,966,1000,405,1024,691,1053
frame_0370.jpg,304,0,179,1,413,15,63,24,520,57,0,109,619,128,673,233,5,268,684,354,89,413,641,459,204,522,566,533,468,580,342,581
frame_0371.jpg,180,0,298,4,64,18,399,22,497,64,0,99,584,134,631,230,4,252,637,341,84,393,597,438,193,497,526,505,437,548,321,550
frame_0372.jpg,180,0,293,5,68,15,390,23,481,64,2,93,563,130,606,222,0,242,610,329,74,381,571,422,180,483,505,488,418,531,304,536
frame_0374.jpg,174,0,287,5,64,16,383,24,474,65,0,96,553,132,596,224,3,247,602,330,79,388,565,424,500,491,184,489,418,534,307,540
frame_0379.jpg,190,0,77,9,304,12,399,36,488,83,6,85,565,155,0,237,601,250,598,357,69,381,554,447,169,488,485,508,398,547,288,546
frame_0380.jpg,191,0,78,9,305,12,400,37,490,84,8,85,565,156,0,237,601,251,599,358,68,381,554,448,167,488,484,509,398,547,287,546
frame_0384.jpg,195,0,82,8,308,14,405,39,493,88,10,84,569,161,0,234,604,256,600,363,66,378,552,452,162,486,480,513,281,545,392,549
frame_0386.jpg,192,0,79,9,309,12,405,36,494,84,10,84,569,157,0,234,606,252,601,359,66,377,554,448,164,484,482,509,283,542,394,545
frame_0387.jpg,195,0,81,9,311,13,407,38,496,86,10,83,574,159,0,234,610,254,606,362,67,378,557,451,165,485,485,512,284,545,396,549
frame_0389.jpg,196,0,81,9,312,12,409,37,498,84,10,85,575,157,0,235,610,253,606,360,65,379,558,450,163,486,486,511,283,544,396,548
frame_0390.jpg,195,0,311,10,80,12,409,33,501,79,10,88,577,152,0,239,615,248,611,356,67,382,564,447,166,488,491,509,288,546,401,547
frame_0391.jpg,195,0,311,9,79,13,411,31,505,78,8,93,584,151,621,249,0,246,616,358,70,389,569,451,169,495,495,514,290,552,405,553
frame_0394.jpg,199,0,323,7,77,17,428,29,524,76,5,104,607,151,645,253,0,268,638,368,75,416,589,465,180,523,514,532,421,575,304,577
frame_0395.jpg,197,0,322,6,77,18,429,26,527,71,2,108,609,145,647,246,0,271,642,360,77,417,593,456,184,521,518,524,426,569,309,573
frame_0396.jpg,199,0,322,4,77,19,429,23,526,68,4,108,610,141,649,240,0,270,646,353,78,415,597,450,522,518,185,518,430,563,312,569
frame_0401.jpg,311,0,186,6,413,12,67,35,512,50,596,118,0,134,639,217,5,301,642,332,598,436,88,445,529,512,200,541,442,567,327,583
frame_0402.jpg,305,0,411,6,181,10,510,40,63,45,596,106,0,147,642,204,8,315,646,322,604,427,96,455,535,507,208,548,449,565,336,585
frame_0404.jpg,406,0,299,0,176,18,508,29,60,60,597,91,0,167,647,187,653,306,16,333,614,414,105,468,546,498,219,554,461,560,347,585
frame_0405.jpg,403,0,299,2,174,22,504,26,58,67,595,85,0,176,644,181,652,300,17,340,614,408,106,473,547,493,461,557,222,556,350,585
frame_0406.jpg,402,0,294,5,502,24,172,30,57,80,644,177,0,192,653,297,19,359,615,408,111,489,551,495,466,563,226,570,354,594,-1,-1
frame_0408.jpg,414,0,306,3,181,23,513,28,63,70,600,89,641,189,0,184,639,315,7,352,594,418,89,485,522,503,435,568,198,567,322,596
frame_0410.jpg,418,0,310,4,518,26,184,25,65,74,603,88,645,187,0,189,641,309,5,356,592,419,84,488,518,505,427,570,190,570,314,599
frame_0411.jpg,417,0,309,4,518,26,183,26,63,75,604,87,644,188,0,191,641,310,6,358,593,421,87,492,519,508,430,574,192,574,315,602
frame_0412.jpg,416,0,311,2,185,20,515,28,66,67,599,90,0,181,638,190,633,312,2,349,583,421,78,483,508,506,180,568,418,571,304,598
frame_0413.jpg,413,0,308,3,183,23,512,26,65,72,594,89,634,189,0,188,629,310,2,358,580,421,81,492,506,507,419,574,185,576,306,603
frame_0414.jpg,416,0,309,2,184,22,512,27,66,70,593,88,629,187,0,187,623,306,1,355,573,415,78,488,500,500,412,566,181,569,303,596
frame_0415.jpg,417,0,310,4,513,26,185,25,65,75,594,89,630,188,0,194,623,309,3,363,572,418,80,494,498,503,411,570,181,574,300,599
frame_0416.jpg,419,0,312,4,186,24,515,27,66,76,597,90,633,191,0,195,623,312,3,365,572,421,79,497,498,507,410,573,180,577,301,603
frame_0417.jpg,419,0,313,4,186,24,516,28,67,74,598,91,0,194,623,314,3,364,571,423,77,496,498,508,408,574,180,576,298,602,-1,-1
frame_0418.jpg,421,0,315,3,187,24,518,28,67,74,598,91,632,191,0,193,622,313,1,362,568,422,76,494,494,506,405,571,175,574,295,600
frame_0419.jpg,418,0,312,4,515,26,186,26,65,77,596,88,630,189,0,198,620,309,2,368,569,419,78,499,495,504,407,571,179,577,297,601
frame_0420.jpg,421,0,313,4,517,26,186,26,67,78,597,88,632,189,0,198,622,310,1,367,568,419,77,498,493,504,405,571,177,577,295,600
frame_0421.jpg,420,0,312,5,517,24,186,28,67,81,598,86,633,186,0,201,623,308,2,370,569,417,79,499,495,503,406,569,178,576,297,600
frame_0423.jpg,426,0,318,4,191,24,523,28,72,74,602,91,633,192,3,194,621,313,0,362,564,421,72,493,488,505,397,569,170,572,289,598
frame_0425.jpg,422,0,317,2,192,22,516,28,72,71,593,90,623,190,3,191,609,308,0,358,555,414,73,488,480,497,393,561,170,565,285,590
frame_0426.jpg,422,0,318,1,193,19,515,28,72,67,590,91,619,189,2,186,606,307,0,355,551,412,74,485,477,493,391,557,168,562,284,586
frame_0427.jpg,425,0,322,1,197,18,518,31,75,66,593,96,2,189,620,196,604,315,0,361,549,421,73,493,476,503,390,567,169,571,284,595
frame_0430.jpg,424,0,319,3,518,27,191,24,68,77,594,90,623,191,0,201,606,312,0,372,551,418,476,501,73,500,389,566,170,575,283,596
frame_0431.jpg,417,0,310,7,513,26,184,30,590,89,65,86,620,190,0,213,608,310,2,383,553,417,481,502,77,510,395,569,175,582,290,601
frame_0432.jpg,422,0,316,7,516,24,188,34,594,85,66,91,624,185,0,217,611,305,3,387,556,413,482,498,79,512,395,566,176,582,290,600
frame_0433.jpg,421,0,312,9,515,24,186,36,593,84,64,94,625,183,0,221,613,303,4,390,559,411,486,496,82,513,401,564,181,583,295,599
frame_0434.jpg,420,0,313,9,516,22,186,37,594,84,65,96,625,184,0,225,614,305,5,397,558,415,487,502,83,522,402,572,183,591,297,607
frame_0438.jpg,418,0,312,8,513,22,185,35,591,81,63,94,623,184,0,221,611,300,5,391,558,409,486,496,82,516,403,565,182,585,296,601
frame_0440.jpg,419,0,311,9,513,22,185,37,591,82,65,96,623,181,0,224,610,300,6,393,559,409,487,496,84,518,402,565,182,587,297,602
frame_0441.jpg,416,0,310,10,511,22,183,38,590,82,64,98,623,181,0,226,611,301,6,396,560,410,487,497,83,519,404,567,183,589,297,603
frame_0444.jpg,421,0,312,9,518,22,185,38,598,84,64,99,629,184,0,230,618,306,7,402,565,417,493,505,86,527,408,575,187,596,301,611
frame_0446.jpg,422,0,316,8,520,23,187,36,600,84,63,97,0,226,621,307,7,399,568,417,495,505,87,524,410,574,188,594,303,610,-1,-1
frame_0449.jpg,424,0,315,9,521,23,186,37,600,84,64,97,635,184,0,228,625,306,8,403,576,418,503,507,90,531,419,579,196,602,312,616
frame_0450.jpg,429,0,320,6,525,24,190,32,604,86,66,91,637,187,0,222,626,310,6,398,574,420,502,509,87,527,415,579,190,600,308,616
frame_0451.jpg,430,0,323,6,526,26,192,30,606,88,68,87,640,190,0,216,626,311,3,391,574,421,501,507,83,521,413,577,186,595,306,613
frame_0452.jpg,430,0,322,8,529,26,192,34,607,87,67,92,642,189,0,222,630,311,5,400,579,423,506,512,87,531,420,584,191,605,310,621
frame_0453.jpg,433,0,325,7,530,26,193,32,609,88,68,89,643,189,0,221,630,311,4,399,581,423,507,511,88,530,422,583,193,604,313,620
frame_0454.jpg,439,0,331,3,535,29,199,25,72,79,613,94,644,196,0,210,631,319,1,390,577,429,502,516,81,525,415,587,185,602,305,621
frame_0455.jpg,438,0,329,4,535,28,199,25,73,78,612,93,645,194,0,208,632,317,0,388,580,428,506,516,81,524,417,587,185,602,307,622
frame_0457.jpg,432,0,324,4,530,28,194,26,69,79,612,91,650,192,0,208,646,315,9,392,601,428,531,518,97,531,446,592,208,610,334,630
frame_0460.jpg,343,0,454,5,208,14,553,40,74,61,636,111,0,188,674,217,670,343,5,384,623,458,96,537,552,548,462,620,215,628,347,655
frame_0461.jpg,354,0,468,6,215,13,571,44,76,59,657,116,0,190,695,352,8,390,648,469,105,548,576,562,485,635,228,642,365,669,-1,-1
frame_0462.jpg,363,0,478,9,221,11,582,48,81,54,668,122,0,183,709,230,705,359,4,385,658,476,102,547,584,568,490,640,228,644,368,674
frame_0463.jpg,370,0,227,8,488,11,84,47,593,53,680,129,0,176,721,240,720,370,4,383,672,488,103,550,597,581,502,654,231,653,376,686
frame_0464.jpg,378,0,233,6,499,11,87,45,604,55,694,132,0,176,737,243,735,376,5,386,686,495,107,557,610,589,515,663,239,661,386,695
frame_0466.jpg,399,0,248,3,519,16,93,38,628,62,715,142,0,167,759,254,757,386,1,384,709,507,107,564,632,600,532,676,245,673,399,709
frame_0467.jpg,419,0,266,2,543,17,107,36,652,65,741,146,6,169,782,260,778,395,0,392,726,517,107,577,646,614,544,691,247,690,405,726
frame_0469.jpg,435,0,275,5,563,15,107,46,677,62,772,144,2,191,817,264,816,405,0,434,766,536,120,631,687,643,583,731,271,745,441,776
frame_0470.jpg,440,0,274,9,572,13,102,56,687,60,786,143,0,208,832,265,836,409,9,457,788,544,710,654,136,654,607,745,295,767,466,794
frame_0471.jpg,442,0,577,10,274,14,699,54,99,65,800,136,0,221,852,258,857,404,15,471,811,541,734,654,148,666,630,749,311,776,487,801
frame_0472.jpg,455,0,593,12,283,11,716,59,819,144,0,219,870,270,874,421,10,476,824,561,743,676,143,679,636,772,307,795,487,823,-1,-1
frame_0474.jpg,481,0,302,8,625,15,114,56,750,67,855,158,0,221,908,289,911,447,8,495,860,593,776,714,146,713,665,815,320,838,507,868
frame_0475.jpg,503,0,318,3,647,20,121,48,773,76,878,171,0,215,932,304,935,462,11,500,886,609,801,729,158,726,690,830,340,855,532,884
frame_0476.jpg,511,0,323,2,658,20,123,46,784,78,889,174,0,214,945,309,947,470,8,505,895,619,808,742,155,737,694,845,337,869,533,901
frame_0477.jpg,511,0,325,2,658,20,126,45,785,75,893,169,0,209,948,303,953,463,3,498,905,613,818,739,151,733,703,844,340,867,542,891
frame_0503.jpg,78,0,210,51,0,53,334,117,426,188,511,278,0,283,588,386,116,553,659,645,645,762,265,768,422,885,538,896,-1,-1,-1,-1
frame_0504.jpg,215,2,2,0,342,71,435,145,520,236,0,234,597,348,645,476,117,509,666,608,653,727,267,728,608,812,424,849,542,861,-1,-1
frame_0507.jpg,32,0,308,24,451,111,551,196,0,264,638,297,712,416,751,551,120,582,759,686,733,810,283,827,460,952,594,959,-1,-1,-1,-1
frame_0550.jpg,264,0,396,9,134,12,521,31,640,80,36,78,740,161,0,207,773,269,37,336,741,387,120,443,648,477,244,519,524,527,387,545
frame_0551.jpg,378,0,245,0,504,14,117,19,629,56,26,93,735,131,0,223,778,238,47,349,751,360,136,451,663,455,543,512,264,519,407,537
frame_0553.jpg,267,0,411,3,125,17,545,23,672,70,24,97,777,148,0,239,817,256,793,376,60,374,709,470,166,480,592,529,308,545,457,558
frame_0554.jpg,387,0,250,6,520,10,117,31,647,46,23,111,757,117,801,222,0,246,778,344,54,371,691,444,152,470,571,506,287,530,434,539
frame_0555.jpg,373,0,507,4,235,11,641,38,106,42,759,108,18,125,810,217,0,260,790,345,56,384,702,451,153,482,578,517,289,543,438,552
frame_0556.jpg,497,0,361,1,222,17,636,29,93,53,760,97,10,139,818,207,0,276,804,339,64,400,720,449,168,496,598,520,308,553,458,559
frame_0557.jpg,501,1,364,0,224,16,639,31,92,52,763,99,8,138,820,209,0,278,808,340,66,403,725,450,173,500,605,522,316,557,466,561
frame_0558.jpg,504,0,365,2,223,20,644,28,91,58,770,95,7,149,829,205,0,290,817,339,69,416,735,451,177,511,613,525,321,566,473,568
frame_0562.jpg,535,0,388,2,239,22,682,29,99,61,814,99,9,156,874,214,0,304,860,353,71,435,772,470,185,534,643,548,336,591,496,593
frame_0563.jpg,545,0,396,2,244,20,697,30,103,60,833,102,12,154,896,219,0,301,880,362,69,435,789,481,184,538,654,559,337,598,502,603
frame_0565.jpg,561,0,407,2,251,22,719,30,106,64,861,104,12,162,927,228,0,315,912,378,71,454,816,503,188,561,677,584,346,625,517,630
frame_0566.jpg,577,0,419,2,259,22,737,32,111,64,882,109,14,162,948,235,0,318,930,387,70,459,830,514,188,569,686,597,349,636,523,642
frame_0567.jpg,584,0,422,4,259,26,749,31,109,70,899,107,12,171,972,236,0,330,958,394,74,474,858,525,196,586,711,611,363,653,543,659
frame_0568.jpg,592,0,427,7,761,29,261,33,107,81,917,105,9,188,994,236,0,354,985,399,80,503,886,539,209,617,739,631,383,683,568,685
frame_0570.jpg,624,0,451,7,802,30,276,34,115,83,966,110,11,194,1047,247,0,366,1037,417,82,522,934,562,217,642,778,659,400,713,597,715
frame_0571.jpg,642,0,463,9,827,30,284,40,119,93,998,110,12,208,1084,253,0,387,1074,432,84,548,967,586,223,674,805,689,412,747,616,750
frame_0573.jpg,678,0,488,11,876,30,299,42,125,98,1059,114,12,217,1152,264,0,404,1142,451,87,571,1026,612,233,702,852,720,433,779,649,783
frame_0575.jpg,730,0,530,5,329,33,934,39,142,87,1121,133,17,211,1216,293,0,414,1206,494,93,600,1087,665,249,747,906,778,463,836,693,843
frame_0576.jpg,758,0,554,3,347,30,965,40,153,83,1154,136,21,209,1248,296,0,416,1237,495,95,605,1114,665,257,753,930,778,477,840,714,844
frame_0577.jpg,776,0,568,5,358,34,988,37,160,89,1184,132,23,220,1284,295,0,431,1276,500,95,625,1153,677,261,777,962,797,491,867,738,869
frame_0578.jpg,798,0,583,6,367,36,1020,40,166,92,1227,141,26,224,1334,316,0,440,1324,535,91,642,1191,723,257,805,988,847,748,914,490,905
frame_0581.jpg,825,0,598,13,1059,32,374,54,165,121,1280,129,21,264,1396,307,0,491,1393,536,102,699,1258,739,280,862,1047,876,798,959,527,959
frame_0582.jpg,827,0,601,13,1060,35,377,52,167,117,1279,133,22,260,1395,312,0,487,1389,539,101,694,1254,739,277,856,1043,875,525,954,795,956
frame_0584.jpg,810,0,593,9,1032,35,373,45,166,106,1238,130,22,247,1346,300,0,471,1341,517,103,675,1216,708,279,833,1019,839,783,921,522,924
frame_0585.jpg,793,0,580,8,1010,37,364,41,161,101,1210,131,20,240,1313,298,0,462,1307,508,101,663,1186,694,275,818,994,823,766,903,512,906
frame_0587.jpg,731,0,528,16,941,29,325,55,1136,115,136,120,12,252,1237,274,0,459,1231,477,98,643,1114,656,932,779,260,782,717,855,481,860
frame_0588.jpg,695,0,497,18,903,22,302,58,1100,99,124,120,9,245,1203,250,0,433,1199,445,92,601,1081,615,246,730,897,733,684,802,455,805
frame_0589.jpg,666,0,476,18,868,23,288,57,1059,101,117,118,8,241,1162,251,0,427,1160,444,92,593,1049,612,241,722,872,727,667,796,446,797
frame_0590.jpg,655,0,472,12,846,29,288,45,119,100,1023,110,9,219,1114,254,0,402,1107,436,88,565,998,595,232,690,832,701,637,764,427,763
frame_0592.jpg,618,0,448,5,276,29,792,31,115,77,951,109,10,186,1030,241,0,358,1021,407,83,512,921,548,219,630,771,643,401,698,595,699
frame_0593.jpg,609,0,444,1,277,21,775,33,119,63,925,111,14,169,998,242,0,338,986,401,78,490,888,538,208,608,742,628,384,678,571,681
frame_0594.jpg,594,0,435,1,271,20,755,33,117,61,900,110,14,164,970,237,0,328,957,392,76,477,862,524,201,592,720,611,372,659,553,663
frame_0596.jpg,548,0,396,7,704,25,243,30,100,76,847,93,8,175,919,212,0,329,913,362,76,467,826,491,198,573,691,578,534,631,361,633
frame_0598.jpg,529,0,384,5,678,26,236,26,97,68,813,92,9,162,880,206,0,308,871,346,72,438,786,466,187,537,656,548,506,595,342,595
frame_0602.jpg,503,0,368,3,230,21,640,26,100,57,764,89,14,145,825,196,0,282,815,328,62,405,733,442,168,502,611,517,312,559,467,561
frame_0604.jpg,475,0,346,4,607,22,215,23,91,60,728,79,10,144,790,180,0,275,784,306,62,393,709,416,166,484,593,490,456,534,306,536
frame_0605.jpg,464,0,337,4,594,23,209,22,89,58,714,81,10,139,774,181,0,267,768,306,60,383,693,414,160,473,577,486,296,526,442,527
frame_0606.jpg,454,0,330,5,583,20,204,25,86,62,701,76,9,141,762,174,0,267,757,298,60,381,684,405,158,468,571,477,438,519,294,519
frame_0607.jpg,448,0,324,6,574,19,200,27,83,64,690,73,7,146,750,168,0,272,746,289,62,384,677,396,568,469,163,469,439,513,297,516
frame_0608.jpg,443,0,321,5,569,21,196,24,80,60,684,77,5,141,742,174,0,267,736,296,61,378,665,400,159,464,556,470,428,511,290,512
frame_0609.jpg,451,0,328,1,203,18,574,23,85,51,686,79,8,129,740,175,0,253,731,292,60,364,660,391,158,449,552,458,288,497,426,498
frame_0610.jpg,458,1,336,0,211,13,580,28,92,43,688,87,12,120,739,182,0,243,728,297,58,354,656,393,154,440,547,458,284,491,421,494
frame_0611.jpg,453,0,331,1,206,14,575,25,87,46,683,82,9,125,735,176,0,248,726,291,59,359,656,388,158,444,550,453,424,492,287,492
frame_0613.jpg,454,0,332,2,207,17,575,24,87,50,683,80,9,128,734,171,0,252,726,284,62,362,658,381,162,445,553,447,430,487,293,489
frame_0614.jpg,453,0,331,1,207,16,574,24,86,50,681,80,8,127,732,173,0,250,724,285,62,361,656,381,162,443,551,447,428,486,292,488
frame_0615.jpg,453,0,332,0,207,12,574,26,88,43,681,83,9,121,732,175,0,245,722,288,61,356,653,383,159,439,548,447,425,485,289,485
frame_0618.jpg,338,0,458,5,214,9,94,36,578,35,681,96,13,110,727,190,0,232,712,300,56,343,639,392,150,428,533,451,276,479,410,484
frame_0619.jpg,341,0,461,7,217,6,96,30,579,39,682,101,15,102,726,195,0,223,710,305,54,334,637,395,147,421,530,451,272,475,406,481
frame_0621.jpg,339,0,217,5,457,8,100,28,574,41,18,99,674,106,716,202,0,219,696,313,48,331,619,403,135,419,510,458,255,475,386,485
frame_0622.jpg,334,0,213,6,452,7,96,30,570,40,16,99,671,103,714,199,0,218,695,309,49,327,618,398,136,415,510,453,256,470,387,480
frame_0623.jpg,333,0,451,8,213,6,97,29,569,40,16,99,670,103,713,199,0,217,694,309,49,327,617,398,135,414,509,453,255,469,386,480
frame_0625.jpg,331,0,448,7,210,8,95,32,566,38,669,99,16,102,713,194,0,218,695,303,50,326,619,393,136,412,510,448,257,466,387,476
frame_0626.jpg,333,0,451,6,212,8,97,33,569,37,671,100,18,103,714,196,0,220,695,308,48,329,617,398,133,416,508,454,252,471,383,482
frame_0627.jpg,331,0,450,6,211,7,97,32,569,37,672,100,18,102,717,197,0,219,698,310,48,328,619,401,133,415,508,456,252,471,383,483
frame_0629.jpg,327,0,445,4,206,10,565,34,93,36,670,94,14,108,717,191,0,225,699,304,49,333,622,397,135,419,511,454,255,473,386,483
frame_0630.jpg,330,0,450,5,209,8,95,33,570,35,675,98,16,104,720,195,0,222,702,310,48,331,623,402,134,418,512,458,253,474,386,485
frame_0632.jpg,332,0,454,4,210,11,576,35,95,39,684,99,16,112,730,200,0,233,710,319,48,344,629,415,134,434,514,473,254,490,387,502
frame_0633.jpg,339,0,464,3,213,11,590,34,95,40,701,101,15,116,747,204,0,240,725,325,51,353,640,423,139,442,523,482,260,499,394,510
frame_0634.jpg,349,0,477,7,220,8,99,34,606,42,17,108,718,112,763,219,0,233,739,341,50,349,650,437,137,442,529,493,260,502,396,518
frame_0635.jpg,364,0,233,5,495,9,109,27,625,47,22,101,737,120,0,226,781,229,46,344,751,352,132,441,658,448,532,501,256,506,396,524
frame_0636.jpg,373,0,240,2,505,12,115,22,636,54,25,94,749,129,0,219,793,239,46,340,764,362,132,440,669,458,258,509,541,510,401,531
frame_0637.jpg,374,0,240,5,507,10,114,28,640,48,24,102,756,122,0,228,804,232,46,350,777,358,135,450,682,458,553,514,264,517,410,538
frame_0639.jpg,389,0,252,5,525,10,124,27,664,50,30,101,785,129,0,231,834,246,42,357,803,381,128,463,699,484,258,537,561,542,409,563
frame_0640.jpg,388,0,251,7,526,8,122,31,668,46,28,106,793,124,0,236,844,242,42,359,813,378,128,464,708,483,259,537,566,541,412,562
frame_0642.jpg,390,0,530,7,252,9,123,35,675,45,29,110,805,122,0,240,858,243,41,365,829,383,128,472,720,492,260,548,574,551,416,573
frame_0643.jpg,390,0,532,5,251,11,122,39,680,41,27,116,814,117,870,240,0,246,42,372,840,383,129,478,729,495,261,554,580,556,419,579
frame_0644.jpg,391,0,535,2,251,13,686,36,121,44,823,112,27,121,882,237,0,253,42,378,851,382,130,484,738,497,263,559,586,559,423,583
frame_0645.jpg,395,0,540,5,256,12,124,41,690,42,29,119,826,122,883,249,0,252,40,380,850,398,126,490,735,513,258,569,581,575,417,597
frame_0646.jpg,532,0,387,0,248,16,684,31,118,49,823,104,25,129,884,229,0,262,857,377,44,387,134,492,746,494,594,561,270,565,430,588
frame_0647.jpg,532,0,387,3,248,23,684,29,118,58,823,101,26,141,885,227,0,276,858,377,46,403,748,498,137,508,596,568,272,579,433,599
frame_0648.jpg,527,0,382,4,245,24,680,28,117,61,820,100,25,143,883,225,0,276,856,378,44,401,744,500,132,506,590,570,266,579,426,599
frame_0650.jpg,507,0,365,8,660,24,233,33,110,72,803,91,22,153,868,216,0,282,843,368,42,403,730,493,126,504,576,564,256,574,412,594
frame_0651.jpg,501,0,360,11,654,22,229,37,108,78,798,89,21,160,863,214,0,289,836,370,40,409,722,496,123,510,567,568,250,579,405,598
frame_0652.jpg,504,0,362,10,659,24,232,35,110,75,803,93,24,157,867,221,0,285,836,378,37,405,717,503,117,506,559,572,241,577,395,599
frame_0653.jpg,505,0,364,9,661,27,232,31,111,70,806,99,25,150,869,227,0,278,836,386,37,398,116,500,716,509,238,574,556,576,392,600
frame_0655.jpg,526,0,379,4,245,26,686,30,121,62,834,109,30,142,895,247,0,272,33,397,853,413,107,504,722,537,228,585,553,600,383,618
frame_0656.jpg,530,0,382,7,245,29,695,30,121,67,848,109,30,147,911,248,0,276,31,400,867,416,104,506,728,543,225,588,555,606,381,622
frame_0657.jpg,532,0,381,7,244,29,698,29,120,66,855,110,29,148,919,252,0,277,30,401,874,424,103,510,734,551,224,593,557,613,381,628
frame_0658.jpg,534,0,384,6,246,26,701,31,121,63,859,115,31,145,924,263,0,275,31,401,879,437,105,512,738,565,225,599,560,626,383,638
frame_0659.jpg,530,0,379,5,243,26,698,30,120,64,856,114,30,146,923,261,0,277,33,403,880,434,108,514,741,563,230,599,564,624,388,638
frame_0662.jpg,523,0,365,15,705,24,225,43,101,91,881,108,16,184,958,266,0,322,43,451,918,455,127,561,777,593,255,646,596,662,417,681
frame_0663.jpg,527,0,368,8,228,32,708,33,103,75,880,126,17,168,953,289,0,308,43,439,910,476,125,553,769,606,252,641,590,667,412,681
frame_0664.jpg,382,0,537,4,243,13,116,48,709,47,25,134,869,149,0,271,931,312,35,404,879,491,112,521,735,610,232,614,559,659,386,663
frame_0665.jpg,377,0,532,5,238,12,114,44,703,49,24,128,863,148,0,263,910,305,36,395,874,483,113,511,734,601,232,606,559,650,386,653
frame_0666.jpg,374,0,530,0,236,17,705,39,111,55,22,144,872,141,941,292,0,282,33,417,875,493,109,536,743,623,230,633,563,677,386,683
frame_0667.jpg,525,0,367,4,226,24,706,38,103,65,879,138,19,155,0,294,951,307,40,428,899,495,120,545,756,624,242,639,575,680,399,686
frame_0670.jpg,538,0,375,1,231,18,722,41,104,56,18,148,895,145,0,288,963,315,41,422,910,502,121,540,760,628,245,634,579,680,401,683
frame_0671.jpg,375,1,537,0,231,18,722,42,105,56,18,146,895,144,0,285,964,312,42,418,911,498,123,535,763,620,249,628,583,671,406,676
frame_0672.jpg,527,0,365,6,220,28,712,35,95,72,888,134,13,167,960,302,0,308,48,442,914,491,134,555,771,619,261,645,594,676,419,686
frame_0673.jpg,528,0,364,6,218,28,715,35,93,73,892,133,11,169,963,299,0,311,50,443,914,485,138,554,771,611,265,641,595,668,421,681
frame_0674.jpg,531,0,365,5,219,27,719,39,91,71,895,142,9,170,0,313,964,313,50,447,912,499,137,559,768,623,264,647,592,678,420,688
frame_0675.jpg,542,0,374,3,225,22,734,42,95,65,911,150,10,164,0,306,975,322,47,441,917,507,133,555,768,628,259,644,590,680,416,687
frame_0676.jpg,383,0,555,3,231,16,748,50,99,57,13,154,925,164,0,299,986,342,48,434,921,529,131,551,255,643,767,645,585,690,411,691
frame_0677.jpg,385,0,558,7,232,13,99,51,750,59,12,148,924,177,0,295,981,356,48,432,914,540,132,549,255,642,760,650,408,692,580,694
frame_0679.jpg,255,0,408,0,579,14,116,19,763,79,21,111,921,211,0,259,960,387,41,402,121,524,881,560,238,623,726,658,386,679,552,689
frame_0681.jpg,262,0,416,8,124,21,583,36,27,110,761,111,912,245,0,258,37,403,945,422,112,529,865,589,228,631,711,681,373,693,538,707
frame_0682.jpg,256,0,407,6,121,22,571,31,749,102,25,108,903,231,0,250,37,391,942,404,113,513,867,570,229,615,714,663,376,676,541,690
frame_0683.jpg,237,0,387,1,552,21,104,26,732,84,13,114,894,206,0,257,950,377,47,396,132,518,891,546,256,617,747,647,409,673,576,681
frame_0684.jpg,246,0,396,2,110,27,560,23,739,89,18,118,896,214,0,266,945,386,44,411,128,535,882,556,251,636,738,658,402,690,569,695
frame_0685.jpg,399,0,248,1,563,18,113,29,744,81,20,121,903,204,0,268,951,377,44,411,126,534,886,548,248,633,738,654,399,687,567,691
frame_0686.jpg,391,0,242,2,559,16,109,31,742,76,17,121,906,197,0,265,958,370,44,404,128,525,894,543,250,623,746,646,403,678,573,683
frame_0687.jpg,387,0,237,8,553,10,103,42,736,64,13,138,903,179,0,286,963,349,49,426,908,528,138,546,267,641,766,641,594,687,424,689
frame_0688.jpg,382,0,231,10,551,8,98,45,737,59,10,142,908,173,0,289,972,344,53,430,920,522,145,549,779,637,276,644,607,686,435,691
frame_0689.jpg,384,0,554,8,231,11,96,49,745,59,8,148,920,175,0,298,987,351,54,439,932,535,147,560,788,651,279,655,612,698,439,702
frame_0691.jpg,560,0,379,4,223,25,768,45,88,72,963,161,4,177,0,329,1038,348,58,470,980,546,152,590,823,673,290,684,637,725,453,732
frame_0692.jpg,573,0,386,4,225,26,789,47,88,74,994,170,3,182,0,337,1070,366,57,481,1005,572,152,603,289,701,839,699,644,750,455,753
frame_0693.jpg,588,0,393,5,228,30,816,47,89,80,1032,175,4,190,0,347,1110,381,55,492,1038,596,149,617,286,718,859,726,458,774,653,774
frame_0694.jpg,593,0,392,10,224,37,831,43,85,91,1063,174,1,204,0,362,1134,388,60,509,1079,611,158,634,300,738,894,745,477,794,679,796
frame_0695.jpg,599,0,395,14,225,45,845,41,85,101,1083,169,0,216,3,375,63,522,1101,618,164,648,310,750,913,757,489,807,694,809,-1,-1
frame_0696.jpg,592,0,390,15,838,39,220,47,80,105,1079,167,0,222,6,381,1161,383,71,529,1112,614,176,654,325,754,928,753,710,808,504,809
frame_0697.jpg,591,0,389,16,832,37,220,49,81,107,1069,162,0,225,1166,373,6,385,74,532,1105,599,180,655,924,743,329,754,712,800,509,805
frame_0698.jpg,595,0,392,19,841,35,223,53,82,113,1083,157,0,231,1179,371,6,391,74,538,1117,601,182,661,934,744,329,760,718,803,512,810
frame_0700.jpg,598,0,393,23,847,30,220,63,80,127,1094,149,0,250,1201,364,12,415,88,563,1145,598,200,687,966,750,356,783,751,817,543,830
frame_0701.jpg,601,0,393,25,850,27,221,66,78,133,1098,143,0,259,1207,358,15,426,92,576,1153,596,208,699,976,751,366,793,761,821,554,836
frame_0702.jpg,603,0,396,26,854,27,221,69,80,137,1101,141,0,265,1211,356,18,433,98,584,1160,590,218,706,987,747,379,799,775,820,567,840
frame_0703.jpg,609,0,401,26,858,27,226,69,80,138,1102,142,0,268,1212,352,18,440,1163,584,103,593,226,716,995,743,389,807,786,820,581,844
frame_0704.jpg,616,0,405,27,869,27,226,71,80,141,1118,143,0,272,1229,358,19,445,103,598,1178,595,226,723,1005,754,391,815,792,832,584,853
frame_0705.jpg,627,0,413,24,887,31,231,65,83,133,1141,153,0,264,1250,373,17,437,99,592,1193,611,221,719,1012,767,385,816,792,841,580,858
frame_0706.jpg,632,0,414,23,893,34,232,62,83,130,1149,158,0,261,1260,382,16,436,99,593,1203,625,222,722,1019,781,387,822,798,852,583,868
frame_0709.jpg,634,0,418,19,894,37,238,56,87,120,1150,164,0,247,1258,388,9,422,84,581,1195,632,200,713,1005,787,364,817,778,854,561,866
frame_0713.jpg,479,0,691,5,296,19,137,64,940,69,26,176,1179,221,0,353,1271,461,45,529,138,688,1187,720,290,825,973,873,487,892,-1,-1
frame_0715.jpg,722,0,516,2,337,25,958,52,173,70,49,174,1185,183,0,346,1276,407,25,520,1194,667,110,680,259,817,975,838,713,897,466,892
frame_0716.jpg,703,0,495,17,944,29,317,56,160,112,1188,142,42,220,1283,360,0,392,31,560,1236,630,118,714,1020,824,274,843,749,894,491,894
frame_0717.jpg,688,0,940,9,476,35,298,92,1190,101,142,163,31,283,0,459,39,625,134,771,1037,817,293,888,768,918,511,942,-1,-1,-1,-1
frame_0727.jpg,584,0,774,5,422,35,966,71,284,85,155,145,48,249,1062,249,0,406,1015,500,13,558,74,695,831,707,194,803,599,814,375,847
frame_0728.jpg,751,0,566,5,411,46,941,60,280,102,152,168,1037,235,48,274,0,435,996,494,8,588,820,718,66,729,587,831,184,829,-1,-1
frame_0729.jpg,701,0,517,21,897,46,366,75,242,142,125,218,1008,218,33,330,0,489,982,483,22,637,817,716,87,768,596,846,208,867,380,894
frame_0732.jpg,657,0,475,28,851,37,330,88,210,158,965,203,101,238,19,353,948,461,0,510,28,651,798,691,101,773,593,824,220,861,389,882
frame_0733.jpg,650,0,471,30,845,39,325,91,207,162,958,207,99,243,18,359,940,468,0,515,32,657,792,697,106,778,588,829,226,865,391,886
frame_0735.jpg,663,0,481,20,855,48,335,75,217,141,108,217,960,224,23,328,0,483,929,486,23,625,768,708,88,749,560,828,202,842,361,872
frame_0738.jpg,664,0,480,20,860,51,334,75,217,140,109,215,963,233,26,326,0,479,926,504,21,621,756,727,82,747,190,843,544,841,346,879
frame_0740.jpg,670,0,484,14,868,51,334,66,216,133,108,208,968,242,26,320,0,474,922,517,25,618,84,743,749,738,190,840,537,846,344,879
frame_0741.jpg,685,0,497,11,345,59,883,63,225,120,115,191,977,257,30,299,0,452,924,532,19,595,75,721,742,743,179,822,525,842,331,867
frame_0742.jpg,692,0,502,10,350,57,891,64,229,117,119,188,987,263,30,295,0,448,928,541,16,592,70,721,741,755,169,825,520,852,322,873
frame_0743.jpg,696,0,502,12,352,62,899,63,230,122,119,193,1000,263,32,301,0,454,943,549,16,598,68,727,753,767,170,833,527,865,324,885
frame_0744.jpg,687,0,492,21,901,57,339,78,219,145,109,221,1012,261,26,333,0,489,962,556,18,634,76,764,769,788,178,870,541,895,337,920
frame_0745.jpg,498,0,913,30,342,59,219,129,109,207,1029,235,26,321,0,479,978,535,22,624,82,754,785,769,188,859,555,879,347,905,-1,-1
frame_0746.jpg,503,0,929,32,346,60,222,129,110,206,1047,236,26,319,0,474,996,538,20,619,79,749,797,771,187,854,560,879,348,903,-1,-1
frame_0748.jpg,721,0,514,25,950,56,351,85,227,155,114,234,1074,263,29,348,0,505,1026,572,21,653,80,785,821,813,192,895,576,923,358,947
frame_0749.jpg,726,0,514,26,957,50,353,89,225,160,112,240,1087,259,26,354,0,513,1040,570,21,661,84,795,834,816,194,903,585,929,364,955
frame_0750.jpg,727,0,514,26,963,50,351,91,224,164,110,244,1098,259,25,361,0,521,1058,573,24,670,88,805,852,823,204,915,601,939,375,966
frame_0772.jpg,488,0,347,7,633,22,205,32,75,75,767,85,0,166,838,195,0,306,836,332,74,430,758,450,188,524,637,529,495,576,337,577
frame_0773.jpg,473,0,338,8,610,23,201,32,74,75,737,83,0,168,802,189,2,308,799,321,76,430,727,436,615,515,188,520,481,563,333,568
frame_0775.jpg,472,0,341,2,204,21,602,27,77,58,718,89,0,148,775,191,0,288,770,315,75,410,700,422,595,495,186,498,468,541,326,546
frame_0776.jpg,351,0,481,2,212,14,610,32,81,51,724,97,1,141,779,200,0,286,773,323,78,412,705,430,602,501,192,503,477,548,335,553
frame_0778.jpg,392,0,243,5,527,12,97,34,657,52,765,124,3,126,816,227,0,279,806,347,85,415,739,447,209,513,635,517,509,560,361,564
frame_0779.jpg,418,0,262,1,559,15,107,26,689,60,6,118,800,134,849,239,0,277,839,358,89,420,770,458,221,522,665,527,535,571,382,575
frame_0780.jpg,279,0,440,3,118,22,582,22,714,70,11,115,822,149,869,256,0,279,856,376,89,428,785,476,224,535,678,545,545,589,388,591
frame_0781.jpg,275,0,434,0,574,19,117,23,704,65,11,117,811,142,857,248,0,279,844,368,87,426,773,469,219,531,666,538,536,583,381,586
frame_0782.jpg,402,0,250,8,537,10,102,39,665,48,773,120,6,134,823,224,0,294,813,347,85,434,745,452,642,525,211,533,515,574,366,582
frame_0783.jpg,380,0,512,6,232,12,641,39,89,47,751,107,0,144,803,210,0,300,796,332,86,434,731,438,630,513,211,528,508,564,362,573
frame_0785.jpg,379,0,516,6,230,11,642,39,87,46,752,110,0,148,805,217,5,311,801,343,737,452,96,450,639,529,223,547,518,582,374,593
frame_0789.jpg,487,0,356,13,615,16,211,44,729,66,74,98,794,157,0,207,806,275,25,363,762,386,678,474,135,482,570,542,275,556,431,575
frame_0790.jpg,481,0,353,12,607,17,209,44,721,69,73,99,787,162,0,211,802,282,26,371,758,396,678,487,135,496,570,557,275,572,432,592
frame_0791.jpg,488,0,359,9,612,19,216,37,724,71,77,88,787,164,0,198,799,282,19,356,753,394,669,482,125,482,561,550,264,560,420,583
frame_0792.jpg,485,0,359,8,609,21,216,35,719,74,78,84,780,168,0,191,788,287,13,349,740,399,114,477,654,487,544,554,248,558,403,584
frame_0793.jpg,481,0,354,6,603,22,214,30,713,79,79,77,772,175,0,184,778,297,12,344,728,409,108,473,640,496,239,558,530,561,389,587
frame_0795.jpg,355,0,483,1,215,16,605,31,81,54,713,96,0,154,766,198,3,311,765,321,705,430,88,445,611,510,210,538,495,566,356,580
frame_0797.jpg,356,0,484,4,216,12,606,38,82,48,712,106,1,146,760,212,0,304,754,337,81,440,690,445,593,522,197,535,477,572,338,582
frame_0798.jpg,356,0,483,5,216,12,605,40,82,48,710,109,0,146,759,215,0,303,751,339,80,439,686,446,590,522,195,534,474,572,336,581
frame_0800.jpg,369,0,227,6,497,10,89,36,618,49,722,122,4,129,769,228,0,286,759,351,79,424,693,455,194,524,594,527,475,572,336,576
frame_0801.jpg,379,0,236,5,508,10,97,34,631,49,737,120,8,125,786,225,0,281,777,348,76,419,709,453,193,520,607,524,483,570,339,573
frame_0803.jpg,273,0,425,4,125,21,569,23,706,75,25,107,821,165,0,263,864,287,61,412,836,423,741,529,168,529,612,592,313,604,469,622
frame_0804.jpg,419,0,261,7,567,10,109,36,712,53,837,130,11,128,894,247,0,287,881,381,81,431,798,493,205,541,675,566,366,603,530,608
frame_0805.jpg,309,0,471,2,148,22,619,20,760,69,32,110,882,152,932,272,0,271,911,410,65,426,818,523,185,549,685,596,352,625,528,637
frame_0806.jpg,465,0,623,2,299,15,778,36,137,53,914,109,24,154,980,230,0,323,970,379,77,478,880,510,212,598,743,602,579,660,391,663
frame_0807.jpg,481,0,644,11,310,9,142,42,807,55,958,142,25,145,1038,280,0,329,1039,450,78,506,951,597,219,650,802,682,-1,-1,-1,-1
frame_0808.jpg,547,0,361,8,718,13,174,41,884,60,1031,150,37,152,1105,287,0,351,1100,456,82,541,1006,606,234,692,854,710,-1,-1,-1,-1
frame_0810.jpg,611,1,399,0,809,22,189,28,999,84,37,140,1165,192,1242,348,0,350,1222,532,93,556,1105,685,258,719,930,783,484,822,720,838
frame_0811.jpg,648,0,855,8,425,16,1055,58,200,61,1233,155,38,191,1321,313,0,423,1318,506,107,639,1209,681,1033,808,299,808,814,890,555,899
frame_0812.jpg,847,0,617,20,1083,30,380,70,1306,123,158,147,1437,304,12,303,1458,545,0,554,1345,768,126,781,1148,929,332,956,900,1033,610,1048
frame_0842.jpg,151,0,55,6,249,13,331,35,1,73,405,78,468,143,0,204,499,310,65,328,466,384,152,418,412,434,343,465,254,465,-1,-1
frame_0843.jpg,159,0,60,5,259,14,341,38,2,71,416,81,480,145,0,204,510,227,509,316,65,330,473,390,153,422,418,441,255,471,346,472
frame_0844.jpg,156,0,56,8,257,11,342,32,419,74,0,77,486,137,0,213,519,218,69,339,485,385,161,429,428,439,358,472,266,474,-1,-1
frame_0845.jpg,158,0,58,8,259,12,342,34,420,77,0,78,485,141,1,215,518,222,518,314,69,341,483,390,160,432,428,443,357,476,264,478
frame_0846.jpg,155,0,57,7,256,11,338,34,414,77,1,76,481,141,0,211,510,314,65,337,474,390,155,427,419,441,348,474,258,474,-1,-1
frame_0849.jpg,152,0,58,7,247,10,327,31,402,72,3,74,465,133,0,204,496,213,493,302,62,325,458,376,146,413,403,428,334,459,245,459
frame_0850.jpg,153,0,60,7,247,12,324,33,397,73,5,71,457,134,0,196,485,212,481,298,56,314,444,370,136,400,388,419,231,447,319,448
frame_0851.jpg,143,0,233,7,52,10,313,27,383,65,1,74,444,124,475,200,0,197,58,311,437,358,137,394,383,407,316,438,231,438,-1,-1
frame_0852.jpg,137,0,227,7,49,11,304,23,376,59,0,75,437,116,468,189,0,195,468,273,59,305,434,344,139,385,383,393,317,424,233,426
frame_0853.jpg,136,0,225,6,49,13,301,21,373,54,0,77,434,109,465,182,1,195,465,266,60,304,434,337,139,382,383,386,316,418,233,421
frame_0854.jpg,136,0,227,5,48,14,374,54,0,77,435,108,466,182,1,195,468,263,61,302,435,334,141,379,384,384,318,415,233,419,-1,-1
frame_0855.jpg,144,0,235,7,55,11,312,23,383,58,3,74,444,116,472,190,0,192,471,271,56,302,437,341,135,381,383,390,315,422,228,423
frame_0860.jpg,179,0,76,8,282,10,369,30,447,69,9,73,515,127,0,197,544,205,539,292,59,314,497,364,146,400,432,415,352,446,252,446
frame_0861.jpg,190,0,81,9,298,10,390,29,472,68,11,75,540,128,572,206,0,204,567,296,61,326,524,371,155,414,456,425,372,459,267,460
frame_0862.jpg,200,0,90,8,310,12,402,33,485,74,15,75,554,135,0,206,584,216,577,306,60,330,530,382,152,422,461,435,373,470,266,470
frame_0864.jpg,200,0,89,7,308,12,401,34,486,76,16,73,555,139,0,202,585,221,575,313,56,326,525,389,145,418,453,441,257,469,365,472
frame_0865.jpg,205,0,94,3,314,16,407,42,19,65,492,87,561,154,0,193,589,238,53,317,576,330,524,405,140,413,449,452,250,470,358,479
frame_0868.jpg,202,0,318,8,87,11,418,28,510,70,12,79,587,135,0,208,621,221,612,317,61,332,561,397,155,425,483,450,273,477,387,481
frame_0871.jpg,212,0,337,3,89,16,445,19,547,58,8,93,632,122,673,210,0,232,669,312,71,360,616,400,179,454,536,460,434,500,310,502
frame_0873.jpg,223,0,351,4,95,16,464,21,569,62,12,92,658,129,699,221,0,232,691,326,70,363,635,415,178,460,548,475,442,513,312,513
frame_0874.jpg,229,0,360,6,97,16,475,25,583,67,11,91,673,135,715,228,0,232,707,333,72,365,649,422,183,463,560,482,319,517,451,518
frame_0875.jpg,237,0,370,6,103,14,487,26,595,70,14,89,686,139,725,233,0,231,716,339,70,365,655,427,181,464,565,486,318,519,453,522
frame_0876.jpg,241,0,373,8,108,13,491,29,599,74,18,87,689,145,0,228,726,240,715,346,67,363,652,434,175,464,558,493,312,522,445,526
frame_0878.jpg,230,0,361,4,101,16,476,22,586,64,14,91,678,134,718,230,0,231,707,338,66,362,644,428,171,462,551,488,305,518,437,522
frame_0879.jpg,353,0,223,0,469,16,96,19,579,55,13,96,673,122,716,218,0,236,707,328,68,365,644,421,173,463,552,482,307,517,439,519
frame_0880.jpg,343,0,213,0,461,14,85,20,573,55,6,99,671,123,717,221,0,243,713,333,72,375,653,429,182,474,563,492,317,529,450,530
frame_0881.jpg,234,0,371,7,98,15,490,28,601,76,9,97,696,150,738,250,0,251,730,363,78,393,669,457,192,497,579,520,332,555,467,558
frame_0882.jpg,248,0,112,10,384,10,501,35,611,84,18,88,700,161,0,239,737,261,724,373,69,383,659,465,178,492,565,525,317,553,452,559
frame_0883.jpg,238,0,373,7,104,14,490,28,600,74,15,94,693,149,734,250,0,246,725,364,71,390,663,460,182,497,569,524,321,558,457,562
frame_0884.jpg,235,0,370,6,100,17,489,25,600,71,13,98,696,146,740,248,0,252,732,365,72,397,671,463,185,506,577,529,327,566,463,569
frame_0885.jpg,241,0,378,5,104,16,499,25,613,72,15,99,710,148,755,253,0,256,747,373,74,406,684,474,188,517,589,542,331,580,472,583
frame_0886.jpg,254,0,395,9,113,14,520,31,637,81,19,98,737,160,0,260,783,269,773,393,74,416,707,497,192,533,608,566,340,601,487,606
frame_0887.jpg,266,0,410,11,122,12,537,36,655,89,24,95,756,172,0,261,800,285,789,412,70,422,720,517,187,546,617,587,340,619,490,627
frame_0889.jpg,264,0,416,5,114,18,551,28,678,82,17,110,790,168,845,289,0,290,841,428,83,462,774,546,213,594,669,626,377,669,539,674
frame_0890.jpg,271,0,429,7,116,17,565,33,696,88,14,110,808,177,864,299,0,294,858,439,87,470,791,557,221,604,684,637,390,680,552,685
frame_0892.jpg,307,0,140,7,471,19,611,55,26,99,742,120,852,218,0,299,904,347,898,492,86,498,827,616,226,652,716,699,405,741,577,749
frame_0893.jpg,321,0,152,4,490,22,630,61,33,96,762,129,874,231,0,300,926,363,918,512,85,506,845,637,228,666,731,721,411,760,590,770
frame_0895.jpg,339,0,158,3,516,22,664,62,30,104,801,133,918,238,0,328,976,376,975,534,101,552,907,670,261,724,794,764,462,820,650,824
frame_0896.jpg,354,0,165,5,537,23,691,64,33,105,833,137,955,245,0,335,1016,386,1015,548,104,567,945,687,273,746,830,785,483,844,679,847
frame_0897.jpg,366,0,171,3,554,23,710,66,32,107,856,140,983,249,0,345,1047,392,1050,558,110,586,982,702,287,770,864,805,712,871,508,870
frame_0901.jpg,590,0,755,37,36,75,906,120,1033,241,0,328,1092,394,1082,567,110,577,999,713,286,765,871,813,505,869,710,875,-1,-1,-1,-1
frame_0904.jpg,381,0,174,12,584,16,759,55,915,133,30,130,1049,249,0,380,1111,403,1104,579,114,621,1019,730,292,802,889,835,725,903,514,901
frame_0905.jpg,376,0,579,14,172,16,748,51,905,125,31,135,1043,238,1110,392,0,384,1109,570,113,627,1028,725,293,811,899,835,732,908,520,910
frame_0906.jpg,387,0,181,8,586,24,754,68,36,123,908,147,1041,266,0,376,1104,421,1101,599,108,628,1020,752,287,820,892,860,726,928,513,925
frame_0907.jpg,191,0,401,3,602,35,768,88,38,112,917,175,1038,298,0,371,1093,454,1080,628,110,631,998,775,286,826,872,876,504,933,711,941
frame_0908.jpg,648,0,51,24,811,64,949,160,1062,286,0,292,1107,436,114,565,1087,599,1004,733,297,767,879,827,518,876,723,885,-1,-1,-1,-1
frame_0934.jpg,414,0,271,5,547,9,127,31,673,44,780,109,24,113,827,206,0,252,812,320,64,382,737,419,176,479,623,488,484,531,327,532
frame_0935.jpg,395,0,257,4,524,10,120,29,647,45,22,108,752,111,798,209,0,245,784,324,60,372,709,422,167,469,596,488,311,525,462,528
frame_0936.jpg,382,0,247,6,509,8,115,31,631,42,736,107,21,110,783,204,0,243,769,318,59,367,695,416,163,463,583,481,303,517,451,520
frame_0937.jpg,377,0,505,7,242,6,109,33,629,39,736,102,17,112,785,200,0,246,774,316,63,370,701,415,169,465,591,481,311,519,458,521
frame_0939.jpg,371,0,498,6,238,8,107,35,622,38,729,101,17,114,778,198,0,247,765,315,61,370,692,414,165,464,582,480,305,518,451,520
frame_0940.jpg,372,0,498,7,238,8,108,35,621,39,728,103,18,114,777,202,0,248,764,318,61,371,690,417,164,465,580,483,303,520,449,522
frame_0942.jpg,359,0,485,5,229,9,104,36,609,36,719,100,18,113,768,199,0,242,753,318,56,362,676,417,153,455,562,482,286,511,430,517
frame_0943.jpg,367,0,493,7,234,8,107,34,619,41,730,106,18,112,780,208,0,244,767,329,57,367,689,429,158,464,575,494,294,523,440,530
frame_0944.jpg,374,0,504,7,238,8,107,35,632,41,745,110,17,115,796,214,0,251,781,337,60,378,703,439,163,476,587,506,303,536,451,543
frame_0945.jpg,379,0,511,5,240,10,107,38,641,39,756,106,16,121,808,210,0,260,795,334,63,387,717,439,170,485,600,507,313,543,464,547
frame_0946.jpg,379,0,512,4,238,12,645,35,104,43,762,102,13,129,818,208,0,270,808,334,66,399,731,442,176,497,614,514,323,554,476,556
frame_0947.jpg,380,0,515,2,238,13,649,33,103,45,768,99,12,132,825,204,0,275,815,331,69,404,739,440,181,502,622,514,484,558,330,558
frame_0948.jpg,515,1,379,0,236,15,650,30,100,49,772,95,11,137,830,201,0,281,823,329,71,410,747,440,186,508,631,516,492,561,336,562
frame_0949.jpg,387,0,525,2,242,13,661,34,105,47,783,101,13,135,841,210,0,281,832,341,69,413,753,453,183,514,633,529,334,572,491,573
frame_0951.jpg,396,0,540,0,246,16,684,30,104,52,812,98,10,145,874,209,0,295,866,344,76,429,787,459,196,530,664,538,518,585,354,587
frame_0952.jpg,405,0,553,0,253,15,700,31,107,52,831,100,10,146,896,213,0,298,889,350,77,436,807,468,200,540,680,548,530,597,362,598
frame_0953.jpg,421,0,570,2,265,16,719,34,115,52,852,106,15,146,917,221,0,300,906,362,74,442,821,483,197,551,690,564,535,612,362,611
frame_0955.jpg,460,0,617,7,294,10,133,43,772,47,910,126,21,140,975,248,0,306,965,396,77,461,875,521,209,580,737,605,386,650,571,655
frame_0956.jpg,483,0,312,7,645,12,145,36,802,57,26,132,941,140,1004,267,0,301,986,416,74,460,890,542,206,586,746,623,385,662,574,670
frame_0957.jpg,489,0,318,7,654,11,151,37,815,56,30,131,956,141,1020,269,0,300,1003,421,71,460,903,548,202,587,754,631,384,666,578,677
frame_0958.jpg,485,0,651,7,313,12,145,47,816,48,963,130,27,146,1033,260,0,317,1018,418,74,478,918,551,206,603,766,638,389,680,586,688
frame_0959.jpg,479,0,646,3,307,17,815,40,143,54,966,121,26,156,1038,254,0,325,1025,415,73,484,922,552,203,609,766,643,386,686,584,693
frame_0960.jpg,473,0,641,1,302,20,812,36,140,59,966,116,25,160,1040,249,0,328,1025,412,70,484,919,551,198,609,759,643,377,684,575,693
frame_0962.jpg,639,0,470,4,300,28,813,32,139,73,971,108,24,175,1047,242,0,343,1032,407,70,496,923,549,197,618,762,643,377,691,576,696
frame_0963.jpg,646,0,474,0,302,20,821,36,140,62,981,118,24,163,1058,256,0,333,1044,425,70,492,934,569,198,619,769,661,379,699,580,710
frame_0965.jpg,652,0,475,15,834,23,300,49,1003,96,134,105,18,218,1087,231,0,393,1076,406,77,550,967,561,802,667,213,670,608,732,401,736
frame_0966.jpg,623,0,811,15,447,22,277,64,988,83,119,125,1082,222,12,239,1074,406,0,411,75,562,962,569,206,679,790,679,594,744,389,747
frame_0967.jpg,617,0,809,13,440,25,272,69,992,80,118,131,1088,221,13,243,1079,408,0,412,71,560,960,574,198,676,782,684,378,746,582,746
frame_0968.jpg,607,0,800,10,431,28,986,74,266,75,114,139,1086,216,12,251,1078,406,0,417,70,564,958,576,195,679,777,687,372,749,576,750
frame_0969.jpg,595,0,787,8,422,28,974,72,260,74,112,137,1076,213,12,246,1072,404,0,409,68,554,952,574,190,670,770,684,365,741,568,744
frame_0971.jpg,605,0,795,13,433,25,272,68,980,81,124,127,1075,227,20,234,0,397,1061,422,58,545,933,591,172,666,745,698,340,743,540,753
frame_0972.jpg,603,0,796,12,429,27,269,71,983,80,122,131,1081,228,19,239,0,402,1066,425,59,550,936,597,171,670,745,704,338,748,539,759
frame_0974.jpg,610,0,807,8,434,31,1001,73,273,78,125,141,1106,223,20,252,0,417,1095,429,60,567,961,608,173,689,765,721,345,768,552,778
frame_0975.jpg,620,0,817,7,442,31,1010,70,279,81,129,147,1117,220,21,261,0,431,1111,429,61,586,981,615,177,712,784,735,355,793,567,799
frame_0976.jpg,630,0,829,7,452,32,1025,72,287,83,136,151,1131,225,25,266,0,439,1122,438,57,598,989,629,173,728,787,752,350,810,566,819
frame_0977.jpg,628,0,831,3,448,34,1030,67,287,88,136,156,1140,224,25,272,0,444,1129,444,55,602,989,639,167,733,782,764,341,819,557,829
frame_0978.jpg,616,0,819,1,437,39,1022,61,278,96,130,168,1137,219,22,285,1128,442,0,458,57,616,988,643,168,745,781,772,342,830,555,838
frame_0981.jpg,671,0,488,20,875,22,323,61,1070,105,165,117,42,226,1165,278,0,400,1132,505,39,564,971,693,137,708,748,801,301,812,513,844
frame_0982.jpg,655,0,860,8,471,30,306,79,1063,82,152,146,1168,250,34,260,0,436,1144,480,43,599,988,679,148,738,767,799,317,835,533,855
frame_0983.jpg,652,0,860,5,468,36,1065,72,303,90,149,160,1176,240,31,279,0,458,1159,475,48,623,1006,682,154,763,785,812,328,859,547,875
frame_0984.jpg,846,0,635,5,449,49,1058,58,287,112,135,190,1178,224,23,313,1168,465,0,494,53,658,1020,680,167,794,800,819,344,883,563,891
frame_0985.jpg,832,0,619,13,1050,49,436,66,275,135,126,219,1180,212,18,346,1178,455,0,527,1034,681,57,689,174,821,814,828,352,905,576,908
frame_0986.jpg,814,0,599,23,1039,43,417,83,260,159,1179,202,116,248,13,379,1190,452,0,561,1050,689,61,722,829,847,180,854,589,935,363,936
frame_0987.jpg,808,0,592,32,1037,34,409,99,252,182,1183,191,108,276,8,413,1202,445,0,598,1068,691,68,759,850,859,194,888,610,956,378,965
frame_0988.jpg,807,0,590,32,1039,35,408,100,251,184,1187,191,108,280,8,416,1208,445,0,602,1074,693,67,765,854,863,193,895,612,962,380,972
frame_0989.jpg,801,0,584,33,1031,33,403,101,248,185,1180,189,106,282,5,419,1203,442,0,604,1070,691,68,767,851,864,193,897,609,963,379,973
frame_0991.jpg,800,0,1031,31,581,31,401,103,247,188,1178,189,106,285,8,421,1193,447,0,605,1053,697,63,764,831,865,185,893,590,961,366,969
frame_0992.jpg,801,0,1032,32,582,33,401,103,248,188,1180,193,107,284,7,419,1193,451,0,602,1051,700,60,762,827,867,181,891,586,962,361,968
frame_0993.jpg,795,0,1030,32,579,37,398,109,246,194,1178,188,106,291,9,426,1197,446,0,608,1057,698,65,767,832,868,183,895,592,964,365,971
frame_0994.jpg,787,0,1022,29,568,37,390,112,1175,186,238,199,100,297,4,435,1198,447,0,618,1061,703,67,778,838,877,185,906,595,975,369,984
frame_0995.jpg,813,0,594,19,1054,20,408,88,252,172,1201,186,110,266,12,402,1207,451,0,585,1054,703,61,746,822,868,177,877,353,958,578,957
frame_1019.jpg,295,0,435,4,154,17,565,20,689,63,43,91,792,136,0,230,832,241,806,362,41,367,716,464,135,478,588,529,278,550,438,564
frame_1020.jpg,280,0,414,5,146,15,541,23,662,66,41,87,763,142,0,220,802,247,38,352,774,368,127,462,684,466,558,525,261,536,413,554
frame_1021.jpg,261,0,391,3,132,16,516,19,636,60,34,87,738,132,0,214,776,235,41,340,751,352,127,443,662,447,540,503,256,511,402,530
frame_1022.jpg,376,0,247,1,499,12,122,20,621,51,29,92,725,121,0,218,767,224,43,340,744,343,658,438,130,439,537,496,257,506,401,522
frame_1024.jpg,359,0,483,8,232,7,110,31,606,41,22,105,714,106,762,207,0,231,744,327,49,349,664,425,139,445,546,486,268,506,411,517
frame_1025.jpg,357,0,481,7,230,8,108,33,605,39,713,104,21,107,762,205,0,233,745,324,49,351,664,423,140,446,547,485,270,507,412,517
frame_1026.jpg,358,0,482,7,231,7,108,32,606,39,715,106,22,106,762,207,0,232,746,327,49,351,664,426,140,446,546,487,270,508,412,519
frame_1027.jpg,363,0,235,6,488,8,112,29,612,42,23,104,721,110,769,213,0,231,749,334,49,351,666,432,139,447,547,493,269,510,411,523
frame_1031.jpg,365,0,498,2,231,12,633,32,104,43,755,99,17,123,812,207,0,256,798,338,55,379,713,446,154,478,588,514,292,541,444,551
frame_1032.jpg,376,0,511,4,239,12,648,37,110,40,771,106,20,122,829,216,0,257,813,349,56,383,726,459,155,485,598,526,296,551,451,562
frame_1033.jpg,389,0,527,6,249,10,116,39,666,40,791,113,23,121,848,227,0,258,830,363,54,388,738,474,154,494,605,543,297,563,456,577
frame_1034.jpg,392,0,535,3,249,13,679,36,114,44,810,110,21,129,870,227,0,270,852,367,57,402,758,483,159,509,621,554,305,578,467,591
frame_1035.jpg,540,0,394,0,248,17,691,30,111,53,828,102,19,140,893,221,0,282,878,366,60,414,782,486,167,521,642,561,317,588,484,600
frame_1036.jpg,553,0,403,1,253,18,707,31,112,56,847,104,18,145,916,224,0,292,901,374,63,427,804,497,172,536,661,575,328,605,499,616
frame_1037.jpg,569,0,416,0,261,18,727,33,116,55,871,108,18,147,940,232,0,299,926,384,65,441,828,511,179,553,682,591,340,624,516,634
frame_1038.jpg,586,0,427,3,267,24,749,31,117,65,897,106,16,163,969,234,0,321,955,392,68,466,854,525,188,581,705,610,354,650,535,658
frame_1039.jpg,601,0,437,4,273,26,769,31,120,67,924,108,17,167,1000,238,0,328,987,399,71,475,884,536,194,591,730,623,366,663,554,671
frame_1040.jpg,623,0,454,1,285,22,796,33,128,64,955,113,20,163,1033,248,0,328,1019,414,71,480,912,553,197,603,752,642,374,679,569,690
frame_1041.jpg,652,0,477,0,301,21,830,36,137,63,994,120,22,167,1074,261,0,342,1060,434,73,504,949,580,204,633,783,674,389,714,593,725
frame_1042.jpg,496,0,677,1,314,20,864,40,144,59,1034,127,25,164,1119,272,0,340,1104,449,75,505,986,598,209,638,812,691,400,724,612,739
frame_1043.jpg,518,0,705,1,331,19,898,42,155,60,1076,132,30,166,1165,283,0,348,1150,470,73,521,1029,624,211,663,845,723,411,756,634,773
frame_1044.jpg,540,0,735,1,344,22,935,43,161,66,1121,138,30,178,1214,296,0,371,1201,493,77,555,1075,659,221,705,884,765,431,804,665,820
frame_1046.jpg,792,0,581,1,370,26,1010,43,173,75,1211,144,33,194,1313,315,0,397,1299,525,81,592,1161,704,235,751,953,817,460,856,714,875
frame_1048.jpg,814,0,597,3,383,31,1039,41,181,82,1250,141,36,203,1360,315,0,413,1352,534,83,614,1214,723,243,781,998,845,479,890,746,909
frame_1049.jpg,813,0,597,3,381,31,1038,41,179,84,1250,141,34,206,1361,314,0,417,1356,532,84,619,1219,724,247,787,1004,847,485,895,754,912
frame_1053.jpg,617,0,829,6,401,21,1043,53,192,67,1240,153,40,188,1342,320,0,403,1334,527,86,609,1205,707,254,777,1002,828,495,884,761,896
frame_1055.jpg,623,0,837,3,408,22,1054,49,201,68,1253,152,47,190,1352,321,0,403,1336,533,77,608,1198,716,236,777,987,836,473,886,740,901
frame_1057.jpg,835,0,611,3,393,34,1071,41,189,88,1290,149,40,214,1395,338,0,426,1369,569,72,629,1207,764,222,800,974,883,448,915,713,941
frame_1058.jpg,827,0,603,6,384,37,1064,43,182,90,1285,149,36,216,1396,334,0,427,1379,563,80,628,1223,757,234,796,992,876,464,908,731,934
frame_1059.jpg,821,0,598,7,1054,37,381,40,180,96,1273,140,35,224,1382,322,0,435,1362,550,79,635,1208,743,232,799,981,865,460,908,724,928
frame_1060.jpg,795,0,575,14,1028,32,361,54,165,115,1249,128,28,243,1363,305,0,450,1350,531,83,643,1204,725,239,801,981,851,466,903,728,917
frame_1061.jpg,775,0,560,12,1003,35,351,48,159,107,1219,131,26,230,1332,303,0,433,1322,524,82,621,1179,714,235,777,962,834,458,879,715,897
frame_1062.jpg,759,0,547,11,981,32,343,46,155,103,1193,127,25,225,1301,298,0,421,1288,515,81,604,1148,698,229,755,934,814,446,855,694,873
frame_1063.jpg,741,0,535,11,958,34,335,44,152,100,1164,127,25,217,1268,294,0,411,1256,503,78,590,1117,682,223,738,910,795,434,835,676,853
frame_1064.jpg,734,0,533,4,337,31,945,38,155,80,1142,134,28,195,1241,299,0,384,1225,503,75,564,1089,674,216,713,887,780,423,812,660,832
frame_1065.jpg,541,0,740,2,345,21,945,46,161,65,1135,146,31,177,1230,310,0,369,1212,510,75,551,1079,676,216,702,881,777,423,804,656,827
frame_1067.jpg,751,0,545,6,342,34,965,40,155,89,1162,139,25,212,1254,310,0,412,1230,518,81,597,1091,692,226,746,891,801,432,842,666,858
frame_1068.jpg,758,0,545,8,979,40,337,40,148,99,1181,142,20,228,1275,319,0,430,1248,532,86,615,1105,706,234,763,902,816,442,858,676,873
frame_1069.jpg,762,0,544,10,989,37,331,45,139,108,1195,143,14,244,1288,323,0,451,1259,540,92,637,1113,718,245,781,910,828,454,873,686,886
frame_1070.jpg,757,0,535,12,988,39,320,49,127,114,1197,143,5,253,1290,324,0,459,1258,538,96,641,1111,713,251,781,909,821,458,868,687,879
frame_1071.jpg,750,0,528,17,984,33,313,58,121,128,1198,135,2,271,1291,314,0,475,1258,531,100,653,1110,706,254,788,907,817,460,871,687,878
frame_1072.jpg,760,0,536,12,993,38,321,48,129,114,1204,146,7,253,1294,329,0,457,1255,545,94,637,1103,715,245,775,898,820,449,862,675,876
frame_1075.jpg,762,0,539,6,322,37,993,44,128,100,1199,157,5,240,1286,340,0,448,1246,552,98,631,1097,720,251,770,897,821,455,859,679,874
frame_1076.jpg,771,0,550,3,332,31,1000,46,136,88,1202,159,10,224,1285,342,0,429,1242,550,93,611,1090,712,244,751,888,810,446,842,669,860
frame_1078.jpg,558,0,781,1,341,23,1011,52,145,78,1214,173,17,212,1294,361,0,416,1244,572,86,601,1085,734,230,748,877,828,428,847,653,872
frame_1080.jpg,563,0,790,4,342,20,1022,61,142,74,1225,189,14,211,1298,380,0,418,1243,591,89,604,1080,748,233,750,872,837,431,848,651,876
frame_1082.jpg,567,0,799,1,342,9,1039,56,139,59,1244,188,12,196,1313,384,0,402,87,587,1246,595,228,731,1072,748,420,830,860,829,638,861
frame_1086.jpg,796,0,563,3,333,31,1031,49,126,94,1232,166,0,244,1307,350,5,457,1257,554,115,639,1106,711,276,772,911,809,481,852,700,862
frame_1087.jpg,799,0,567,6,337,37,1035,48,126,106,1235,164,0,259,1311,347,8,476,1264,552,122,658,1117,712,287,791,925,814,496,867,716,871
frame_1088.jpg,799,0,562,10,1038,36,330,46,120,124,1244,149,0,282,1325,333,19,499,1281,544,140,679,1136,708,309,807,946,814,738,877,519,877
frame_1089.jpg,801,0,564,13,1041,40,331,52,121,126,1249,150,0,284,1329,333,17,500,1287,542,139,677,1140,702,309,803,949,808,740,871,520,872
frame_1090.jpg,805,0,570,8,337,41,1045,45,126,109,1249,158,0,263,1328,343,8,479,1281,550,123,660,1130,710,289,791,935,812,499,867,722,872
frame_1093.jpg,818,0,574,9,337,44,1069,45,125,115,1283,166,0,271,1362,357,9,488,1308,572,123,669,1147,735,287,803,941,836,497,883,722,892
frame_1094.jpg,823,0,576,8,339,41,1076,49,126,111,1294,172,0,267,1373,370,6,483,1314,587,117,667,1148,750,279,805,939,850,488,889,716,903
frame_1096.jpg,833,0,577,10,333,46,1100,48,122,120,1330,177,0,277,1407,380,11,491,1344,606,122,673,1166,769,281,809,946,865,489,894,716,913
frame_1097.jpg,834,0,578,10,334,46,1100,50,122,118,1330,179,0,276,1409,383,10,491,1345,607,122,674,1167,772,283,810,949,868,491,897,720,915
frame_1098.jpg,835,0,581,10,338,46,1098,49,123,120,1324,175,0,278,1406,377,14,494,1345,598,128,678,1173,764,293,814,959,862,504,899,733,912
frame_1099.jpg,834,0,580,12,1097,47,338,48,123,122,1322,170,0,281,1404,371,12,500,1347,593,129,683,1177,758,296,818,964,859,508,901,738,913
frame_1102.jpg,848,0,593,7,348,39,1111,51,130,109,1336,180,0,269,1414,382,8,489,1353,606,121,679,1180,771,287,818,964,871,501,907,734,923
frame_1103.jpg,857,0,599,7,351,39,1123,53,131,110,1350,185,0,269,1427,390,6,491,1362,614,119,680,1184,778,285,821,965,877,500,910,733,928
frame_1104.jpg,854,0,595,9,345,45,1124,50,127,118,1356,181,0,278,1437,387,10,500,1374,613,126,687,1197,782,292,828,975,881,508,916,743,932
frame_1106.jpg,855,0,595,9,346,45,1124,49,127,119,1354,179,0,280,1436,384,11,502,1374,611,126,690,1199,779,295,830,979,880,511,917,747,934
frame_1107.jpg,852,0,593,9,346,44,1118,49,127,116,1347,179,0,276,1428,383,8,499,1366,609,123,687,1191,778,290,828,972,878,506,916,741,930
frame_1109.jpg,835,0,587,6,345,38,1086,50,128,108,1304,175,0,267,1384,370,11,489,1332,589,129,677,1171,754,298,815,965,856,513,899,742,912
frame_1113.jpg,530,0,281,10,766,16,39,60,989,81,1174,203,1248,379,1215,579,0,688,1085,743,194,845,900,853,683,926,438,929,-1,-1,-1,-1
frame_1134.jpg,650,0,474,0,322,31,826,51,185,76,67,135,925,174,0,229,928,343,4,359,71,473,830,489,178,564,671,580,326,622,497,628
frame_1135.jpg,469,0,626,12,327,19,196,52,777,71,79,100,5,188,855,190,0,317,844,343,56,432,744,471,152,523,599,550,286,582,441,591
frame_1136.jpg,464,0,615,13,326,18,198,49,759,70,82,95,7,182,831,184,0,309,818,331,55,421,722,455,148,510,583,532,280,566,431,573
frame_1137.jpg,458,0,605,13,323,16,196,46,745,70,80,92,6,178,815,184,0,305,803,329,55,418,711,451,149,506,576,527,280,562,428,568
frame_1138.jpg,459,0,606,14,325,17,198,47,743,69,82,93,7,179,812,182,0,305,799,325,55,417,706,446,147,504,572,523,277,558,425,564
frame_1140.jpg,464,0,330,13,608,16,202,40,741,76,85,84,7,171,808,187,0,300,797,328,57,415,709,447,154,505,579,523,286,560,434,564
frame_1141.jpg,477,0,343,11,621,19,212,38,92,80,753,79,11,166,817,190,0,297,803,330,54,414,712,449,149,504,580,524,283,560,433,565
frame_1142.jpg,476,0,340,15,622,16,210,43,757,73,90,89,9,178,824,187,0,310,812,332,55,427,720,456,151,520,586,537,286,576,437,580
frame_1143.jpg,470,0,619,10,332,20,203,53,762,65,85,103,835,182,7,194,0,326,825,332,57,443,731,462,152,534,593,546,287,589,441,592
frame_1144.jpg,468,0,621,6,328,22,200,59,770,61,82,112,847,179,5,205,839,335,0,338,57,454,744,470,154,546,602,557,290,602,447,604
frame_1145.jpg,464,0,621,2,322,27,775,55,192,68,76,124,859,174,2,219,852,334,0,353,60,470,756,474,159,560,612,565,296,614,454,615
frame_1146.jpg,467,0,625,2,324,29,781,52,194,72,77,130,866,173,2,228,862,337,0,364,61,482,765,480,162,573,620,574,460,627,301,628
frame_1148.jpg,476,0,641,1,329,31,805,52,195,77,75,137,898,177,0,238,898,349,2,379,67,501,801,499,172,595,651,597,484,652,318,652
frame_1149.jpg,655,0,485,2,335,36,824,51,198,84,76,148,919,176,0,252,919,350,2,395,820,504,70,519,668,607,179,614,499,666,329,670
frame_1151.jpg,678,0,504,4,350,41,852,48,209,93,82,162,952,175,0,272,957,358,1,424,859,521,71,554,702,635,187,654,525,702,345,710
frame_1152.jpg,695,0,513,5,355,44,876,50,212,98,82,168,982,185,0,280,987,376,1,435,883,547,70,569,717,663,186,673,533,730,348,734
frame_1153.jpg,716,0,529,5,366,45,904,52,219,100,87,171,1013,191,2,285,1017,389,0,442,904,567,69,580,730,685,185,688,540,751,349,753
frame_1154.jpg,734,0,543,2,377,42,927,53,226,97,91,169,1039,196,3,283,1043,396,0,444,928,578,70,585,189,696,749,697,552,763,357,764
frame_1155.jpg,760,0,566,1,396,39,955,57,242,92,103,162,1067,203,8,278,1067,409,0,441,66,588,946,594,183,705,760,714,354,778,555,780
frame_1156.jpg,772,0,575,3,402,44,971,56,247,101,104,174,1088,206,7,294,1092,421,0,466,68,618,972,615,189,740,782,744,364,815,572,816
frame_1158.jpg,805,0,601,8,421,53,1012,54,258,117,109,197,1137,206,7,326,1150,428,0,508,1031,636,74,668,837,779,206,794,617,858,395,860
frame_1159.jpg,825,0,615,7,432,54,1038,55,269,118,119,199,1164,212,14,328,1170,444,0,511,1040,657,67,675,833,801,194,807,604,880,380,882
frame_1161.jpg,821,0,604,11,1045,56,419,63,257,131,110,213,1180,223,10,344,1184,469,0,525,67,688,1045,691,189,821,828,834,373,906,595,911
frame_1162.jpg,807,0,589,19,1037,51,405,76,248,149,1176,217,106,236,8,366,1183,472,0,548,63,709,1039,703,182,840,818,853,362,926,583,931
frame_1163.jpg,802,0,585,19,1030,51,404,77,246,149,1168,219,104,236,7,369,1176,472,0,551,1037,703,66,712,188,845,821,851,368,928,589,932
frame_1164.jpg,813,0,597,15,1038,56,414,69,255,140,111,227,1169,224,9,359,1174,478,0,543,64,708,1033,706,184,842,818,853,365,927,586,931
frame_1165.jpg,817,0,601,12,1039,55,418,65,260,134,114,218,1170,226,11,349,1172,478,0,533,60,697,1028,706,178,833,809,851,355,921,575,927
frame_1166.jpg,830,0,615,8,429,56,1050,63,268,122,119,203,1178,236,14,335,1173,487,0,520,59,688,1027,712,175,826,806,854,353,917,572,928
frame_1167.jpg,639,0,857,0,448,42,1077,69,283,105,131,184,1200,250,19,313,0,501,1188,504,56,673,1034,725,171,817,809,862,349,914,571,930
frame_1168.jpg,680,0,907,6,478,39,1134,86,301,102,137,183,1256,276,19,322,0,524,1243,539,64,708,1086,767,188,860,856,908,377,961,609,979
frame_1185.jpg,719,0,955,13,453,13,1162,73,183,75,1321,190,6,254,1371,357,0,521,1321,545,1189,700,145,734,1016,814,348,868,816,897,586,923
frame_1186.jpg,472,0,731,4,960,32,210,44,1159,107,28,212,1305,236,1339,408,0,474,1273,592,118,693,1129,737,949,837,298,839,747,903,522,909
frame_1187.jpg,485,0,735,20,229,24,957,62,1145,146,45,170,1282,280,0,415,1303,447,1225,618,99,629,1073,747,262,779,889,828,472,867,689,877
frame_1188.jpg,474,0,719,18,227,28,936,58,1125,143,48,174,1260,281,0,413,1278,454,1196,630,89,626,1040,760,239,778,855,840,441,869,655,882
frame_1189.jpg,461,0,708,15,217,31,931,54,1124,141,44,181,1260,281,0,419,1275,459,85,629,1187,638,1027,770,231,781,838,849,427,873,638,892
frame_1190.jpg,441,0,689,9,917,40,197,40,1116,122,32,193,1258,261,0,427,1274,436,1189,619,93,629,1027,749,240,771,840,828,435,856,643,873
frame_1191.jpg,430,0,680,1,910,28,189,46,1112,106,28,202,1258,241,1273,415,0,432,1189,598,94,627,1028,730,242,766,840,813,435,847,642,859
frame_1193.jpg,655,0,406,6,880,18,167,59,1078,87,1222,214,14,222,1248,387,0,454,1171,568,105,646,1020,702,259,774,845,792,453,844,655,846
frame_1195.jpg,638,0,858,12,396,13,1053,74,159,72,1195,192,10,239,1225,358,0,473,1158,535,111,658,1019,676,850,769,270,780,666,832,466,840
frame_1196.jpg,634,0,850,10,392,13,1040,68,155,74,1182,183,8,241,1215,345,0,475,1153,520,1019,661,116,661,855,758,278,781,674,825,476,838
frame_1197.jpg,632,0,847,10,392,15,1034,68,156,75,1174,182,7,244,1207,342,0,481,1147,517,1016,658,118,669,855,756,281,788,677,826,479,841
frame_1198.jpg,633,0,841,9,393,14,1027,66,157,74,1164,177,6,245,1198,335,0,485,1143,509,1016,649,120,672,859,750,287,790,685,822,486,841
frame_1199.jpg,630,0,838,7,393,16,1020,61,156,79,1157,170,7,251,1193,326,0,489,1137,497,1014,639,120,676,858,741,287,791,685,817,487,838
frame_1201.jpg,631,0,838,10,395,14,1019,67,161,74,1155,178,10,243,1187,336,0,482,1130,507,1005,648,116,669,849,748,280,788,674,821,477,839
frame_1202.jpg,628,0,836,9,394,14,1017,65,160,74,1153,174,10,241,1186,330,0,479,1130,502,1004,642,117,666,848,742,281,783,674,814,477,832
frame_1206.jpg,624,0,843,6,381,20,1037,60,147,86,1185,174,3,255,1222,338,0,489,1162,518,1027,662,118,673,861,762,282,792,680,831,480,846
frame_1207.jpg,626,0,848,4,381,23,1045,57,144,92,1194,171,0,267,1233,336,3,503,1174,518,1040,665,126,687,875,768,293,803,693,839,493,855
frame_1209.jpg,866,0,637,2,385,26,1071,46,143,104,1225,160,0,287,1266,330,1206,516,9,531,1073,666,141,714,906,775,315,828,724,852,520,874
frame_1210.jpg,864,0,635,1,1077,33,381,28,139,111,1235,142,0,299,1279,311,1224,501,16,540,1090,655,153,721,926,767,330,831,742,847,538,873
frame_1211.jpg,862,0,630,2,1079,27,376,36,134,125,1243,133,1293,302,0,312,1239,493,20,552,1107,650,160,730,939,763,340,836,755,846,549,876
frame_1212.jpg,858,0,625,14,1072,32,371,60,1242,135,132,153,1299,303,0,344,1252,496,27,584,1126,658,173,761,962,778,779,866,358,865,571,901
frame_1214.jpg,854,0,624,16,1067,37,374,60,1233,139,136,151,1292,306,0,340,1249,497,21,580,1124,658,164,759,960,777,776,867,350,865,566,901
frame_1216.jpg,847,0,612,22,1065,32,361,73,1241,133,128,168,1304,301,0,356,1261,497,26,593,1133,663,169,766,966,785,352,871,779,875,567,909
frame_1217.jpg,847,0,612,24,1067,31,361,77,1243,130,126,175,1307,297,0,367,1268,494,31,606,1144,661,178,780,979,786,793,879,366,882,582,916
frame_1218.jpg,851,0,1069,29,613,25,361,82,1244,125,125,184,1310,292,0,380,1274,488,36,621,1154,657,993,784,189,794,810,881,381,893,600,923
frame_1221.jpg,858,0,1088,18,615,32,358,97,1276,115,121,208,1347,284,0,405,1310,488,41,646,1185,663,1018,795,197,814,829,895,392,911,614,938
frame_1222.jpg,872,0,1110,21,624,27,362,89,1299,118,124,198,1366,293,0,398,1323,500,37,639,1190,675,1016,805,191,810,822,902,383,911,606,943
frame_1223.jpg,874,0,1111,25,624,30,364,90,1305,123,126,192,1376,296,0,384,1337,502,36,623,1204,675,189,795,1027,804,831,899,383,899,609,935
frame_1225.jpg,943,0,681,10,1183,46,411,50,157,136,1372,162,0,325,1415,349,1370,554,1,574,1217,725,138,769,1021,846,331,892,-1,-1,-1,-1
frame_1229.jpg,399,0,1214,3,139,67,1430,117,0,247,1504,307,35,487,1450,519,193,674,1292,682,1088,791,392,799,866,858,628,864,-1,-1,-1,-1
frame_1230.jpg,668,0,936,2,399,25,1200,66,156,93,1409,202,7,261,1445,408,0,501,1382,623,111,703,1196,786,280,849,974,890,500,935,739,947
frame_1233.jpg,919,0,647,2,375,33,1186,54,134,110,1403,191,0,285,1450,397,18,515,1391,611,148,702,1213,769,324,833,999,866,542,911,774,920
frame_1234.jpg,916,0,650,2,382,33,1173,57,139,108,1379,190,0,281,1438,388,14,517,1367,600,143,707,1197,759,321,838,990,859,540,913,770,917
frame_1235.jpg,899,0,636,10,1154,48,371,49,133,129,1363,172,0,306,1429,363,24,538,1366,574,160,724,1206,737,1007,843,343,848,791,909,564,914
frame_1236.jpg,891,0,632,13,1145,43,369,54,131,138,1354,163,0,315,1423,352,26,547,1365,562,1209,727,164,731,1012,835,348,851,798,906,570,915
frame_1237.jpg,887,0,628,16,1143,41,367,60,130,146,1354,157,0,325,1426,345,1371,555,28,555,1217,720,169,735,1021,831,356,855,808,904,580,916
frame_1238.jpg,886,0,626,17,1142,40,365,61,128,150,1356,157,0,330,1431,345,1380,558,31,562,1228,725,174,745,1033,838,363,864,818,911,589,924
frame_1239.jpg,890,0,629,18,1148,39,366,64,1361,153,127,155,0,338,1440,342,1391,553,36,572,1241,721,184,753,1048,836,377,871,835,912,606,928
frame_1241.jpg,895,0,634,21,1154,37,369,69,1369,148,129,161,1449,331,0,346,1404,542,37,582,1259,713,191,763,1068,831,390,879,855,912,622,932
frame_1242.jpg,894,0,631,20,1157,38,369,67,1376,154,131,158,0,343,1453,345,1402,563,31,578,1247,734,177,761,1049,852,369,884,832,928,598,942
frame_1244.jpg,879,0,607,24,1160,39,345,75,1397,161,119,166,0,342,1480,366,33,567,1415,592,168,744,1242,764,348,869,1027,871,801,936,569,937
frame_1245.jpg,877,0,604,23,1160,39,344,73,120,162,1400,162,0,338,1482,368,32,560,1418,596,166,739,1242,768,345,864,1026,875,565,935,799,937
frame_1246.jpg,874,0,600,22,1157,36,339,74,117,163,1401,161,0,339,1486,368,33,559,1422,599,168,737,1245,769,346,863,1028,877,566,936,799,939
frame_1247.jpg,869,0,594,24,1156,38,336,74,115,163,1403,163,0,337,1490,373,31,557,1425,604,164,735,1245,776,341,861,1024,881,560,934,794,939
frame_1248.jpg,866,0,593,26,1154,35,335,78,1402,159,114,169,0,344,1491,367,34,565,1429,600,169,742,1251,773,348,867,1033,881,569,939,803,941
frame_1249.jpg,865,0,591,29,1152,33,334,82,1401,155,112,177,0,353,1492,362,37,573,1432,594,174,751,1258,769,355,873,1040,879,577,943,811,942
frame_1251.jpg,861,0,1149,30,588,31,331,88,1400,149,112,183,1493,355,0,360,41,581,1439,587,182,757,1267,764,1052,876,366,879,825,944,590,946
frame_1252.jpg,855,0,1143,27,583,34,327,94,1396,142,109,190,1493,347,0,369,1441,579,43,590,1273,759,186,763,1059,873,372,883,832,943,597,947
frame_1253.jpg,853,0,1142,25,581,37,326,98,1395,139,108,197,1495,342,0,380,1448,576,49,601,1282,756,197,774,1071,872,385,890,846,945,612,952
frame_1254.jpg,852,0,1141,22,579,38,322,102,1397,136,105,203,1500,342,0,385,1451,577,47,608,1286,761,194,781,1073,880,384,899,846,952,611,960
frame_1255.jpg,852,0,1142,21,580,40,323,106,1400,131,106,210,1505,335,0,394,1460,569,52,614,1297,753,203,786,1087,874,395,902,861,949,624,961
frame_1257.jpg,879,0,606,22,1163,40,344,71,117,161,1408,163,0,342,1501,367,43,573,1451,594,192,755,1287,766,1076,877,384,880,850,945,613,947
frame_1258.jpg,919,0,644,4,374,36,1192,55,131,117,1421,190,0,296,1499,396,33,536,1439,618,180,730,1274,784,370,867,1064,889,600,945,838,949
frame_1259.jpg,680,0,952,8,397,24,1213,76,134,99,1419,216,0,291,1483,418,2,548,1419,634,140,758,1258,798,340,899,1052,905,826,975,581,977
frame_1268.jpg,786,1,578,0,366,24,994,45,164,75,1181,143,24,202,1271,305,0,413,1255,504,95,607,1131,672,260,757,944,786,485,847,725,852
frame_1269.jpg,762,0,559,0,351,23,963,43,152,73,1145,137,17,200,1235,294,0,412,1227,485,102,602,1113,650,270,748,938,763,729,831,494,831
frame_1270.jpg,581,0,779,7,371,18,972,53,166,62,1145,144,22,186,1232,291,0,397,1226,470,105,589,1122,628,280,735,954,739,749,810,512,815
frame_1272.jpg,980,0,554,1,345,40,1178,73,149,113,1273,234,17,253,1258,444,0,466,1130,633,94,651,938,766,256,790,717,850,478,863,-1,-1
frame_1293.jpg,142,0,242,10,328,33,411,79,0,78,487,151,2,217,535,352,66,353,499,440,155,459,438,498,263,521,362,530,-1,-1,-1,-1
frame_1294.jpg,143,0,238,10,318,31,391,74,3,78,458,140,0,215,491,227,493,326,58,344,457,409,141,441,400,465,241,495,331,498,-1,-1
frame_1296.jpg,128,0,221,3,298,18,371,55,0,82,438,113,475,193,8,213,484,286,76,332,457,366,162,418,409,422,346,458,259,462,-1,-1
frame_1298.jpg,136,0,225,7,47,10,305,24,377,63,0,78,441,123,477,203,5,207,483,295,69,328,453,373,154,416,403,428,337,461,252,462
frame_1300.jpg,140,0,236,4,48,15,318,19,394,56,0,84,463,114,500,195,8,216,506,288,76,337,477,368,425,425,166,423,357,462,268,466
frame_1303.jpg,251,1,150,0,336,15,52,18,419,49,0,90,492,107,8,224,540,283,80,344,509,366,453,426,175,430,380,465,284,472,-1,-1
frame_1305.jpg,164,0,273,2,365,17,58,18,452,54,0,96,529,115,572,201,9,240,581,299,90,368,548,387,490,450,193,459,414,493,311,501
frame_1306.jpg,175,0,286,6,63,15,382,24,470,64,0,92,548,128,591,215,4,238,595,315,83,372,559,402,496,465,189,466,416,506,309,512
frame_1308.jpg,187,0,307,2,69,18,409,18,505,58,0,98,590,122,634,212,4,247,639,316,87,383,599,407,531,473,199,479,443,517,328,525
frame_1309.jpg,194,0,318,1,424,16,71,19,524,56,0,103,611,121,659,213,5,257,664,321,93,395,624,415,554,483,208,493,462,529,342,538
frame_1312.jpg,228,0,366,8,89,16,483,30,592,78,3,102,685,152,731,254,0,269,731,369,89,422,680,468,214,533,599,538,495,583,361,588
frame_1313.jpg,241,0,382,7,99,14,502,30,614,79,7,101,709,156,756,259,0,269,753,377,87,425,699,478,214,539,612,549,502,595,364,598
frame_1316.jpg,423,0,110,5,556,13,681,65,9,92,787,150,837,265,0,276,831,395,93,444,767,505,228,567,667,582,544,629,391,631,-1,-1
frame_1318.jpg,269,0,427,3,110,23,563,23,691,72,9,120,804,153,861,268,0,305,862,403,98,478,802,521,703,605,241,604,575,661,414,667
frame_1320.jpg,279,0,444,6,109,22,585,29,718,82,3,127,835,167,898,286,0,331,906,427,113,523,853,553,758,645,274,658,632,710,461,723
frame_1322.jpg,159,0,339,3,512,31,651,76,29,97,776,148,880,250,0,320,930,378,923,522,103,542,858,646,261,706,758,733,624,791,451,792
frame_1323.jpg,164,0,347,2,519,31,660,74,32,98,785,146,890,247,0,325,940,376,936,521,104,550,872,647,267,715,769,737,638,797,460,800
frame_1327.jpg,361,0,167,4,549,24,702,67,31,113,842,142,959,251,0,354,1015,393,1008,554,108,589,935,692,274,764,820,790,672,855,482,856
frame_1328.jpg,364,0,165,8,554,22,709,64,28,123,851,140,970,251,0,373,1025,395,1020,559,114,611,948,700,287,786,835,801,686,871,495,875
frame_1329.jpg,364,0,165,8,557,21,713,63,26,126,854,139,973,250,0,378,1028,396,1021,561,115,618,949,703,288,791,833,805,688,873,496,878
frame_1332.jpg,362,0,163,9,557,19,716,60,858,136,23,134,974,247,1029,392,0,390,1019,557,117,629,946,699,833,801,291,798,685,872,496,881
frame_1334.jpg,167,2,566,0,726,29,868,101,21,117,984,210,1034,353,0,371,1020,514,120,603,943,652,827,752,293,762,682,823,497,836,-1,-1
frame_1335.jpg,361,0,557,14,158,18,717,48,860,116,19,148,977,223,1033,364,0,403,1023,527,121,633,949,668,835,773,296,792,690,848,505,865
frame_1336.jpg,357,0,552,9,151,26,716,38,859,104,13,162,979,208,1034,350,0,420,1029,513,128,650,957,657,846,766,308,804,702,847,517,870
frame_1337.jpg,364,0,562,10,159,24,724,42,868,109,19,158,988,215,1042,358,0,418,1032,522,123,649,958,666,842,774,301,805,698,853,510,875
frame_1339.jpg,372,0,572,10,165,25,738,42,885,111,25,159,1007,221,1061,369,0,418,1046,539,115,653,966,687,845,796,289,815,691,874,499,891
frame_1340.jpg,373,0,577,8,167,26,747,40,900,109,24,164,1025,221,1078,373,0,422,1062,546,115,654,976,695,851,804,287,817,693,880,498,895
frame_1341.jpg,376,0,583,9,167,27,755,41,909,112,24,165,1038,225,1092,379,0,426,1077,555,116,660,990,706,862,815,291,825,701,892,503,905
frame_1342.jpg,377,0,580,11,167,23,750,44,902,116,22,162,1029,227,1084,379,0,423,1071,552,119,659,988,701,862,811,295,824,705,888,508,902
frame_1343.jpg,390,0,593,18,176,17,761,55,909,129,26,152,1028,241,1081,389,0,416,1067,556,121,658,986,701,864,808,300,824,711,885,515,901
frame_1345.jpg,222,0,438,5,632,40,784,89,54,118,916,167,1024,276,0,392,1074,416,1065,577,115,663,996,721,886,825,307,836,-1,-1,-1,-1
frame_1378.jpg,602,0,431,8,764,43,276,51,131,111,853,163,0,187,857,332,771,491,0,596,630,610,125,684,466,692,290,721,-1,-1,-1,-1
frame_1379.jpg,615,0,797,6,444,46,919,110,300,120,175,204,954,293,62,299,0,424,879,480,26,571,739,626,112,683,574,730,238,755,399,776
frame_1381.jpg,674,0,876,16,484,42,327,115,1011,141,191,198,73,294,1042,350,0,422,950,561,17,583,100,714,782,716,227,807,592,818,399,849
frame_1383.jpg,721,0,524,25,930,36,358,84,214,155,1064,182,85,240,0,364,1080,406,0,530,963,617,71,674,772,761,189,786,562,844,360,852
frame_1384.jpg,776,0,578,11,976,51,408,59,256,123,115,202,1096,206,14,327,1101,434,0,504,976,647,59,662,174,791,777,789,557,867,345,867
frame_1385.jpg,774,0,576,11,976,51,404,59,254,124,113,204,1096,203,12,328,1102,429,0,503,977,639,62,658,779,780,180,784,562,859,352,861
frame_1386.jpg,775,0,573,12,982,51,401,63,248,129,111,209,1102,208,14,332,1100,440,0,504,966,652,61,658,172,783,764,790,340,861,546,863
frame_1387.jpg,776,0,571,11,986,54,396,60,245,125,105,204,1108,214,10,326,1105,447,0,498,58,650,968,657,171,774,762,791,337,855,543,860
frame_1390.jpg,809,0,603,1,426,43,1015,61,269,101,124,175,1131,224,20,295,1120,457,0,469,55,628,978,663,165,758,767,792,334,845,543,857
frame_1392.jpg,612,0,819,1,433,38,1024,66,274,95,128,167,1137,233,21,286,0,462,1124,465,53,622,978,670,161,755,765,797,329,845,540,860
frame_1393.jpg,618,0,824,1,437,38,1029,66,277,94,130,166,1141,231,22,285,0,462,1127,467,51,622,979,672,159,757,764,800,326,847,539,862
frame_1395.jpg,825,0,617,1,437,41,1035,65,277,99,130,172,1149,230,23,291,0,467,1137,466,53,627,988,675,161,761,774,803,331,851,545,866
frame_1396.jpg,621,0,829,0,440,40,1041,63,280,97,132,170,1159,228,23,288,0,464,1151,463,51,625,1003,671,162,760,785,802,335,851,553,866
frame_1397.jpg,649,0,857,4,466,36,1065,69,300,91,146,163,1184,233,28,284,0,467,1179,467,51,636,1036,679,167,779,817,816,-1,-1,-1,-1
frame_1410.jpg,550,0,729,7,389,59,264,147,849,168,170,241,78,344,860,459,7,479,0,653,742,744,34,805,106,931,561,925,-1,-1,-1,-1
frame_1413.jpg,740,0,412,26,285,109,847,151,187,199,92,299,16,430,832,439,0,600,703,709,26,748,88,871,520,877,193,954,340,960,-1,-1
frame_1415.jpg,740,0,291,78,193,159,839,150,100,249,22,367,811,432,0,526,16,668,668,686,69,788,480,831,163,875,302,894,-1,-1,-1,-1
frame_1416.jpg,613,0,778,28,452,37,323,104,222,181,862,194,120,266,32,382,823,469,0,544,8,690,670,720,54,816,476,867,148,909,292,931
frame_1417.jpg,617,0,462,35,781,32,333,98,863,200,129,253,39,366,820,478,1,526,0,674,660,731,41,805,456,874,129,903,-1,-1,-1,-1
frame_1419.jpg,594,0,761,27,438,39,313,108,849,195,117,268,35,383,809,477,0,541,6,685,653,732,48,812,457,876,137,907,273,933,-1,-1
frame_1421.jpg,586,0,755,25,429,41,304,111,208,189,844,194,114,273,33,386,807,478,0,542,6,684,649,733,47,808,451,874,133,902,269,930
frame_1423.jpg,570,0,741,19,412,47,291,121,837,184,195,201,103,288,27,403,807,470,0,559,11,699,656,730,57,821,465,876,146,911,284,936
frame_1424.jpg,572,0,745,16,412,49,289,125,844,182,194,205,103,292,28,407,812,470,0,561,11,700,656,731,56,821,459,877,143,911,280,936
frame_1425.jpg,584,0,761,16,423,50,297,126,860,184,201,207,109,293,30,408,825,482,0,563,6,705,661,753,48,831,457,901,134,928,-1,-1
frame_1446.jpg,469,0,613,12,339,19,217,49,750,67,102,96,824,181,20,182,0,313,815,336,41,434,720,472,127,533,575,559,-1,-1,-1,-1
frame_1447.jpg,449,0,599,5,317,22,196,57,749,57,87,106,832,176,13,191,0,316,827,335,46,432,727,476,132,529,578,562,260,593,416,604
frame_1448.jpg,420,0,565,4,292,25,710,50,174,62,70,113,795,161,3,200,799,314,0,324,55,436,715,450,147,526,579,538,278,582,430,586
frame_1450.jpg,415,0,552,1,291,24,688,44,176,62,71,113,768,147,3,201,774,292,0,326,696,424,54,436,571,515,147,522,427,568,279,572
frame_1451.jpg,545,0,410,2,288,29,679,40,174,69,71,123,758,140,3,212,765,282,0,337,691,415,57,446,569,508,151,529,428,565,282,574
frame_1454.jpg,394,0,527,3,276,24,657,44,165,59,64,109,734,144,0,193,741,282,0,313,670,407,55,419,551,493,147,500,414,545,274,548
frame_1455.jpg,402,0,533,3,283,22,663,44,172,57,71,105,739,144,4,188,745,281,0,307,671,407,53,413,549,492,142,496,410,541,268,543
frame_1456.jpg,412,0,541,7,293,20,181,51,668,53,78,97,740,154,9,180,743,292,0,301,50,412,668,415,139,498,547,499,-1,-1,-1,-1
frame_1458.jpg,406,0,534,7,288,18,178,49,658,54,75,94,725,156,7,175,722,291,0,294,47,400,644,410,133,483,525,489,253,533,390,534
frame_1459.jpg,397,0,526,6,279,21,651,49,170,54,69,100,720,148,4,182,719,281,0,298,644,399,52,400,526,478,138,479,393,524,258,525
frame_1461.jpg,405,0,535,9,286,17,175,47,659,57,75,90,724,158,7,169,0,283,716,290,48,385,635,404,130,466,513,477,246,514,379,517
frame_1463.jpg,405,0,536,10,287,18,176,47,661,58,75,90,726,159,8,169,0,283,718,292,48,385,636,407,130,466,514,480,247,515,381,519
frame_1464.jpg,407,0,538,10,289,16,178,45,663,59,76,87,728,161,8,165,0,280,720,294,47,382,638,408,130,464,516,480,246,515,381,520
frame_1465.jpg,409,0,539,11,289,17,178,44,664,60,76,86,730,162,7,164,0,279,723,296,47,382,641,411,129,464,518,483,246,515,382,522
frame_1466.jpg,413,0,544,11,292,17,180,45,670,60,77,88,736,163,9,166,0,281,728,298,46,386,645,415,128,469,520,489,247,522,383,527
frame_1468.jpg,419,0,554,10,297,17,182,46,684,59,78,90,752,164,7,170,0,288,746,301,49,393,661,420,134,478,535,495,255,530,395,536
frame_1470.jpg,426,0,567,7,300,22,704,54,183,56,75,104,778,161,6,188,775,305,0,310,51,419,690,432,140,505,559,515,267,559,414,561
frame_1471.jpg,430,0,574,2,301,26,716,47,181,65,74,117,796,157,4,205,795,307,0,330,56,440,709,440,148,526,576,529,428,578,279,578
frame_1472.jpg,577,0,428,2,296,33,726,42,176,76,68,133,813,152,0,225,817,307,1,352,732,446,61,462,597,539,158,547,445,593,293,597
frame_1475.jpg,624,0,458,11,791,37,315,54,186,108,891,153,71,175,0,277,901,322,6,414,811,481,73,530,663,591,182,618,498,656,330,667
frame_1482.jpg,629,0,835,6,444,32,1040,69,273,84,116,153,1162,220,10,273,1175,432,0,452,78,614,1060,624,217,744,865,754,414,824,641,827
frame_1483.jpg,672,0,887,6,478,33,1102,74,299,86,134,157,1227,235,18,281,1234,459,0,469,74,641,1103,661,211,781,891,798,414,869,654,873
frame_1485.jpg,749,0,980,13,538,32,340,85,1209,91,157,158,1338,264,26,287,0,490,1338,503,74,676,1191,719,220,830,962,859,440,928,702,936
frame_1486.jpg,773,0,1012,10,554,36,1250,86,349,93,161,169,1387,259,26,302,1389,501,0,507,80,696,1241,722,233,849,1003,869,463,946,735,951
frame_1488.jpg,823,0,1066,12,598,32,1304,86,383,89,180,166,1447,257,32,305,1466,498,0,526,89,731,1330,730,1095,893,262,898,815,985,519,986
frame_1489.jpg,841,0,1083,15,615,27,398,82,1322,93,191,155,1463,266,38,293,1480,509,0,516,82,725,1341,740,253,898,1101,904,-1,-1,-1,-1
frame_1490.jpg,825,0,1072,13,598,33,383,90,1316,91,181,167,1459,268,33,305,1471,518,0,526,80,730,1323,752,244,899,1078,912,792,1004,495,1002
frame_1491.jpg,803,0,1054,2,576,19,1302,70,363,80,165,162,1449,251,26,303,1458,505,0,521,86,722,1308,739,249,884,1062,898,493,985,781,988
frame_1492.jpg,805,0,1061,1,577,20,1316,73,366,79,170,156,1460,254,31,291,0,500,1456,507,75,694,1288,736,227,854,1029,887,459,956,743,967
frame_1494.jpg,1025,0,561,6,352,56,1261,85,161,126,25,257,1392,264,0,464,1388,504,79,655,1234,717,231,811,995,855,459,913,727,927,-1,-1
frame_1495.jpg,778,0,563,19,1009,26,356,61,1231,114,165,125,28,250,1351,288,0,453,1346,514,80,643,1201,713,232,798,975,843,457,898,719,911
frame_1496.jpg,778,0,568,8,999,37,364,39,173,92,1209,132,35,209,1317,305,0,409,1304,524,73,600,1161,709,218,759,941,828,437,867,693,887
frame_1497.jpg,764,0,560,7,359,37,979,35,172,88,1182,131,36,204,1286,297,0,399,1271,510,71,586,1131,692,213,742,919,807,427,845,677,865
frame_1498.jpg,741,0,541,10,952,34,345,41,163,92,1152,125,32,207,1255,287,0,398,1240,495,71,578,1103,674,210,727,896,787,419,826,661,845
frame_1499.jpg,708,0,512,12,915,29,324,46,148,100,1112,114,26,212,1217,273,0,396,1209,478,74,570,1079,654,212,712,878,766,416,806,652,823
frame_1501.jpg,673,0,484,17,875,25,299,53,131,109,1067,105,18,222,1168,257,0,401,1160,454,78,565,1037,623,215,698,848,733,411,781,634,791
frame_1503.jpg,660,0,475,10,854,28,293,42,124,95,1036,110,14,209,1131,258,0,389,1124,446,82,553,1010,607,221,683,835,713,416,763,632,771
frame_1504.jpg,677,0,492,5,309,30,868,34,139,76,1044,121,24,183,1131,267,0,359,1117,448,75,523,996,602,208,655,818,699,400,739,614,752
frame_1505.jpg,665,0,482,2,299,26,857,35,131,71,1036,123,20,175,1130,271,0,352,1122,454,77,517,1006,608,213,652,828,706,407,740,624,755
frame_1506.jpg,671,0,489,3,306,25,859,37,137,69,1034,124,23,174,1122,268,0,350,1112,448,77,516,999,598,214,650,826,696,409,736,625,748
frame_1507.jpg,504,0,686,4,320,17,871,47,147,56,1041,138,28,159,1123,286,0,338,1107,465,73,509,991,614,208,650,818,709,403,740,618,757
frame_1508.jpg,681,0,498,0,312,22,868,38,139,66,1039,126,22,174,1125,271,0,357,1116,449,82,527,1006,601,224,663,838,700,423,747,639,756
frame_1510.jpg,519,0,334,5,693,16,156,33,863,68,30,133,1015,164,1088,305,0,319,1075,472,79,499,973,611,223,644,817,701,420,734,629,749
frame_1513.jpg,518,0,332,4,690,16,152,33,858,68,27,136,1007,162,1077,302,0,327,1064,467,84,508,964,605,231,652,813,696,427,738,633,748
frame_1514.jpg,523,0,336,5,697,16,154,35,865,67,26,142,1013,161,1083,302,0,337,1071,467,88,520,973,607,238,663,824,700,438,747,644,754
frame_1516.jpg,548,0,355,7,728,12,163,41,901,62,1054,154,29,152,1126,294,0,350,1114,461,91,537,1013,606,249,681,859,705,458,763,673,765
frame_1518.jpg,553,0,743,10,355,11,165,49,931,61,1101,162,32,163,1182,317,0,364,1165,504,84,557,1050,661,235,711,877,763,446,807,673,820
frame_1520.jpg,556,0,755,5,354,17,955,53,164,58,1138,154,31,173,1225,315,0,371,1207,509,81,559,1082,671,231,713,895,775,444,811,678,829
frame_1534.jpg,660,0,410,12,894,15,173,67,1107,81,21,228,0,462,1242,589,103,664,1090,740,262,808,899,838,693,886,472,888,-1,-1,-1,-1
frame_1537.jpg,643,0,876,8,394,19,1086,67,157,81,1250,190,10,246,1289,365,0,478,1223,556,111,668,1075,706,274,799,891,805,693,867,479,869
frame_1538.jpg,631,0,860,3,384,24,1067,57,149,92,1229,173,3,261,1276,344,0,498,1218,536,1078,687,119,687,902,792,288,813,709,862,497,874
frame_1539.jpg,630,0,857,1,384,24,1063,53,149,92,1223,166,4,261,1271,334,0,497,1216,523,1078,676,120,687,905,784,291,812,713,857,501,871
frame_1540.jpg,857,2,630,0,385,25,1062,55,151,92,1223,168,5,261,1271,337,0,499,1218,527,1080,680,119,688,907,788,290,815,713,861,500,875
frame_1541.jpg,628,0,853,1,384,25,1058,53,150,91,1218,165,4,261,1269,334,0,500,1218,524,1085,679,122,692,912,788,294,820,720,864,506,879
frame_1542.jpg,643,0,871,4,398,22,1078,58,163,87,1239,174,12,255,1284,343,0,493,1225,534,1086,690,115,687,908,796,283,817,710,869,494,881
frame_1545.jpg,608,0,348,59,1300,69,109,177,1402,247,0,390,1398,465,69,648,1291,657,1128,802,253,831,938,913,470,935,712,964,-1,-1,-1,-1
frame_1562.jpg,544,0,402,9,699,26,274,34,151,74,845,106,47,156,901,255,0,293,11,429,850,444,67,551,702,592,177,646,517,666,333,686
frame_1567.jpg,485,0,656,3,339,34,826,68,214,83,101,145,906,227,18,249,0,395,872,440,35,528,735,611,110,639,557,705,228,718,382,742
frame_1568.jpg,501,0,673,10,355,28,229,71,839,83,112,128,24,228,914,248,0,376,872,462,28,511,98,629,728,631,213,716,545,718,366,748
frame_1570.jpg,515,0,689,17,364,22,237,61,857,101,118,114,29,212,925,273,0,358,873,489,25,496,91,616,719,650,202,708,533,727,353,747
frame_1572.jpg,525,0,377,14,697,28,251,44,130,88,861,119,36,178,926,295,0,320,17,459,866,509,75,584,705,662,181,684,512,727,331,735
frame_1574.jpg,523,0,375,13,694,24,249,44,131,89,862,114,37,178,934,291,0,321,15,460,878,510,71,586,714,669,178,690,518,737,328,744
frame_1575.jpg,522,0,373,14,695,26,248,44,129,89,865,119,37,181,936,301,0,325,14,467,879,524,72,597,716,685,179,704,517,753,330,759
frame_1577.jpg,517,0,369,16,691,25,241,47,124,95,862,116,33,189,933,296,0,334,20,474,878,515,82,599,719,674,190,701,526,743,342,752
frame_1578.jpg,523,0,375,14,696,26,247,44,128,91,863,118,36,183,932,298,0,329,19,469,875,516,78,596,715,674,186,700,521,742,338,751
frame_1587.jpg,706,0,906,28,514,30,350,93,1034,158,206,171,77,263,1057,362,0,396,6,556,958,565,87,693,787,713,216,792,592,809,393,838
frame_1588.jpg,744,0,552,11,938,44,385,59,233,122,1056,179,95,200,7,332,1071,385,0,488,962,579,72,633,782,714,195,744,578,796,374,807
frame_1589.jpg,605,0,801,6,431,35,993,69,272,85,125,154,1098,219,24,266,1089,429,0,440,59,594,960,616,173,720,766,738,345,799,553,804
frame_1590.jpg,634,0,831,15,456,25,295,70,1022,87,144,132,30,241,1121,246,0,412,1100,460,47,571,957,644,155,704,752,758,324,795,532,812
frame_1591.jpg,634,0,835,11,455,27,294,73,1033,86,143,135,31,245,1136,249,0,415,1114,471,46,573,964,660,149,708,750,773,315,803,525,825
frame_1592.jpg,645,0,853,12,463,31,302,80,1056,87,151,145,36,256,1157,260,0,428,1124,492,41,589,961,689,138,727,738,803,299,825,508,851
frame_1596.jpg,698,0,920,10,505,36,334,89,1145,91,176,158,49,276,1260,282,0,462,1224,548,29,639,1034,774,122,797,777,903,287,915,515,952
frame_1597.jpg,706,0,939,5,507,39,1176,83,337,98,176,168,1301,280,47,288,0,476,1264,561,27,654,1061,799,117,814,788,930,283,936,514,978
frame_1599.jpg,900,0,667,23,1154,54,476,85,316,159,169,243,1301,256,50,368,0,552,1271,573,18,727,1053,850,97,888,757,999,246,1005,-1,-1
frame_1601.jpg,780,0,1029,20,561,52,392,134,1187,206,257,222,133,314,33,440,1174,533,0,615,19,778,967,837,91,924,687,1003,223,1024,-1,-1
frame_1602.jpg,739,0,983,10,530,61,369,148,1147,190,240,239,125,334,31,460,1143,521,0,633,20,793,944,836,87,936,667,1003,-1,-1,-1,-1
frame_1603.jpg,914,0,675,12,474,89,1086,161,323,187,206,287,100,391,1108,489,18,522,0,693,938,817,30,848,106,984,680,1009,-1,-1,-1,-1
frame_1609.jpg,863,0,495,10,351,77,237,155,967,150,130,235,40,342,918,429,0,491,3,627,727,679,48,747,498,815,141,837,292,865,-1,-1
frame_1610.jpg,856,0,487,17,346,87,235,163,954,163,129,245,39,353,903,447,0,506,2,644,714,705,43,768,485,843,133,863,281,893,-1,-1
frame_1611.jpg,667,0,352,84,241,160,954,178,133,241,43,348,894,465,1,501,0,640,701,716,39,764,472,848,126,859,272,892,-1,-1,-1,-1
frame_1612.jpg,853,0,490,5,351,70,239,144,945,168,132,221,43,327,889,450,0,476,1,613,697,696,39,736,471,824,125,831,273,867,-1,-1
frame_1613.jpg,688,0,514,28,871,39,374,86,262,154,955,212,152,228,57,330,8,479,888,492,0,620,691,733,34,748,114,850,459,854,259,890
frame_1614.jpg,704,0,532,23,883,43,392,78,277,141,166,211,961,217,69,311,14,458,885,493,0,596,27,724,682,729,106,829,448,844,245,874
frame_1615.jpg,699,0,527,23,876,40,388,77,276,141,166,211,956,212,67,309,14,457,884,487,0,596,28,725,684,725,106,829,451,843,247,875
frame_1616.jpg,677,0,507,28,855,37,370,84,260,151,941,208,155,223,62,325,10,473,880,487,0,613,28,742,683,732,109,848,455,856,251,891
frame_1617.jpg,655,0,836,26,486,37,352,103,243,174,931,196,140,253,49,359,877,482,6,511,0,652,689,739,35,782,464,876,119,883,260,917
frame_1618.jpg,647,0,829,26,476,37,342,103,236,177,925,196,135,255,47,362,875,483,3,513,0,653,689,740,37,780,462,873,121,881,261,915
frame_1621.jpg,643,0,828,29,468,37,333,104,229,178,924,207,127,256,41,364,1,515,870,502,0,656,680,758,36,782,119,885,457,887,260,926
frame_1622.jpg,643,0,832,30,472,40,334,106,228,180,928,209,127,257,42,364,1,516,873,506,0,656,682,762,36,783,119,885,454,890,257,927
frame_1623.jpg,642,0,830,27,467,39,332,108,225,181,928,207,125,261,40,368,0,520,872,507,0,660,680,766,36,787,117,889,454,894,-1,-1
frame_1656.jpg,138,0,266,8,391,36,40,59,497,74,592,132,0,193,664,213,682,309,40,331,651,407,123,442,575,480,241,516,478,523,366,539
frame_1657.jpg,132,0,258,3,379,25,486,58,38,58,581,112,656,189,0,185,678,283,41,316,651,381,125,422,577,455,242,493,480,498,367,515
frame_1658.jpg,125,0,249,0,370,18,477,48,33,58,574,98,653,172,0,182,679,264,43,309,653,362,128,412,580,438,246,480,483,481,371,500
frame_1661.jpg,128,0,248,2,367,21,472,51,37,57,569,103,646,179,0,179,669,273,36,303,640,373,113,407,563,447,226,478,463,488,349,502
frame_1662.jpg,240,0,121,2,358,15,464,42,33,62,563,90,643,165,0,185,669,260,39,308,642,361,117,409,566,438,230,478,467,482,353,499
frame_1663.jpg,239,0,119,3,358,17,464,44,32,61,563,93,644,167,0,182,670,261,39,305,644,361,120,406,569,437,234,474,470,479,357,495
frame_1664.jpg,127,0,246,3,365,19,471,49,38,56,569,102,646,178,0,176,669,273,35,301,639,373,111,404,561,446,223,475,460,486,345,501
frame_1665.jpg,129,0,367,23,473,55,38,56,570,108,0,176,647,186,669,282,33,302,637,382,108,406,558,455,219,479,456,494,341,507,-1,-1
frame_1667.jpg,237,0,118,4,357,14,466,40,31,64,566,89,648,162,0,186,675,258,40,309,649,360,121,408,574,437,236,476,474,480,359,497
frame_1668.jpg,233,0,113,7,354,12,463,35,28,69,566,82,650,154,0,191,680,249,44,312,654,351,126,411,580,430,480,475,242,475,365,494
frame_1670.jpg,218,0,339,3,100,17,451,17,558,55,19,84,649,120,0,205,686,213,668,317,51,321,597,400,140,412,499,452,259,468,385,479
frame_1671.jpg,221,0,342,3,103,16,455,18,562,57,21,85,653,124,0,210,689,218,670,324,50,328,598,409,138,421,499,462,257,478,383,489
frame_1672.jpg,230,0,352,5,111,12,463,23,570,64,26,77,659,133,0,196,692,227,45,313,669,330,129,407,593,412,491,460,247,467,373,482
frame_1673.jpg,232,0,354,7,466,27,574,70,28,75,664,142,0,196,697,239,42,315,672,345,124,413,594,427,488,475,240,477,368,496,-1,-1
frame_1677.jpg,225,0,349,3,105,16,465,19,576,59,21,85,673,129,0,212,711,228,50,334,693,340,618,428,139,432,514,483,262,494,394,508
frame_1678.jpg,351,1,226,0,467,14,104,18,578,53,20,88,674,120,715,217,0,216,700,326,53,338,627,416,146,433,525,473,273,492,405,503
frame_1679.jpg,353,0,227,1,469,13,103,19,579,50,18,93,676,115,722,209,0,226,714,320,60,354,651,414,161,452,552,477,297,509,433,513
frame_1681.jpg,350,0,218,3,467,13,90,26,580,50,8,105,678,117,725,215,0,250,720,329,71,382,661,426,180,481,567,493,453,534,318,534
frame_1682.jpg,237,0,370,6,105,14,488,26,599,71,16,92,693,144,0,240,735,245,726,358,68,381,662,453,177,488,568,516,316,548,453,553
frame_1683.jpg,243,0,110,8,376,11,491,35,600,82,18,80,692,154,0,222,734,250,725,358,68,362,663,448,178,468,569,506,318,531,454,539
frame_1684.jpg,261,0,123,2,396,17,510,47,26,71,615,99,702,175,0,219,739,272,66,366,728,379,667,467,177,481,573,526,320,548,459,558
frame_1685.jpg,258,0,121,2,391,17,505,47,25,73,608,100,693,178,0,225,728,276,67,376,716,385,655,475,176,492,566,534,316,559,453,568
frame_1686.jpg,248,0,113,1,379,20,488,51,21,69,590,104,674,181,0,220,711,278,69,369,702,385,644,473,180,485,558,531,319,553,450,563
frame_1687.jpg,118,0,248,6,373,33,28,64,478,69,574,128,651,211,0,214,682,311,60,367,668,418,159,489,608,503,520,555,288,564,415,581
frame_1688.jpg,120,0,244,10,367,40,31,62,467,81,558,142,0,212,632,226,659,326,54,366,641,432,148,490,580,515,495,564,271,567,393,587
frame_1689.jpg,120,0,241,16,358,51,34,57,454,95,540,161,0,204,608,247,632,348,47,359,611,452,133,486,548,532,248,569,464,577,366,595
frame_1690.jpg,131,0,246,24,43,51,359,65,449,115,527,184,0,195,588,273,36,352,605,374,579,476,113,484,515,552,221,573,431,593,334,605
frame_1691.jpg,122,0,236,18,346,55,39,55,435,102,515,168,0,202,576,256,596,358,39,359,573,463,117,489,512,541,225,575,429,587,336,603
frame_1692.jpg,115,0,228,9,341,46,33,51,432,93,512,162,0,205,575,254,595,360,43,368,573,469,121,500,512,551,230,587,431,597,339,615
frame_1694.jpg,41,0,349,7,438,57,512,128,0,149,569,219,35,309,579,322,550,425,107,439,485,500,207,525,404,541,313,555,-1,-1,-1,-1
frame_1695.jpg,114,0,228,14,339,48,34,62,430,92,508,158,0,214,569,246,587,348,45,373,564,455,122,499,504,536,228,580,426,583,335,603
frame_1696.jpg,105,0,220,8,335,35,26,69,427,74,510,135,576,220,0,226,599,322,51,383,581,432,135,506,523,517,447,570,247,581,355,597
frame_1697.jpg,104,0,220,5,337,31,431,69,25,72,516,130,584,216,0,233,608,322,50,394,591,435,137,519,533,525,455,581,251,595,363,610
frame_1700.jpg,212,0,90,8,335,15,439,44,15,93,531,100,610,183,0,264,644,291,635,411,69,426,581,511,167,547,503,578,292,614,410,618
frame_1701.jpg,205,0,329,11,84,12,432,36,525,86,8,102,605,165,642,271,0,274,637,389,72,434,589,489,178,549,516,559,424,606,306,609
frame_1702.jpg,206,0,331,6,82,19,435,27,531,75,8,114,612,154,652,261,0,293,647,385,74,455,597,491,522,568,183,570,430,620,311,627
frame_1703.jpg,335,0,204,0,443,17,79,27,543,62,6,130,629,140,0,314,665,378,77,476,614,490,539,571,189,588,443,629,322,641,-1,-1
frame_1704.jpg,345,0,210,4,454,13,82,36,556,56,642,134,6,145,683,245,0,332,678,375,626,490,80,494,547,576,193,605,452,638,328,655
frame_1705.jpg,351,0,466,9,214,8,82,46,570,50,657,127,6,162,699,240,0,353,692,375,637,494,82,517,557,584,195,626,456,651,332,672
frame_1706.jpg,357,0,472,10,217,9,84,48,576,50,666,128,6,168,706,242,0,363,701,379,646,500,83,529,565,593,199,639,465,662,338,685
frame_1707.jpg,363,0,224,5,479,13,90,39,582,57,672,138,11,157,715,255,0,356,709,393,654,516,81,530,573,609,199,648,469,678,339,697
frame_1711.jpg,170,0,343,21,499,66,41,88,619,120,720,197,801,298,0,310,834,418,85,536,819,550,757,663,222,705,664,743,391,793,547,796
frame_1712.jpg,503,0,629,46,34,48,735,125,814,231,0,294,845,356,830,492,95,530,770,609,680,695,241,694,566,757,413,768,-1,-1,-1,-1
,394,0,243,9,542,11,105,46,690,56,822,137,14,145,877,260,0,289,852,402,62,420,754,512,166,524,616,578,307,593,464,610
,394,0,245,9,542,12,105,47,691,57,822,137,14,145,877,260,0,289,852,403,62,420,754,513,166,525,616,578,307,594,464,610
,394,0,244,9,542,12,105,48,691,56,823,137,15,145,878,261,0,289,853,403,63,421,754,512,166,525,616,578,308,594,464,610
,394,0,245,9,542,12,105,48,691,56,822,137,15,145,878,260,0,289,853,403,63,421,754,513,166,525,616,579,308,594,465,610
,393,0,243,9,541,11,104,47,691,56,822,137,14,144,877,260,0,288,852,402,62,420,753,512,166,525,616,578,307,594,464,610
,412,0,258,5,563,16,114,40,712,67,19,138,841,153,891,279,0,286,61,421,862,422,759,530,165,530,619,592,307,602,465,621
,475,0,646,12,302,13,139,53,820,62,980,151,27,159,1060,292,0,328,1046,466,67,489,935,606,193,623,768,693,373,714,575,735
,484,0,309,11,655,14,146,49,829,66,989,157,30,155,1067,301,0,324,1051,474,65,487,937,614,188,623,766,701,368,717,571,741
,661,0,477,4,296,33,857,37,132,87,1043,118,20,202,1146,266,0,377,1144,458,73,539,1028,620,209,674,842,724,405,764,627,780
,471,0,648,2,295,24,836,42,134,72,1011,126,24,182,1104,270,0,351,1095,453,70,508,980,604,198,641,801,700,384,729,596,748
,501,0,320,5,680,21,151,40,861,82,33,146,1023,185,0,318,1094,338,62,483,1064,517,182,624,937,652,356,725,756,729,559,758
,512,0,315,12,707,15,135,62,904,76,1077,185,18,188,1145,347,0,372,1105,532,78,541,969,671,209,675,788,753,389,766,590,791
,495,0,698,10,294,17,905,66,114,74,1086,175,6,205,1157,339,0,387,1114,523,87,548,976,660,221,674,794,740,400,757,598,778
,495,0,701,2,289,26,910,51,105,93,1092,152,0,237,1164,313,6,424,1125,497,105,581,994,638,250,698,819,727,433,769,630,777
,721,0,506,5,292,36,938,46,104,111,1126,145,0,262,1200,306,14,454,1165,492,124,610,1033,636,278,722,859,731,468,786,668,787
,493,0,683,6,299,23,873,53,119,81,1045,146,7,217,1127,298,0,412,1114,482,96,585,1005,635,247,717,842,737,444,795,652,798
,500,0,682,13,308,14,129,65,861,67,1019,161,13,192,1091,307,0,384,1073,479,91,555,965,620,237,686,809,714,426,762,626,768
,499,0,309,12,677,15,131,59,853,69,1006,162,14,184,1074,304,0,371,1056,471,90,540,950,608,233,669,796,698,420,744,616,751
,478,0,305,2,641,21,139,37,800,77,25,145,940,167,1002,302,0,318,983,457,74,481,883,583,203,610,735,662,377,691,565,706
,475,1,307,0,633,24,144,30,787,82,30,131,922,172,0,300,981,305,960,459,66,462,860,583,188,594,713,660,357,680,542,699
,449,0,287,4,602,19,134,35,754,71,26,134,889,155,953,284,0,296,940,435,66,452,845,559,187,578,703,636,354,660,535,677
,530,1,384,0,233,21,682,32,96,66,825,97,8,164,905,211,0,314,913,357,75,450,835,486,199,558,704,573,367,623,544,625
,370,0,508,5,227,16,648,39,94,54,779,103,9,145,850,210,0,288,854,345,72,418,781,462,189,521,659,539,345,582,511,585
,379,0,236,9,514,10,101,42,648,49,770,114,11,130,833,218,0,271,832,344,72,401,761,453,191,503,646,524,345,563,505,567
,388,0,248,2,518,18,114,26,646,61,21,106,760,130,814,233,0,241,806,355,61,369,730,456,168,474,612,518,315,540,471,552
,257,0,395,4,123,18,522,25,646,74,28,94,755,145,0,227,804,250,53,357,790,370,155,466,711,468,591,527,297,537,451,555
,263,0,400,9,129,14,527,36,649,88,31,87,756,164,0,220,802,271,49,354,786,392,148,467,704,487,583,543,288,543,441,566
,257,0,393,4,124,17,519,27,642,74,29,91,750,147,0,223,799,250,52,353,786,370,153,462,706,467,587,525,293,534,446,553
,265,0,137,4,393,17,509,50,40,66,619,106,712,183,0,186,747,283,38,310,722,392,121,420,639,473,247,498,522,516,387,529
,257,0,132,9,383,14,500,43,37,72,611,96,707,171,0,192,745,271,38,316,723,382,122,425,641,467,248,501,524,512,390,529
,260,0,134,9,387,13,505,41,38,74,617,93,713,168,0,195,751,269,38,320,729,381,123,428,647,467,250,504,529,516,393,532
,545,0,392,9,714,25,248,38,116,85,879,92,25,177,964,222,0,313,948,393,45,439,827,534,139,549,650,616,283,627,462,650
,551,0,393,15,730,22,249,49,908,88,118,100,27,194,1001,232,0,330,981,418,39,459,125,572,844,571,265,656,648,657,448,686
,575,0,781,9,401,31,993,78,248,85,111,157,1111,247,18,275,0,435,1096,482,51,582,941,677,149,708,722,786,301,800,500,829
,585,0,793,14,409,29,253,81,1003,83,114,151,1119,254,20,269,0,430,1099,485,48,577,941,676,146,704,720,784,301,797,499,826
,586,0,794,13,409,29,255,81,1008,84,115,152,1123,259,19,272,0,436,1102,499,48,587,942,694,144,717,720,802,299,813,498,844
,587,0,796,13,410,30,253,83,1009,86,112,156,1123,263,17,279,0,445,1103,502,50,596,946,697,150,726,726,807,306,821,504,850
,598,0,423,18,797,25,265,59,994,108,122,125,23,243,1095,279,0,409,1070,505,49,563,919,685,148,694,712,784,302,790,497,822
,619,0,444,6,284,37,811,38,134,93,997,127,28,205,1086,294,0,371,1057,507,46,527,147,662,912,672,302,761,709,763,497,797
,595,0,425,8,786,33,270,42,127,98,972,121,27,209,1063,287,0,369,1033,497,47,520,141,649,886,662,291,746,685,749,480,781
,589,0,419,8,783,37,262,39,120,95,968,126,22,208,1059,295,0,368,1028,507,48,519,146,650,883,668,295,747,684,754,481,784
,570,0,382,20,792,28,220,64,1018,124,83,135,0,260,1131,317,0,425,1100,556,64,575,172,703,940,728,327,801,728,814,517,841
,564,0,374,23,792,27,211,69,1024,124,76,143,0,273,1143,319,13,438,1119,553,87,587,205,710,965,723,362,803,759,808,553,838
,604,0,405,1,233,29,833,53,86,92,1056,177,0,220,4,391,1152,386,73,548,1101,613,185,681,935,761,338,786,727,825,522,837
,432,0,647,3,246,27,895,64,90,90,1135,201,0,224,6,403,1234,422,81,566,1175,657,198,706,994,803,362,815,773,865,558,871
,463,1,688,0,264,31,942,57,96,100,1184,185,0,240,1285,399,5,425,88,593,1230,634,218,731,1050,790,394,836,827,862,602,883
,616,0,422,22,837,24,250,69,1056,109,99,143,5,272,1171,291,0,446,1154,522,70,602,1003,707,190,733,791,811,363,827,571,854
,602,0,423,14,800,27,256,52,992,106,105,117,9,239,1094,264,0,408,1084,468,71,560,957,634,192,685,769,736,364,769,566,786
,559,0,399,12,732,26,246,45,897,94,105,104,12,216,983,231,0,372,975,407,66,512,868,555,179,623,705,651,340,694,523,703
,525,0,370,19,697,20,225,57,864,83,94,117,954,217,9,227,0,376,947,396,60,507,839,548,167,615,675,644,319,685,496,694
,486,0,652,11,338,22,202,63,819,65,81,123,914,191,4,228,916,364,0,368,60,491,816,513,165,592,658,610,313,656,484,662
,448,0,609,0,308,29,774,41,180,76,68,141,876,156,0,244,892,322,4,377,805,473,70,492,657,576,176,583,490,635,322,638
,431,0,581,4,299,24,731,48,177,65,70,124,817,158,3,217,817,313,0,341,54,449,726,449,146,534,584,539,277,587,429,588
,554,0,408,1,282,29,701,35,166,73,63,132,792,139,0,225,803,288,1,346,723,425,58,449,587,520,152,531,435,574,283,579
,517,0,386,3,269,30,648,30,161,73,729,120,63,130,2,218,741,255,0,333,671,384,54,431,551,476,143,505,411,534,269,545
,397,0,524,3,282,22,648,36,173,60,72,113,722,123,6,196,729,252,0,310,659,372,51,407,540,458,139,481,402,512,262,521
,391,0,518,2,275,24,641,33,166,65,65,119,713,120,2,205,719,247,0,319,650,366,54,413,536,452,143,483,403,507,266,519
,390,0,518,2,275,24,641,35,165,63,66,118,713,121,2,203,720,247,0,316,652,365,56,411,537,451,144,481,404,506,267,518
,395,0,523,2,279,23,646,35,169,62,68,117,718,122,3,202,724,250,0,317,654,369,53,412,537,455,142,484,402,509,264,521
,398,0,527,0,280,25,652,32,169,66,67,122,726,121,2,211,733,250,0,328,665,373,56,425,548,462,147,497,413,520,272,534
,539,0,401,12,679,24,278,49,164,102,765,111,62,168,781,249,0,264,5,383,713,386,67,480,591,488,166,549,448,558,300,580
,152,0,327,1,505,32,653,87,28,106,788,173,909,285,0,335,973,429,105,573,981,594,919,734,272,764,811,831,480,876,668,889
,335,0,154,4,517,30,670,83,30,110,813,168,938,281,0,337,1005,428,103,574,1011,597,946,739,271,766,832,837,484,881,682,896
,145,0,323,0,501,33,646,90,24,109,777,178,893,291,0,347,953,435,109,586,957,598,896,735,275,773,793,830,474,880,658,889
,229,0,109,4,347,22,449,59,26,76,539,118,611,195,0,214,638,291,51,350,617,394,137,458,555,474,469,521,251,527,367,544
,218,0,103,10,337,13,440,41,23,80,538,91,619,163,0,208,653,256,51,333,638,359,139,434,575,440,485,489,256,498,378,514
,229,0,111,5,347,18,448,51,27,73,540,104,615,176,0,203,644,267,50,332,628,367,137,435,566,444,478,492,254,500,374,516
,223,0,106,7,340,17,441,48,25,75,534,100,610,171,0,204,640,263,50,331,624,363,137,433,563,441,475,489,253,498,372,513
,216,0,105,6,330,15,428,45,26,72,518,96,595,166,0,196,625,257,45,321,610,357,128,423,549,435,461,483,241,488,357,506
,206,0,322,9,97,13,428,34,23,81,529,84,617,156,0,200,651,253,43,317,633,359,122,414,561,440,232,482,462,486,351,504
,213,0,102,13,329,12,434,40,27,80,533,92,617,166,0,200,647,265,40,318,624,371,116,417,550,450,223,486,452,494,341,510
,219,0,108,8,334,16,437,47,29,75,531,103,610,179,0,197,636,277,38,318,610,381,111,420,537,458,216,490,440,501,332,516
,129,0,239,5,351,35,42,59,448,78,534,144,0,180,601,228,26,308,617,327,90,418,581,428,503,497,187,499,405,530,299,534
,244,0,123,6,367,20,477,56,36,72,582,116,674,201,0,204,711,310,41,344,694,428,126,465,619,519,252,552,512,566,388,580
,197,0,316,3,86,19,426,22,533,66,13,94,630,133,0,224,679,230,679,344,58,350,620,438,155,453,528,499,284,519,414,531
,293,0,176,1,398,18,68,24,499,62,5,105,591,129,639,227,0,242,641,341,65,371,592,437,163,472,509,501,287,532,409,539
,180,0,79,12,289,12,382,39,16,84,469,90,546,161,0,214,580,256,51,342,572,362,519,445,133,444,441,497,241,509,349,523
,177,0,78,11,283,14,373,43,16,83,458,95,531,168,0,214,49,342,554,369,126,445,499,451,423,502,229,511,333,527,-1,-1
,170,0,275,7,73,18,367,29,451,76,13,92,524,143,0,219,555,234,544,337,49,338,492,418,126,431,415,470,227,488,328,498
,164,0,262,12,73,14,344,36,421,83,15,84,485,149,0,207,510,236,43,324,497,333,447,409,113,414,377,457,204,470,297,482
,268,0,163,0,357,15,69,26,441,56,11,109,513,119,543,209,0,239,532,314,49,356,479,400,126,443,406,458,223,492,322,494
,215,0,320,10,112,19,405,34,478,80,36,101,531,147,0,226,535,234,497,328,28,339,430,403,85,422,349,450,169,471,262,478
,213,0,315,11,113,18,398,35,467,81,37,100,526,232,0,226,517,240,485,329,25,340,417,402,80,424,339,450,162,472,252,478
,193,0,294,2,375,18,97,28,445,57,27,119,508,204,0,251,479,302,33,364,420,381,347,438,95,442,268,476,179,481,-1,-1
,292,2,191,0,375,17,95,30,445,56,497,117,27,123,0,256,481,301,34,369,421,382,349,439,96,446,268,479,180,484,-1,-1
,194,0,295,1,378,16,97,27,448,54,502,115,29,119,514,200,0,249,488,297,38,363,429,377,356,434,100,441,276,474,186,480
,206,0,308,6,107,24,391,25,461,68,34,112,514,134,523,223,0,245,492,322,30,363,426,401,89,446,349,456,267,492,175,492
,194,0,299,10,95,19,383,35,456,83,27,103,517,154,0,239,533,248,510,352,35,365,449,434,101,460,373,489,192,515,288,521
,161,0,259,10,71,12,344,34,424,80,13,80,493,146,0,199,44,313,514,332,117,406,465,408,392,456,211,465,309,479,-1,-1
,146,0,240,7,60,14,320,28,395,69,7,80,460,128,0,195,491,208,486,297,49,303,444,370,124,387,382,417,216,436,307,444
,147,0,240,8,61,13,319,30,394,72,8,79,460,131,0,195,490,210,485,300,49,304,443,373,123,388,380,420,215,438,305,446
,163,0,263,6,69,15,350,26,432,68,10,84,502,129,0,204,535,211,528,305,53,315,482,381,131,401,412,430,230,451,328,458
,169,0,271,8,72,15,359,30,441,73,10,84,511,135,0,204,543,218,534,312,51,317,486,387,130,404,414,437,229,456,330,464
,183,0,287,11,82,14,379,35,463,80,16,83,534,145,0,204,563,231,48,321,550,326,497,403,127,411,422,451,229,466,332,477
,211,0,102,8,325,14,423,43,24,77,514,95,589,166,0,203,619,258,45,327,601,360,126,427,539,439,451,486,235,492,349,508
,227,0,106,3,355,20,467,56,24,72,575,118,672,201,0,211,717,309,56,355,711,428,155,479,646,521,289,567,546,575,428,595
,128,0,263,1,405,26,530,71,33,69,649,141,0,220,755,236,805,357,57,381,794,490,164,524,721,591,315,627,608,647,473,665
,154,0,302,14,455,52,44,68,587,110,712,195,0,233,823,304,57,419,874,438,863,582,174,588,784,690,339,713,661,748,513,764
,466,0,303,2,619,20,145,30,770,72,32,125,903,158,964,283,0,286,949,432,62,440,851,554,180,566,705,630,349,650,534,668
,426,0,598,6,252,15,771,53,94,66,919,141,1,183,975,275,0,341,940,427,80,477,829,543,199,580,680,615,353,644,520,654
,444,0,621,8,265,15,797,57,103,66,945,150,6,185,995,288,0,345,952,444,76,483,831,560,192,587,677,630,345,654,512,666
,470,0,657,6,277,20,841,55,103,78,995,148,2,210,1050,291,0,383,1010,454,88,528,889,577,218,635,733,657,385,698,562,704
,637,0,802,15,464,26,940,71,272,81,91,178,1006,185,1003,335,0,348,930,474,30,544,815,590,161,674,678,688,326,741,511,745
,513,0,685,6,319,17,845,52,130,77,973,136,11,223,1021,267,990,420,0,417,890,548,97,573,753,642,240,678,595,704,-1,-1
,663,0,487,0,295,24,826,39,111,92,959,120,2,240,1011,250,982,404,0,430,884,534,101,578,749,629,245,678,594,699,419,719
,637,0,453,17,816,25,261,62,968,97,89,146,1035,229,0,299,1018,393,19,481,921,534,130,620,785,640,278,708,629,716,453,742
,638,0,456,17,815,25,264,60,964,97,90,144,1028,229,0,297,1009,391,18,480,912,531,127,618,777,635,273,706,622,712,449,740
,630,0,810,23,447,22,256,69,963,91,86,156,1031,221,0,309,1016,384,23,491,923,526,136,627,789,633,636,713,285,712,462,742
,667,0,469,15,870,30,269,56,1046,112,93,134,1123,258,0,280,1098,434,15,462,983,579,122,607,824,682,271,707,646,748,455,759
,554,0,397,13,710,22,233,50,851,83,83,119,923,197,0,250,927,344,16,420,855,476,120,554,739,577,261,642,597,651,431,677
,433,0,594,10,262,14,751,56,104,63,884,139,6,181,940,269,0,349,916,418,82,494,819,537,206,600,683,616,365,662,531,664
,557,0,397,10,720,27,232,43,866,95,83,108,942,219,0,234,940,375,9,402,857,510,103,541,729,607,238,639,577,674,406,687
,576,0,414,1,245,25,737,36,91,82,878,112,0,206,945,239,5,374,932,391,97,515,843,518,711,606,228,616,560,663,392,669
,571,0,409,1,240,24,734,39,89,80,877,117,0,198,941,245,0,362,923,398,83,501,827,524,208,603,690,609,535,660,367,661
,560,0,398,0,237,22,728,37,94,70,884,114,8,173,960,244,0,320,946,399,70,453,841,524,186,559,690,601,344,628,520,640
,536,0,384,0,230,20,694,33,91,66,840,104,6,167,916,224,0,316,912,373,74,450,823,497,194,555,686,579,354,620,526,626
,399,0,546,7,246,12,696,48,104,52,831,124,13,153,897,246,0,305,887,393,69,445,798,515,185,556,665,593,341,626,509,636
,248,0,376,10,123,13,496,35,32,83,613,87,714,163,0,207,753,269,39,332,728,387,123,438,642,476,246,514,522,525,386,542
,246,0,372,10,123,12,490,36,33,79,604,88,703,164,0,200,741,268,37,322,715,383,118,427,630,469,238,502,510,516,377,530
,254,0,132,4,378,19,493,53,40,64,603,113,0,182,695,196,725,301,29,306,692,414,102,416,602,493,216,499,481,530,349,536
,351,0,226,5,472,12,106,31,593,50,22,108,700,114,750,214,0,231,736,332,48,347,658,428,139,443,542,489,267,505,409,518
,465,0,332,10,606,19,200,39,740,71,79,88,813,175,5,182,816,312,0,314,66,430,740,432,616,516,173,519,471,567,316,570
,630,0,432,13,842,32,245,50,1034,119,85,121,0,253,1118,274,15,417,1087,456,108,556,957,596,241,659,785,683,412,724,600,731
,626,0,427,17,841,28,239,58,1039,110,81,132,0,265,1129,265,17,430,1104,449,114,566,976,594,251,668,802,685,425,731,614,737
,592,0,803,14,401,27,222,77,1001,84,72,159,1101,230,0,297,1091,413,28,459,979,564,132,591,816,667,274,685,637,730,450,736
,638,0,449,3,262,29,835,42,98,91,1013,134,0,221,1092,286,4,395,1066,465,94,546,945,605,229,660,777,693,403,731,593,741
,644,0,453,3,265,32,846,42,98,95,1027,136,0,225,1108,294,1,402,1079,478,89,556,954,623,224,674,782,712,400,748,593,760
,665,0,453,5,261,37,900,47,97,103,1122,158,1,233,1218,351,0,409,78,568,1172,569,203,698,1008,723,376,795,796,804,580,833
,715,0,475,27,986,32,258,79,1238,135,82,172,0,333,1352,329,41,521,1319,554,162,677,1162,719,324,791,955,820,523,863,739,872
,598,0,794,14,418,27,982,78,245,79,91,158,1087,221,0,293,1094,413,7,471,992,585,100,621,826,705,243,732,633,781,430,792
,684,0,343,20,867,34,199,74,73,146,969,165,0,257,968,344,5,399,858,502,75,519,692,607,185,611,512,665,337,666,-1,-1
,597,0,442,5,753,33,306,40,181,92,849,137,68,159,0,261,866,293,4,393,787,440,72,502,649,546,180,585,489,613,326,628
,589,0,433,8,746,34,297,46,175,101,841,141,65,172,0,276,851,303,5,408,765,455,68,516,624,561,170,598,466,628,308,641
,596,0,437,9,757,35,299,48,175,104,853,146,64,176,0,283,862,312,6,416,774,467,70,526,631,575,173,608,471,641,312,653
,487,0,663,8,335,28,837,64,197,76,76,142,932,199,3,248,923,385,0,388,57,510,806,540,154,609,638,636,294,673,462,683
,527,0,720,2,361,15,212,62,910,61,81,132,1010,213,3,247,0,397,993,413,63,528,862,575,167,633,680,672,314,704,491,718
,529,0,726,14,359,27,208,75,921,81,77,146,1026,237,0,264,3,416,1012,440,72,550,884,605,180,657,702,700,332,730,512,745
,557,0,383,15,753,27,230,52,93,114,945,110,7,226,1041,277,0,380,1013,481,57,520,159,637,874,635,683,720,308,722,488,752
,597,0,844,21,388,29,208,80,1087,114,65,163,0,301,1205,302,32,464,1176,520,132,601,1026,677,265,708,828,763,437,781,628,802
,842,0,593,5,381,58,1088,62,197,131,1228,228,50,239,0,397,1234,440,65,566,1119,613,198,696,945,733,362,785,755,811,556,826
,580,0,416,14,754,22,258,50,921,86,111,108,1011,214,13,218,0,377,1010,385,71,517,908,535,194,627,746,636,366,695,559,696
,588,0,419,17,770,20,255,58,945,80,105,120,1046,210,8,237,1054,388,0,402,78,547,956,548,792,658,210,661,599,725,395,728
,486,0,313,3,653,20,148,36,819,76,32,136,968,168,0,305,1037,307,66,468,1019,471,911,603,190,605,750,683,367,697,565,721
,492,0,313,1,663,23,145,33,831,84,28,138,980,182,0,313,1044,328,69,480,1019,495,194,617,906,625,746,701,369,710,563,736
,496,0,311,8,673,17,137,49,847,74,21,164,999,169,1063,314,0,343,1038,481,77,509,925,613,209,640,764,696,388,723,583,738
