x__1,x__2,x__3,x__4,x__5,x__6,x__7,x__8,x__9,x__10,x__11,x__12,x__13,x__14,x__15,x__16,x__17,x__18,x__19,x__20,x__21,x__22,x__23,x__24,x__25,x__26,x__27,x__28,x__29,x__30,x__31,x__32,y
798,0,916,5,660,9,523,14,380,16,234,29,95,47,943,63,0,121,840,132,704,168,578,185,28,185,440,208,302,222,169,231,0
799,0,917,4,661,10,524,14,381,16,236,27,95,47,944,63,0,122,841,132,705,168,579,185,28,185,441,208,303,221,169,231,0
797,0,916,5,659,10,523,13,380,16,234,29,95,46,943,63,0,121,840,132,703,169,578,185,28,185,440,208,302,221,169,231,0
798,0,916,5,660,10,523,14,380,16,235,28,95,46,943,63,0,122,840,132,704,168,578,185,28,185,440,209,302,221,169,231,0
798,0,916,4,659,10,523,14,380,15,234,29,95,46,943,63,0,121,840,132,704,168,578,185,28,185,440,209,302,221,169,231,0
797,0,916,5,660,10,523,13,380,16,234,28,95,47,943,63,0,121,840,132,703,168,578,185,27,186,440,209,302,221,169,231,0
799,0,917,3,660,8,524,12,381,15,235,28,96,45,944,62,0,121,841,131,705,168,579,184,28,185,441,207,303,220,170,230,0
798,0,916,5,659,9,523,14,380,16,235,26,95,46,943,63,0,121,840,132,704,168,578,185,28,185,440,208,302,221,169,231,0
798,0,916,4,660,9,523,13,380,15,234,27,95,45,943,62,0,121,840,131,704,167,578,184,28,184,440,207,302,220,169,230,0
799,0,917,4,661,8,524,12,381,15,236,27,96,45,944,62,0,121,841,131,705,167,579,184,28,184,441,207,304,221,169,230,0
797,0,916,5,660,11,523,14,380,17,234,29,95,47,942,64,0,123,840,133,704,169,578,186,27,187,440,209,302,222,169,232,0
797,0,916,4,659,9,523,13,380,16,234,28,95,46,943,63,0,121,840,132,704,168,578,185,27,186,440,208,302,221,168,231,0
798,0,916,3,660,9,523,13,380,15,234,28,94,46,943,62,0,120,840,131,703,168,578,184,27,184,440,207,302,220,169,230,0
798,0,916,3,659,8,523,13,380,15,235,27,94,45,943,63,0,121,840,131,703,167,578,184,28,184,440,207,302,220,168,230,0
797,0,916,5,660,10,523,14,380,16,235,27,94,47,942,63,0,121,840,132,703,169,578,185,28,185,440,209,302,221,169,231,0
797,0,916,5,659,9,523,14,380,16,234,28,95,46,943,64,0,121,840,132,704,169,578,185,28,185,440,209,302,221,168,231,0
799,0,917,3,661,9,524,13,381,15,235,27,95,46,944,62,0,121,841,131,704,167,579,184,28,184,441,207,303,220,170,230,0
798,0,916,5,660,10,523,14,380,16,234,30,95,45,943,63,0,122,840,132,704,169,578,185,27,185,440,208,302,221,169,231,0
798,0,916,5,660,10,523,13,380,16,234,28,95,46,943,63,0,121,840,132,703,168,578,185,28,185,440,208,302,221,168,231,0
798,0,916,5,659,9,523,14,380,16,234,28,94,47,943,64,0,122,840,132,704,168,578,185,28,185,440,208,302,221,168,231,0
799,0,917,5,661,10,524,13,381,16,236,28,96,46,944,64,0,122,841,132,705,168,579,185,28,185,441,209,303,222,170,231,0
798,0,916,4,659,10,523,14,380,16,234,28,94,47,943,63,0,122,840,132,703,169,578,185,28,185,440,208,302,221,169,231,0
797,0,916,6,659,11,523,15,380,17,234,30,94,47,943,65,0,122,840,133,704,169,578,186,28,186,440,210,302,222,169,232,0
799,0,917,5,660,10,524,14,381,16,235,29,96,46,944,64,0,122,841,132,705,168,579,185,29,185,441,208,303,221,170,231,0
798,0,916,5,659,10,523,14,380,16,234,28,94,46,942,63,0,121,840,132,703,169,578,185,28,185,440,208,302,221,168,231,0
798,0,916,3,660,9,523,12,380,15,234,27,94,44,943,63,0,120,840,131,703,168,578,184,27,184,440,208,302,220,168,230,0
798,0,916,5,660,10,524,14,380,16,235,29,96,46,943,63,0,122,840,132,704,169,578,185,28,185,440,208,303,222,169,231,0
798,0,916,5,661,10,523,13,380,16,234,28,95,47,943,63,0,122,840,132,704,168,578,185,28,185,440,209,302,221,169,232,0
799,0,916,3,659,8,523,13,380,15,235,26,95,45,943,62,0,121,840,131,704,167,578,184,27,184,440,208,302,220,169,230,0
798,0,916,5,659,9,523,13,380,16,235,27,95,46,943,63,0,121,840,132,704,168,578,185,27,185,440,208,302,221,169,231,0
798,0,916,6,660,9,524,14,380,16,235,28,95,47,943,63,0,122,840,132,704,168,578,185,28,185,440,209,302,221,169,231,0
798,0,916,6,659,11,523,14,379,17,235,29,95,46,943,64,0,122,840,132,703,169,578,185,27,186,440,209,301,222,168,232,0
796,0,911,6,659,7,523,9,382,9,236,19,96,35,939,63,0,108,838,129,703,163,27,172,578,178,439,200,302,211,168,220,0
795,0,660,6,384,4,911,7,526,6,239,13,98,27,937,64,0,98,835,129,700,161,26,161,576,174,438,194,299,203,165,209,0
658,3,384,0,907,6,525,2,241,6,99,22,934,62,0,91,833,126,25,154,699,157,575,169,437,189,298,198,164,204,-1,-1,0
790,0,655,6,904,5,381,6,522,7,238,16,99,31,932,62,0,102,832,126,698,159,25,164,574,172,437,194,298,205,164,212,0
657,3,385,0,906,5,525,2,240,8,101,22,933,61,0,92,833,124,23,155,699,156,575,169,437,188,297,198,163,204,-1,-1,0
787,0,902,4,654,8,521,9,381,10,237,21,98,39,930,61,0,110,831,127,698,162,24,173,574,176,437,199,298,211,164,220,0
788,0,901,3,654,7,521,10,382,12,237,26,99,43,930,58,0,115,832,125,700,160,577,175,26,177,440,199,301,213,167,223,0
790,0,657,7,902,7,525,7,385,7,241,17,100,33,930,61,0,104,834,126,702,160,25,168,580,173,442,195,302,207,167,216,0
796,0,663,4,391,2,907,7,532,4,245,11,103,24,934,62,0,95,838,126,708,157,25,159,584,169,446,190,305,201,168,208,0
897,0,785,0,653,13,523,20,382,27,238,45,927,52,98,68,835,122,0,143,706,161,584,181,28,204,448,210,308,229,172,244,0
904,2,792,0,661,11,529,16,388,21,243,36,934,55,100,57,841,122,0,132,712,160,590,178,28,195,453,205,313,224,175,237,0
801,0,669,5,911,5,537,5,396,4,249,14,104,30,938,59,0,102,844,123,714,156,26,166,592,169,453,191,311,205,173,213,0
803,3,398,0,671,5,540,3,251,8,912,10,106,21,939,64,0,91,844,127,715,157,25,156,592,168,453,188,310,200,170,206,0
402,0,254,6,676,11,544,6,806,10,107,16,916,20,942,75,0,85,846,136,24,151,716,164,594,173,455,190,311,200,171,204,0
402,0,254,4,673,14,544,7,108,12,804,14,913,24,937,79,0,80,842,139,24,145,712,166,591,174,452,190,309,198,169,200,0
399,0,251,4,540,8,106,11,669,16,799,18,907,28,0,77,932,83,835,143,23,144,707,168,586,175,448,190,305,198,168,200,0
399,0,253,2,107,10,539,8,668,16,904,30,0,76,929,84,834,143,24,143,707,169,586,175,449,190,307,197,169,198,-1,-1,0
254,0,402,0,109,3,541,13,669,24,903,42,0,67,926,97,21,134,829,154,703,176,584,180,446,191,165,193,303,195,-1,-1,0
395,0,248,3,105,10,533,9,659,16,786,18,893,29,0,75,917,84,822,144,22,141,696,168,578,175,442,189,301,196,165,197,0
382,0,646,8,774,5,519,4,239,6,884,14,98,19,910,69,0,86,812,132,24,150,686,160,567,169,434,187,294,197,162,201,0
378,0,640,8,515,4,235,7,879,13,98,18,906,68,0,84,808,130,23,147,681,159,563,167,430,185,291,194,160,198,-1,-1,0
763,0,636,4,377,0,870,7,512,2,235,10,97,23,897,59,0,90,804,122,680,153,25,153,565,163,433,183,295,196,164,201,0
634,1,864,0,510,1,376,1,234,12,96,28,891,52,0,96,799,117,680,147,565,160,25,158,434,181,296,196,165,204,-1,-1,0
856,0,625,12,502,15,369,20,228,36,885,52,92,57,796,119,0,127,676,154,563,171,27,188,433,196,297,216,167,229,-1,-1,0
849,0,743,2,620,15,499,22,366,30,226,49,880,50,90,73,793,119,0,146,675,156,563,175,434,204,28,205,298,226,169,242,0
847,0,619,15,497,22,365,31,878,49,225,51,91,73,792,117,0,147,674,155,562,175,434,204,29,207,299,227,170,244,-1,-1,0
856,2,750,0,625,11,502,14,369,19,230,34,886,52,93,55,795,120,0,126,675,155,562,171,27,188,433,197,296,216,167,228,0
865,0,631,4,507,5,372,7,231,20,94,36,894,52,0,107,799,119,677,152,562,166,26,169,431,188,293,204,164,214,-1,-1,0
632,4,372,0,869,6,506,2,230,11,94,24,896,60,0,92,799,126,674,155,24,156,558,167,426,186,288,199,160,204,-1,-1,0
379,0,237,2,98,10,514,8,638,16,764,19,871,30,0,74,897,83,23,136,801,141,677,165,562,171,430,184,292,190,161,191,0
245,0,102,4,388,1,524,13,646,23,769,28,873,42,0,66,896,96,21,131,801,153,681,173,566,176,434,188,161,189,295,192,0
106,0,247,5,391,14,525,34,647,52,0,55,772,64,875,85,17,122,895,139,152,188,795,190,284,198,556,200,671,204,423,203,0
108,0,247,10,392,22,525,45,0,52,647,66,875,106,16,118,893,160,150,188,281,201,793,207,420,210,553,210,668,217,-1,-1,0
108,0,247,12,388,32,0,47,521,60,643,87,766,107,12,113,874,135,139,188,889,193,269,207,406,222,539,229,784,236,655,241,0
107,0,245,13,386,32,0,47,519,60,641,88,768,108,11,112,873,136,137,187,888,193,267,207,404,222,537,229,783,237,653,241,0
105,0,241,10,381,27,0,50,514,52,637,76,765,95,11,114,872,121,890,178,135,185,263,203,400,215,533,220,782,224,651,231,0
105,0,240,10,379,24,512,48,0,51,637,71,766,88,876,113,12,114,894,173,135,184,262,200,399,213,533,217,784,218,652,226,0
101,0,235,7,374,20,506,42,0,52,631,64,869,101,13,115,887,160,136,183,261,198,780,207,397,208,530,209,648,218,-1,-1,0
99,0,232,5,370,15,503,34,628,54,0,54,864,89,14,117,883,146,137,182,261,195,776,196,529,202,397,202,646,208,-1,-1,0
99,0,231,4,369,13,500,33,622,50,0,53,749,63,857,84,15,115,877,141,139,180,772,190,263,191,529,197,398,198,644,202,0
98,0,230,3,367,9,496,26,617,41,740,51,0,55,846,70,16,117,866,126,764,177,141,179,265,188,527,188,640,191,399,192,0
227,0,95,1,363,3,491,16,611,28,732,34,837,50,0,58,859,104,18,119,761,157,639,175,527,175,144,176,268,182,400,182,0
356,0,220,4,484,6,603,13,90,11,830,25,0,72,853,77,20,132,758,134,637,158,526,164,400,177,268,183,146,183,-1,-1,0
718,2,596,5,350,0,478,2,216,7,822,9,87,20,847,61,0,83,754,122,23,142,635,150,525,159,401,175,270,186,150,190,0
703,0,586,6,800,6,472,5,347,4,214,14,85,28,827,55,0,94,741,115,630,144,26,153,526,155,406,175,277,189,157,196,0
700,0,587,4,352,0,476,2,796,5,218,9,87,22,821,54,0,87,738,113,630,141,26,146,529,151,410,170,281,184,159,191,0
592,2,797,5,356,0,481,1,222,9,88,24,822,51,0,90,742,111,636,139,535,151,27,150,417,171,287,186,164,194,-1,-1,0
706,0,595,5,799,4,483,4,358,5,222,16,89,32,824,52,0,100,745,112,639,142,539,155,29,160,421,177,291,193,168,203,0
793,0,589,6,479,8,355,12,220,27,86,47,820,46,742,109,0,117,639,141,540,156,31,176,422,181,294,201,171,215,-1,-1,0
791,0,588,8,477,13,353,18,217,35,819,46,84,56,741,111,0,128,639,144,540,161,423,188,32,188,295,209,173,225,-1,-1,0
696,0,788,4,586,6,477,7,354,8,219,19,86,36,814,51,0,105,736,110,635,140,536,153,30,164,420,176,292,194,170,204,0
694,2,588,5,358,0,480,3,784,8,223,8,89,22,809,53,0,87,733,109,631,135,534,146,28,145,418,166,290,180,167,187,0
356,0,584,7,690,6,477,4,223,7,778,12,91,19,802,59,0,83,725,114,624,140,26,143,528,150,412,169,284,181,163,188,0
354,0,580,8,474,4,221,7,775,13,89,18,798,59,0,82,722,113,622,139,26,141,525,148,410,167,284,180,162,186,-1,-1,0
355,0,223,3,475,6,580,13,91,11,774,23,796,68,0,72,718,121,25,131,618,144,521,151,407,166,280,176,159,179,-1,-1,0
222,0,353,0,92,5,472,8,577,17,682,19,770,30,0,65,791,77,23,125,712,128,611,149,515,154,401,167,275,174,155,175,0
218,2,348,0,89,7,466,9,572,17,763,31,0,65,784,75,706,126,23,124,605,147,510,153,396,165,271,173,152,174,-1,-1,0
218,2,348,0,90,8,466,8,571,15,762,29,0,66,783,74,706,124,22,126,605,146,510,151,396,164,271,172,152,174,-1,-1,0
219,2,349,0,90,7,466,9,571,16,762,30,0,64,784,75,706,124,23,123,605,146,510,151,396,164,271,170,152,171,-1,-1,0
221,0,350,1,92,4,467,12,572,21,675,25,761,38,0,60,781,83,20,118,704,131,603,150,507,154,392,166,148,169,267,169,0
216,0,343,1,90,5,460,11,564,18,754,34,0,61,775,79,20,119,695,128,594,148,498,152,386,163,261,168,145,168,-1,-1,0
213,0,339,1,89,5,455,10,558,18,751,34,0,60,771,79,20,117,691,128,589,148,493,152,380,163,143,167,257,167,-1,-1,0
211,1,337,0,87,6,453,8,556,15,662,17,750,28,0,62,771,75,20,119,690,125,588,146,492,150,379,162,257,167,142,167,0
209,1,336,0,87,6,452,8,556,15,750,29,0,63,772,75,20,120,690,124,586,146,490,151,377,162,255,167,142,168,-1,-1,0
211,0,338,0,88,5,454,7,559,15,664,17,753,28,0,62,774,75,20,119,693,125,590,145,494,150,381,162,258,167,144,167,0
213,0,88,3,339,1,455,12,560,20,666,24,755,38,0,58,774,85,19,115,692,133,587,152,491,155,378,165,140,165,255,167,0
212,0,88,3,339,3,455,15,562,24,669,30,759,42,0,58,777,91,19,115,693,139,588,157,491,160,140,168,377,169,255,170,0
214,0,89,1,342,5,459,18,565,28,762,50,0,55,781,98,18,113,695,146,589,162,491,164,140,167,255,171,377,172,-1,-1,0
213,0,88,1,340,6,457,19,564,30,763,53,0,55,780,103,17,114,694,149,586,166,488,168,137,168,251,173,374,175,-1,-1,0
213,0,88,0,341,4,459,16,567,27,676,32,767,48,0,56,785,98,18,115,698,145,590,164,492,166,140,169,377,174,254,173,0
216,0,90,1,345,5,464,18,573,29,681,35,773,50,0,57,791,100,19,115,704,147,596,166,497,167,142,170,258,174,382,175,0
91,0,218,2,346,8,465,23,573,34,773,57,0,56,790,108,17,114,702,153,594,170,494,171,138,170,254,175,378,177,-1,-1,0
92,0,217,5,345,14,464,31,573,45,683,55,0,54,776,75,15,113,791,126,699,170,133,171,247,179,588,184,487,182,371,185,0
92,0,219,5,349,15,469,33,578,49,0,55,691,60,784,80,16,115,798,133,705,177,136,175,251,184,492,189,593,191,375,191,0
94,0,221,8,352,22,472,43,0,51,582,62,694,76,787,98,16,113,800,151,134,177,250,189,706,193,492,199,374,199,593,203,0
96,0,225,12,356,31,0,48,475,58,585,79,14,111,790,122,801,177,132,178,249,194,373,209,705,215,491,213,593,221,-1,-1,0
96,0,225,15,354,35,0,46,473,63,582,87,692,106,12,107,782,133,129,177,792,186,245,195,369,212,486,218,699,222,587,227,0
98,0,225,17,353,39,0,45,472,68,579,91,11,106,688,113,778,142,127,176,789,194,243,196,367,214,484,221,695,228,584,232,0
97,0,222,15,350,35,0,46,468,61,576,83,685,102,11,106,774,128,126,173,785,180,241,190,364,207,481,212,693,216,581,221,0
97,0,222,13,349,32,0,46,467,58,574,80,680,97,11,105,774,124,126,172,786,176,241,189,365,205,481,210,693,212,582,218,0
95,0,220,13,348,31,0,46,465,57,572,78,681,96,11,105,771,121,125,171,784,173,239,187,363,203,691,209,480,207,580,215,0
95,0,218,12,346,28,0,47,463,51,570,70,679,87,11,106,771,110,784,161,126,170,240,184,692,199,363,198,480,201,580,207,0
97,0,222,12,349,32,0,45,465,56,572,77,681,95,11,104,771,120,125,170,783,172,240,186,363,202,691,207,480,206,580,214,0
95,0,220,11,347,28,0,47,464,51,570,70,679,87,11,106,769,110,783,162,127,171,241,184,692,198,365,198,481,201,581,207,0
95,0,220,9,347,23,464,44,0,50,571,61,679,76,769,97,13,108,783,148,129,171,245,182,693,187,484,194,368,193,583,198,0
95,0,222,7,350,20,467,40,573,55,0,49,681,69,770,90,14,108,784,140,133,169,695,181,249,181,489,189,373,190,587,192,0
94,0,221,5,350,16,467,33,574,47,0,53,682,58,771,78,16,111,787,127,699,169,136,170,253,179,493,182,592,183,377,185,0
94,0,221,4,350,14,468,31,575,44,682,55,0,52,771,74,16,112,788,124,700,166,138,170,255,178,593,180,495,180,379,184,0
96,0,224,6,353,19,471,38,576,54,0,51,769,85,15,110,784,134,137,170,699,175,255,180,496,185,593,187,380,188,-1,-1,0
99,0,232,8,363,25,481,48,0,50,586,66,692,81,776,102,16,110,790,151,141,175,262,186,704,191,504,197,388,196,601,201,0
99,0,229,8,360,21,478,42,0,50,582,58,686,71,772,92,15,110,786,140,141,171,701,180,260,182,501,188,386,190,598,191,0
96,0,224,3,353,13,470,29,574,42,0,52,764,69,17,109,781,116,697,157,140,166,594,172,498,172,259,173,384,176,-1,-1,0
94,0,222,0,349,8,465,21,569,33,672,39,760,56,0,53,776,103,16,110,694,147,590,163,494,165,138,164,256,170,380,171,0
91,0,215,1,342,7,458,21,561,33,666,42,0,52,754,57,771,106,16,109,688,150,136,165,584,166,487,167,251,170,374,172,0
217,0,91,2,344,5,460,18,564,29,758,48,0,55,776,96,18,113,694,142,590,160,493,162,140,167,256,170,380,170,-1,-1,0
93,0,220,0,348,6,464,20,569,32,675,39,763,54,0,53,782,102,18,110,699,147,595,164,497,165,141,166,258,171,383,172,0
98,0,230,1,363,6,482,19,588,32,782,54,0,55,801,102,17,117,719,150,615,167,516,168,146,173,398,177,269,177,-1,-1,0
361,0,228,3,590,12,483,6,697,11,95,11,786,20,810,66,0,72,731,118,22,131,628,142,529,150,411,166,281,175,157,179,0
707,0,600,4,798,5,492,5,369,5,233,15,97,31,822,50,0,98,745,107,642,136,542,150,23,158,423,172,289,188,161,200,0
780,0,578,7,470,10,349,14,219,28,89,48,808,46,729,106,0,116,624,139,525,155,23,173,407,180,278,199,155,211,-1,-1,0
769,0,564,19,456,29,336,41,801,44,206,63,81,90,727,109,624,148,0,162,526,169,410,201,29,217,282,228,164,248,-1,-1,0
771,0,569,17,461,26,340,36,803,45,210,57,82,83,730,110,628,148,0,156,530,168,415,199,29,214,285,226,165,245,-1,-1,0
779,0,686,1,577,14,469,21,347,30,810,45,215,49,85,74,735,110,634,147,0,148,536,166,420,196,30,207,290,222,169,240,0
786,0,584,20,475,30,352,41,817,45,218,64,85,94,743,113,643,153,0,172,545,175,429,209,32,230,299,238,175,260,-1,-1,0
807,0,714,1,604,14,493,21,367,30,837,47,226,51,87,77,762,115,661,152,0,155,563,173,445,205,34,217,311,231,184,252,0
819,3,725,0,614,11,503,15,375,20,232,38,848,49,91,59,770,113,0,135,667,148,566,166,448,193,32,197,311,217,182,234,0
729,2,618,5,378,0,506,2,824,11,236,8,95,22,849,59,0,92,767,120,663,149,29,157,562,160,441,181,305,196,175,204,0
380,0,238,4,618,15,507,8,97,11,730,16,823,26,847,75,0,76,762,132,25,141,656,156,556,163,434,180,297,189,168,193,0
381,0,240,3,99,10,507,9,618,16,728,16,822,28,847,78,0,75,762,134,24,140,655,158,555,165,434,180,296,190,167,192,0
375,0,232,4,619,12,504,6,94,14,736,14,836,25,859,79,0,80,765,140,22,147,651,166,547,173,422,190,284,198,159,201,0
238,0,99,1,378,3,505,16,617,28,729,33,824,49,0,61,847,100,20,126,757,152,647,172,546,174,423,184,158,184,285,187,0
239,0,100,2,380,2,506,15,617,27,728,32,821,47,0,63,844,98,21,128,757,151,651,171,549,174,427,185,160,187,289,189,0
248,0,103,4,391,2,516,14,624,24,731,28,821,41,0,66,845,90,22,133,764,143,662,164,563,169,442,183,301,189,169,190,0
109,0,256,3,401,11,528,27,635,42,740,50,0,59,829,68,850,117,20,128,769,166,667,184,568,186,168,192,445,195,303,196,0
258,0,109,2,405,4,531,18,639,30,831,51,0,62,854,99,22,131,773,151,673,171,574,175,451,187,171,190,309,192,-1,-1,0
251,0,106,2,395,0,519,12,625,23,730,28,818,41,0,64,841,90,22,132,761,143,661,164,565,169,443,182,302,189,169,189,0
376,0,604,8,709,6,498,3,236,9,798,14,97,21,826,59,0,87,748,117,651,144,26,151,555,154,437,175,300,190,171,198,0
231,0,96,3,368,1,488,13,594,25,789,43,0,60,815,92,20,124,733,143,632,163,535,166,417,176,156,180,282,183,-1,-1,0
366,0,230,4,94,10,487,8,591,17,787,30,0,71,814,76,735,132,23,134,636,153,540,160,422,174,287,185,162,187,-1,-1,0
231,0,95,4,367,1,488,13,0,62,816,89,20,127,734,144,633,163,537,166,418,178,157,183,282,184,-1,-1,-1,-1,-1,-1,0
95,0,228,0,363,4,483,17,588,31,690,38,784,53,0,56,807,101,19,120,725,152,624,169,528,170,411,178,154,178,277,182,0
227,0,94,3,363,0,483,11,586,22,781,40,0,59,806,87,21,122,725,140,626,159,530,161,414,172,156,177,280,179,-1,-1,0
361,0,227,6,481,6,585,13,93,15,778,22,805,68,0,75,728,123,23,136,630,146,535,153,419,169,285,181,161,186,-1,-1,0
689,2,585,5,362,0,482,2,778,7,226,12,91,25,806,52,0,90,733,110,637,137,542,148,26,151,427,169,293,187,169,196,0
365,0,589,6,484,3,780,10,229,9,92,22,808,55,0,86,734,113,637,139,544,149,26,148,428,168,293,186,169,194,-1,-1,0
363,0,588,10,483,4,228,7,93,17,781,18,808,63,0,79,732,120,634,144,23,141,539,152,423,170,288,184,163,189,-1,-1,0
360,0,586,9,481,4,226,7,782,15,93,18,810,61,0,80,732,119,632,144,23,142,536,152,419,170,285,184,161,189,-1,-1,0
358,0,586,10,479,5,223,8,785,18,91,17,814,64,0,79,734,121,22,140,632,146,535,153,416,171,282,184,159,188,-1,-1,0
358,0,590,7,481,2,797,12,222,9,91,22,827,58,0,83,744,119,639,144,22,143,538,153,417,171,282,185,157,191,-1,-1,0
359,0,595,5,806,7,484,2,222,11,90,24,838,55,0,88,757,116,649,144,23,150,545,154,424,173,287,189,161,196,-1,-1,0
815,0,605,7,493,9,367,12,229,28,94,47,845,47,766,112,0,116,660,143,556,158,25,177,434,183,296,205,168,217,-1,-1,0
815,0,599,20,485,27,357,38,851,46,220,62,87,89,773,116,663,155,0,161,559,175,434,207,28,221,298,236,170,254,-1,-1,0
811,0,592,23,477,32,849,43,350,45,214,72,83,101,773,115,665,155,0,174,559,177,436,211,31,232,300,242,174,263,-1,-1,0
829,0,726,1,608,12,492,17,363,24,225,45,863,46,92,67,780,115,0,137,668,151,561,166,434,196,27,197,296,221,168,236,0
832,0,610,7,493,9,363,13,225,30,91,50,866,47,782,115,0,118,668,147,559,161,25,178,432,186,294,208,165,218,-1,-1,0
835,0,612,6,495,7,365,10,226,26,92,44,868,47,784,114,0,111,671,145,560,158,26,171,433,182,295,203,167,214,-1,-1,0
840,1,737,0,617,9,500,10,369,14,230,30,93,49,873,49,789,114,0,117,675,147,564,161,25,177,437,185,298,207,168,218,0
388,0,647,8,523,3,244,9,881,14,104,20,911,64,0,85,820,127,22,147,696,154,578,162,443,179,299,193,163,197,-1,-1,0
396,0,251,6,535,7,663,15,108,15,904,25,934,79,0,79,838,141,19,144,708,167,585,172,445,188,299,197,160,199,-1,-1,0
399,0,252,6,540,6,669,14,109,16,911,23,941,76,0,79,846,138,20,144,715,164,591,170,450,185,303,196,164,198,-1,-1,0
400,0,673,6,542,2,918,8,254,9,109,23,949,63,0,91,854,130,21,155,722,158,597,168,455,187,307,201,166,207,-1,-1,0
677,5,404,0,925,7,546,2,256,11,110,27,955,61,0,97,859,130,725,161,20,162,599,172,456,193,309,208,165,214,-1,-1,0
812,0,676,5,399,0,927,6,543,1,251,11,107,25,958,61,0,95,860,128,724,160,22,160,598,171,455,192,308,206,167,211,0
405,0,255,7,550,5,684,11,110,17,938,19,967,76,0,84,865,141,21,151,729,168,600,176,455,193,307,203,165,205,-1,-1,0
406,0,257,5,552,7,688,14,111,14,946,24,0,81,974,83,870,148,20,149,730,175,600,181,454,197,305,204,162,205,-1,-1,0
409,0,258,7,555,6,694,12,834,10,110,19,954,20,984,79,0,86,879,145,20,153,738,173,606,181,459,198,309,207,165,209,0
412,0,259,5,704,13,562,6,848,12,111,14,972,23,0,83,1001,84,891,150,20,150,746,177,611,185,461,200,309,207,165,208,0
416,0,262,4,567,7,711,15,112,13,857,15,983,27,0,81,1013,89,20,149,900,154,751,182,615,189,463,203,310,208,165,208,0
426,0,269,3,117,12,580,8,724,16,872,16,998,28,0,81,1027,92,18,150,914,158,764,186,626,193,471,208,315,212,165,212,0
434,0,737,9,274,6,888,7,590,5,1016,19,119,18,1049,83,0,96,938,155,22,168,788,187,646,198,488,218,328,226,175,229,0
430,0,734,8,270,6,587,5,1015,16,116,18,1045,82,0,95,930,151,23,166,778,185,638,196,482,215,326,222,174,225,-1,-1,0
431,0,737,8,889,6,271,4,589,5,1018,18,116,17,1049,82,0,94,933,150,24,164,781,183,640,194,484,213,326,219,175,222,0
887,0,735,6,428,3,586,6,268,11,1019,11,114,25,1050,76,0,103,934,145,24,173,782,181,641,195,485,216,327,224,177,230,0
270,0,431,3,115,6,590,14,741,22,899,27,1031,45,0,80,1055,115,23,152,929,179,772,206,630,212,171,218,318,221,473,224,0
270,0,116,2,431,5,591,20,743,33,900,40,1034,62,0,71,1057,131,22,142,928,190,168,210,769,213,627,216,315,216,469,223,0
112,0,263,3,425,13,588,32,747,48,915,59,0,69,1057,86,20,141,1081,162,161,213,942,220,307,225,623,237,773,239,461,238,0
114,0,264,1,426,11,590,29,751,43,922,55,0,67,1068,83,17,136,1092,157,155,207,946,214,300,219,620,231,455,233,772,233,0
117,0,268,13,428,35,0,59,589,67,745,92,910,116,13,131,1051,152,149,213,1071,229,294,235,447,261,610,270,930,274,760,282,0
116,0,273,7,437,22,597,46,750,64,0,67,908,80,1042,110,21,141,1067,181,173,218,323,231,941,234,639,247,480,247,784,250,0
288,0,458,0,123,5,771,16,620,11,924,19,1050,34,0,82,1074,100,26,153,955,159,803,190,664,201,344,214,188,217,505,216,0
916,0,761,4,447,0,281,5,610,5,1046,11,118,19,1071,77,0,102,951,143,27,173,798,180,658,196,500,218,341,223,187,231,0
912,1,759,5,443,0,277,4,605,4,1043,13,116,17,1071,80,0,99,951,146,27,171,797,183,657,198,499,219,340,222,186,229,0
909,0,756,7,1038,8,605,11,443,11,276,20,114,37,1069,73,0,122,953,142,803,183,30,192,663,202,506,227,347,236,192,247,0
907,0,1036,4,756,13,605,22,443,27,276,42,113,65,1069,68,956,141,0,156,808,187,670,211,34,226,514,242,355,257,200,274,0
903,0,1031,4,753,15,603,25,442,32,276,48,1066,66,114,73,956,140,0,164,810,187,671,212,31,234,514,245,353,262,198,281,0
1004,0,884,0,742,17,599,27,441,37,275,59,1037,58,112,88,937,135,801,182,0,180,670,208,520,244,35,251,361,270,206,292,0
877,0,996,2,736,12,595,19,439,25,275,43,1029,59,113,66,927,131,0,151,791,174,662,196,33,220,512,227,353,247,200,265,0
986,0,732,13,594,21,440,29,276,48,1021,58,114,75,925,134,0,167,793,179,666,203,518,238,33,239,359,263,203,283,-1,-1,0
983,0,867,0,731,13,594,20,440,28,277,47,1016,58,114,73,919,131,0,162,789,175,663,198,516,231,34,232,358,255,204,275,0
881,0,746,7,994,6,609,6,455,7,289,19,122,36,1024,63,0,121,927,131,797,168,670,186,29,192,521,213,359,231,201,244,0
469,0,299,5,760,12,624,6,893,10,127,16,1003,22,1030,79,0,98,932,144,802,177,26,174,677,190,527,213,361,224,200,233,0
460,0,293,4,749,11,613,6,124,16,994,22,1021,80,0,97,921,144,28,171,791,176,667,189,518,210,356,221,198,228,-1,-1,0
872,1,739,5,451,0,604,3,984,10,286,8,120,23,1013,67,0,105,914,134,785,168,29,179,661,183,514,208,353,222,198,233,0
868,0,735,4,448,0,600,3,980,7,282,10,118,24,1009,65,0,105,910,131,782,166,30,177,658,181,512,206,353,220,198,231,0
452,0,738,7,604,4,286,7,983,13,120,22,1011,72,0,102,913,137,785,170,29,175,661,185,514,208,354,221,199,231,-1,-1,0
451,0,737,10,286,5,871,8,604,5,121,17,981,18,1009,76,0,97,911,140,29,171,782,173,659,186,512,207,352,219,197,227,0
297,0,466,1,126,6,620,11,754,20,886,23,994,38,0,82,1021,94,925,153,28,157,798,181,675,191,526,208,362,216,202,219,0
476,0,897,6,767,9,632,5,304,7,1005,17,129,20,1032,74,0,106,936,140,811,173,31,182,688,188,539,213,373,228,210,239,0
444,0,282,4,725,15,593,8,119,14,855,14,965,27,991,85,0,91,891,148,27,165,764,178,643,189,499,209,341,218,191,224,0
438,0,850,6,719,9,276,6,586,5,961,16,115,18,988,74,0,96,889,139,29,168,763,171,642,183,498,205,342,216,192,225,0
848,0,717,4,436,0,584,2,958,8,274,9,113,25,987,64,0,105,889,131,763,165,31,176,644,180,501,204,346,219,196,229,0
844,0,713,7,954,7,433,6,581,7,273,16,112,36,983,64,0,116,886,131,761,167,641,183,31,186,499,209,343,225,195,237,0
836,0,947,6,705,7,574,8,426,8,267,20,109,39,976,62,0,121,879,131,755,168,635,185,30,191,494,211,340,228,193,241,0
832,0,701,7,942,6,570,8,424,9,265,21,109,40,971,62,0,120,874,131,749,167,630,184,30,190,490,209,336,226,191,239,0
825,0,934,4,696,9,567,12,422,14,264,29,107,50,965,58,871,127,0,129,749,164,631,182,30,198,492,210,339,229,192,242,0
470,0,300,6,623,8,754,17,128,16,995,29,1025,85,0,92,928,152,25,170,803,181,680,191,531,211,363,226,202,233,-1,-1,0
446,0,596,4,725,10,281,11,968,18,119,23,1002,72,0,98,906,141,781,172,26,172,660,182,514,203,350,221,194,229,-1,-1,0
439,0,721,10,589,4,277,11,971,16,115,25,1005,72,0,100,908,143,781,174,27,173,657,184,510,206,346,223,193,230,-1,-1,0
455,0,609,5,745,12,882,10,287,11,1000,18,122,25,1036,75,0,101,936,148,805,178,28,176,678,188,525,210,357,228,199,235,0
454,0,610,6,748,13,286,11,1009,20,121,24,1045,78,0,97,942,151,26,173,808,181,677,189,523,210,354,227,196,231,-1,-1,0
451,0,608,5,749,11,892,8,1016,16,284,12,120,25,1054,75,0,100,949,149,26,174,811,180,679,189,522,211,353,228,195,233,0
467,0,630,3,775,9,1051,12,295,13,126,29,1090,73,0,105,983,151,840,182,27,181,702,192,540,215,366,235,201,241,-1,-1,0
473,0,639,3,788,11,1069,16,299,12,128,26,1109,76,0,103,999,154,27,178,852,186,711,194,546,216,371,234,203,239,-1,-1,0
482,0,651,4,801,11,1087,15,305,14,131,29,1128,75,0,108,1017,156,27,186,867,189,724,198,556,222,378,242,207,248,-1,-1,0
814,7,491,0,1105,7,661,2,311,16,134,34,1146,69,0,116,1036,150,884,186,28,194,738,197,568,223,385,245,211,253,-1,-1,0
499,0,985,2,1121,6,828,7,672,1,316,16,136,35,1163,69,0,117,1051,152,899,187,27,196,749,200,575,225,391,249,213,257,0
503,0,836,9,678,2,1132,8,319,16,139,33,1175,71,0,116,1061,154,905,191,27,196,753,202,578,228,392,251,212,258,-1,-1,0
501,0,676,3,998,5,836,10,1137,11,318,16,139,32,1179,75,0,114,1063,158,904,193,26,193,750,203,573,228,387,248,209,256,0
1133,0,828,4,666,0,491,1,311,20,134,40,1177,62,0,122,1059,149,897,187,26,200,742,199,565,227,382,250,205,258,-1,-1,0
1127,0,810,6,645,4,472,5,298,23,130,44,1169,66,0,124,1046,154,875,192,22,199,715,204,537,230,360,251,191,259,-1,-1,0
476,0,986,1,1134,7,817,7,650,1,301,15,132,33,1175,74,0,110,1049,160,22,187,876,195,715,204,536,227,359,245,189,249,0
1149,1,999,0,825,10,655,6,478,7,302,26,133,47,1191,70,0,126,1064,160,886,198,22,202,721,210,538,235,362,257,189,262,0
1155,1,1005,0,830,13,658,12,480,16,303,38,133,63,1197,68,0,144,1072,160,893,201,726,216,24,222,544,245,367,269,192,278,0
1158,2,1007,0,831,9,659,4,481,5,306,23,135,45,1198,69,0,124,1070,160,890,197,21,199,722,209,538,234,363,255,188,260,0
1147,1,996,0,821,12,648,10,472,14,300,34,133,58,1188,67,0,136,1061,158,880,198,20,209,711,211,528,238,356,260,183,268,0
1129,0,801,17,630,19,457,25,289,47,128,74,1171,67,0,153,1044,161,861,204,693,220,21,226,512,248,343,272,176,281,-1,-1,0
1115,0,784,21,614,26,443,35,280,58,1159,67,124,86,1031,162,0,165,848,207,679,224,21,236,500,255,336,279,173,289,-1,-1,0
1117,0,965,2,791,16,620,19,449,25,285,47,1159,65,126,74,0,153,1035,157,853,201,684,217,21,225,505,246,341,270,176,280,0
1130,0,970,6,786,27,609,35,436,47,1172,69,275,74,121,106,1037,173,0,188,846,221,672,241,22,260,493,274,332,300,172,312,0
1141,0,794,20,615,23,441,30,278,53,122,80,1182,73,0,160,1044,172,851,217,21,233,676,232,495,260,334,281,172,289,-1,-1,0
1147,0,987,3,801,19,622,20,446,27,283,49,125,75,1187,73,0,156,1051,171,857,215,23,230,681,230,498,258,337,279,174,286,0
1148,0,801,24,622,28,446,38,282,62,1191,73,126,91,0,173,1055,174,860,221,684,239,23,248,500,270,338,294,173,303,-1,-1,0
1182,0,1018,4,827,23,641,28,458,38,288,65,1224,72,125,95,1086,175,0,181,890,223,710,243,27,256,522,275,356,300,186,311,0
1203,0,1040,1,849,15,660,15,474,20,300,42,132,71,1243,75,0,157,1105,175,907,221,24,235,725,237,534,266,363,287,188,295,0
1209,0,1041,3,847,23,659,28,473,38,300,64,1250,74,133,95,1108,180,0,184,906,229,722,249,23,261,529,282,358,307,184,318,0
1200,0,1030,6,834,27,643,33,459,44,290,71,1245,76,127,103,1100,183,0,191,895,234,709,254,23,267,517,288,350,312,179,323,0
1205,0,1030,6,832,28,641,35,457,47,288,73,1249,79,127,104,1101,188,0,192,893,238,706,258,24,269,513,291,348,315,177,325,0
1200,0,804,60,1253,79,608,82,426,108,264,148,114,191,1099,204,879,274,0,284,686,307,496,353,26,358,336,386,174,406,-1,-1,0
1215,0,1030,14,822,45,625,60,440,80,1264,81,275,113,119,151,1109,203,0,243,890,264,697,290,26,319,505,329,342,357,177,371,0
1259,0,1069,11,856,41,653,55,460,73,1310,82,287,108,125,145,1151,205,0,240,928,265,729,292,28,320,529,332,359,360,187,376,0
1294,0,1103,13,887,44,681,59,482,78,1346,83,303,114,132,154,1186,208,0,252,961,272,759,299,28,334,553,342,376,372,195,389,0
1323,0,1120,17,891,51,678,69,1378,86,476,92,298,131,129,173,1206,220,0,272,968,286,758,316,29,353,548,360,371,391,192,408,0
1340,0,1128,17,892,52,674,70,470,93,1395,89,293,132,127,173,1215,226,0,272,968,294,752,323,28,353,540,365,365,396,188,411,0
1351,0,1138,14,901,46,681,61,476,81,1406,90,297,116,129,157,1225,225,0,255,976,290,758,317,27,338,543,357,367,385,188,398,0
1368,0,1155,11,918,43,695,55,487,72,1423,92,305,106,135,146,1239,226,0,243,989,289,769,314,26,327,552,352,371,378,190,390,0
1434,0,1207,23,957,70,719,97,1497,101,498,126,307,172,130,222,1310,252,1049,335,0,338,819,376,38,427,593,428,407,462,216,485,0
1474,0,1234,27,974,82,1542,107,727,116,500,152,306,200,128,254,1344,264,1075,356,0,379,839,405,609,463,44,468,418,497,227,524,0
1500,0,1249,35,978,101,1573,114,724,148,491,192,295,245,1370,282,117,307,1096,388,0,441,856,447,625,513,53,530,436,548,244,582,0
1517,0,1260,37,983,109,1591,118,725,163,489,210,289,264,1382,285,111,328,1105,395,0,463,864,459,633,527,56,550,444,560,253,597,0
1512,0,1256,33,979,98,1586,115,723,148,488,190,290,240,1376,276,113,299,1099,381,0,431,858,442,627,505,54,517,438,535,247,568,0
1521,0,1263,28,984,88,1595,115,727,134,492,172,292,219,115,274,1382,272,1101,373,0,403,858,429,53,491,624,489,437,513,244,544,0
1531,0,1270,30,988,93,1604,120,728,141,492,181,292,229,113,287,1389,281,1106,384,0,419,863,443,54,507,628,505,439,530,246,561,0
1440,0,1200,11,930,54,669,83,418,109,1504,114,199,146,0,195,1304,252,1038,340,796,388,553,442,139,489,-1,-1,-1,-1,-1,-1,0
1447,0,1208,12,938,54,677,83,424,107,1512,113,203,144,0,194,1312,252,1044,340,801,388,553,443,344,463,128,491,-1,-1,-1,-1,0
1535,0,1290,13,1014,56,752,88,502,114,1597,118,281,151,79,200,1388,262,1114,351,869,400,0,435,623,454,414,475,201,502,-1,-1,0
1602,0,1344,10,1059,53,793,83,545,106,1664,121,329,141,135,187,1439,266,0,316,1154,351,905,394,50,410,659,442,455,457,251,478,0
1612,0,1340,18,1044,69,773,106,1679,123,526,136,315,174,127,225,1444,277,0,352,1146,370,891,417,48,444,644,468,442,485,243,508,0
1594,0,1326,24,1027,82,757,126,509,162,300,206,116,259,1463,278,1161,380,0,387,900,434,52,476,650,490,446,510,249,536,-1,-1,0
1619,0,1372,4,1097,40,834,64,580,83,351,115,1686,116,142,158,1476,252,0,291,1201,335,953,378,47,393,700,428,482,444,263,465,0
1474,0,1238,3,970,34,710,54,453,70,218,99,1535,114,0,142,1330,244,1063,324,821,366,566,415,343,432,117,454,-1,-1,-1,-1,0
1595,1,1360,0,1095,29,841,46,590,60,360,87,1653,114,147,127,1448,240,0,253,1183,315,44,354,945,352,697,396,479,410,259,428,0
1351,0,1581,2,1089,27,838,42,590,54,362,79,150,117,1640,113,1437,237,0,242,1176,309,46,342,940,344,695,386,479,399,261,416,0
1338,0,1574,4,1074,28,823,43,578,54,354,80,147,117,1628,115,0,240,1417,241,1152,312,42,339,917,346,673,386,460,398,248,413,0
1328,0,1570,4,1057,27,803,41,560,52,341,77,141,113,1626,118,0,231,1407,243,1134,313,41,327,896,344,653,380,444,389,239,401,0
1303,0,1046,9,570,6,805,9,1529,14,352,19,151,43,1578,124,0,149,1367,232,34,244,1106,285,877,301,429,326,639,325,224,327,0
1302,0,1042,9,562,7,799,9,1532,14,345,20,145,44,1586,126,0,150,1376,238,36,247,1113,291,882,306,434,330,229,331,642,330,0
1309,0,1046,9,563,4,801,8,345,17,1543,16,147,39,1591,129,0,143,33,238,1376,241,1109,290,875,304,223,323,425,324,635,326,0
1304,0,1045,13,1533,15,563,13,801,13,346,27,146,52,1586,125,0,159,1374,237,35,255,1112,290,881,308,642,333,432,334,229,337,0
1302,0,1530,10,1044,15,803,21,565,23,347,42,146,69,1584,121,0,178,1375,235,37,273,1115,293,886,314,647,342,436,347,232,352,0
1300,0,1527,7,1044,18,802,25,565,31,347,50,146,82,1581,115,0,193,1374,232,39,289,1117,293,889,317,651,349,440,357,235,365,0
1297,0,1524,6,1039,19,799,28,562,36,343,58,143,90,1579,113,0,202,1373,231,38,296,1116,293,888,319,651,352,440,361,237,371,0
1294,0,1522,4,1038,24,797,36,561,46,343,71,142,105,1578,111,0,219,1373,231,1117,297,40,313,889,326,653,362,443,374,238,385,0
1297,0,1523,4,1040,21,799,33,562,41,343,66,143,99,1577,111,0,213,1371,231,1114,295,40,307,887,323,651,358,442,370,238,381,0
1293,0,1517,6,1040,19,801,28,565,34,347,56,145,89,1571,112,0,200,1369,228,1115,290,40,295,890,315,654,349,444,359,239,369,0
1289,0,1505,6,1042,17,808,25,573,31,354,51,148,82,1561,108,0,194,1368,222,1122,281,40,288,899,307,664,341,452,352,244,362,0
1297,0,1507,7,1056,16,823,21,588,26,367,45,156,76,1562,107,0,190,1375,219,1133,280,38,288,912,306,676,341,459,354,245,365,0
1305,0,1513,8,1065,15,834,20,598,22,373,41,160,72,1565,110,0,185,1380,222,1140,282,38,285,920,306,683,341,466,353,247,363,0
1304,0,1062,12,1514,9,830,13,595,13,372,29,161,56,1565,111,0,168,1377,222,36,267,1134,278,912,300,674,331,457,340,241,348,0
593,0,1302,3,1060,10,827,5,371,11,1513,19,161,33,1562,121,0,140,1371,228,33,239,1127,277,904,294,666,319,451,323,236,325,0
588,0,1299,5,1055,10,822,5,368,12,1511,20,159,35,1561,123,0,139,1368,230,30,239,1120,280,897,295,658,320,443,323,230,325,0
1298,0,1052,11,1512,11,583,10,817,11,364,25,157,53,1563,115,0,159,1368,228,31,257,1119,281,894,300,656,327,444,335,231,339,0
1301,0,1518,9,1054,14,817,14,583,15,364,33,158,61,1571,112,0,170,1377,228,32,269,1126,283,898,304,658,334,445,344,231,350,0
1307,0,1059,8,588,3,823,6,1524,13,369,17,161,41,1577,116,0,148,1380,230,33,247,1127,280,899,296,658,323,444,329,231,331,0
581,0,1306,5,1053,10,816,5,363,12,1525,20,159,33,1577,124,0,137,31,237,1377,236,1120,285,890,298,649,321,436,324,225,323,0
587,0,369,10,1310,9,1060,14,822,7,1529,27,161,31,0,135,1580,132,28,234,1380,243,1123,289,892,301,224,323,651,323,437,325,0
585,0,1310,5,1059,11,821,5,367,11,1530,21,161,33,1583,126,0,137,30,236,1383,238,1126,285,895,299,652,322,226,324,440,325,0
588,0,370,7,824,12,1062,24,163,24,1313,24,1533,43,0,125,1583,150,26,225,1379,259,1120,300,888,308,219,318,431,324,645,325,0
590,0,371,8,826,10,1065,21,1316,18,163,26,1536,38,0,128,1587,144,27,228,1385,253,1125,298,893,306,220,319,435,325,649,325,0
596,0,375,8,833,10,1073,22,1323,19,166,25,1543,38,0,130,1593,146,28,231,1392,256,1133,301,902,309,224,324,440,329,656,329,0
612,0,847,9,390,14,1083,23,1327,19,177,34,1542,35,0,131,1596,135,20,232,1402,251,1146,293,912,299,662,319,217,324,439,329,0
1477,0,1271,1,1037,16,812,11,587,16,374,44,171,74,1535,87,0,168,1357,209,1112,259,21,262,886,272,645,305,427,331,211,338,0
1451,0,1002,51,775,63,1515,82,555,87,352,130,158,173,1336,223,0,271,1087,287,861,313,24,358,624,359,412,400,207,417,-1,-1,0
1420,0,1499,72,946,112,715,153,498,203,1332,237,309,267,133,330,1072,333,836,384,0,436,602,455,32,515,401,516,209,552,-1,-1,0
1373,0,1460,65,943,87,725,120,512,163,1312,218,321,226,139,285,1073,306,851,353,0,397,623,423,35,480,422,484,222,521,-1,-1,0
442,0,1049,59,268,109,829,159,104,216,613,281,0,365,429,387,55,449,244,461,-1,-1,-1,-1,-1,-1,-1,-1,-1,-1,-1,-1,0
1327,0,878,41,663,46,469,60,1392,81,299,92,138,125,0,206,1232,220,968,276,4,287,736,290,510,322,320,349,143,354,-1,-1,0
1299,0,855,66,643,81,452,106,286,148,131,188,1211,222,0,271,953,286,726,310,10,348,505,352,323,392,151,405,-1,-1,-1,-1,0
1282,0,1335,67,841,71,632,89,442,118,279,162,127,205,1194,214,938,282,0,288,715,310,499,356,12,362,320,398,151,414,-1,-1,0
1275,0,1329,68,836,82,627,105,438,138,274,185,1189,214,124,231,936,288,0,315,714,318,500,369,12,386,323,414,154,434,-1,-1,0
1280,0,1357,68,844,90,636,117,446,153,282,206,1203,217,128,254,953,295,728,332,0,344,512,387,15,419,332,440,160,465,-1,-1,0
1265,0,1339,63,834,97,625,127,438,167,1183,214,278,223,126,276,934,296,712,335,0,365,501,394,16,437,328,451,158,477,-1,-1,0
1269,0,1340,65,847,89,640,115,452,152,290,206,1185,213,135,258,938,288,719,326,0,347,506,382,13,420,331,437,158,463,-1,-1,0
1276,0,1346,64,850,95,643,123,456,164,293,219,1189,214,136,271,940,293,719,334,0,363,506,394,13,438,330,451,156,479,-1,-1,0
1310,0,1387,64,858,106,642,139,450,181,1221,231,288,240,132,295,954,315,721,355,0,387,500,418,11,463,324,477,151,506,-1,-1,0
1367,0,1449,65,886,116,658,149,459,195,1267,240,292,256,135,313,982,327,737,369,0,404,507,432,10,479,327,494,150,521,-1,-1,0
1373,0,1459,66,892,117,664,150,463,196,1279,239,296,258,136,315,994,328,746,370,0,407,514,435,9,482,330,497,152,525,-1,-1,0
1389,0,1472,65,906,113,676,144,475,188,1290,240,305,250,142,307,1002,325,753,366,0,399,518,430,8,477,333,493,151,520,-1,-1,0
1384,0,1468,65,902,125,673,161,472,210,1288,244,303,275,142,333,1001,338,751,383,0,430,515,450,8,505,333,518,152,550,-1,-1,0
1368,0,1450,64,887,137,659,177,462,231,1269,249,300,299,142,364,978,350,728,399,0,460,496,472,6,537,320,543,141,576,-1,-1,0
1361,0,1443,62,877,143,649,186,455,240,1259,253,296,308,965,355,141,371,713,405,0,468,483,477,7,544,311,550,138,583,-1,-1,0
1353,0,1433,61,864,151,637,196,445,252,1248,258,290,323,950,362,139,386,698,416,0,483,471,491,5,559,302,564,132,599,-1,-1,0
1329,0,1410,59,845,162,619,212,1226,261,432,272,283,344,927,377,135,410,675,433,0,510,450,512,3,586,288,588,123,624,-1,-1,0
1333,0,1413,62,840,159,614,207,427,263,1223,266,280,334,917,376,136,400,663,429,0,495,439,505,0,571,279,579,115,611,-1,-1,0
1341,0,1424,64,843,169,615,220,1232,278,427,280,280,352,921,390,136,419,664,446,1,516,438,524,0,592,280,599,116,632,-1,-1,0
1374,0,1463,61,861,193,626,252,1266,285,436,320,287,399,946,413,140,474,680,479,448,567,0,575,2,653,287,650,119,690,-1,-1,0
1425,0,813,173,580,244,1226,247,397,322,899,393,261,407,125,484,635,469,415,565,0,589,267,653,4,663,112,694,-1,-1,-1,-1,0
1211,0,1288,54,741,234,1113,299,528,308,363,386,811,446,241,470,568,527,120,550,366,624,0,652,96,757,-1,-1,-1,-1,-1,-1,0
1207,0,1281,56,733,235,1100,305,520,308,359,386,797,453,120,547,555,531,356,627,0,650,0,724,94,757,-1,-1,-1,-1,-1,-1,0
1214,0,1286,56,731,228,518,298,1101,305,356,372,790,446,119,525,546,521,347,611,0,625,87,732,-1,-1,-1,-1,-1,-1,-1,-1,0
1219,0,1293,58,733,237,518,311,1105,311,357,388,793,459,547,537,349,632,0,649,88,757,-1,-1,-1,-1,-1,-1,-1,-1,-1,-1,0
1234,0,1311,58,740,236,522,309,359,386,801,462,553,539,350,633,0,647,87,758,-1,-1,-1,-1,-1,-1,-1,-1,-1,-1,-1,-1,0
1265,0,1346,60,754,239,532,312,1143,321,364,387,814,469,122,545,560,545,354,639,0,647,87,761,-1,-1,-1,-1,-1,-1,-1,-1,0
1352,0,746,188,522,265,1151,269,355,343,816,424,557,503,353,597,0,604,90,718,-1,-1,-1,-1,-1,-1,-1,-1,-1,-1,-1,-1,0
1251,0,1345,66,732,264,1149,344,507,346,343,427,813,508,116,591,552,594,349,693,0,699,91,816,-1,-1,-1,-1,-1,-1,-1,-1,0
1294,0,1395,80,749,266,517,348,1183,372,350,429,831,541,561,626,0,707,353,723,2,790,92,838,-1,-1,-1,-1,-1,-1,-1,-1,0
1368,0,1478,98,772,255,527,331,353,404,856,562,571,635,0,668,354,721,4,754,-1,-1,-1,-1,-1,-1,-1,-1,-1,-1,-1,-1,0
1428,0,1533,137,758,245,502,315,328,377,1255,455,0,621,548,661,5,710,336,726,-1,-1,-1,-1,-1,-1,-1,-1,-1,-1,-1,-1,0
1342,0,1452,139,724,232,479,300,314,360,805,583,0,601,529,641,10,688,328,705,-1,-1,-1,-1,-1,-1,-1,-1,-1,-1,-1,-1,0
1340,0,1434,150,728,181,486,232,320,279,1166,425,0,497,786,539,6,585,515,578,315,627,-1,-1,-1,-1,-1,-1,-1,-1,-1,-1,0
1354,0,1027,75,728,163,1445,156,482,205,319,247,0,450,777,525,504,553,307,593,-1,-1,-1,-1,-1,-1,-1,-1,-1,-1,-1,-1,0
1365,0,725,165,1456,162,480,210,316,251,206,292,1165,434,0,455,3,540,774,534,501,560,-1,-1,-1,-1,-1,-1,-1,-1,-1,-1,0
1363,0,1032,71,730,158,1452,161,483,198,318,237,208,277,0,438,776,525,504,550,307,587,-1,-1,-1,-1,-1,-1,-1,-1,-1,-1,0
1361,0,736,156,1454,162,488,199,321,239,209,279,0,442,787,526,512,553,312,592,86,613,-1,-1,-1,-1,-1,-1,-1,-1,-1,-1,0
1366,0,1044,68,746,152,1461,158,496,193,327,234,215,275,0,441,802,525,524,554,319,594,86,615,-1,-1,-1,-1,-1,-1,-1,-1,0
1370,0,736,172,1471,165,485,218,319,262,208,304,1190,441,0,475,798,548,520,581,319,624,-1,-1,-1,-1,-1,-1,-1,-1,-1,-1,0
1382,0,1051,78,749,174,1481,162,496,224,325,269,212,312,0,489,815,555,532,592,328,638,95,663,-1,-1,-1,-1,-1,-1,-1,-1,0
1353,0,1463,164,724,213,472,279,303,334,194,386,0,575,821,593,544,647,19,665,343,704,-1,-1,-1,-1,-1,-1,-1,-1,-1,-1,0
1384,0,1040,103,1488,172,732,221,476,287,306,343,0,583,819,608,540,661,339,716,111,752,-1,-1,-1,-1,-1,-1,-1,-1,-1,-1,0
1412,0,1041,94,720,204,1532,189,463,263,297,312,190,355,0,534,807,610,522,649,322,693,-1,-1,-1,-1,-1,-1,-1,-1,-1,-1,0
1423,0,1046,84,722,187,1543,195,463,240,295,283,189,323,0,501,1226,491,806,604,518,635,-1,-1,-1,-1,-1,-1,-1,-1,-1,-1,0
1460,0,1062,68,726,158,460,201,294,237,1579,214,189,269,0,439,1237,496,801,589,510,605,-1,-1,-1,-1,-1,-1,-1,-1,-1,-1,0
1504,0,1109,42,767,112,492,142,316,169,203,196,0,364,1258,486,825,561,527,566,319,583,-1,-1,-1,-1,-1,-1,-1,-1,-1,-1,0
1348,0,958,25,606,82,313,102,121,122,0,148,1438,228,1090,475,341,543,653,542,117,555,-1,-1,-1,-1,-1,-1,-1,-1,-1,-1,0
1061,0,703,61,411,84,223,107,103,132,0,183,1558,200,1194,456,749,524,211,538,-1,-1,-1,-1,-1,-1,-1,-1,-1,-1,-1,-1,0
1593,0,1159,40,792,108,504,135,321,160,206,186,111,235,1696,247,0,352,1299,514,531,578,314,588,839,579,-1,-1,-1,-1,-1,-1,0
1148,0,769,87,481,129,302,161,193,191,1732,192,0,363,1330,486,532,573,847,568,321,586,-1,-1,-1,-1,-1,-1,-1,-1,-1,-1,0
1171,0,787,93,491,137,305,172,193,203,1767,191,0,383,1355,490,111,587,871,579,554,589,335,607,-1,-1,-1,-1,-1,-1,-1,-1,0
1185,0,794,83,495,122,309,152,196,177,1789,214,0,356,1366,504,108,567,552,585,874,582,332,596,-1,-1,-1,-1,-1,-1,-1,-1,0
1185,0,795,85,494,124,309,154,197,180,1792,215,0,360,1366,506,552,587,873,585,332,599,-1,-1,-1,-1,-1,-1,-1,-1,-1,-1,0
1664,0,1186,58,795,141,495,180,308,210,105,292,1791,273,0,415,1364,563,550,643,873,641,331,654,-1,-1,-1,-1,-1,-1,-1,-1,0
1189,0,800,82,498,116,313,145,1789,219,0,349,1362,506,548,581,330,591,874,580,-1,-1,-1,-1,-1,-1,-1,-1,-1,-1,-1,-1,0
1676,0,1210,34,821,100,519,124,209,167,327,146,1793,265,0,340,1367,532,553,586,878,594,-1,-1,-1,-1,-1,-1,-1,-1,-1,-1,0
1631,0,1176,40,784,106,474,128,270,153,143,180,1749,245,1329,523,0,582,494,597,251,610,833,598,-1,-1,-1,-1,-1,-1,-1,-1,0
1783,0,1323,62,922,143,608,169,397,201,261,238,0,410,1464,535,81,621,599,614,950,614,347,634,-1,-1,-1,-1,-1,-1,-1,-1,0
1538,0,840,93,529,101,1640,111,279,131,85,185,1318,343,874,420,515,431,200,477,0,527,-1,-1,-1,-1,-1,-1,-1,-1,-1,-1,0
1487,0,836,84,538,92,1587,96,288,119,1300,307,879,383,529,398,212,447,0,504,-1,-1,-1,-1,-1,-1,-1,-1,-1,-1,-1,-1,0
1383,0,481,38,775,48,220,54,0,97,1479,98,1221,289,822,349,472,348,132,385,-1,-1,-1,-1,-1,-1,-1,-1,-1,-1,-1,-1,0
1381,0,1485,75,814,79,533,88,275,119,52,177,1271,258,913,331,585,355,258,414,0,482,-1,-1,-1,-1,-1,-1,-1,-1,-1,-1,0
1351,0,1458,76,781,84,496,91,232,125,0,186,1248,271,887,349,550,374,209,441,-1,-1,-1,-1,-1,-1,-1,-1,-1,-1,-1,-1,0
1600,0,1010,91,723,101,460,136,231,199,0,255,1503,275,1129,357,786,383,442,446,-1,-1,-1,-1,-1,-1,-1,-1,-1,-1,-1,-1,0
1810,0,1897,67,1211,93,924,103,664,138,439,202,216,258,1716,273,0,353,1342,354,1001,378,666,442,395,518,138,533,-1,-1,-1,-1,0
1788,0,1202,105,920,123,662,164,438,234,1704,263,215,294,1344,351,1012,383,0,394,683,456,413,539,155,563,-1,-1,-1,-1,-1,-1,0
1752,0,1189,102,915,121,662,162,440,230,1676,254,1334,341,1016,373,12,389,698,444,0,487,434,527,179,552,-1,-1,-1,-1,-1,-1,0
1705,0,1156,95,889,109,642,147,425,211,1624,248,210,266,1294,327,989,355,11,362,683,420,0,455,426,497,178,518,-1,-1,-1,-1,0
1107,0,845,23,605,68,1580,131,396,134,193,195,1254,219,954,256,6,288,658,325,0,375,409,404,174,432,-1,-1,-1,-1,-1,-1,0
1586,0,1076,99,826,121,591,161,383,227,1527,234,181,286,1226,319,942,351,0,382,658,420,1,472,415,500,182,528,-1,-1,-1,-1,0
1591,0,1110,58,869,59,1681,66,634,82,418,132,202,175,1510,214,5,261,1226,272,959,287,678,336,0,349,428,399,186,413,-1,-1,0
1585,0,867,50,1106,49,1674,66,633,68,416,114,201,155,1502,210,5,237,1221,263,957,277,0,325,678,320,429,379,188,392,-1,-1,0
1605,0,880,44,1122,47,643,62,1696,66,423,108,205,146,1521,212,5,228,1238,264,971,274,0,319,689,318,435,375,190,387,-1,-1,0
1676,0,917,31,1168,38,670,43,440,87,214,123,8,202,1598,215,1304,262,1023,268,0,294,725,308,455,364,199,371,-1,-1,-1,-1,0
1198,0,927,9,663,42,423,104,196,155,1375,231,0,244,1076,251,759,308,2,336,472,380,211,398,-1,-1,-1,-1,-1,-1,-1,-1,0
101,0,173,13,224,30,0,29,8,81,74,134,311,143,128,143,249,150,200,146,-1,-1,-1,-1,-1,-1,-1,-1,-1,-1,-1,-1,0
140,0,0,9,231,24,300,53,9,68,93,141,472,160,167,161,261,175,327,183,419,196,370,201,-1,-1,-1,-1,-1,-1,-1,-1,0
144,0,0,7,235,26,304,56,8,67,93,141,169,163,262,178,329,188,422,203,-1,-1,-1,-1,-1,-1,-1,-1,-1,-1,-1,-1,0
149,0,0,1,240,30,309,63,6,61,90,139,166,164,262,183,328,194,423,212,-1,-1,-1,-1,-1,-1,-1,-1,-1,-1,-1,-1,0
67,0,162,29,0,27,259,59,5,90,332,94,389,121,96,172,179,199,509,216,280,218,352,230,454,249,-1,-1,-1,-1,-1,-1,0
68,0,165,29,0,28,265,60,4,92,339,94,399,122,509,178,98,174,184,201,524,216,287,220,361,233,466,252,411,249,-1,-1,0
72,0,0,25,168,28,267,59,4,89,343,95,403,123,98,173,185,201,288,221,363,234,414,251,470,254,-1,-1,-1,-1,-1,-1,0
72,0,171,29,0,28,271,60,6,92,349,94,410,122,525,180,101,175,189,202,295,221,371,234,480,253,-1,-1,-1,-1,-1,-1,0
73,0,174,28,0,29,277,58,355,93,5,92,418,120,102,175,191,201,549,216,297,221,376,232,488,251,431,248,-1,-1,-1,-1,0
71,0,174,24,0,32,279,49,360,79,7,94,425,104,108,172,199,194,562,197,306,209,387,218,503,232,443,232,-1,-1,-1,-1,0
76,0,181,18,0,35,290,38,373,65,443,87,9,96,572,130,114,167,589,172,209,186,320,196,404,201,528,209,-1,-1,-1,-1,0
78,0,185,21,0,35,295,43,380,73,450,96,8,97,114,172,600,186,211,193,325,204,410,211,538,221,472,224,-1,-1,-1,-1,0
80,0,188,22,0,35,296,46,383,76,455,100,6,97,587,148,112,172,603,192,209,194,322,208,409,216,540,228,473,229,-1,-1,0
79,0,190,18,0,34,301,38,390,65,463,89,9,96,600,132,118,167,616,173,218,187,332,197,420,203,555,210,485,214,-1,-1,0
83,0,196,19,0,35,309,41,398,70,473,94,9,96,609,138,120,169,626,180,221,189,336,201,427,207,562,216,493,218,-1,-1,0
84,0,198,19,0,34,310,42,401,70,475,95,8,95,118,168,628,180,219,187,335,200,426,206,563,216,491,218,-1,-1,-1,-1,0
84,0,198,18,0,34,312,39,404,67,478,91,9,95,120,165,636,176,223,184,339,196,430,202,570,211,497,213,-1,-1,-1,-1,0
84,0,199,16,313,34,0,37,406,59,483,80,560,98,10,96,625,119,642,161,122,164,225,180,341,189,433,193,576,198,504,202,0
83,0,198,15,312,32,0,39,405,55,482,76,10,98,625,113,641,155,123,164,225,179,341,187,434,189,577,192,504,197,-1,-1,0
82,0,196,11,310,27,0,39,403,49,481,69,13,97,626,103,643,144,125,161,228,174,579,182,435,181,342,181,505,188,-1,-1,0
82,0,195,10,308,22,402,42,0,42,480,59,626,90,14,99,643,130,126,158,579,169,228,169,434,172,342,173,505,178,-1,-1,0
78,0,191,6,305,14,400,30,479,45,0,44,626,71,15,100,644,112,581,153,129,157,436,161,507,164,344,165,231,164,-1,-1,0
79,0,193,4,307,11,402,27,483,39,0,44,630,66,15,101,649,106,585,148,439,157,130,156,510,159,346,162,232,162,-1,-1,0
80,0,193,6,307,14,402,31,483,46,0,47,632,72,14,104,650,113,585,154,128,161,438,164,510,166,345,168,231,168,-1,-1,0
79,0,192,3,307,9,402,24,483,37,0,48,635,61,654,102,16,104,588,144,513,157,439,157,130,159,346,163,232,164,-1,-1,0
300,0,185,4,484,11,399,6,73,11,643,21,666,62,0,66,600,110,20,120,521,131,446,136,351,151,237,160,136,163,-1,-1,0
300,0,185,3,74,8,399,7,484,13,644,25,0,62,666,67,600,114,19,117,520,134,444,140,348,153,235,161,134,163,-1,-1,0
188,0,75,2,304,2,403,13,489,19,574,26,650,38,0,54,669,82,17,110,601,127,520,144,443,147,346,157,131,159,232,160,0
192,0,309,0,77,4,408,9,495,16,655,31,0,58,675,75,20,115,607,122,527,141,450,145,355,157,240,163,137,164,-1,-1,0
193,0,79,2,309,2,410,12,498,20,658,39,0,56,677,81,17,112,607,127,524,144,447,148,350,158,234,162,132,162,-1,-1,0
79,0,193,1,311,5,412,17,499,28,663,48,0,53,682,93,17,110,608,137,525,154,447,156,130,162,349,163,233,165,-1,-1,0
79,0,193,1,311,6,412,19,499,29,664,51,0,52,683,95,16,108,609,139,525,155,446,156,129,161,347,164,231,165,-1,-1,0
79,0,193,0,311,5,413,17,500,27,664,48,0,51,683,93,16,107,610,136,526,152,448,154,130,159,349,162,233,163,-1,-1,0
79,0,194,1,312,5,413,18,500,29,663,52,0,50,681,95,15,106,609,138,525,154,447,155,128,159,348,162,231,162,-1,-1,0
83,0,198,4,315,12,416,27,502,38,590,49,0,50,664,66,13,107,683,111,610,153,126,164,526,167,448,166,230,170,349,172,0
194,0,78,3,311,1,413,11,502,19,590,24,667,37,0,56,689,82,15,113,617,129,534,147,454,151,355,161,131,164,236,165,0
311,0,190,6,506,10,415,6,73,14,678,21,705,66,0,71,637,120,22,128,555,141,475,147,373,162,251,174,145,177,-1,-1,0
319,0,195,6,76,11,424,8,514,14,685,28,714,70,0,67,646,124,21,126,563,144,484,148,382,162,256,174,147,175,-1,-1,0
321,0,196,5,428,7,76,12,520,12,694,26,0,67,725,71,657,127,23,128,575,147,494,151,391,165,263,178,152,179,-1,-1,0
326,0,198,5,435,7,76,13,528,16,707,27,741,72,0,70,672,130,23,132,588,151,505,154,399,168,268,182,155,184,-1,-1,0
330,0,443,6,200,8,538,14,76,16,756,69,0,74,688,128,26,136,603,149,516,154,408,170,275,185,160,187,-1,-1,-1,-1,0
333,0,447,5,543,11,201,10,77,19,731,20,765,65,0,77,695,126,27,138,609,148,523,153,414,169,279,186,162,190,-1,-1,0
332,0,202,6,78,12,443,8,538,16,721,31,0,68,753,76,684,132,24,130,599,152,514,155,408,168,275,182,159,183,-1,-1,0
330,0,202,3,79,5,439,10,531,23,708,40,0,58,741,84,22,121,672,139,587,156,504,157,398,167,154,176,268,178,-1,-1,0
79,0,201,0,327,0,434,14,526,28,701,48,0,49,732,93,22,110,662,145,497,157,579,158,392,165,151,167,264,172,-1,-1,0
82,0,203,6,327,12,433,29,522,45,0,46,692,74,20,108,720,118,649,167,145,168,485,172,383,175,567,177,257,178,-1,-1,0
81,0,202,5,326,12,431,30,520,48,0,43,19,104,717,122,648,169,143,166,483,172,381,174,254,176,564,178,-1,-1,-1,-1,0
81,0,201,6,324,14,429,33,0,43,518,49,17,103,714,128,139,166,644,174,479,176,377,177,250,178,561,183,-1,-1,-1,-1,0
80,0,200,5,322,12,427,30,0,42,516,46,687,79,17,102,713,123,139,165,643,169,477,173,375,175,249,175,559,179,-1,-1,0
81,0,199,9,320,19,423,40,0,41,510,60,16,101,704,138,136,165,245,178,634,182,369,181,471,181,551,190,-1,-1,-1,-1,0
81,0,197,10,317,22,0,39,420,43,507,63,674,100,15,98,698,144,133,164,241,178,364,182,465,184,627,188,545,194,-1,-1,0
82,0,198,13,317,27,0,37,418,51,504,74,13,97,668,112,692,157,130,164,237,181,359,187,460,191,620,199,540,202,-1,-1,0
82,0,198,13,317,28,0,37,417,53,503,77,13,96,667,117,688,161,128,164,235,182,357,189,456,194,619,202,535,205,-1,-1,0
81,0,197,6,316,14,418,32,0,41,505,50,673,79,16,98,696,123,134,157,627,168,464,168,242,169,363,169,544,175,-1,-1,0
82,0,199,6,317,13,420,31,0,40,508,48,674,79,15,97,697,121,133,157,628,166,463,167,361,168,240,168,544,173,-1,-1,0
82,0,196,8,314,17,415,36,0,39,503,55,670,86,14,96,694,127,130,156,622,171,236,169,457,171,356,171,539,178,-1,-1,0
82,0,195,10,312,21,0,38,413,41,501,60,665,94,14,95,687,137,128,156,234,170,352,174,453,175,617,179,532,184,-1,-1,0
83,0,196,14,311,28,0,36,410,52,494,75,12,92,654,113,673,156,123,158,227,174,345,182,445,187,603,194,523,197,-1,-1,0
83,0,197,14,310,30,0,35,408,55,493,76,11,92,650,116,120,158,668,160,224,175,341,184,439,190,597,199,516,201,-1,-1,0
83,0,196,11,311,24,0,38,409,45,495,63,13,94,654,102,674,142,125,156,230,170,347,175,445,178,606,181,523,186,-1,-1,0
84,0,198,10,314,23,0,36,413,45,499,66,11,92,661,102,680,143,122,154,228,169,346,175,446,178,610,182,526,187,-1,-1,0
85,0,199,11,315,24,0,36,415,47,500,69,10,92,665,104,683,148,121,155,226,170,344,178,445,181,612,186,527,191,-1,-1,0
83,0,197,7,313,15,416,33,0,42,506,51,678,81,12,97,700,125,124,156,627,168,231,167,453,169,349,170,538,176,-1,-1,0
79,2,191,0,308,1,412,11,505,23,680,40,0,49,705,82,16,101,633,129,542,144,456,144,352,151,130,152,235,155,-1,-1,0
79,0,193,0,309,2,414,14,507,25,684,47,0,45,708,89,15,99,636,135,457,147,544,149,128,150,353,153,235,155,-1,-1,0
80,2,193,0,309,2,415,13,510,25,690,45,0,48,714,88,14,102,639,135,456,148,545,149,126,153,351,155,232,158,-1,-1,0
78,1,191,0,309,1,416,12,513,24,697,44,0,47,721,88,14,100,644,135,458,149,549,150,126,151,351,155,232,157,-1,-1,0
190,0,308,0,76,6,417,10,516,17,707,35,0,53,730,81,16,105,651,130,553,146,461,147,353,154,127,155,233,159,-1,-1,0
81,0,195,2,313,8,420,22,516,36,0,47,699,60,14,102,719,107,639,150,125,156,454,161,544,163,230,163,348,165,-1,-1,0
82,0,197,3,315,9,422,25,517,40,0,45,698,66,14,100,717,111,638,153,126,154,455,162,231,162,349,165,543,165,-1,-1,0
84,0,199,6,318,17,424,36,0,43,519,54,618,66,701,87,12,98,719,134,121,157,226,169,637,174,344,177,450,177,541,182,0
85,0,200,6,318,16,426,34,521,50,0,44,620,62,704,81,13,99,722,128,123,157,640,168,229,167,453,173,347,174,542,178,0
84,0,199,6,318,17,426,36,0,45,521,53,704,85,12,100,721,132,121,158,227,169,639,173,453,177,346,177,542,182,-1,-1,0
85,0,202,6,320,19,428,39,0,44,523,56,706,90,12,100,724,137,121,159,227,171,641,176,346,179,454,180,544,185,-1,-1,0
86,0,201,11,320,25,0,42,426,47,522,67,620,83,10,99,702,105,719,152,118,160,224,175,342,186,635,189,449,189,537,196,0
88,0,203,14,321,32,0,40,428,57,521,80,618,97,9,96,700,121,115,161,713,169,221,179,338,193,445,199,630,204,533,208,0
88,0,202,13,321,30,0,40,427,55,521,76,618,94,9,96,700,119,115,160,715,167,220,177,338,191,444,197,630,202,533,206,0
87,0,202,13,320,30,0,41,427,55,521,76,619,94,9,97,701,118,115,161,715,166,220,178,338,192,445,197,630,202,533,207,0
84,0,200,4,319,12,428,28,525,42,0,46,710,70,13,100,729,117,124,157,647,160,231,166,459,168,549,172,351,171,-1,-1,0
82,1,200,0,322,3,431,15,527,27,711,48,0,50,733,94,15,106,655,142,561,157,471,157,132,160,363,164,241,166,-1,-1,0
325,0,201,1,81,5,434,8,530,17,712,33,0,58,737,77,19,115,661,128,568,147,480,149,374,160,140,166,250,167,-1,-1,0
83,1,204,0,329,1,439,12,535,23,716,45,0,52,739,90,18,110,661,140,570,155,482,156,375,164,139,164,250,168,-1,-1,0
82,1,203,0,329,2,439,14,534,24,631,33,717,46,0,53,741,93,18,112,664,143,574,159,487,159,379,167,141,167,253,171,0
82,0,204,0,330,2,439,14,533,28,711,49,0,51,738,95,19,111,661,145,489,160,573,160,381,168,144,167,255,172,-1,-1,0
82,1,205,0,332,3,443,17,537,30,720,53,0,52,745,100,18,113,668,151,492,165,578,166,142,171,383,173,255,176,-1,-1,0
82,0,206,0,337,0,450,14,547,25,735,50,0,52,763,97,19,113,684,150,503,164,592,165,146,170,393,172,260,176,-1,-1,0
85,0,213,0,345,1,458,14,555,25,736,50,0,56,766,97,22,120,692,151,604,168,518,167,409,176,156,180,274,184,-1,-1,0
84,2,214,0,349,0,461,14,559,24,744,50,0,56,775,96,22,122,700,152,612,169,525,168,414,178,158,182,277,185,-1,-1,0
85,1,215,0,351,0,466,14,563,25,748,51,0,56,781,98,24,123,707,153,619,171,533,170,421,180,162,184,282,189,-1,-1,0
87,0,217,2,352,5,466,20,561,36,744,62,0,54,775,109,22,122,700,165,530,179,615,181,420,187,160,187,281,193,-1,-1,0
86,0,217,6,352,14,464,33,558,48,0,52,736,83,22,121,764,133,691,187,158,192,526,194,608,199,418,198,278,201,-1,-1,0
86,0,215,8,350,16,462,38,554,55,0,51,20,122,761,141,686,194,155,194,521,202,413,205,274,206,602,207,-1,-1,-1,-1,0
214,0,352,6,465,26,559,43,0,47,21,118,773,128,697,183,159,190,531,192,613,197,421,197,278,200,-1,-1,-1,-1,-1,-1,0
83,0,215,5,356,9,472,28,568,42,0,55,788,128,24,126,712,187,545,196,628,200,165,198,433,203,287,207,-1,-1,-1,-1,0
83,0,216,7,359,12,477,33,573,50,0,55,670,65,761,86,23,127,797,139,720,198,167,202,551,205,636,210,439,210,290,213,0
84,0,219,11,360,21,473,45,0,52,565,65,743,106,23,128,777,157,167,207,704,214,545,216,436,219,291,220,624,224,-1,-1,0
87,0,222,16,363,30,0,51,475,57,565,79,22,129,167,214,697,232,290,230,543,231,435,231,619,241,-1,-1,-1,-1,-1,-1,0
88,0,227,14,370,29,0,49,484,58,574,80,25,130,784,181,175,218,711,238,301,234,558,235,450,235,634,245,-1,-1,-1,-1,0
89,0,228,20,371,37,0,49,485,68,574,94,24,131,780,198,779,198,778,200,173,223,300,242,449,245,709,253,556,248,633,260,0
229,0,373,19,0,28,485,51,573,77,24,112,774,183,175,205,300,226,450,229,554,231,702,240,629,245,-1,-1,-1,-1,-1,-1,0
91,0,231,23,375,46,0,46,485,81,22,130,769,220,170,229,296,252,445,259,551,264,697,274,623,278,-1,-1,-1,-1,-1,-1,0
92,0,237,22,389,40,0,48,505,73,27,134,772,155,808,206,188,232,320,254,478,256,588,260,736,269,663,274,-1,-1,-1,-1,0
94,0,241,24,392,42,0,49,509,75,29,136,814,209,194,236,329,258,489,258,598,261,746,268,672,275,-1,-1,-1,-1,-1,-1,0
248,0,0,11,402,29,521,70,22,103,185,218,828,231,323,250,486,262,601,270,754,288,679,291,-1,-1,-1,-1,-1,-1,-1,-1,0
102,0,254,34,0,43,410,64,530,108,22,138,330,289,496,301,613,311,767,330,689,330,-1,-1,-1,-1,-1,-1,-1,-1,-1,-1,0
105,0,258,37,0,41,415,71,537,117,23,138,191,260,848,288,333,295,503,311,618,324,774,346,695,346,-1,-1,-1,-1,-1,-1,0
105,0,261,40,0,38,417,77,536,125,21,136,192,263,334,301,501,318,616,332,767,355,692,355,-1,-1,-1,-1,-1,-1,-1,-1,0
117,0,0,29,277,54,436,103,20,133,552,161,340,326,509,351,621,373,695,401,767,408,-1,-1,-1,-1,-1,-1,-1,-1,-1,-1,0
128,0,0,23,293,65,453,122,12,131,569,186,187,289,338,345,511,377,625,403,698,433,770,442,-1,-1,-1,-1,-1,-1,-1,-1,0
133,0,0,23,303,65,469,122,14,133,589,187,197,293,353,350,531,382,650,408,724,441,798,450,-1,-1,-1,-1,-1,-1,-1,-1,0
140,0,0,25,316,66,490,123,15,137,617,189,709,243,370,357,556,389,681,415,762,449,839,457,-1,-1,-1,-1,-1,-1,-1,-1,0
144,0,0,24,330,63,510,119,15,139,647,185,747,240,215,302,388,359,583,390,972,407,973,404,715,417,803,453,886,460,-1,-1,0
152,0,0,24,346,63,536,118,17,139,679,186,228,304,409,363,1025,404,613,394,752,422,847,455,937,466,-1,-1,-1,-1,-1,-1,0
160,0,0,21,362,66,556,126,14,139,704,198,816,257,229,311,417,376,629,411,1066,432,777,443,875,480,973,491,-1,-1,-1,-1,0
168,0,0,22,375,68,581,129,13,139,740,203,233,315,431,384,655,425,816,460,923,500,1029,514,-1,-1,-1,-1,-1,-1,-1,-1,0
175,0,0,22,394,66,610,126,14,143,781,201,910,268,247,322,457,393,695,434,1207,460,870,469,986,512,1100,525,-1,-1,-1,-1,0
185,0,0,26,413,65,636,123,18,147,816,197,264,328,485,398,733,434,1265,452,916,466,1038,508,1156,521,-1,-1,-1,-1,-1,-1,0
193,0,0,23,423,69,652,130,11,148,835,206,259,331,486,405,740,445,1290,470,928,480,1055,525,1177,539,-1,-1,-1,-1,-1,-1,0
200,0,0,24,438,66,672,124,12,147,862,202,266,332,502,405,763,445,1340,469,959,481,1095,525,1223,540,-1,-1,-1,-1,-1,-1,0
208,0,0,36,455,48,704,91,915,156,14,156,1404,322,277,321,528,382,805,410,1025,437,1184,477,1336,486,-1,-1,-1,-1,-1,-1,0
222,0,0,38,474,48,723,89,937,152,8,159,1108,217,1437,312,273,321,532,379,1496,394,808,403,1034,429,1365,473,1204,466,-1,-1,0
231,0,0,37,487,49,742,91,1,154,962,158,1143,227,1492,328,259,318,525,380,1549,414,806,410,1046,439,1228,482,1405,491,-1,-1,0
235,0,494,40,2,39,753,74,988,136,0,153,1186,205,1571,301,253,311,525,369,1635,391,816,394,1076,422,1279,468,1479,476,-1,-1,0
239,0,497,40,5,39,757,73,996,135,0,153,1201,204,1602,302,246,307,518,367,1666,395,812,394,1078,424,1289,471,1502,480,-1,-1,0
235,0,491,31,4,45,749,59,992,116,0,155,1205,181,1623,271,241,302,513,357,1690,365,804,378,1075,404,1296,448,1519,455,-1,-1,0
236,0,489,33,5,44,743,62,984,119,0,153,1199,186,1617,279,233,298,501,352,1679,373,785,376,1056,403,1281,448,1508,457,-1,-1,0
209,0,455,16,708,29,0,56,957,73,1189,129,1639,202,198,291,1697,299,462,333,734,343,1012,358,1507,394,1253,395,-1,-1,-1,-1,0
1718,0,168,36,0,138,1474,169,1155,227,18,236,880,240,612,275,399,310,188,313,-1,-1,-1,-1,-1,-1,-1,-1,-1,-1,-1,-1,0
1425,0,861,86,614,108,1489,113,417,137,268,181,128,227,1240,307,0,322,908,380,9,406,647,401,425,440,279,471,122,475,-1,-1,0
1390,0,842,68,600,80,410,102,1447,117,265,139,127,178,0,269,1201,299,6,352,876,358,622,371,405,401,112,424,264,426,-1,-1,0
1365,0,1092,21,816,65,578,76,394,96,252,132,1421,122,123,169,0,256,5,337,844,357,594,366,384,393,106,410,250,413,-1,-1,0
1364,0,808,57,570,63,387,78,251,109,122,144,1421,128,0,229,4,310,1165,307,833,357,582,359,374,379,102,386,242,394,-1,-1,0
1392,0,1106,13,821,51,576,56,391,71,254,101,123,136,1444,131,0,221,5,303,1175,306,585,356,839,356,102,379,376,375,244,388,0
1413,0,1113,22,817,67,569,79,383,98,245,131,118,169,1469,141,0,260,5,343,1189,333,840,389,583,395,102,422,372,416,242,429,0
1405,0,1097,18,796,59,547,72,364,90,232,119,112,155,1466,146,0,245,10,327,1185,333,830,387,572,391,108,407,365,408,241,415,0
1391,0,780,71,533,89,352,109,223,140,106,178,1454,153,0,271,12,352,1173,343,819,402,562,410,110,431,362,430,240,438,-1,-1,0
1386,0,1068,21,764,69,517,86,338,105,214,134,102,171,1447,156,0,262,12,343,807,404,550,409,108,423,351,426,-1,-1,-1,-1,0
1385,0,1061,18,756,63,508,79,333,96,210,123,101,159,1443,164,0,249,11,329,1159,352,105,409,540,406,797,403,343,419,-1,-1,0
1370,0,1037,24,728,78,480,103,310,124,192,150,91,188,1439,177,0,284,21,364,1153,370,116,445,790,432,534,440,345,456,-1,-1,0
1372,0,1031,19,721,75,471,102,302,122,186,149,86,186,1441,177,0,284,21,365,1155,371,119,446,789,434,534,443,344,458,-1,-1,0
1382,0,713,89,461,120,289,143,176,167,80,209,1464,191,0,311,27,392,1176,387,804,459,544,471,354,487,-1,-1,-1,-1,-1,-1,0
1384,0,1029,26,713,91,459,126,288,149,174,175,79,215,1471,192,0,318,28,399,1180,387,808,461,549,477,360,493,-1,-1,-1,-1,0
1395,0,717,84,461,118,290,140,176,164,79,202,1483,195,0,307,30,388,1188,386,135,470,813,460,554,473,363,488,-1,-1,-1,-1,0
1402,0,1036,26,714,91,458,130,285,153,172,175,76,218,1496,200,0,324,1200,395,822,472,559,489,368,506,-1,-1,-1,-1,-1,-1,0
1407,0,1037,25,713,94,454,134,279,158,165,179,1507,203,0,332,1209,398,831,478,569,496,376,514,-1,-1,-1,-1,-1,-1,-1,-1,0
1427,0,719,79,458,118,283,139,169,157,73,198,1522,207,0,306,1217,391,836,466,571,482,377,496,-1,-1,-1,-1,-1,-1,-1,-1,0
1439,0,723,65,459,98,283,114,166,129,1536,216,0,276,1226,392,840,458,572,468,379,476,-1,-1,-1,-1,-1,-1,-1,-1,-1,-1,0
1064,5,1455,0,725,57,460,89,282,105,167,117,72,155,1548,220,0,262,1235,394,844,456,573,464,377,470,-1,-1,-1,-1,-1,-1,0
1062,0,725,56,459,90,280,106,163,120,71,158,1550,216,0,269,1236,393,849,459,578,470,384,476,-1,-1,-1,-1,-1,-1,-1,-1,0
1458,0,728,88,461,128,283,149,166,168,72,211,1557,219,0,322,1243,411,854,487,582,504,385,516,-1,-1,-1,-1,-1,-1,-1,-1,0
1467,0,1082,33,744,104,476,146,297,172,178,197,80,241,1560,207,0,351,33,435,1246,413,852,497,579,516,380,535,-1,-1,-1,-1,0
1107,0,776,93,1570,116,508,144,322,187,200,231,92,285,1266,371,0,398,26,485,873,479,595,512,385,550,-1,-1,-1,-1,-1,-1,0
842,0,564,44,361,88,225,141,103,200,1314,282,0,321,926,388,25,414,639,424,417,468,146,495,-1,-1,-1,-1,-1,-1,-1,-1,0
139,0,283,18,424,37,681,67,698,127,587,185,0,192,294,193,141,195,435,199,-1,-1,-1,-1,-1,-1,-1,-1,-1,-1,-1,-1,0
852,0,595,9,461,12,332,16,209,29,93,47,882,57,0,110,782,128,636,161,16,165,504,173,369,194,246,205,126,209,-1,-1,0
848,0,592,10,459,13,330,17,209,31,92,49,877,57,0,112,779,127,634,161,16,167,503,173,368,193,248,206,128,211,-1,-1,0
851,0,595,3,463,3,333,4,210,15,91,31,881,57,0,92,780,124,15,147,636,155,506,164,371,181,248,191,127,194,-1,-1,0
850,0,592,8,459,11,329,15,206,29,89,47,881,54,0,109,781,123,637,157,16,163,507,170,372,190,249,201,130,207,-1,-1,0
847,0,590,16,458,22,328,30,205,46,878,55,88,68,780,127,0,132,637,164,508,180,18,187,375,203,252,219,132,228,-1,-1,0
838,0,583,18,452,25,323,33,201,50,871,57,86,72,776,129,0,136,636,166,508,182,20,189,376,206,254,221,135,230,-1,-1,0
837,0,584,17,454,25,325,32,203,49,868,55,87,71,773,127,0,136,633,163,506,180,19,189,374,204,252,219,135,229,-1,-1,0
830,0,580,17,452,25,323,32,201,50,861,54,86,71,768,124,0,136,630,161,505,178,19,188,374,202,253,218,135,227,-1,-1,0
829,0,583,10,454,16,327,21,204,36,87,55,857,54,0,119,764,123,627,158,504,172,19,174,374,194,253,208,135,216,-1,-1,0
811,0,569,31,443,46,844,49,317,61,197,86,83,114,757,123,625,168,0,182,503,191,375,223,22,233,256,246,139,263,-1,-1,0
796,0,546,44,832,48,420,66,297,87,183,117,744,127,74,152,610,177,487,206,0,220,361,242,24,268,247,272,135,292,-1,-1,0
800,0,557,32,432,45,833,50,308,59,191,84,80,111,744,125,610,168,0,176,489,189,363,219,21,227,247,243,135,258,-1,-1,0
808,0,572,21,447,30,322,40,838,48,203,61,86,86,753,119,0,149,622,156,501,174,19,200,373,201,254,222,135,235,-1,-1,0
800,0,567,39,834,47,443,56,319,75,200,105,753,124,84,137,624,171,505,196,0,207,379,232,23,257,260,263,142,283,-1,-1,0
795,0,560,42,829,45,437,61,314,82,196,114,749,124,82,148,621,171,501,199,0,218,375,236,22,267,258,270,140,291,-1,-1,0
796,0,560,41,831,45,436,59,313,80,195,110,751,124,83,144,621,171,500,198,0,212,374,234,21,261,256,267,139,287,-1,-1,0
801,0,566,40,836,44,442,58,318,79,199,110,755,124,85,144,626,172,505,198,0,214,378,235,23,264,258,268,142,290,-1,-1,0
799,0,563,43,835,45,439,62,315,84,198,115,753,126,84,150,624,174,502,201,0,219,376,238,22,268,257,272,140,294,-1,-1,0
791,0,556,46,826,45,432,65,309,88,193,121,747,126,81,157,619,175,498,204,0,227,373,243,23,277,256,278,140,300,-1,-1,0
793,0,558,45,829,45,434,65,311,87,195,120,748,125,83,155,619,173,499,201,0,225,374,239,23,274,256,274,141,297,-1,-1,0
794,0,560,45,829,44,436,64,313,86,197,118,749,124,83,153,621,172,501,200,0,223,375,237,23,272,258,272,141,295,-1,-1,0
797,0,562,42,831,43,438,58,315,78,197,110,749,123,84,144,620,169,500,195,0,211,374,231,22,261,256,265,138,285,-1,-1,0
792,0,557,44,827,44,434,61,312,82,196,114,746,122,83,148,616,169,496,196,0,215,370,232,21,263,252,266,137,287,-1,-1,0
790,0,555,42,825,43,433,60,311,81,195,112,744,123,82,146,615,169,494,194,0,212,369,231,21,262,251,264,135,285,-1,-1,0
796,0,562,33,829,42,439,46,316,62,199,90,85,120,746,118,616,161,495,182,0,184,369,214,20,233,251,245,134,261,-1,-1,0
801,0,569,30,445,39,832,45,322,53,203,79,88,107,750,118,620,157,0,168,500,176,372,205,19,219,253,233,135,249,-1,-1,0
810,0,580,21,456,27,332,37,840,45,211,59,92,83,756,115,0,143,627,150,507,164,378,191,18,195,256,216,135,228,-1,-1,0
819,0,588,19,463,23,338,32,848,44,215,52,95,75,763,113,0,133,631,146,509,159,14,184,378,184,254,208,131,218,-1,-1,0
829,0,598,13,474,13,347,19,221,37,856,44,98,58,771,113,0,115,641,143,519,153,15,168,387,175,261,198,135,206,-1,-1,0
838,0,608,11,483,11,354,15,227,32,866,45,101,52,0,109,781,112,651,140,527,150,15,162,394,171,266,193,137,200,-1,-1,0
831,0,601,13,476,13,349,18,223,36,858,44,99,56,772,112,0,112,641,141,518,151,13,165,385,173,259,195,133,203,-1,-1,0
819,0,589,11,466,9,341,14,219,30,97,49,847,44,0,104,759,111,628,138,506,147,12,154,375,167,250,187,128,193,-1,-1,0
811,0,580,10,457,10,333,12,213,29,95,47,838,46,0,100,750,112,618,138,497,146,12,150,367,165,245,185,125,190,-1,-1,0
817,0,586,10,463,8,338,10,217,26,97,44,843,46,0,97,756,111,624,138,502,145,13,148,372,163,248,182,127,187,-1,-1,0
815,0,582,13,459,14,335,19,214,37,842,45,95,57,755,112,0,112,624,141,501,151,13,163,372,172,248,194,127,201,-1,-1,0
806,0,573,20,450,24,327,33,836,43,208,55,91,78,750,114,0,135,618,147,497,160,15,185,368,184,247,209,129,219,-1,-1,0
805,0,571,23,448,28,325,39,835,44,206,62,91,85,750,116,0,143,619,149,497,164,369,189,16,193,247,214,129,225,-1,-1,0
804,0,571,29,447,37,836,43,323,50,204,76,89,102,752,118,621,154,0,162,499,171,371,199,17,211,251,228,132,241,-1,-1,0
805,0,570,30,446,39,837,44,323,53,204,79,88,106,752,119,621,156,0,167,499,174,370,203,17,217,250,232,131,247,-1,-1,0
810,0,576,25,451,31,327,42,841,44,207,66,91,91,756,116,0,150,624,152,502,166,373,194,16,200,251,220,131,233,-1,-1,0
816,0,581,24,456,29,331,41,847,43,210,65,92,90,761,116,0,149,629,151,506,166,376,193,16,200,252,219,132,232,-1,-1,0
817,0,582,26,457,34,849,44,331,45,210,70,92,95,763,118,631,154,0,156,508,169,377,197,17,207,254,225,134,239,-1,-1,0
823,0,587,20,461,24,336,35,855,45,213,56,94,79,769,117,0,139,636,151,512,165,17,191,380,189,256,215,133,225,-1,-1,0
836,0,597,9,472,9,344,14,219,31,97,50,864,46,0,105,774,113,639,142,515,150,13,157,381,171,254,190,131,198,-1,-1,0
834,0,593,11,467,10,340,14,217,31,96,49,864,46,0,105,772,115,637,144,511,152,13,157,377,172,252,193,129,197,-1,-1,0
831,0,587,17,460,20,333,27,211,47,862,47,93,68,771,118,0,125,634,149,509,161,14,176,376,183,250,206,129,213,-1,-1,0
833,0,591,16,464,17,337,24,213,43,866,47,94,64,776,118,0,120,639,148,513,159,15,172,380,181,254,202,131,211,-1,-1,0
841,0,592,15,464,16,336,23,212,41,875,47,93,62,782,119,0,118,643,149,515,159,14,170,380,181,252,202,130,210,-1,-1,0
848,0,599,12,471,13,342,19,216,37,883,46,94,57,0,113,790,118,651,149,523,158,15,166,387,179,257,201,133,207,-1,-1,0
854,0,602,11,473,10,343,14,217,31,95,50,888,50,0,105,794,121,653,149,524,158,14,158,387,177,256,195,131,200,-1,-1,0
858,0,605,8,475,7,344,9,217,25,95,42,893,49,0,97,796,120,656,148,14,151,527,154,389,172,257,190,132,193,-1,-1,0
358,0,491,6,227,8,622,16,101,18,875,23,0,68,906,75,11,123,806,139,534,157,664,159,394,168,129,173,258,178,-1,-1,0
361,0,495,5,228,8,626,14,102,18,881,22,0,69,913,73,11,126,813,139,670,158,540,157,398,169,132,177,261,180,-1,-1,0
361,0,228,5,495,7,101,13,627,20,884,31,0,62,916,85,10,119,814,149,539,163,670,167,397,171,129,173,258,179,-1,-1,0
361,0,227,6,101,10,496,9,628,23,887,37,0,60,919,91,9,117,816,155,539,166,671,171,128,171,396,172,258,179,-1,-1,0
362,0,228,7,497,7,101,15,630,20,889,31,0,64,922,85,11,121,819,149,544,164,675,167,400,173,131,174,261,181,-1,-1,0
363,0,228,4,101,10,498,9,631,24,891,40,0,58,924,95,11,116,820,158,544,168,131,171,674,174,400,174,260,179,-1,-1,0
362,0,227,5,99,11,498,8,631,22,893,36,0,61,927,89,10,117,822,154,545,167,677,171,131,173,401,174,260,179,-1,-1,0
361,0,227,6,99,13,498,8,632,21,895,34,0,64,930,88,10,121,825,153,546,167,679,171,402,175,132,175,261,182,-1,-1,0
366,0,229,5,101,11,502,9,634,23,892,36,0,62,926,90,13,120,824,153,551,168,681,170,407,176,137,176,267,182,-1,-1,0
379,0,240,6,515,7,106,15,645,18,896,30,0,68,928,81,13,128,829,145,691,166,563,166,420,176,143,182,277,185,-1,-1,0
377,0,238,4,105,9,513,10,644,24,895,40,0,62,926,95,13,122,827,157,561,172,688,175,418,180,142,180,275,186,-1,-1,0
386,0,245,3,108,10,524,10,654,25,903,41,0,62,933,94,16,122,834,156,570,171,697,174,428,179,148,180,284,186,-1,-1,0
402,0,257,1,115,5,543,12,674,28,922,47,0,58,949,100,12,119,851,160,584,173,713,177,149,179,438,180,292,187,-1,-1,0
408,0,262,2,118,8,550,11,683,25,930,42,0,62,958,94,12,123,860,155,591,171,722,173,443,180,150,182,294,188,-1,-1,0
404,0,259,7,546,6,116,17,680,16,930,26,0,74,960,79,13,136,862,144,722,167,590,169,442,182,150,192,294,194,-1,-1,0
924,0,668,9,532,9,390,12,248,30,109,50,959,53,0,117,863,127,722,160,589,171,17,177,441,195,296,216,154,223,-1,-1,0
926,0,667,13,531,15,389,20,246,39,961,53,108,60,865,127,0,128,723,163,588,177,18,190,441,203,296,224,154,234,-1,-1,0
925,0,663,11,525,12,383,17,244,35,108,56,961,53,0,122,863,129,716,164,580,176,17,183,432,200,289,221,150,229,-1,-1,0
922,0,657,13,518,16,378,23,239,42,958,54,106,64,860,130,0,132,713,166,576,181,16,191,428,206,286,227,148,236,-1,-1,0
925,0,660,11,521,13,380,18,241,36,107,57,960,55,0,124,861,131,714,166,576,180,16,185,427,204,286,224,147,231,-1,-1,0
926,0,660,12,520,14,379,21,240,39,107,62,961,57,0,130,861,134,712,171,574,185,16,192,425,210,284,231,147,240,-1,-1,0
917,0,649,20,509,26,369,35,233,57,953,57,103,81,854,137,0,152,705,177,567,194,18,213,421,223,283,244,148,256,-1,-1,0
910,0,640,28,500,38,361,51,947,58,227,76,99,104,847,140,0,176,699,185,561,205,21,235,417,236,281,260,148,274,-1,-1,0
908,0,637,35,496,48,944,56,356,65,223,92,96,123,845,140,697,186,0,197,560,210,416,244,24,255,283,272,152,289,-1,-1,0
906,0,634,36,493,50,945,56,353,67,220,96,93,128,846,140,697,189,0,202,560,214,416,248,23,259,285,277,152,294,-1,-1,0
917,0,643,33,500,46,953,56,358,62,224,89,95,119,852,141,701,188,0,194,563,211,418,244,22,252,285,271,153,288,-1,-1,0
927,0,652,35,508,49,964,56,364,66,227,95,96,127,865,140,715,189,0,203,576,215,430,249,26,261,295,278,160,296,-1,-1,0
969,0,839,3,688,19,539,25,389,33,245,55,1003,60,106,81,897,141,0,156,742,183,599,202,22,219,446,231,304,252,161,264,0
976,0,846,3,693,16,544,23,393,30,247,50,1011,61,106,74,905,141,0,148,749,182,605,200,24,212,451,227,308,247,164,257,0
985,0,855,5,702,23,551,31,398,42,1021,59,250,65,107,94,916,142,0,171,760,187,616,208,26,235,461,239,316,262,170,277,0
996,0,866,7,713,28,561,39,406,53,1033,60,255,80,109,111,929,146,0,193,774,195,628,219,471,254,26,258,323,281,175,299,0
1004,0,719,27,565,39,408,53,1042,60,257,80,109,111,938,146,782,195,0,195,635,220,477,256,28,260,328,283,178,302,-1,-1,0
1020,0,885,9,727,34,570,51,1059,61,411,68,258,98,110,134,952,151,792,206,0,222,642,235,481,275,28,287,330,305,180,327,0
1042,0,902,6,738,27,576,41,415,54,1081,66,261,78,112,110,968,154,0,196,800,207,645,233,26,263,480,269,328,291,175,309,0
1053,0,741,26,577,40,414,53,1093,67,260,77,112,107,976,156,0,195,805,209,647,236,27,263,481,271,329,292,176,309,-1,-1,0
1063,0,917,5,746,26,581,42,416,55,1105,70,260,79,112,109,986,159,0,200,812,215,652,243,27,268,483,279,331,299,175,315,0
1080,0,922,2,743,24,572,41,405,52,250,73,1123,74,105,102,994,162,0,192,812,218,648,245,30,259,478,279,327,292,177,307,0
1085,0,926,5,746,29,574,48,405,62,1129,75,250,83,104,115,1000,164,0,206,817,223,653,254,31,274,483,289,330,303,180,320,0
1086,0,926,2,745,25,572,42,404,54,249,73,1130,77,103,102,999,166,0,194,815,221,650,251,30,261,480,285,329,295,178,311,0
926,0,1085,0,744,18,571,33,403,42,248,58,1127,76,103,85,995,162,0,173,812,214,29,240,646,241,476,272,324,279,176,292,0
926,0,1085,2,743,18,571,31,403,39,249,54,104,81,1128,79,995,163,0,168,810,216,29,236,643,241,474,270,323,277,173,289,0
926,0,1087,1,743,20,570,35,403,45,249,61,1129,81,104,89,994,169,0,178,808,223,27,247,641,250,470,280,320,288,170,299,0
1076,0,916,6,736,34,564,57,1122,73,396,75,241,98,97,132,993,162,0,225,812,225,650,260,33,291,482,299,333,313,184,334,0
1084,0,923,5,741,31,568,53,400,68,1130,78,244,89,99,122,998,166,0,215,816,227,651,260,33,281,483,297,332,309,183,327,0
924,4,1087,0,741,26,567,44,398,57,242,75,1130,79,98,104,995,166,0,196,812,223,648,253,34,263,480,286,330,296,184,311,0
929,1,1092,0,744,23,570,40,399,51,243,69,1134,78,98,96,996,163,0,186,811,218,646,247,32,251,478,277,328,285,181,300,0
941,0,1108,2,753,21,576,38,403,49,245,64,1148,81,97,92,1006,166,0,182,818,221,33,249,652,249,481,280,332,286,183,299,0
971,0,777,14,1141,9,594,23,416,26,253,35,102,56,1178,94,0,146,1029,175,32,216,834,223,664,245,336,267,489,268,185,274,0
982,0,1153,5,788,17,604,29,424,35,258,47,103,71,1189,91,0,162,1040,173,846,223,34,232,675,248,499,274,345,277,191,286,0
989,0,1160,6,794,17,609,29,428,35,259,48,104,71,1198,92,0,164,1048,175,854,226,35,235,683,251,506,278,349,279,194,290,0
996,0,1169,4,800,18,614,32,431,39,262,51,105,76,1208,90,0,169,1057,173,862,227,36,239,689,252,510,280,352,283,195,294,0
1005,1,1183,0,803,29,612,51,427,65,255,86,1224,88,100,117,1070,181,0,217,871,243,696,277,40,288,518,312,359,320,203,338,0
1019,1,1197,0,815,27,623,46,435,58,261,78,1238,89,101,107,1082,180,0,206,882,239,706,271,41,277,525,305,364,312,206,328,0
1031,3,1210,0,826,29,632,52,442,66,265,88,1249,89,103,120,1094,183,0,222,894,244,718,279,42,293,535,315,373,324,211,342,0
1227,0,1042,7,832,40,634,69,1270,89,441,90,263,116,100,154,1110,189,906,259,0,261,727,299,45,332,542,341,378,354,217,377,0
1242,0,1055,15,842,59,1289,89,642,96,444,125,263,158,1132,198,98,204,927,278,0,316,746,326,560,376,50,387,393,396,228,426,0
1246,0,1059,18,847,63,1295,90,646,102,447,133,264,169,1138,199,97,217,934,281,0,332,754,331,567,384,52,402,399,406,233,439,0
1254,0,1065,15,851,59,1302,88,650,98,451,128,267,163,1143,197,100,210,938,278,0,325,756,327,567,380,51,395,398,401,231,433,0
1269,0,1078,12,861,49,657,82,1317,92,457,105,272,135,103,177,1153,196,943,272,0,288,757,316,47,361,565,362,394,377,226,404,0
1280,0,1087,4,870,39,665,66,463,85,1325,92,277,110,107,148,1159,195,0,256,946,264,759,304,44,331,565,345,392,357,223,380,0
1280,0,1088,6,871,37,665,63,463,81,1326,94,277,105,107,141,1159,192,0,249,946,262,759,301,44,325,566,341,393,353,223,375,0
1104,2,1295,0,885,27,678,48,475,62,286,82,1337,94,112,115,1168,192,0,222,955,257,766,291,45,299,571,328,396,336,224,354,0
1098,0,1289,0,880,28,674,48,471,62,283,82,1332,94,111,116,1164,191,0,221,950,255,762,289,43,298,567,326,394,333,222,352,0
1089,2,1279,0,874,31,670,53,469,68,283,90,1322,93,111,124,1157,190,0,229,945,256,758,291,42,305,564,329,391,338,220,357,0
1074,0,1259,1,862,23,662,40,465,50,283,68,1300,92,113,99,1136,185,0,201,928,245,39,276,743,277,552,311,381,317,212,333,0
1060,2,1247,0,847,27,648,47,453,60,273,79,1289,91,108,111,1126,186,0,213,916,248,732,281,40,285,542,315,374,323,209,339,0
1207,0,817,31,623,52,434,66,262,88,1253,87,104,121,1096,185,0,218,890,247,708,279,38,290,523,315,360,325,200,341,-1,-1,0
1185,0,1006,6,804,35,614,56,429,73,1231,85,260,97,105,131,1081,184,0,228,880,246,701,280,37,299,519,316,358,330,199,348,0
1139,0,962,18,766,55,1190,79,582,83,405,108,246,142,100,183,1046,188,848,259,0,279,672,296,494,341,34,345,338,365,186,387,0
1079,0,913,20,729,61,1132,69,555,92,388,121,238,159,1002,181,98,202,814,252,645,291,0,296,474,339,31,360,323,371,176,397,0
1040,0,704,63,1091,66,537,92,376,122,230,162,968,176,95,205,788,246,625,285,0,296,460,333,30,359,313,367,171,393,-1,-1,0
1022,0,699,52,1071,65,536,77,378,102,233,136,954,167,97,177,780,231,0,264,621,265,459,309,29,327,314,340,171,364,-1,-1,0
1019,0,707,45,546,64,1065,66,389,84,243,116,103,152,951,163,781,221,0,239,624,252,462,293,28,303,316,322,170,344,-1,-1,0
1027,0,882,7,716,28,556,40,399,53,1068,65,251,79,110,109,950,156,0,190,778,205,621,228,24,256,458,262,311,286,164,301,0
1016,0,870,8,705,30,545,40,389,52,1057,64,243,77,105,106,939,153,0,184,767,202,610,223,22,247,449,255,303,278,159,291,0
1012,0,702,29,543,41,388,54,1054,64,244,80,106,109,937,156,0,186,765,203,609,225,22,249,447,257,302,280,158,294,-1,-1,0
1010,0,700,35,542,48,387,64,1053,64,244,91,106,123,937,157,0,202,765,208,608,232,23,267,447,267,302,293,158,309,-1,-1,0
1010,0,698,39,539,55,1056,62,385,73,242,104,105,138,942,159,769,212,0,218,611,239,448,277,22,281,303,305,158,323,-1,-1,0
1038,0,718,41,555,57,1087,63,396,75,247,107,107,141,970,162,793,217,0,223,631,243,463,282,23,287,314,312,164,329,-1,-1,0
1055,0,735,45,1105,62,571,64,409,85,256,120,110,158,990,165,816,223,0,245,653,253,484,296,27,312,328,330,175,352,-1,-1,0
1093,0,766,48,1146,64,599,68,430,92,269,130,116,170,1031,169,854,232,0,263,688,265,511,312,27,335,346,350,183,375,-1,-1,0
1173,0,816,49,1231,66,636,68,455,91,283,130,120,171,1100,179,911,240,0,263,734,271,544,317,28,336,364,356,194,380,-1,-1,0
1158,0,808,48,1217,64,632,66,452,91,279,131,117,173,1090,177,906,238,0,266,733,270,547,317,30,337,368,357,200,381,-1,-1,0
1144,0,808,38,635,52,1198,64,457,71,283,107,119,145,1075,168,898,224,0,235,731,252,548,294,30,308,370,331,201,352,-1,-1,0
1137,0,982,10,805,34,636,47,459,63,1189,64,286,97,121,131,1066,165,891,218,0,222,727,244,546,285,30,294,367,320,200,340,0
1135,0,812,25,645,33,469,46,1184,65,292,77,123,109,1061,162,0,197,892,211,732,233,554,270,29,270,373,302,204,319,-1,-1,0
1141,0,990,7,817,27,649,36,471,50,1193,64,292,81,123,113,1071,161,0,202,902,211,742,234,561,273,30,277,377,306,206,324,0
505,0,674,8,323,10,824,17,141,22,1099,26,1138,87,0,101,1031,161,26,180,886,193,745,201,576,223,392,240,214,245,-1,-1,0
499,0,320,7,664,9,140,16,810,22,1078,34,1114,94,0,95,1010,166,23,173,869,195,730,202,564,222,382,236,207,239,-1,-1,0
321,1,500,0,142,4,662,15,806,30,1067,50,0,78,1101,111,21,157,996,180,858,204,722,208,557,223,203,230,377,233,-1,-1,0
143,0,322,2,499,7,659,25,800,45,1058,74,0,69,1087,135,20,149,983,198,711,219,845,219,197,224,549,228,370,232,-1,-1,0
128,1,290,0,454,4,607,21,746,39,886,47,1005,65,0,65,1034,126,18,138,926,188,787,208,655,207,177,209,499,215,333,217,0
123,0,281,1,443,5,593,22,731,40,869,50,0,61,987,68,1016,128,17,133,909,188,640,204,172,203,770,207,487,211,325,212,0
125,0,286,4,447,11,597,32,731,53,0,58,868,66,981,86,19,130,1008,146,905,203,176,205,643,214,330,215,771,218,491,218,0
136,0,303,11,470,23,621,50,0,57,754,75,886,91,995,115,18,132,1020,172,182,212,918,225,342,226,661,231,508,233,788,238,0
0,0,180,16,356,36,513,68,648,97,778,117,885,144,906,201,45,221,216,240,806,251,391,250,549,251,676,261,-1,-1,-1,-1,0
0,0,184,25,347,60,485,93,617,114,721,142,742,199,34,231,216,242,641,248,379,246,510,257,-1,-1,-1,-1,-1,-1,-1,-1,0
141,0,319,24,476,57,609,88,838,136,857,191,0,208,172,225,760,239,349,235,507,239,633,248,-1,-1,-1,-1,-1,-1,-1,-1,0
0,0,179,14,352,35,504,65,634,93,760,112,861,138,881,193,42,216,211,234,783,242,536,244,382,242,659,252,-1,-1,-1,-1,0
133,0,297,5,458,15,603,35,728,55,0,60,951,86,15,130,972,140,877,193,175,202,636,206,755,209,331,211,492,212,-1,-1,0
264,1,414,0,115,5,552,11,675,23,903,42,0,68,928,95,19,135,834,152,711,174,595,178,457,190,166,194,308,196,-1,-1,0
389,0,246,1,105,7,525,9,649,20,775,23,882,36,0,67,908,89,19,131,813,147,688,169,572,172,437,183,158,187,293,189,0
376,0,634,9,510,4,235,8,870,13,99,18,899,67,0,82,804,129,20,143,680,156,563,163,429,180,288,191,157,194,-1,-1,0
859,0,622,2,499,0,366,1,228,13,96,29,890,52,0,93,797,115,672,146,21,152,555,157,422,177,284,192,155,198,-1,-1,0
843,0,611,3,488,3,358,4,223,17,93,33,875,51,0,97,785,115,661,145,21,154,546,156,416,177,280,192,154,198,-1,-1,0
835,0,612,3,492,3,363,4,228,17,96,33,865,49,0,99,781,111,663,141,550,153,22,156,422,175,287,191,158,199,-1,-1,0
612,4,831,3,494,1,365,0,230,12,97,25,859,52,0,90,776,112,660,141,21,148,548,152,420,171,285,186,157,193,-1,-1,0
232,0,365,0,102,3,491,11,605,22,818,40,0,57,840,89,15,115,755,140,638,158,528,159,401,167,142,168,269,172,-1,-1,0
369,0,236,2,103,9,495,8,611,18,822,31,0,65,846,78,15,122,761,131,645,152,535,156,407,167,145,173,274,174,-1,-1,0
369,0,612,9,496,4,234,8,823,14,101,19,847,60,0,78,767,115,21,135,654,139,544,147,418,163,285,176,156,180,-1,-1,0
810,0,599,1,484,0,359,0,227,12,98,25,836,44,0,86,756,101,643,129,534,138,19,141,409,158,278,174,151,182,-1,-1,0
797,0,585,4,471,2,347,4,219,17,93,31,825,45,0,91,745,103,631,131,522,141,20,145,399,161,270,178,148,185,-1,-1,0
802,0,589,3,474,2,350,3,221,16,94,32,829,45,0,92,750,105,636,132,526,142,19,147,401,162,272,180,148,187,-1,-1,0
793,0,578,9,464,10,341,15,215,30,821,44,91,48,743,106,0,109,628,136,518,148,20,162,395,170,268,190,147,200,-1,-1,0
792,0,577,8,463,8,340,13,214,28,91,45,822,44,742,106,0,106,627,135,518,146,20,159,395,167,268,187,146,196,-1,-1,0
797,0,583,4,468,1,344,3,217,16,93,30,825,45,0,88,746,104,631,131,520,140,19,142,397,159,269,176,146,183,-1,-1,0
805,2,590,4,351,0,475,1,222,13,96,26,832,47,0,84,751,106,635,132,18,138,525,139,399,157,269,174,145,179,-1,-1,0
349,0,805,6,588,6,473,1,221,12,96,24,832,51,0,81,750,110,633,135,17,134,522,141,397,158,267,173,143,178,-1,-1,0
353,0,478,4,594,12,224,10,812,15,97,20,840,60,0,75,756,119,15,129,636,142,525,146,398,160,266,174,141,175,-1,-1,0
354,0,225,6,479,6,97,14,596,16,815,24,0,67,842,71,15,122,758,128,638,147,525,149,397,160,141,171,266,172,-1,-1,0
362,0,101,4,229,2,488,11,605,26,825,42,0,54,850,89,14,110,763,143,530,155,643,159,400,163,140,164,268,170,-1,-1,0
103,3,233,1,366,0,493,12,610,28,830,47,0,49,854,95,13,105,766,148,531,157,139,160,645,161,401,162,267,168,-1,-1,0
361,0,229,3,100,7,487,10,606,24,830,39,0,55,858,87,13,111,768,142,530,155,644,158,399,162,138,162,265,169,-1,-1,0
362,0,102,7,230,2,490,9,610,24,838,40,0,55,866,87,14,110,774,144,533,156,649,159,401,162,138,163,266,170,-1,-1,0
365,0,101,5,232,2,494,11,614,27,844,45,0,52,873,93,13,109,781,150,536,159,655,163,138,164,403,165,266,170,-1,-1,0
105,1,372,0,236,1,502,13,623,31,851,52,0,47,880,101,14,105,788,156,545,162,142,161,411,165,662,168,273,171,-1,-1,0
105,2,374,0,238,2,505,12,626,29,856,49,0,49,885,97,14,106,792,154,549,160,144,163,414,165,667,166,274,171,-1,-1,0
374,0,237,2,104,5,506,11,628,27,861,45,0,54,890,93,13,111,797,150,551,160,669,165,415,165,142,166,274,174,-1,-1,0
375,0,236,5,103,8,508,11,633,26,871,41,0,57,902,91,15,114,808,149,558,161,679,165,421,168,146,169,278,176,-1,-1,0
376,0,237,6,512,8,103,11,638,21,882,33,0,63,914,83,16,121,819,145,566,159,688,162,427,168,150,174,283,179,-1,-1,0
382,0,520,7,239,9,103,16,648,19,896,30,0,67,929,80,15,125,831,144,573,160,698,161,432,170,150,179,286,183,-1,-1,0
388,0,529,6,244,10,661,17,105,19,917,26,0,72,952,76,17,131,852,143,586,161,714,162,441,173,154,184,291,187,-1,-1,0
403,0,551,5,691,15,253,13,963,19,109,25,1002,72,0,81,16,141,895,143,749,165,612,165,458,179,158,194,303,196,-1,-1,0
561,0,409,0,988,7,706,9,257,15,111,30,1030,60,0,87,920,136,18,149,768,162,626,164,469,181,309,200,162,201,-1,-1,0
435,0,593,8,274,10,120,20,741,23,1030,35,0,74,1072,90,16,139,958,164,655,180,802,183,490,191,167,200,323,205,-1,-1,0
444,0,606,7,280,12,758,20,122,24,1058,29,0,80,1100,87,17,147,982,164,671,183,821,186,502,196,171,208,329,212,-1,-1,0
465,0,634,5,294,12,129,24,791,21,1099,30,0,82,1146,89,17,152,1025,169,706,189,861,192,529,202,181,215,348,220,-1,-1,0
472,0,644,7,298,11,130,22,803,23,1119,35,0,83,1166,96,18,155,1045,178,718,197,877,200,538,210,184,221,354,226,-1,-1,0
480,0,655,6,301,14,817,20,132,26,1137,30,0,89,1186,92,20,161,1063,177,732,200,893,200,549,214,190,227,363,232,-1,-1,0
1284,0,919,13,732,8,533,14,334,41,146,67,1342,68,0,150,1201,172,1009,212,826,224,25,231,619,253,411,284,218,293,-1,-1,0
1289,5,740,0,541,1,926,9,340,23,149,46,1345,75,0,125,1204,175,26,209,1013,213,831,219,623,245,413,271,218,276,-1,-1,0
544,0,745,3,932,15,1298,19,342,18,150,36,1354,93,0,116,1213,192,24,200,1021,226,837,229,627,252,414,273,218,274,-1,-1,0
552,0,756,5,945,17,348,17,1316,25,152,35,1370,99,0,115,1222,198,23,203,1026,232,840,237,628,258,414,278,217,278,-1,-1,0
162,1,363,0,572,1,777,23,966,49,0,75,1334,87,19,164,1381,167,1226,251,212,257,845,264,631,270,413,272,1030,273,-1,-1,0
164,7,580,0,368,3,786,19,972,41,1169,52,1335,74,0,86,1382,153,22,178,1232,240,857,261,1039,265,223,267,645,273,428,278,0
170,0,380,0,595,3,801,28,987,55,1179,70,0,76,1342,94,20,171,1384,175,1234,258,226,267,865,273,1045,280,653,281,434,281,0
173,0,387,1,606,5,813,30,1000,57,1191,73,0,81,1353,99,1394,180,22,179,1246,264,233,278,878,282,1058,287,666,290,446,291,0
175,0,393,5,615,12,826,40,1014,71,0,81,1206,88,1367,117,25,181,1408,199,1257,280,240,282,888,295,453,297,1068,301,675,300,0
180,1,408,0,637,3,852,27,1042,53,1233,66,1393,91,0,90,1432,173,31,192,1282,257,1096,285,918,284,258,290,704,296,478,299,0
625,0,399,3,174,12,840,18,1032,37,1391,66,0,105,1433,148,30,204,1279,237,1090,270,910,274,695,291,253,295,470,299,-1,-1,0
392,3,617,0,172,9,831,18,1023,38,1219,46,1385,68,0,99,1426,152,29,199,1272,240,1080,272,899,275,247,290,685,290,461,295,0
612,0,387,6,168,17,828,15,1024,31,1226,36,1396,55,0,112,1438,141,31,211,1278,233,1082,269,899,275,683,294,248,299,459,302,0
606,0,381,9,827,11,1028,24,164,23,1236,26,1412,44,0,120,1457,134,31,219,1291,228,1089,268,900,277,680,298,455,306,245,306,0
613,0,383,5,165,15,833,16,1036,34,1243,38,1420,61,0,112,1464,150,30,213,1297,242,1095,280,906,285,686,303,247,305,460,309,0
621,0,391,7,844,12,168,20,1048,26,1255,28,1431,48,0,123,1476,138,34,225,1309,234,1107,274,919,284,698,306,470,314,255,314,0
626,0,393,10,852,12,1056,24,170,22,1266,25,1445,45,0,127,1489,134,1320,230,35,228,1116,272,926,283,703,305,473,314,258,316,0
627,0,1069,13,1287,11,857,7,391,12,1473,28,167,29,1521,122,0,138,1347,222,34,239,1136,270,939,286,710,313,476,322,258,326,0
640,0,1094,15,397,12,876,8,1319,13,169,29,1509,35,1545,132,0,143,1374,233,38,248,1157,282,956,298,722,325,485,332,265,337,0
1372,0,1145,11,1564,18,673,11,920,12,417,25,173,50,1604,118,0,183,1416,219,1200,280,49,292,1000,310,765,348,523,357,295,374,0
1384,0,1156,9,679,9,928,11,1577,18,420,22,173,44,1612,120,0,175,1420,220,1202,279,50,282,1002,308,766,343,524,349,296,365,0
1386,0,1155,9,1579,19,674,14,926,15,416,27,170,51,1607,123,0,184,1423,221,1202,282,50,288,999,313,762,348,521,353,294,370,0
1383,0,1151,14,1579,13,923,27,671,32,410,50,164,81,1615,118,1425,222,0,219,1207,289,55,323,1006,327,770,368,530,377,303,399,0
1392,0,1160,17,1587,13,929,30,676,36,415,55,165,89,1621,114,1428,219,0,227,1208,286,1009,325,57,331,774,369,533,380,307,404,0
1385,0,1154,16,1579,12,925,29,674,35,413,54,165,85,1618,115,1424,216,0,226,1207,283,1008,322,57,330,774,367,533,377,308,402,0
1370,0,1559,12,1146,18,921,32,673,39,413,59,166,91,1598,111,1412,211,0,232,1200,280,1005,320,58,335,775,366,536,378,310,406,0
1371,0,1147,18,1559,13,924,34,676,41,416,60,167,93,1596,113,1409,213,0,235,1197,281,1003,321,55,338,773,368,534,380,308,408,0
1375,0,1149,17,1565,13,924,31,674,36,415,53,166,85,1601,115,1410,214,0,223,1198,281,1002,320,56,327,770,363,532,373,307,399,0
1389,0,1162,14,1581,16,934,25,682,28,419,42,168,72,1614,119,0,212,1421,218,1205,282,57,316,1008,320,776,362,535,368,309,392,0
1396,0,1168,11,1586,16,942,20,690,21,425,33,170,60,1616,119,0,201,1424,216,1211,279,57,307,1014,316,782,356,541,362,312,384,0
1405,0,1179,11,1592,19,699,19,954,20,432,29,173,57,1622,121,0,198,1430,217,1217,279,59,304,1022,315,790,355,548,360,317,383,0
1433,2,1206,5,446,3,720,0,979,8,182,22,1620,26,1644,130,0,162,1447,220,57,272,1233,278,1035,308,553,342,799,343,318,358,0
1210,7,1441,3,446,3,721,0,979,8,181,21,1630,29,1657,135,0,161,1455,224,57,272,1237,282,1038,313,552,343,799,346,317,358,0
1218,8,446,3,1451,5,722,0,983,9,182,21,1642,32,1661,137,0,160,1463,230,57,270,1241,286,1039,318,550,345,798,350,315,359,0
1454,0,1220,3,447,5,724,0,986,7,1646,24,181,25,1672,130,0,166,1470,223,59,277,1250,282,1048,314,559,346,808,350,322,363,0
1461,0,1228,5,453,2,731,0,995,8,185,21,1654,26,1681,133,0,164,1477,224,57,275,1257,283,1054,316,561,346,812,350,322,363,0
453,3,1233,8,1468,6,733,0,998,9,185,19,1661,32,1686,139,0,159,1482,230,56,273,1260,288,1056,320,561,347,812,351,321,362,0
1470,3,1232,6,451,4,732,0,997,9,184,23,1662,29,1683,135,0,163,1484,228,58,276,1260,286,1056,319,561,348,812,351,322,363,0
1470,0,1234,6,453,5,732,3,997,9,1665,26,182,29,1686,133,0,169,1486,227,58,282,1262,286,1058,319,562,352,815,355,323,369,0
1470,0,1232,5,450,10,730,4,995,9,1663,25,182,31,1683,133,0,172,1486,225,1262,286,58,284,1058,320,561,353,813,356,322,370,0
1469,0,1234,5,453,7,733,2,998,9,1662,24,183,28,1688,130,0,170,1485,224,1263,284,58,282,1060,318,564,351,817,354,325,369,0
1471,0,1235,4,456,5,736,1,1000,8,1663,23,185,25,1690,131,0,170,1487,223,1266,283,60,281,1063,317,568,350,820,353,327,368,0
1468,0,1233,5,454,8,734,3,1000,10,1661,23,185,27,1689,131,0,172,1485,223,1265,284,59,284,1062,319,566,352,819,354,326,371,0
1468,0,1233,5,454,10,734,4,1000,11,1660,22,184,32,1689,130,0,176,1485,223,1263,283,58,287,1062,318,566,354,819,355,326,372,0
1465,0,1231,7,452,14,732,7,997,13,1658,23,183,35,1686,130,0,177,1483,223,1262,285,57,290,1061,320,565,356,817,357,325,375,0
1467,0,1233,6,455,9,736,4,998,10,1658,24,185,31,1688,132,0,173,1484,223,1264,283,59,285,1062,317,567,352,819,353,326,371,0
1464,0,1231,8,453,13,733,6,996,12,1657,24,184,34,1686,131,0,177,1483,223,1264,285,58,288,1061,318,566,355,818,355,325,374,0
1385,0,1160,14,1576,15,937,22,688,23,428,39,178,67,1618,115,0,202,1433,216,1220,282,48,308,1021,317,782,358,533,367,300,389,0
1364,0,1144,13,1552,14,926,21,681,22,425,39,178,66,1596,112,0,201,1418,215,1210,279,47,308,1012,314,777,355,531,367,298,388,0
1341,0,1525,10,1124,15,909,24,669,29,417,51,174,82,1572,105,1401,212,0,217,1198,278,1003,313,48,323,772,358,528,376,297,400,0
1321,0,1504,8,1107,17,893,25,657,32,410,57,172,88,1554,101,1386,208,0,220,1183,274,991,308,47,326,762,354,520,375,292,400,0
1278,0,1455,10,1072,11,868,13,640,15,402,34,171,61,1505,99,0,182,1346,202,1150,259,962,286,42,285,739,325,503,345,280,362,0
1212,0,1379,8,1018,12,825,12,610,14,383,34,162,62,1429,91,0,176,1283,193,1100,246,921,270,40,275,710,308,483,331,270,348,0
608,0,387,8,814,10,996,21,168,21,1179,21,1335,37,1381,116,0,123,1243,206,34,223,1069,247,899,260,693,286,471,300,259,307,0
619,0,396,4,173,13,823,13,1002,28,1179,32,1330,49,0,112,1373,126,1238,211,34,214,1068,250,902,260,700,284,478,296,263,300,0
192,0,419,13,645,30,847,63,0,81,1023,95,1197,115,1344,146,19,186,1380,225,1240,299,244,295,465,312,903,315,1069,321,695,320,0
189,0,410,17,634,35,837,72,0,79,1016,106,1196,129,1348,164,17,184,1384,248,234,297,1238,322,452,318,891,331,681,331,1063,340,0
186,0,406,13,629,31,835,67,0,78,1015,101,1200,125,1355,161,16,181,1395,244,230,292,448,314,1244,321,889,327,677,328,1064,338,0
191,0,416,11,642,26,848,58,1029,90,0,80,1211,111,1366,141,17,186,1407,226,238,296,1264,305,461,315,910,319,695,323,1084,326,0
194,0,420,16,647,35,854,71,0,79,1034,107,1219,132,1375,165,16,186,1414,251,237,301,1267,330,461,325,914,337,698,337,1089,346,0
209,0,451,19,688,39,900,78,0,81,1077,115,1259,140,1410,175,18,194,1452,258,260,315,1309,338,499,338,964,346,746,348,1137,355,0
213,0,459,18,699,38,912,77,0,81,1091,115,1271,139,1420,174,18,198,1464,257,265,322,1321,338,507,345,978,349,759,352,1150,358,0
211,0,457,18,699,38,914,77,0,81,1094,115,1428,176,18,198,1471,260,266,323,1329,341,509,345,983,352,763,354,1156,361,-1,-1,0
206,0,453,14,698,30,917,66,0,86,1101,103,1289,125,1447,160,21,203,1495,246,1347,334,270,326,997,347,513,347,771,352,1173,355,0
208,0,462,7,721,13,955,46,1151,79,1354,99,0,93,26,215,1431,319,287,336,1057,343,1243,348,816,352,541,353,-1,-1,-1,-1,0
229,0,501,15,774,28,1014,66,1212,106,0,92,1412,130,1584,165,26,220,1643,256,1489,354,312,357,1117,371,1305,379,584,377,872,378,0
237,0,514,16,789,29,1029,68,0,93,1425,133,1593,167,27,227,1652,258,1502,355,319,362,1132,373,1320,380,887,382,596,382,-1,-1,0
240,0,520,21,795,43,1033,88,0,86,1227,134,1423,164,1589,203,23,221,1645,296,316,366,1495,390,594,392,1132,397,887,400,1318,410,0
234,0,512,21,785,41,1015,85,0,88,1196,128,1383,157,1539,194,28,227,1590,277,1456,377,326,371,1124,390,599,394,1293,400,890,397,0
231,0,510,17,783,34,1014,76,0,90,1196,117,1538,179,30,227,1459,365,333,370,1130,381,1299,389,898,390,606,391,-1,-1,-1,-1,0
244,0,535,24,817,46,1053,93,0,88,1237,141,1421,171,30,234,1501,397,348,389,1176,409,633,414,1342,420,936,416,-1,-1,-1,-1,0
260,0,562,40,851,78,0,74,1088,139,1271,197,1453,236,27,229,1607,284,357,407,651,446,1528,469,962,461,1201,466,1371,484,-1,-1,0
284,0,598,60,0,61,894,115,1128,190,15,223,1485,308,1635,362,358,427,1690,458,667,483,990,512,1231,528,1549,548,1394,556,-1,-1,0
274,0,582,66,0,57,863,123,1077,196,30,226,1380,306,1510,357,385,435,678,486,980,507,1192,516,1325,539,-1,-1,-1,-1,-1,-1,0
262,0,0,51,559,72,826,134,1023,209,28,223,1295,320,1415,371,373,437,1461,456,649,489,933,511,1124,521,1353,537,-1,-1,-1,-1,0
237,0,516,64,0,60,772,118,957,187,35,226,1330,337,1372,407,361,427,619,471,891,486,1276,502,1068,492,1176,523,-1,-1,-1,-1,0
235,0,513,66,0,59,767,121,38,228,367,433,623,476,892,490,1263,508,1064,495,-1,-1,-1,-1,-1,-1,-1,-1,-1,-1,-1,-1,0
233,0,0,53,510,71,760,131,936,205,34,227,362,438,613,486,880,503,1048,510,1236,522,-1,-1,-1,-1,-1,-1,-1,-1,-1,-1,0
227,0,0,29,489,104,725,187,23,214,885,277,571,533,826,570,979,590,1138,617,-1,-1,-1,-1,-1,-1,-1,-1,-1,-1,-1,-1,0
164,0,0,54,364,72,552,134,675,201,19,204,241,385,414,427,608,452,725,462,-1,-1,-1,-1,-1,-1,-1,-1,-1,-1,-1,-1,0
160,0,362,66,0,57,549,124,676,187,21,203,926,319,245,375,418,414,612,436,-1,-1,-1,-1,-1,-1,-1,-1,-1,-1,-1,-1,0
163,0,364,63,0,59,552,119,678,181,23,203,928,309,246,372,418,409,612,429,870,441,730,434,798,459,-1,-1,-1,-1,-1,-1,0
164,0,368,60,0,66,557,115,19,212,937,300,244,379,417,411,871,435,611,431,732,434,-1,-1,-1,-1,-1,-1,-1,-1,-1,-1,0
168,0,374,59,0,71,566,113,694,172,20,221,249,388,426,417,885,430,744,435,624,435,-1,-1,-1,-1,-1,-1,-1,-1,-1,-1,0
173,0,384,55,0,82,580,106,711,162,24,237,261,401,439,424,759,432,638,437,-1,-1,-1,-1,-1,-1,-1,-1,-1,-1,-1,-1,0
177,0,397,48,598,94,0,92,731,145,29,249,920,394,275,404,782,415,457,418,660,425,-1,-1,-1,-1,-1,-1,-1,-1,-1,-1,0
182,0,407,41,613,82,0,107,748,129,1004,225,29,267,936,373,799,404,284,414,675,420,469,420,-1,-1,-1,-1,-1,-1,-1,-1,0
444,0,660,36,797,76,0,117,1045,154,967,312,29,289,828,365,702,396,490,405,298,421,-1,-1,-1,-1,-1,-1,-1,-1,-1,-1,0
209,0,455,26,674,62,814,101,1066,174,0,153,973,329,29,325,831,390,703,424,489,432,296,452,-1,-1,-1,-1,-1,-1,-1,-1,0
203,0,451,16,672,44,814,78,1072,142,0,161,905,355,30,329,838,368,707,406,492,420,299,447,-1,-1,-1,-1,-1,-1,-1,-1,0
204,0,453,13,677,38,821,69,1083,130,0,166,34,335,847,361,716,402,499,418,304,448,-1,-1,-1,-1,-1,-1,-1,-1,-1,-1,0
215,0,472,10,703,35,851,66,1117,123,0,174,876,362,34,346,742,406,520,424,318,459,-1,-1,-1,-1,-1,-1,-1,-1,-1,-1,0
222,0,485,9,720,35,869,64,1137,122,0,178,894,366,37,355,755,412,530,431,325,467,-1,-1,-1,-1,-1,-1,-1,-1,-1,-1,0
220,0,486,9,722,33,874,63,1143,119,1158,194,0,183,1046,286,970,348,900,366,36,360,762,413,533,433,327,471,-1,-1,-1,-1,0
224,0,491,7,727,30,879,58,1150,113,0,184,1055,283,908,363,38,363,769,411,540,432,332,472,-1,-1,-1,-1,-1,-1,-1,-1,0
227,0,497,7,734,30,886,58,1155,112,1170,190,0,186,1060,281,913,364,38,367,774,413,544,435,335,477,-1,-1,-1,-1,-1,-1,0
229,0,499,6,738,29,890,58,1158,110,0,190,1067,282,987,341,916,363,37,370,779,413,548,436,337,479,-1,-1,-1,-1,-1,-1,0
233,0,507,4,746,26,1168,106,0,191,1075,277,925,361,39,373,789,412,555,436,343,482,-1,-1,-1,-1,-1,-1,-1,-1,-1,-1,0
512,3,234,0,760,24,919,51,1199,104,0,197,1101,276,943,368,37,380,799,421,559,444,342,489,-1,-1,-1,-1,-1,-1,-1,-1,0
514,4,235,0,766,27,927,55,1213,108,0,196,1110,285,952,375,37,380,804,427,561,448,342,492,-1,-1,-1,-1,-1,-1,-1,-1,0
512,2,233,0,761,23,1204,100,0,197,1110,275,1026,341,951,367,40,381,806,421,565,445,346,490,-1,-1,-1,-1,-1,-1,-1,-1,0
230,0,505,5,751,27,908,55,1189,110,0,192,937,370,40,374,793,421,556,443,341,485,-1,-1,-1,-1,-1,-1,-1,-1,-1,-1,0
226,0,498,8,738,32,893,62,1169,119,0,186,993,351,920,372,38,366,778,420,546,439,337,479,-1,-1,-1,-1,-1,-1,-1,-1,0
235,0,507,11,743,35,894,65,1161,120,0,177,1071,280,992,336,919,356,41,354,782,402,556,423,345,462,-1,-1,-1,-1,-1,-1,0
235,0,505,10,737,33,888,61,1154,116,0,177,1067,274,992,338,919,354,36,354,556,423,342,465,-1,-1,-1,-1,-1,-1,-1,-1,0
234,0,497,19,727,46,873,77,1140,143,0,164,1061,301,983,356,33,345,911,373,776,417,548,435,334,467,-1,-1,-1,-1,-1,-1,0
232,0,489,36,714,76,858,118,0,142,1121,200,26,323,1045,352,969,395,895,408,760,440,535,448,321,465,-1,-1,-1,-1,-1,-1,0
229,0,479,54,696,107,0,112,1097,261,20,289,868,444,514,457,304,453,735,463,-1,-1,-1,-1,-1,-1,-1,-1,-1,-1,-1,-1,0
227,0,468,75,0,83,679,143,11,254,1065,329,280,439,486,464,834,481,700,485,-1,-1,-1,-1,-1,-1,-1,-1,-1,-1,-1,-1,0
222,0,0,47,454,99,658,184,6,212,786,260,878,312,1029,407,258,417,458,467,666,507,950,525,797,519,872,533,-1,-1,-1,-1,0
227,0,3,29,456,111,0,191,654,209,779,293,865,351,241,410,1012,452,439,473,646,526,774,547,927,565,850,566,-1,-1,-1,-1,0
417,0,616,93,0,98,824,229,901,277,233,302,965,326,425,360,624,405,746,422,887,438,817,442,-1,-1,-1,-1,-1,-1,-1,-1,0
191,0,387,100,507,186,588,244,0,292,721,347,189,357,386,410,506,432,641,450,644,452,573,454,-1,-1,-1,-1,-1,-1,-1,-1,0
209,0,390,92,584,243,0,266,185,338,712,351,380,399,497,426,630,454,561,454,-1,-1,-1,-1,-1,-1,-1,-1,-1,-1,-1,-1,0
386,0,495,94,572,159,0,153,639,217,177,234,694,271,365,302,479,335,541,362,610,370,-1,-1,-1,-1,-1,-1,-1,-1,-1,-1,0
344,0,0,22,498,102,592,187,164,225,659,248,719,302,310,303,472,368,774,410,573,403,629,438,691,445,-1,-1,-1,-1,-1,-1,0
15,0,325,100,0,122,471,197,563,279,151,316,626,339,684,391,290,391,736,444,445,454,543,490,740,503,-1,-1,-1,-1,-1,-1,0
148,0,7,15,304,96,0,135,449,182,542,259,607,315,150,316,284,382,437,438,532,468,586,499,648,507,-1,-1,-1,-1,-1,-1,0
127,0,4,24,272,75,0,132,408,145,499,211,139,289,262,345,408,389,690,408,501,414,615,447,-1,-1,-1,-1,-1,-1,-1,-1,0
117,0,3,23,256,77,0,131,389,149,480,219,547,271,130,289,248,347,670,371,388,395,481,424,594,462,536,453,-1,-1,-1,-1,0
1,0,255,68,0,97,389,151,476,226,130,266,537,285,248,333,387,388,474,423,659,441,526,456,585,469,-1,-1,-1,-1,-1,-1,0
1,0,262,53,0,94,397,128,487,199,552,253,138,253,259,314,398,363,488,393,673,403,599,434,-1,-1,-1,-1,-1,-1,-1,-1,0
0,0,245,35,379,96,6,96,469,157,534,206,141,234,257,283,393,320,666,340,481,344,536,369,-1,-1,-1,-1,-1,-1,-1,-1,0
97,0,0,37,232,48,362,95,12,130,455,145,526,184,145,251,258,288,667,311,390,314,480,330,596,353,535,350,-1,-1,-1,-1,0
91,0,222,41,0,40,351,81,445,126,12,128,652,231,142,238,252,270,664,283,383,292,472,304,532,322,531,322,-1,-1,-1,-1,0
88,0,217,36,0,41,346,72,443,114,16,127,515,148,145,233,668,264,255,262,386,280,476,291,598,308,-1,-1,-1,-1,-1,-1,0
88,0,216,35,0,43,347,68,441,110,16,128,651,207,146,232,671,258,255,260,386,276,476,287,535,301,600,303,537,306,-1,-1,0
217,0,0,7,346,34,442,75,15,92,144,195,672,224,253,223,385,240,475,251,600,267,537,266,-1,-1,-1,-1,-1,-1,-1,-1,0
88,0,220,28,0,44,352,56,453,94,530,123,17,127,150,223,263,248,396,261,492,267,622,279,555,282,-1,-1,-1,-1,-1,-1,0
90,0,224,26,0,46,360,51,464,85,546,113,21,126,723,219,160,218,277,240,414,251,512,257,651,265,581,269,-1,-1,-1,-1,0
92,0,227,25,0,45,362,51,465,85,548,112,20,125,719,218,158,218,276,239,412,250,508,256,649,263,578,267,-1,-1,-1,-1,0
95,0,229,27,0,44,363,55,466,90,549,118,18,123,155,216,719,226,273,240,408,253,506,260,647,270,576,272,-1,-1,-1,-1,0
95,0,227,26,0,44,360,52,464,86,548,114,15,121,707,169,148,210,723,219,263,233,397,247,499,253,646,262,572,265,-1,-1,0
89,0,218,15,348,30,0,49,453,55,540,76,701,118,17,119,722,166,147,193,260,207,646,212,491,213,390,212,567,220,-1,-1,0
88,0,215,9,346,19,452,39,541,56,0,51,706,91,19,118,729,138,654,187,149,185,496,193,263,195,393,196,574,197,-1,-1,0
84,0,211,1,342,3,451,18,541,31,715,53,0,55,740,101,22,120,666,153,583,169,503,169,398,178,154,180,268,184,-1,-1,0
209,0,84,2,338,1,447,13,539,23,712,44,0,58,737,91,22,121,664,144,582,161,499,163,396,173,154,178,267,180,-1,-1,0
81,2,206,0,333,2,441,14,532,24,704,46,0,57,729,93,22,119,657,145,574,161,494,163,391,173,151,177,263,179,-1,-1,0
321,0,199,1,79,5,425,10,513,16,678,35,0,59,701,78,21,118,632,128,552,146,475,149,375,161,254,169,146,169,-1,-1,0
313,0,194,2,77,7,416,8,502,16,666,29,0,61,691,72,622,124,21,118,544,141,467,145,369,157,250,166,144,167,-1,-1,0
305,0,189,4,407,6,74,10,493,10,652,23,676,64,0,64,613,114,21,121,536,134,461,139,365,153,247,164,143,167,-1,-1,0
191,0,77,3,308,1,407,11,491,18,647,37,0,54,670,77,21,111,607,124,529,141,455,144,360,154,244,161,140,161,-1,-1,0
80,0,195,0,312,3,409,16,493,27,646,47,0,48,667,88,18,104,601,133,525,147,450,148,356,156,136,157,239,160,-1,-1,0
80,0,197,2,313,9,411,23,494,36,0,47,647,58,667,100,17,104,603,143,527,156,452,156,136,159,358,161,241,164,-1,-1,0
84,0,202,6,319,16,417,32,498,47,0,47,648,75,15,105,668,116,602,158,133,164,453,167,528,169,358,171,239,171,-1,-1,0
86,0,204,11,321,24,417,44,0,43,498,62,645,94,13,102,662,136,130,165,597,175,236,176,449,179,354,180,522,183,-1,-1,0
85,0,202,13,318,27,0,41,414,49,493,68,639,103,12,99,655,144,127,162,232,176,589,181,442,182,348,182,514,188,-1,-1,0
85,0,203,12,317,27,0,40,413,50,492,69,12,98,654,144,127,161,231,174,587,181,441,182,348,181,513,188,-1,-1,-1,-1,0
84,0,198,14,312,31,0,39,405,54,483,75,11,97,627,111,642,152,124,161,225,176,339,184,576,188,430,187,501,194,-1,-1,0
81,0,189,19,0,33,297,39,387,67,463,90,9,88,113,155,615,173,209,174,318,188,407,195,548,205,476,206,-1,-1,-1,-1,0
80,0,187,20,0,32,295,42,383,70,458,94,9,87,111,155,207,175,611,179,315,190,404,198,544,209,471,210,-1,-1,-1,-1,0
77,0,181,17,0,31,285,38,373,64,446,87,8,84,584,130,105,149,597,170,198,168,304,182,391,189,531,200,458,201,-1,-1,0
77,0,180,20,0,31,284,43,371,72,7,85,444,97,580,141,105,153,197,173,592,182,302,189,389,198,526,211,455,211,-1,-1,0
77,0,180,20,0,30,284,42,370,71,8,83,443,95,577,140,105,150,197,170,590,179,301,186,387,195,525,208,453,208,-1,-1,0
77,0,179,20,0,30,281,43,366,71,8,83,439,94,574,144,103,150,193,171,584,181,297,187,381,197,518,211,447,209,-1,-1,0
76,0,178,20,0,30,279,43,364,72,7,83,435,97,569,142,102,150,192,170,580,182,295,187,379,196,515,210,445,209,-1,-1,0
76,0,177,20,0,30,278,43,362,71,7,84,434,96,506,116,101,150,191,170,579,181,294,186,378,196,512,209,443,208,-1,-1,0
76,0,175,22,0,29,276,46,359,75,6,81,430,100,502,122,99,147,187,170,572,186,289,187,372,198,437,211,507,213,-1,-1,0
75,0,175,22,0,28,276,47,359,77,6,80,429,102,561,150,98,148,187,170,571,189,289,188,372,199,437,213,-1,-1,-1,-1,0
74,0,173,19,0,30,273,40,357,67,7,82,428,90,559,133,99,145,188,164,570,172,289,179,372,188,506,200,436,200,-1,-1,0
75,0,174,18,0,30,273,40,357,67,7,80,427,90,560,132,100,144,188,164,571,172,289,179,372,188,507,200,437,199,-1,-1,0
74,0,173,17,0,30,273,37,357,63,427,85,7,81,100,145,189,163,573,167,290,177,373,185,508,196,439,196,-1,-1,-1,-1,0
75,0,174,19,0,28,274,43,357,71,5,80,428,95,500,116,560,141,96,145,184,166,570,180,285,184,370,193,505,207,434,206,0
76,0,173,22,0,29,273,45,357,74,5,81,428,99,559,146,95,147,183,169,569,186,284,187,368,198,503,212,434,210,-1,-1,0
76,0,174,24,0,27,274,52,3,79,355,84,425,111,90,149,556,162,178,174,278,195,565,203,361,209,427,224,498,228,-1,-1,0
77,0,173,26,0,26,272,55,2,78,354,88,425,115,495,141,88,149,554,169,174,174,274,198,561,210,357,212,423,229,494,235,0
79,0,0,25,175,30,273,64,2,77,354,100,424,129,85,151,171,180,552,189,269,208,352,225,558,231,417,244,488,251,-1,-1,0
78,0,0,23,174,30,272,64,0,75,352,101,421,132,82,150,168,179,550,192,266,207,349,226,555,234,414,245,484,254,-1,-1,0
79,0,0,23,175,31,272,66,0,75,353,104,421,135,82,150,166,181,550,196,264,209,347,229,554,238,412,248,483,257,-1,-1,0
79,0,1,21,175,31,272,67,0,73,352,105,421,137,81,149,166,179,550,200,264,210,346,230,554,241,411,250,483,259,-1,-1,0
81,0,2,20,177,31,273,67,0,71,353,105,423,137,81,146,165,177,550,200,264,208,346,229,554,242,411,249,484,259,-1,-1,0
83,0,4,20,180,33,276,70,0,71,356,110,424,143,81,149,166,182,552,208,264,214,348,236,556,251,412,257,485,267,-1,-1,0
82,0,3,23,179,31,277,65,0,75,359,102,430,133,83,150,169,180,562,195,270,210,355,229,568,238,422,249,495,257,-1,-1,0
78,0,178,23,0,29,281,50,368,82,2,81,445,107,522,135,91,152,587,164,181,176,285,200,596,207,374,213,444,229,522,233,0
77,0,181,18,0,32,287,41,379,69,4,85,461,92,615,142,98,152,191,174,627,187,300,192,394,203,551,217,469,216,-1,-1,0
77,0,181,16,0,34,289,36,384,63,467,85,6,87,552,107,626,133,103,153,197,173,641,178,308,189,403,198,564,210,480,210,0
78,0,182,15,290,33,0,35,385,59,470,80,7,88,629,125,103,151,199,169,643,170,308,185,404,193,567,202,481,204,-1,-1,0
77,0,181,14,289,30,0,37,385,54,470,74,8,89,634,115,105,150,650,160,200,167,310,180,407,187,572,193,485,197,-1,-1,0
77,0,182,13,292,30,0,38,391,54,479,75,8,90,648,117,105,151,663,163,201,169,312,182,411,189,582,197,492,200,-1,-1,0
78,0,184,13,295,30,0,36,394,55,482,77,8,88,654,119,105,150,669,166,202,168,314,182,413,190,587,199,496,201,-1,-1,0
78,0,184,8,297,18,400,37,0,40,494,54,673,88,10,91,691,134,110,147,209,160,324,169,608,172,427,171,513,179,-1,-1,0
78,0,185,7,297,19,401,38,0,40,493,56,675,90,10,91,692,137,111,148,209,161,324,171,609,175,427,174,514,182,-1,-1,0
80,0,187,9,300,22,0,39,405,44,499,62,9,90,682,101,699,148,108,149,207,164,322,175,427,180,613,184,515,189,-1,-1,0
81,0,189,12,303,27,0,38,408,50,504,71,604,89,8,90,690,112,106,151,706,161,207,168,322,181,428,188,618,196,518,199,0
82,0,191,13,306,30,0,37,412,56,509,79,8,89,698,123,106,151,207,170,712,172,322,186,430,195,623,206,521,207,-1,-1,0
83,0,192,15,307,35,0,35,414,62,511,87,6,87,701,137,102,151,203,173,714,187,318,191,427,203,519,217,622,218,-1,-1,0
83,0,193,15,0,34,309,37,416,65,514,91,6,86,704,143,103,152,203,174,718,192,319,193,428,205,521,222,627,223,-1,-1,0
86,0,195,19,0,33,309,41,414,71,6,85,510,99,611,123,697,152,102,153,203,177,316,197,708,201,424,211,514,227,618,230,0
86,0,195,18,0,33,309,41,414,71,5,85,511,99,611,122,696,150,102,152,203,175,317,195,708,199,424,209,516,225,618,228,0
86,0,196,17,0,33,310,39,416,68,5,86,513,96,700,148,102,153,203,175,318,195,713,197,426,208,519,224,622,227,-1,-1,0
87,0,197,19,0,33,312,43,420,74,4,86,518,101,101,154,708,157,203,178,318,201,719,208,427,215,521,233,626,237,-1,-1,0
89,0,200,21,0,31,316,48,423,81,4,85,524,113,627,139,99,155,715,172,202,182,318,206,726,223,428,223,524,243,631,250,0
88,0,199,22,0,28,314,50,3,81,421,85,520,117,98,153,710,180,200,182,316,208,426,227,720,230,520,248,626,256,-1,-1,0
93,0,205,28,0,28,319,61,1,83,425,100,522,137,97,160,200,192,706,204,315,222,424,243,715,254,517,267,622,278,-1,-1,0
94,0,0,24,206,29,320,65,0,80,425,106,521,144,94,159,196,193,704,216,311,226,420,250,711,268,512,276,617,289,-1,-1,0
94,0,0,24,206,30,321,64,0,79,426,105,523,144,94,157,198,192,709,215,313,224,423,249,715,267,516,275,622,289,-1,-1,0
96,0,1,24,208,30,323,66,0,79,428,107,525,146,94,159,198,193,710,219,313,227,423,252,717,271,518,279,624,292,-1,-1,0
96,0,1,23,208,31,323,68,0,78,429,111,527,151,92,159,196,195,713,227,312,230,423,256,721,278,518,284,625,299,-1,-1,0
99,0,3,21,210,34,324,73,0,76,430,118,527,160,91,160,194,199,309,235,713,241,420,265,719,293,515,295,623,311,-1,-1,0
100,0,3,20,210,36,0,74,324,78,429,125,90,160,526,168,192,199,628,209,307,239,711,253,418,270,512,301,716,304,619,321,0
100,0,4,19,211,37,0,74,325,79,429,127,89,160,525,171,191,201,305,242,709,256,416,273,510,305,713,309,616,325,-1,-1,0
102,0,5,18,213,36,0,73,326,79,429,128,89,159,525,174,191,200,305,241,708,260,414,274,508,307,711,313,615,328,-1,-1,0
94,0,208,24,0,30,325,53,3,85,433,90,534,125,100,160,726,190,207,190,323,218,436,237,735,242,533,260,641,269,-1,-1,0
91,0,206,14,326,33,0,37,436,61,538,85,7,92,735,134,111,158,219,179,749,185,338,196,452,206,658,220,549,220,-1,-1,0
88,0,205,7,326,17,438,35,0,46,542,53,648,66,738,86,12,100,756,136,123,159,232,171,669,177,466,180,352,179,563,186,0
204,0,86,2,327,3,441,14,545,25,739,45,0,53,760,92,17,107,677,139,574,156,478,157,134,159,366,163,245,164,-1,-1,0
209,0,88,3,332,4,445,15,549,25,741,44,0,54,761,91,16,108,679,138,576,154,481,156,135,160,368,163,247,164,-1,-1,0
330,0,207,2,86,8,445,8,549,15,742,27,0,62,765,73,18,116,684,123,582,143,487,148,374,159,252,165,139,165,-1,-1,0
333,0,209,2,87,8,447,8,550,16,742,28,0,62,763,74,19,116,685,123,583,144,488,148,376,159,254,165,140,164,-1,-1,0
334,0,209,2,87,7,447,8,550,17,740,30,0,61,762,75,18,116,684,125,583,145,489,149,377,160,254,166,141,165,-1,-1,0
331,0,207,2,86,7,445,7,546,15,737,26,0,62,761,72,19,117,681,122,581,142,488,146,377,158,253,164,141,164,-1,-1,0
329,0,204,5,543,12,441,6,84,13,645,12,733,22,757,67,0,69,679,119,20,124,581,141,488,146,377,160,254,168,142,171,0
328,0,204,4,442,5,542,11,83,12,732,21,756,66,0,68,677,119,21,122,581,140,488,146,378,159,255,168,143,169,-1,-1,0
328,0,204,4,441,6,542,12,83,10,731,23,0,67,754,69,674,121,20,122,577,142,486,147,376,160,253,167,142,169,-1,-1,0
320,0,530,5,629,4,431,2,198,7,715,11,79,19,740,55,0,77,664,109,570,133,22,131,482,140,375,157,253,169,144,174,0
524,0,711,0,427,0,315,1,194,13,76,27,738,43,0,86,663,99,570,125,481,136,24,139,375,155,254,170,146,178,-1,-1,0
319,0,532,5,432,2,197,8,723,10,80,19,747,54,0,75,669,108,21,128,572,132,480,139,371,155,250,166,141,171,-1,-1,0
319,0,533,6,432,3,198,7,724,12,80,17,749,56,0,73,670,109,21,126,572,133,479,140,370,155,249,165,140,169,-1,-1,0
320,0,199,5,534,9,433,4,727,14,80,16,750,61,0,71,671,113,20,125,571,136,478,143,369,157,248,166,139,169,-1,-1,0
323,0,201,3,436,6,83,10,538,12,730,22,0,65,752,69,673,119,19,118,572,140,479,145,368,157,248,163,138,164,-1,-1,0
323,0,201,4,435,5,537,10,82,13,729,19,753,64,0,67,673,115,19,120,573,136,479,142,369,155,248,163,138,165,-1,-1,0
322,0,200,5,436,4,539,9,644,9,82,14,734,17,757,63,0,68,677,114,18,121,574,137,480,143,368,157,247,164,137,166,0
323,0,540,9,437,4,200,7,83,14,736,16,760,62,0,70,680,114,20,123,577,137,482,143,370,157,249,165,138,167,-1,-1,0
322,0,539,8,436,4,200,6,735,15,81,16,759,60,0,72,679,113,19,125,577,136,481,143,370,157,248,166,138,169,-1,-1,0
322,0,538,6,435,3,199,7,734,11,81,17,758,57,0,74,679,110,19,127,577,134,482,142,371,157,249,167,139,170,-1,-1,0
322,0,539,6,436,2,200,5,735,11,82,16,758,57,0,72,680,109,19,125,578,133,482,140,371,155,249,165,138,167,-1,-1,0
324,0,202,4,540,10,438,5,645,9,84,12,736,19,759,65,0,68,680,115,19,121,577,138,482,144,370,157,248,164,137,166,0
325,0,203,2,439,6,85,8,542,13,738,24,0,62,760,70,18,116,680,120,577,141,481,146,369,157,247,163,135,163,-1,-1,0
325,0,203,3,84,9,439,7,543,14,738,25,0,63,761,72,17,116,680,122,577,142,481,147,368,159,246,164,135,163,-1,-1,0
324,0,202,3,438,6,84,11,542,12,739,23,0,65,762,69,681,120,17,118,578,141,481,147,369,159,246,164,135,166,-1,-1,0
324,0,202,3,543,11,438,5,83,12,647,11,738,20,762,67,0,67,681,118,18,120,578,140,482,146,369,158,247,165,136,166,0
540,5,321,0,436,2,199,7,741,8,81,19,766,55,0,76,684,108,19,128,580,133,484,142,370,158,248,167,137,171,-1,-1,0
540,0,743,0,435,0,320,1,197,11,80,25,769,47,0,84,688,103,583,132,19,137,485,142,372,160,249,172,138,178,-1,-1,0
650,0,542,6,744,5,435,4,320,5,197,14,80,27,771,52,0,85,689,107,584,135,20,138,486,144,373,161,249,173,138,179,0
637,0,733,4,534,7,430,7,316,9,194,20,78,34,762,48,0,94,685,105,583,133,487,144,20,146,375,163,251,177,140,185,0
728,0,530,9,427,13,313,18,192,35,759,45,77,53,684,104,0,114,584,136,489,150,22,166,377,173,254,191,143,202,-1,-1,0
721,0,526,12,424,18,311,25,752,42,190,44,75,64,681,102,0,127,582,135,488,150,378,174,22,177,255,197,145,210,-1,-1,0
703,0,512,22,412,31,738,41,301,42,183,66,70,92,672,106,578,141,0,156,486,160,379,189,26,207,259,217,150,234,-1,-1,0
700,0,511,19,412,26,302,36,733,40,184,59,71,83,666,103,573,137,0,147,482,154,376,183,26,197,256,210,149,226,-1,-1,0
688,0,505,13,410,18,302,25,718,40,184,46,71,67,655,100,0,126,565,129,479,142,375,167,26,175,256,193,149,206,-1,-1,0
694,0,509,8,411,11,303,16,184,34,728,38,70,53,660,98,0,111,570,125,482,137,377,160,25,161,256,183,148,195,-1,-1,0
697,0,512,7,415,6,306,10,187,26,72,42,728,42,662,99,0,99,573,125,485,135,25,151,379,156,258,177,149,187,-1,-1,0
703,0,516,3,421,2,311,4,191,19,75,34,733,41,0,91,666,99,577,123,489,133,24,144,382,153,259,173,149,181,-1,-1,0
525,2,429,0,317,3,193,18,75,35,746,38,0,92,678,98,589,124,501,133,26,146,393,154,267,176,155,184,-1,-1,-1,-1,0
530,1,432,0,320,4,195,22,751,35,75,41,683,99,0,101,594,126,505,137,26,156,397,160,270,184,157,195,-1,-1,-1,-1,0
715,0,527,7,431,7,318,11,194,30,750,41,74,48,683,105,0,108,596,130,509,141,401,165,28,164,274,190,161,201,-1,-1,0
708,0,525,12,428,13,317,19,745,39,192,42,71,64,683,104,0,125,599,132,512,144,408,169,30,180,280,199,167,213,-1,-1,0
526,0,431,0,321,1,195,16,74,33,743,41,0,91,679,102,596,126,512,134,29,148,406,155,278,180,165,189,-1,-1,-1,-1,0
325,0,197,7,75,12,435,9,528,17,0,63,739,78,25,123,671,134,587,150,506,150,400,162,157,175,269,177,-1,-1,-1,-1,0
325,0,75,5,198,3,436,12,527,23,0,54,740,88,25,114,671,143,507,154,590,157,403,163,158,170,270,174,-1,-1,-1,-1,0
80,0,204,4,335,7,446,24,539,37,0,48,23,110,749,114,677,167,514,172,156,174,594,178,407,177,272,183,-1,-1,-1,-1,0
80,0,208,6,341,10,453,30,0,48,726,80,23,113,759,128,688,182,159,182,523,184,414,188,604,192,277,192,-1,-1,-1,-1,0
93,0,221,31,0,30,352,61,454,101,14,102,537,135,146,196,264,228,718,245,399,245,500,260,573,280,647,284,-1,-1,-1,-1,0
94,0,0,29,225,32,355,63,459,104,15,103,540,137,149,201,267,233,715,249,404,251,503,265,575,286,647,291,-1,-1,-1,-1,0
95,0,229,33,0,31,361,63,462,103,16,108,156,208,276,239,713,245,413,253,512,265,648,290,579,286,-1,-1,-1,-1,-1,-1,0
93,0,229,27,0,34,363,52,468,88,20,111,168,207,727,219,290,233,429,241,528,250,666,267,597,268,-1,-1,-1,-1,-1,-1,0
92,0,228,27,0,35,363,51,469,86,23,112,171,207,737,218,294,233,433,240,535,248,674,267,604,266,-1,-1,-1,-1,-1,-1,0
94,0,232,31,0,33,370,58,475,97,21,113,170,213,744,238,294,243,435,252,537,263,677,286,608,283,-1,-1,-1,-1,-1,-1,0
101,0,249,33,0,32,395,62,510,104,26,113,598,140,184,219,316,251,797,253,466,262,574,276,726,302,650,298,-1,-1,-1,-1,0
104,0,0,29,256,37,406,70,524,114,24,113,186,223,321,260,818,272,476,274,588,290,666,314,745,319,-1,-1,-1,-1,-1,-1,0
110,0,0,27,264,42,418,79,21,113,537,128,186,229,326,272,484,289,834,296,600,308,678,336,759,342,-1,-1,-1,-1,-1,-1,0
116,0,285,21,454,38,0,42,588,74,693,105,33,129,934,213,224,232,556,254,381,256,683,259,860,275,774,277,-1,-1,-1,-1,0
118,0,293,14,466,21,608,49,0,51,717,77,37,138,972,174,239,232,714,235,899,242,582,237,809,249,401,249,-1,-1,-1,-1,0
120,0,483,5,302,5,633,28,749,55,0,57,1022,142,40,145,944,216,746,216,848,227,606,224,249,233,418,244,-1,-1,-1,-1,0
127,0,499,2,313,4,655,23,776,49,0,62,1059,134,41,151,980,209,771,214,879,222,624,224,257,237,432,245,-1,-1,-1,-1,0
143,0,343,11,538,19,700,48,0,59,826,80,37,154,1117,180,1028,254,805,254,261,255,650,258,918,265,448,270,-1,-1,-1,-1,0
152,0,358,10,560,16,728,43,858,74,0,62,38,161,1156,172,1064,248,835,250,674,257,954,259,272,258,466,272,-1,-1,-1,-1,0
176,0,398,19,611,34,0,60,787,69,924,105,1178,154,34,165,1224,218,282,278,1130,290,885,287,714,290,494,297,1009,302,-1,-1,0
185,0,416,24,635,46,0,54,815,87,955,129,29,163,1215,185,1258,251,282,283,728,310,502,311,905,312,1158,323,1034,330,-1,-1,0
192,0,428,25,652,44,0,59,838,85,986,127,28,166,1256,182,1300,249,285,286,744,310,511,313,928,313,1194,322,1064,330,-1,-1,0
193,0,427,16,653,30,846,64,0,63,999,103,1285,151,29,163,1331,218,280,277,1220,293,934,292,743,293,508,298,1079,305,-1,-1,0
180,0,400,9,622,15,822,46,991,80,0,68,1314,126,24,170,1362,201,248,276,1232,285,907,287,701,291,466,296,1069,300,-1,-1,0
175,0,393,7,614,12,818,40,992,74,0,67,1329,120,23,164,1381,195,245,268,1245,279,905,281,694,285,461,288,1073,294,-1,-1,0
551,0,126,8,335,5,755,19,936,45,1289,75,1343,151,0,168,1203,241,843,256,1020,264,189,264,629,266,401,276,-1,-1,-1,-1,0
142,8,560,0,347,5,762,19,943,45,1293,76,1348,151,0,173,1207,240,847,256,1025,263,203,263,636,266,410,275,-1,-1,-1,-1,0
148,4,522,0,333,1,702,18,866,39,1180,65,0,74,1221,137,18,157,1095,213,767,233,927,236,200,238,581,242,384,248,-1,-1,0
148,0,330,1,518,4,695,24,855,49,0,65,1159,82,17,148,1198,152,1072,225,197,232,754,237,571,243,910,243,378,243,-1,-1,0
134,0,315,5,499,10,673,33,830,58,991,72,1127,94,0,146,1162,163,1039,232,177,231,726,242,356,245,546,246,879,249,-1,-1,0
951,1,812,0,650,10,494,10,328,14,161,34,0,55,993,64,876,148,717,187,567,201,398,227,227,248,66,257,-1,-1,-1,-1,0
943,3,802,0,639,10,483,10,319,14,155,32,0,53,984,65,864,147,703,185,553,198,386,223,219,243,64,251,-1,-1,-1,-1,0
1028,0,885,1,723,18,568,22,408,31,252,52,1074,62,106,77,955,149,0,153,793,192,643,208,23,219,479,236,318,259,171,269,0
1028,0,716,17,560,24,400,34,245,57,1073,62,102,81,952,148,0,156,788,192,637,209,23,219,473,237,312,257,168,268,-1,-1,0
1014,0,708,22,554,29,396,39,241,62,1058,63,100,87,939,149,0,161,778,192,629,209,24,223,468,237,310,259,167,269,-1,-1,0
988,0,694,20,545,27,391,36,239,59,1032,59,99,83,918,142,0,157,765,184,621,203,24,218,464,231,308,252,167,264,-1,-1,0
979,0,688,17,541,22,388,31,237,53,1022,59,98,76,909,141,0,149,757,181,616,198,24,210,460,226,306,245,166,256,-1,-1,0
931,0,803,3,658,17,518,23,373,31,229,52,968,58,95,73,862,135,0,145,718,174,585,191,23,204,439,218,292,236,159,247,0
917,0,647,15,509,21,366,28,224,47,954,58,92,69,848,132,0,140,706,170,575,187,23,199,431,214,289,231,158,242,-1,-1,0
905,2,783,0,643,10,507,12,367,15,226,30,94,48,939,60,0,116,834,131,695,165,22,175,566,178,425,200,285,214,155,221,0
644,3,374,0,512,1,897,4,233,9,99,22,927,60,0,87,825,124,20,145,690,153,564,163,425,181,284,190,154,195,-1,-1,0
900,0,645,3,512,3,373,4,233,16,99,33,931,57,0,101,829,125,692,158,18,161,565,171,424,192,284,203,151,209,-1,-1,0
908,0,645,5,509,6,369,8,228,20,97,36,940,59,0,106,833,128,692,163,20,165,563,176,421,197,281,207,151,214,-1,-1,0
912,1,787,0,642,13,506,20,364,26,223,43,93,62,944,60,834,132,0,134,691,172,562,189,22,193,420,213,280,227,153,237,0
925,0,795,4,646,22,504,32,359,43,959,61,218,64,88,89,844,136,0,163,697,181,564,202,25,220,420,230,280,247,153,260,0
927,0,638,25,495,39,349,53,968,57,209,76,83,102,855,134,0,173,704,181,568,202,25,226,422,232,280,250,154,263,-1,-1,0
903,0,772,8,624,33,484,50,944,58,342,67,205,92,80,121,837,137,692,187,0,196,560,213,418,246,27,251,280,268,156,285,0
887,0,759,11,614,39,929,55,477,60,337,80,202,108,826,136,78,140,684,189,0,216,555,217,417,254,28,269,280,279,157,300,0
889,0,761,9,617,35,480,52,929,57,340,70,205,96,80,125,825,136,684,186,0,201,555,213,416,247,26,255,280,269,156,288,0
894,0,768,5,622,24,485,38,345,50,931,57,209,72,83,98,825,133,0,172,683,177,554,200,26,227,414,231,278,249,154,263,0
902,0,631,12,494,19,353,25,215,41,87,61,936,59,826,129,0,132,683,168,554,186,24,189,414,210,277,222,152,231,-1,-1,0
900,2,777,0,635,15,498,24,358,31,218,48,932,60,88,69,827,130,0,143,686,171,559,190,25,201,420,216,284,231,157,242,0
789,0,646,6,368,5,911,10,509,6,227,14,94,29,939,73,0,100,829,141,24,163,687,175,560,187,420,205,284,211,155,215,0
236,0,379,1,101,4,519,11,655,20,793,22,911,37,0,67,934,97,18,128,823,152,683,175,557,179,149,185,279,187,417,189,0
241,0,104,3,385,1,525,13,658,22,794,27,909,43,0,65,933,102,19,125,826,157,689,179,564,182,152,183,284,187,424,190,0
276,0,434,3,120,6,583,15,719,26,855,30,965,45,0,81,982,108,21,148,877,163,743,188,617,194,471,206,320,207,173,207,0
279,0,443,0,117,9,601,9,744,19,886,23,1001,37,0,86,1021,99,36,154,921,158,786,185,657,193,508,208,354,211,203,215,0
882,0,743,4,441,0,599,2,276,7,996,9,110,24,1023,69,0,109,924,134,791,168,31,177,662,183,513,207,357,219,203,229,0
852,1,714,5,412,0,570,3,245,8,966,12,79,24,993,70,895,134,762,169,0,178,633,184,483,206,326,219,171,231,-1,-1,0
714,4,853,1,412,0,571,2,245,8,967,9,80,23,993,69,895,133,762,168,0,176,633,183,483,206,327,219,171,230,-1,-1,0
879,0,740,4,440,1,597,3,992,9,275,10,110,26,1019,68,0,110,921,134,788,168,30,179,660,183,510,207,356,220,201,231,0
839,0,699,6,955,7,561,7,412,7,259,17,109,33,977,69,0,112,870,135,733,169,25,176,608,185,463,206,316,217,174,226,0
815,0,672,8,937,7,532,10,386,11,239,22,98,38,962,69,0,114,852,136,710,172,26,176,583,187,440,208,300,218,166,225,0
812,0,667,7,935,6,528,10,382,11,236,22,96,39,961,69,0,114,851,136,709,172,27,175,581,187,439,208,299,217,166,225,0
825,0,686,6,942,7,401,7,548,7,249,16,102,32,968,68,0,109,865,134,729,169,29,174,603,184,461,206,318,216,179,225,0
817,0,677,6,935,7,393,6,539,6,243,15,100,29,960,67,0,104,855,132,718,166,28,166,592,180,450,200,308,210,172,217,0
385,0,240,5,668,10,530,7,811,9,101,15,934,22,958,87,0,86,842,150,21,150,697,179,568,188,426,202,286,205,154,206,0
385,0,238,3,672,14,530,8,100,12,818,13,942,27,0,80,965,92,21,143,848,154,701,180,571,187,427,199,155,199,286,201,0
237,1,382,0,668,12,528,7,99,11,815,13,940,26,0,78,964,90,22,140,847,151,700,178,570,185,155,196,426,196,286,198,0
238,2,383,0,100,10,527,8,666,15,811,16,934,30,0,76,958,94,21,137,843,153,698,178,568,184,153,194,285,196,425,196,0
380,0,234,4,670,10,526,6,819,8,98,14,949,22,0,81,973,89,20,143,850,151,699,179,565,186,419,198,149,198,280,199,0
381,0,236,3,669,11,527,6,816,10,99,13,941,23,0,82,966,87,22,143,848,149,700,177,569,185,425,198,154,199,285,199,0
384,0,237,4,669,11,529,7,813,10,99,13,936,24,0,81,960,87,22,144,845,149,700,177,571,185,428,198,288,200,156,200,0
386,0,239,4,670,10,531,6,814,9,101,12,936,21,0,83,960,85,24,144,846,147,703,175,574,183,431,197,291,200,159,200,0
385,0,239,4,669,12,530,7,814,11,100,14,935,22,0,82,959,86,23,146,846,148,702,176,573,184,430,198,290,201,158,201,0
408,0,554,4,261,8,120,29,703,30,849,80,12,112,917,178,0,236,890,303,84,348,783,401,208,421,645,452,351,465,500,474,1
408,0,554,4,261,8,120,28,703,31,849,79,12,112,916,178,0,236,890,304,84,348,783,401,208,421,645,452,351,465,500,474,1
408,0,555,4,261,8,120,28,704,30,849,80,12,112,916,178,0,236,890,304,84,348,783,400,208,421,645,452,351,465,500,474,1
408,0,555,5,261,8,120,29,703,30,849,80,12,112,916,178,0,236,890,304,84,348,783,401,208,421,645,452,351,465,500,474,1
409,0,555,5,261,8,120,28,704,30,849,80,12,112,916,178,0,235,891,304,84,348,783,401,208,421,645,452,351,465,500,474,1
408,0,555,4,262,8,120,28,703,30,849,80,12,112,916,178,0,236,891,304,84,348,783,401,208,421,645,452,351,464,500,474,1
408,0,554,4,261,8,120,28,703,30,849,79,12,112,916,178,0,236,890,304,84,348,783,400,208,421,645,452,351,464,500,474,1
409,0,554,4,261,8,120,28,704,30,849,80,11,113,916,178,0,236,890,304,84,348,783,400,208,421,645,452,351,465,500,474,1
408,0,555,5,261,7,120,28,703,30,849,80,11,112,916,178,0,236,890,303,84,348,783,400,208,421,645,452,351,464,500,474,1
408,0,554,4,262,8,120,28,703,30,849,80,12,112,917,179,0,236,890,304,84,348,783,400,208,421,645,452,351,464,500,474,1
408,0,555,4,261,8,120,28,704,31,849,80,12,112,917,178,0,236,890,304,85,347,783,401,208,421,645,452,351,465,500,474,1
409,0,555,4,261,8,120,28,704,31,849,80,12,112,916,178,0,236,891,304,84,348,783,401,208,421,645,452,351,465,500,474,1
408,0,555,4,261,8,120,28,703,30,849,80,12,112,916,178,0,236,890,304,84,348,783,400,208,421,645,452,351,465,500,474,1
408,0,554,4,261,8,120,28,703,30,849,80,12,112,916,178,0,236,890,304,84,348,783,400,208,421,645,452,351,465,500,474,1
408,0,555,4,261,8,120,27,704,30,849,80,12,112,916,178,0,236,891,304,84,348,783,400,208,421,645,452,351,465,500,475,1
408,0,555,4,261,7,119,29,704,30,849,79,11,112,916,178,0,236,891,304,84,348,783,400,208,421,645,452,351,465,500,474,1
409,0,554,4,261,8,120,29,704,31,849,80,12,112,916,179,0,236,891,304,84,348,783,400,208,421,645,452,351,465,500,474,1
409,0,554,4,261,8,120,28,704,30,849,80,12,112,916,178,0,236,890,304,84,348,783,400,208,421,645,452,351,464,500,474,1
408,0,555,4,261,7,121,28,704,30,850,79,12,112,916,179,0,236,891,304,85,347,783,401,208,421,645,452,351,465,500,474,1
407,0,554,4,260,8,120,29,704,30,849,79,12,112,917,178,0,236,891,304,84,348,783,400,208,421,645,452,351,465,500,474,1
408,0,555,4,261,8,120,29,703,30,849,80,12,112,916,178,0,236,891,303,84,348,783,401,208,421,645,452,351,465,500,474,1
408,0,554,4,261,8,120,28,703,30,849,80,12,112,916,178,0,236,890,304,84,348,783,401,208,421,645,452,351,464,500,475,1
409,0,555,4,261,8,120,29,703,30,849,80,11,112,916,178,0,236,891,304,84,348,783,401,208,421,645,452,351,465,500,474,1
408,0,554,4,262,8,120,28,704,30,849,80,12,112,916,178,0,236,890,304,84,348,783,401,208,421,645,452,351,465,500,474,1
408,0,555,4,261,8,120,28,703,30,849,80,12,112,916,178,0,236,890,304,84,348,783,401,208,421,645,452,351,464,500,474,1
408,0,555,4,261,8,120,27,703,30,849,80,11,112,916,178,0,236,890,304,84,348,783,401,208,421,645,452,351,464,500,474,1
408,0,554,5,261,8,119,29,703,30,849,80,12,112,916,178,0,236,890,304,84,348,783,401,208,421,645,452,351,465,500,474,1
408,0,554,4,261,8,120,29,703,31,849,80,12,112,916,178,0,236,890,304,84,348,783,401,208,421,645,452,351,465,500,474,1
408,0,554,4,261,8,120,28,703,30,849,79,12,112,916,178,0,236,890,303,84,348,783,401,208,421,645,452,351,465,500,474,1
408,0,555,4,261,8,120,28,704,30,849,79,12,112,917,178,0,236,890,303,84,348,783,401,208,421,645,452,351,465,500,475,1
409,0,555,5,261,9,120,30,703,31,849,81,12,113,917,179,0,237,891,305,84,349,783,402,208,422,645,453,351,465,500,476,1
408,0,555,4,261,8,120,28,704,30,849,79,11,112,916,178,0,236,890,304,84,348,783,401,208,421,645,452,351,464,500,474,1
407,0,555,4,261,8,120,29,703,30,849,80,12,112,916,178,0,236,890,304,84,348,783,401,208,421,645,452,351,465,500,474,1
409,0,555,5,261,8,120,28,703,30,849,79,12,112,917,178,0,236,890,303,84,348,783,401,208,421,645,452,351,465,500,474,1
408,0,554,4,261,8,120,28,704,31,849,80,12,112,917,178,0,236,891,304,84,348,783,400,208,421,645,452,351,465,500,475,1
409,0,555,4,262,8,121,28,705,30,850,80,13,112,917,179,0,236,891,303,85,348,784,400,209,421,646,452,352,465,501,474,1
408,0,554,4,261,8,120,29,703,30,849,79,12,112,916,179,0,236,890,303,85,347,783,401,208,421,645,452,351,465,500,475,1
408,0,555,4,262,7,120,29,703,30,849,80,11,112,916,178,0,235,890,304,84,348,783,400,208,421,645,452,351,465,500,475,1
408,0,555,4,261,8,119,29,703,30,849,80,11,112,916,178,0,236,890,304,84,348,783,400,208,421,645,452,351,465,500,474,1
408,0,555,4,261,8,120,29,704,30,849,80,12,112,916,179,0,236,891,304,84,348,783,401,208,421,645,452,351,465,500,474,1
409,0,554,4,261,8,120,28,704,31,849,80,12,112,916,178,0,236,891,304,84,348,783,401,208,421,645,452,351,465,500,474,1
408,0,555,4,261,8,120,28,704,31,849,80,11,112,916,179,0,236,891,303,84,348,783,401,208,421,645,452,351,465,500,475,1
408,0,555,4,261,8,120,28,703,30,849,80,12,112,916,178,0,235,890,304,84,348,783,400,208,421,645,452,351,465,500,475,1
409,0,554,5,261,8,120,28,704,30,849,79,12,112,916,178,0,236,890,304,84,348,783,401,208,421,645,452,351,465,500,474,1
408,0,555,4,261,7,121,28,704,31,849,80,12,112,916,178,0,236,890,304,85,347,783,401,208,421,645,452,351,465,500,475,1
409,0,556,4,262,8,121,28,704,30,850,80,13,112,917,178,0,236,891,304,85,348,784,401,209,421,646,452,352,465,501,475,1
408,0,555,4,261,8,120,28,703,30,849,80,12,112,916,178,0,235,890,304,84,348,783,401,208,421,645,452,351,464,500,474,1
409,0,556,4,262,8,121,28,705,30,850,80,13,112,916,178,0,236,891,304,85,348,784,401,209,421,646,452,352,465,501,475,1
408,0,555,4,261,7,120,28,704,30,849,80,12,112,916,178,0,236,890,304,84,348,783,401,208,421,645,452,351,465,500,474,1
409,0,556,4,262,8,121,28,704,30,850,80,13,112,917,178,0,236,891,304,85,348,784,400,209,421,646,452,352,464,501,474,1
408,0,554,5,261,8,120,29,704,31,849,81,12,113,916,179,0,237,890,305,84,349,783,401,208,422,645,453,351,466,500,476,1
408,0,555,4,261,8,119,29,703,30,849,80,12,112,916,178,0,236,890,303,84,348,783,400,208,421,645,452,351,465,500,474,1
408,0,554,5,262,9,119,30,704,31,849,81,12,113,915,179,0,237,891,305,84,349,783,402,208,422,645,453,351,466,500,475,1
408,0,555,4,261,8,120,29,703,31,849,80,12,111,916,178,0,236,891,304,84,348,783,401,208,421,645,452,351,465,500,474,1
408,0,555,4,261,8,121,27,703,30,849,80,12,112,916,178,0,236,890,304,84,348,783,400,208,421,645,452,351,465,500,474,1
408,0,555,4,261,8,120,29,704,30,849,80,11,112,916,178,0,236,890,304,84,348,783,400,208,421,645,452,351,465,500,474,1
409,0,555,4,261,8,120,28,703,30,849,80,11,112,916,178,0,236,890,304,84,348,783,401,208,421,645,452,351,465,500,475,1
408,0,555,4,261,8,120,29,704,30,849,79,12,112,916,178,0,236,890,304,85,348,783,401,208,421,645,452,351,465,500,474,1
408,0,555,4,261,8,119,29,704,30,849,80,11,112,916,178,0,236,891,304,84,348,783,400,208,421,645,452,351,465,500,474,1
408,0,555,5,261,9,120,30,703,31,849,81,12,113,916,179,0,237,891,305,84,349,783,402,208,422,645,453,351,466,500,475,1
408,0,555,4,261,8,120,28,703,30,849,80,12,112,915,178,0,236,891,304,84,348,783,401,208,421,645,452,351,464,500,474,1
408,0,554,4,261,8,120,28,704,30,849,80,11,112,916,178,0,236,890,304,84,348,783,400,208,421,645,452,351,465,500,474,1
408,0,555,4,261,8,119,29,704,30,849,80,13,111,916,178,0,236,890,304,84,348,783,400,208,421,645,452,351,465,500,475,1
408,0,555,4,261,8,120,28,704,30,849,80,12,112,916,178,0,236,890,304,84,348,783,401,208,421,645,452,351,465,500,475,1
408,0,555,4,261,7,120,28,703,30,849,80,12,112,916,178,0,236,890,304,85,348,783,401,208,421,645,452,351,465,500,475,1
408,0,554,4,261,8,121,28,703,30,850,80,12,111,916,179,0,236,890,304,84,348,783,401,208,421,645,452,351,465,500,475,1
408,0,555,5,261,8,120,29,703,30,849,80,12,112,916,178,0,236,891,304,84,348,783,401,208,421,645,452,351,465,500,475,1
408,0,555,4,261,8,120,29,704,30,849,80,12,111,916,178,0,236,891,304,84,348,783,401,208,421,645,452,351,465,500,474,1
408,0,555,4,261,8,120,28,703,30,849,80,11,112,917,178,0,235,891,304,84,348,783,401,208,421,645,452,351,465,500,474,1
408,0,555,6,261,8,121,29,703,31,849,81,12,113,916,180,0,237,890,305,84,349,783,402,208,422,645,453,351,466,500,475,1
409,0,554,5,261,9,120,29,703,31,849,80,12,112,916,179,0,236,891,305,84,348,783,401,208,421,645,453,351,465,500,475,1
407,0,554,4,261,7,120,28,703,30,849,80,12,111,916,178,0,235,890,303,84,347,782,400,208,420,644,452,350,464,499,474,1
409,0,555,5,262,8,121,28,704,30,850,79,12,112,916,178,0,235,891,303,84,346,783,399,208,420,645,451,350,464,500,473,1
414,0,267,5,559,6,126,23,706,34,850,86,16,105,915,183,0,229,889,307,83,342,782,402,206,417,643,452,349,462,498,473,1
410,0,556,6,263,8,123,26,703,33,847,82,14,110,913,179,0,233,888,304,83,345,782,400,206,420,644,452,349,464,499,474,1
409,0,554,4,263,8,122,29,703,30,847,77,13,112,915,175,0,235,890,300,83,347,783,397,207,420,645,449,350,463,500,472,1
410,0,555,4,264,8,124,27,704,30,849,78,15,109,917,176,0,231,891,301,82,342,782,397,204,416,643,449,346,460,496,470,1
406,0,551,4,260,9,700,29,121,29,846,76,13,112,916,173,0,233,893,298,82,344,786,395,205,417,646,447,349,460,499,470,1
410,0,555,4,263,9,123,28,703,29,848,77,14,111,917,173,0,233,893,298,82,344,786,396,205,417,646,447,349,460,500,470,1
409,0,554,3,264,8,125,28,703,27,850,75,16,109,919,173,0,229,895,299,81,340,785,395,202,413,643,447,345,458,495,469,1
408,0,554,3,262,9,703,27,124,30,852,74,16,111,923,172,0,233,898,300,81,344,788,399,202,418,645,451,345,463,497,474,1
409,0,556,3,263,9,707,27,124,29,856,76,16,112,926,175,0,233,901,302,80,345,790,400,202,419,646,453,345,464,497,475,1
412,0,559,5,265,9,125,29,712,30,862,80,16,110,933,180,0,232,906,309,79,345,792,407,200,420,646,459,343,467,496,480,1
582,0,425,1,270,15,747,22,126,40,914,71,16,127,994,177,0,253,967,317,81,367,843,425,206,444,684,482,357,493,520,505,1
594,0,434,0,277,14,763,24,131,38,933,74,17,125,1014,183,0,253,985,325,81,371,856,435,207,450,694,492,360,501,526,514,1
447,0,612,2,286,11,785,30,136,34,961,84,20,120,1044,197,0,249,1011,344,80,369,207,453,876,454,362,508,705,508,532,526,1
452,0,621,0,288,14,797,25,134,39,975,76,16,131,1063,189,0,267,1038,338,90,390,909,453,226,474,740,514,389,526,565,539,1
630,0,461,1,294,16,807,23,138,43,985,73,16,138,1075,186,0,276,1051,336,92,401,923,454,232,485,754,518,399,535,577,546,1
505,0,329,8,684,6,161,29,868,38,1053,99,25,123,1142,219,0,268,1112,372,92,405,972,491,238,500,792,553,414,560,604,577,1
513,0,337,8,690,9,169,26,875,43,1061,104,30,118,1153,225,0,264,1125,383,88,403,233,502,985,503,800,566,412,566,607,588,1
521,0,343,5,700,11,175,21,886,50,34,111,1073,115,1164,242,0,259,1134,403,85,405,231,509,991,526,411,579,803,585,608,604,1
527,0,347,4,708,12,177,20,896,52,35,109,1085,119,1175,248,0,257,85,403,1142,411,229,509,994,534,408,580,803,591,605,608,1
525,0,345,7,709,10,175,24,901,48,1096,115,34,113,1190,244,0,260,85,404,1157,408,229,509,1006,532,409,580,811,591,609,608,1
529,0,345,8,718,9,175,26,919,48,35,114,1124,117,1224,253,0,260,80,404,1188,424,222,511,1026,551,403,588,819,609,608,621,1
537,0,351,6,729,13,180,22,932,56,38,109,1139,128,0,255,1237,267,79,402,1196,441,219,512,1029,566,399,591,817,620,604,629,1
536,0,350,6,729,11,178,22,933,55,37,110,1142,128,0,255,1242,267,80,402,1202,442,221,512,1034,568,402,591,823,621,609,630,1
534,0,348,7,726,11,176,24,929,53,34,115,1135,124,0,264,1235,264,85,412,1198,439,230,522,1035,567,412,599,829,622,618,633,1
534,0,350,3,175,16,719,15,909,58,30,106,1099,127,1192,255,0,257,93,406,1163,418,246,513,1019,539,431,585,830,597,631,612,1
383,0,574,3,195,9,756,24,934,71,36,99,1106,142,0,261,1185,264,1155,416,103,419,268,527,1025,532,851,592,462,594,662,615,1
210,0,391,3,576,17,755,49,48,79,928,106,1095,188,0,234,1163,315,84,393,1118,464,232,510,975,570,413,590,795,617,607,625,1
436,1,255,0,62,17,609,24,768,68,844,164,830,295,726,409,576,486,0,520,401,535,202,549,-1,-1,-1,-1,-1,-1,-1,-1,1
772,0,602,5,941,21,436,33,269,76,1033,110,111,131,1030,250,0,250,931,380,10,392,790,471,130,495,633,531,289,546,462,558,1
595,0,767,4,429,12,939,35,263,43,105,88,1032,133,0,200,1026,274,13,342,924,397,133,455,781,476,288,515,625,525,457,539,1
627,0,795,11,460,12,289,39,958,48,122,80,1043,145,0,193,1037,282,3,339,938,402,124,457,796,481,286,521,638,531,463,546,1
635,0,467,8,802,15,295,30,964,54,126,68,1047,153,0,178,1038,289,0,327,939,407,119,449,797,483,283,515,637,531,461,544,1
630,0,462,9,798,14,291,34,964,53,125,72,1048,153,1,182,1037,293,0,328,933,413,116,450,786,490,274,517,625,536,451,547,1
629,0,461,9,797,15,290,33,963,54,125,70,1048,154,1,180,1037,294,0,326,933,414,115,447,786,490,274,516,625,536,450,546,1
624,0,457,12,793,13,287,36,960,51,123,75,1046,150,1,185,1037,291,0,332,933,413,115,451,785,491,272,520,623,538,448,549,1
621,0,791,11,454,13,283,41,960,47,120,82,1049,148,0,193,1040,291,0,339,935,415,115,459,787,495,273,526,625,543,449,555,1
626,0,798,10,456,15,285,45,969,46,120,87,1059,146,0,200,1052,291,2,349,947,417,119,469,798,499,280,536,635,550,458,564,1
633,0,809,8,462,17,981,42,288,49,120,94,1073,143,0,211,1066,289,3,362,962,419,125,482,813,503,288,547,648,556,469,572,1
641,0,817,5,468,19,993,38,291,54,122,102,1086,139,0,221,1082,287,6,374,978,419,131,494,829,506,298,558,663,562,482,582,1
654,0,830,9,478,17,1007,44,298,50,126,95,1100,146,0,214,1093,295,2,369,986,427,126,492,834,513,295,559,665,568,481,585,1
667,0,490,12,845,14,309,40,1021,52,133,81,1112,156,2,197,1104,303,0,353,994,432,124,481,840,516,293,552,668,568,481,582,1
680,0,501,7,858,17,318,31,1034,61,140,68,1125,168,6,183,1114,318,0,342,1002,447,122,474,845,529,291,551,670,578,481,587,1
696,0,513,8,881,17,325,33,1066,62,144,71,1161,174,7,189,1149,330,0,351,1031,463,124,487,866,547,296,567,686,596,490,604,1
713,0,525,9,901,18,334,34,1087,64,150,74,1182,179,8,194,1167,339,0,359,1046,476,124,499,877,561,298,581,693,611,495,620,1
732,0,538,8,927,18,342,34,1122,66,154,74,1221,185,10,195,1206,350,0,363,1078,490,125,505,902,577,303,591,710,626,505,633,1
739,0,544,7,936,20,346,34,1133,69,157,71,1235,189,11,192,1220,355,0,361,1091,497,125,506,913,583,304,594,718,632,509,638,1
751,0,553,7,951,21,354,31,162,72,1151,72,13,193,1253,194,0,364,1237,365,1104,509,124,512,921,597,303,603,722,646,510,649,1
764,0,562,12,970,18,357,41,1176,65,161,84,1286,188,11,211,1275,363,0,386,1144,512,132,536,957,607,320,625,754,661,535,669,1
787,0,999,14,577,16,366,51,1212,58,161,102,1327,184,6,239,1321,365,0,425,1191,525,142,579,1003,628,342,667,795,691,568,706,1
796,0,1012,13,582,20,1230,55,364,60,157,112,1347,182,2,254,1342,366,0,444,1211,530,147,599,1022,637,352,686,812,704,582,723,1
814,0,1031,15,598,15,377,51,1249,61,165,102,1367,189,5,244,1361,373,0,437,1230,535,151,597,1040,641,360,686,827,707,594,725,1
837,0,618,11,1057,22,393,44,1275,72,177,91,1391,204,10,231,1381,390,0,427,1245,552,148,593,1050,657,358,689,833,720,595,733,1
872,0,647,6,1094,27,417,34,192,78,1315,83,1428,221,16,219,1413,412,0,422,1272,575,150,596,1074,679,365,699,851,739,608,749,1
895,0,665,6,1123,28,429,35,198,80,1348,86,17,222,1461,227,1446,421,0,429,1300,587,153,605,1095,691,372,710,869,752,621,761,1
911,0,677,5,1144,29,438,32,204,75,1373,91,18,220,1489,234,1472,432,0,430,1322,599,153,611,1111,704,374,719,879,765,626,772,1
922,0,681,8,1164,28,437,39,203,86,1407,88,19,231,1534,238,0,443,1518,446,1361,621,152,625,1140,730,375,738,895,791,633,796,1
931,0,688,9,1177,27,441,41,204,88,1422,87,1550,238,18,237,1535,449,0,450,1377,627,154,635,1153,739,380,748,906,801,641,807,1
940,0,695,12,1186,25,445,47,1431,82,204,95,1562,231,14,249,1554,441,0,468,1403,622,164,656,1184,739,401,766,938,807,668,819,1
986,0,734,9,1235,27,474,43,1482,89,221,93,1611,241,19,253,1600,454,0,483,1446,640,171,680,1224,760,418,794,974,833,697,849,1
993,0,740,8,1243,28,479,41,223,91,1492,90,1622,243,20,250,1612,457,0,481,1457,642,172,680,1233,763,420,795,980,836,700,850,1
994,0,741,7,1245,31,480,37,225,86,1494,95,21,244,1624,251,1611,466,0,476,1453,652,169,676,1228,771,414,795,973,842,694,853,1
994,0,742,5,1244,32,479,36,225,81,1492,98,21,238,1620,253,1606,467,0,469,1449,651,169,669,1225,767,415,789,973,837,694,847,1
992,0,740,5,1240,32,480,35,225,82,1486,97,22,239,1612,251,1597,464,0,467,1439,647,167,665,1216,763,411,783,964,831,688,841,1
974,0,723,7,1222,30,466,39,218,87,1470,92,20,242,1597,247,1581,461,0,468,1421,644,163,662,1196,759,401,779,946,826,672,836,1
952,0,702,10,1200,27,450,44,1450,89,207,93,1578,243,17,247,1562,456,0,467,1402,638,159,656,1175,753,391,769,927,819,657,826,1
931,0,687,11,1179,25,438,46,1426,84,201,95,1555,236,16,246,1540,447,0,461,1381,627,157,645,1158,740,385,756,911,805,646,813,1
918,0,676,10,1161,26,432,43,1403,84,197,92,1530,233,15,241,1517,440,0,454,1362,618,157,636,1143,729,382,746,901,793,640,800,1
905,0,669,10,1144,26,427,43,1380,84,195,92,1504,230,14,238,1491,433,0,448,1339,606,154,627,1124,717,376,735,887,780,630,788,1
849,0,627,14,1070,18,396,52,1290,66,175,102,1407,199,6,248,1399,386,0,450,1264,552,157,615,1072,660,374,707,855,728,616,746,1
826,0,609,14,1044,19,385,50,1259,67,170,98,1374,196,6,241,1366,380,0,437,1233,542,150,599,1043,648,361,690,830,713,596,730,1
821,0,608,9,1034,22,386,40,1244,74,173,85,1354,203,10,223,1343,385,0,418,1210,543,147,581,1022,644,353,675,813,705,583,717,1
819,0,608,5,1028,26,388,30,176,70,1234,83,13,203,1338,214,1321,393,0,394,1187,544,141,558,1000,639,341,654,792,694,567,702,1
804,0,595,4,1010,27,380,27,171,67,1215,84,12,196,1317,214,0,383,1299,391,1164,539,138,544,978,631,332,640,773,683,553,688,1
786,0,580,3,369,26,990,28,166,65,1192,84,12,190,1292,214,0,373,1273,389,132,531,1136,535,952,623,320,626,750,672,534,675,1
762,0,562,4,961,24,357,27,160,65,1161,78,11,187,1261,203,0,363,1243,373,1111,515,129,515,930,602,313,606,733,650,522,653,1
742,0,549,2,351,22,931,26,161,56,1120,79,15,171,1215,200,0,341,1196,363,123,490,1069,498,895,581,299,580,705,626,501,627,1
528,0,705,3,340,15,880,30,158,42,1053,82,16,152,1138,195,0,314,1121,345,117,457,1005,469,286,544,845,545,669,588,478,589,1
527,0,704,2,340,13,879,30,159,40,1051,83,18,148,1135,196,0,308,1117,346,114,450,999,469,280,538,837,544,661,585,469,584,1
522,0,700,1,335,15,877,28,158,43,1052,82,19,150,1138,196,0,310,1117,349,109,451,994,475,270,539,828,550,458,587,649,589,1
701,1,517,0,330,14,886,27,154,45,1071,82,18,151,1158,201,0,307,1133,360,105,447,1000,487,262,536,826,560,448,589,641,596,1
681,0,501,11,864,13,316,38,1048,57,140,79,1142,170,10,198,1130,330,0,358,1009,467,115,493,844,554,280,574,663,605,469,612,1
129,0,1033,0,1106,110,0,110,1071,262,1,273,947,384,123,402,792,458,282,475,630,502,456,508,-1,-1,-1,-1,-1,-1,-1,-1,1
673,0,492,5,851,14,305,26,1021,62,125,67,1098,173,0,190,1070,320,5,348,951,442,129,473,799,518,289,542,637,564,464,573,1
673,0,495,8,848,17,307,31,1014,65,127,72,1090,174,0,195,1065,320,3,357,949,442,128,482,800,520,290,551,641,568,467,580,1
679,0,499,7,852,18,311,29,1019,65,129,68,1094,174,0,192,1067,318,3,350,953,438,129,477,804,514,293,544,644,561,470,574,1
673,0,497,8,845,16,308,31,1012,61,129,70,1088,167,0,192,1065,310,3,350,952,430,129,474,805,507,293,540,645,555,471,568,1
664,0,835,5,487,20,1003,41,301,55,121,108,1086,144,0,240,1071,291,12,400,967,421,825,509,145,519,668,569,313,576,494,594,1
667,0,839,3,489,20,1007,38,302,57,121,111,1090,142,0,246,1075,288,12,408,970,418,827,508,146,526,671,570,316,582,497,597,1
662,0,832,4,486,21,999,37,299,57,120,111,1082,138,0,244,1072,280,14,404,972,408,833,497,152,521,679,560,323,574,506,588,1
661,0,830,4,486,20,997,37,299,55,120,107,1082,135,0,238,1074,276,16,397,976,402,838,490,156,512,684,552,328,566,511,580,1
685,0,853,9,509,16,318,47,1016,49,132,98,1094,153,0,237,1077,300,6,408,974,429,835,519,144,534,681,582,319,594,505,610,1
689,0,859,9,510,15,315,47,1024,48,128,97,1103,150,0,233,1088,293,15,401,986,419,846,505,159,522,692,566,335,578,520,594,1
687,0,856,8,510,18,1017,46,317,51,131,102,1095,149,0,240,1077,294,8,405,972,420,832,509,146,528,678,571,320,584,504,599,1
839,0,670,0,495,26,1004,30,305,68,123,128,1087,130,0,269,1077,276,978,408,17,435,841,503,159,550,690,571,333,599,518,606,1
840,0,668,2,1008,30,490,30,299,75,1091,131,118,138,1080,279,0,280,979,413,18,445,840,510,159,560,687,579,331,608,514,615,1
841,0,667,4,1010,29,488,34,296,81,1095,130,116,144,1084,280,0,290,982,417,20,454,843,515,161,567,689,585,333,615,517,621,1
836,0,663,7,1005,26,487,40,296,89,1090,127,115,158,1082,277,0,307,985,415,24,472,848,516,168,582,697,589,343,628,526,629,1
845,0,680,2,1005,30,505,28,312,71,1086,127,125,134,1077,270,0,284,984,402,22,455,855,499,709,572,174,570,540,614,354,613,1
851,0,686,0,509,26,1012,30,315,69,1090,128,126,133,1081,273,0,284,985,405,20,456,854,503,171,572,708,577,537,617,351,617,1
850,0,683,2,1013,30,506,28,312,73,1094,129,124,136,1085,274,0,287,988,407,21,457,857,505,172,573,707,577,350,616,536,618,1
851,0,684,1,1012,30,506,28,312,72,1092,127,125,135,1082,272,0,285,987,405,18,456,855,502,168,572,706,576,348,616,534,617,1
851,0,684,2,1011,29,508,30,315,75,1091,126,125,140,1082,269,0,292,990,402,23,465,861,501,715,575,177,579,545,618,358,620,1
850,0,685,2,1009,28,510,30,316,74,1089,125,125,141,1081,268,0,293,989,400,22,465,861,499,715,575,176,579,544,618,358,621,1
854,0,685,8,1016,24,506,42,311,93,1101,119,121,166,1097,265,0,325,1006,402,30,497,878,505,733,585,190,607,562,634,375,642,1
853,0,683,10,1017,22,505,47,309,102,1102,117,120,176,1100,263,0,338,1012,402,885,507,32,509,740,589,194,617,569,640,380,650,1
852,0,680,14,1020,19,501,54,305,113,1108,113,116,192,1109,260,0,354,1022,400,896,508,37,524,751,593,202,629,579,647,389,659,1
864,0,692,15,1031,18,511,56,1119,110,312,117,118,199,1122,255,0,366,1037,396,912,505,40,541,768,593,212,643,597,652,404,669,1
902,0,730,5,1065,26,546,37,338,89,1149,121,132,164,1146,265,0,332,1060,400,936,505,35,515,790,589,214,626,614,644,415,657,1
909,0,738,2,1072,29,553,32,344,79,1154,127,136,153,1149,270,0,321,1062,406,935,509,34,507,789,592,211,622,612,645,413,657,1
915,0,741,0,1079,32,554,28,342,76,1159,133,134,148,1150,281,0,316,1058,417,34,505,930,520,783,601,211,623,607,651,409,659,1
920,1,747,0,560,25,1082,35,348,69,1161,137,137,139,1151,282,0,304,1060,417,33,492,931,517,784,595,210,611,608,643,409,649,1
747,0,917,3,562,24,1076,36,351,67,1153,136,142,131,1144,279,0,295,1052,411,27,482,923,510,776,589,202,601,600,636,401,642,1
740,0,909,2,558,24,1068,36,349,66,1144,136,141,131,1133,281,0,294,1039,414,23,482,910,514,762,593,191,603,586,640,387,644,1
897,2,724,0,542,25,1058,36,336,69,135,134,1136,138,1125,285,0,292,1029,420,24,476,895,520,747,596,187,597,571,639,378,641,1
897,2,726,0,543,25,1060,37,337,68,135,133,1138,140,1125,287,0,291,1027,422,24,475,894,522,744,597,186,596,569,640,376,641,1
897,2,727,0,543,23,1058,38,337,66,136,129,1136,141,1122,289,0,289,1024,424,22,472,890,523,741,598,184,595,566,641,372,640,1
874,0,700,4,1041,28,518,35,318,85,1123,129,124,154,1114,278,0,312,1018,416,28,487,885,517,735,595,186,601,561,639,372,642,1
840,0,666,13,1012,21,487,51,294,107,1102,118,113,181,1095,269,0,335,999,410,29,500,864,515,714,594,181,607,542,640,357,644,1
842,0,1018,14,661,19,479,64,1115,109,286,128,105,209,1117,259,0,368,1027,404,894,513,42,532,746,598,203,630,574,649,387,661,1
845,0,1023,12,666,23,484,70,1119,106,291,136,107,222,1122,256,0,384,1033,401,903,513,42,548,755,600,207,646,582,657,394,673,1
847,0,1026,11,666,23,482,73,1123,105,289,140,106,227,1126,257,0,387,1034,403,902,516,42,553,752,604,204,649,578,659,389,675,1
851,0,1035,12,668,23,482,72,1133,108,288,138,106,222,1134,263,0,381,1039,411,902,523,42,545,748,609,201,644,573,662,384,674,1
853,0,1037,12,668,21,481,69,1137,108,287,136,105,218,1139,261,0,377,1045,408,908,519,43,541,754,604,204,640,578,657,389,669,1
870,0,1061,15,677,20,485,66,1161,118,289,129,108,210,1154,277,0,365,1047,427,35,527,899,536,736,617,187,630,556,663,367,667,1
878,0,683,14,1072,22,490,56,293,112,1170,126,109,188,1160,288,0,340,1049,434,33,502,898,539,183,608,733,615,362,651,551,654,1
901,0,712,8,1084,24,519,43,316,94,1178,126,121,167,1171,278,0,323,1069,418,35,491,926,520,766,596,197,599,583,639,387,641,1
944,0,728,2,522,32,1161,37,316,76,130,135,1265,159,0,275,1241,336,5,440,1097,487,135,568,911,585,311,635,716,646,510,664,1
743,0,540,3,336,19,951,25,147,53,1154,86,9,172,1242,214,0,331,1199,378,115,467,1047,505,278,553,859,575,467,603,666,610,1
733,0,532,4,330,21,936,22,141,57,1136,81,5,179,1225,207,0,340,1190,369,120,476,1047,497,288,560,865,571,478,607,675,610,1
724,0,923,12,527,14,325,42,1117,59,134,88,1208,177,0,221,1183,337,5,387,1052,471,138,517,881,555,313,588,700,609,506,620,1
728,0,929,13,528,14,327,40,1125,62,136,86,1214,182,0,218,1183,345,2,382,1047,478,130,514,872,562,302,586,688,612,494,622,1
719,0,923,7,518,18,317,51,1125,50,130,101,1221,170,0,234,1194,336,7,395,1057,474,137,523,881,561,309,593,696,613,501,625,1
715,0,922,3,514,23,1127,42,313,61,127,114,1228,160,0,249,1204,326,9,410,1068,465,140,534,892,557,314,600,705,614,508,630,1
716,0,922,5,515,22,1128,45,315,58,128,112,1229,163,0,246,1209,331,8,410,1075,474,140,538,898,566,316,607,710,622,512,638,1
733,0,934,11,533,16,329,46,1135,56,138,94,1231,176,0,227,1208,342,2,395,1074,481,135,529,899,570,313,604,712,626,512,637,1
727,0,928,13,529,14,327,43,1129,58,136,91,1227,177,0,223,1207,343,1,391,1076,483,133,527,901,573,312,603,712,627,511,639,1
723,0,925,11,525,15,324,45,1129,57,135,93,1231,178,0,225,1215,348,3,395,1085,489,135,532,908,581,314,610,718,636,515,647,1
741,0,540,10,946,15,338,35,1150,67,145,80,1250,192,4,208,1225,362,0,378,1087,501,129,518,905,587,306,600,711,637,507,643,1
744,0,952,15,540,13,336,40,1160,65,143,86,1259,190,2,217,1235,364,0,386,1095,505,130,527,911,592,309,608,716,643,510,650,1
739,0,950,14,535,15,331,45,1161,63,139,92,1267,189,0,224,1245,365,1,395,1106,509,132,536,921,599,313,617,724,651,516,658,1
739,0,952,11,533,17,330,50,1166,57,138,99,1274,183,0,233,1254,359,2,403,1114,506,135,541,927,598,315,621,728,652,519,661,1
741,0,956,13,534,16,330,47,1173,63,139,93,1282,192,0,226,1261,370,1,398,1119,518,132,539,930,609,313,622,728,660,517,666,1
752,0,543,14,969,17,337,42,1185,68,141,89,1292,198,0,222,1271,378,0,397,1128,525,134,541,938,615,317,627,736,666,524,671,1
766,0,554,12,984,17,344,40,1201,69,147,84,1308,201,0,219,1285,381,1,396,1141,528,136,542,950,618,322,629,746,669,531,674,1
762,0,985,15,549,16,341,46,1207,64,145,95,1319,197,0,229,1296,380,0,403,1148,531,133,547,952,622,317,634,743,674,527,678,1
760,0,986,17,545,14,339,45,1216,69,146,91,1333,207,3,224,1309,396,0,398,127,546,1154,548,308,637,950,639,736,688,516,688,1
775,0,557,9,1004,22,347,35,152,79,1237,83,6,209,1351,227,0,387,1321,422,126,541,1159,574,305,638,951,660,513,696,734,702,1
785,0,564,7,1019,25,353,31,155,73,1254,88,8,202,1366,237,0,379,1331,432,124,534,1162,583,302,632,949,665,509,693,730,703,1
782,0,560,10,1019,24,348,36,153,80,1259,87,7,209,1374,236,0,385,1336,435,122,538,1163,587,300,636,947,669,505,697,726,707,1
764,0,542,13,1007,19,336,42,1256,79,147,87,7,214,1379,233,0,383,1340,436,117,532,1159,591,286,630,934,672,487,693,708,707,1
742,0,519,15,990,17,319,46,1249,80,136,94,4,220,1376,239,0,387,1333,450,112,533,1145,607,275,632,913,687,469,698,686,717,1
711,0,960,11,494,22,298,58,1222,66,123,109,1357,224,0,235,1,398,1319,438,111,539,1131,599,271,633,899,680,460,696,674,713,1
700,0,947,8,484,23,293,60,1211,60,121,112,1351,215,0,237,2,396,1316,429,111,535,1129,590,269,628,897,673,457,689,670,706,1
702,0,949,10,488,22,297,58,1212,60,126,108,1350,218,2,231,0,388,1313,431,105,528,1123,591,262,621,889,672,449,684,662,703,1
694,0,945,7,478,25,289,63,1217,58,121,114,1364,218,1,236,0,394,1329,440,104,535,1136,606,258,632,895,688,447,696,663,718,1
694,0,946,7,478,26,289,64,1220,58,121,116,1368,220,0,241,1,401,1335,446,105,543,1141,615,260,640,899,698,449,707,666,728,1
695,0,951,6,478,27,1228,55,289,67,121,122,1379,218,0,249,0,411,1347,448,106,553,1150,621,262,651,906,705,452,717,671,737,1
692,0,947,4,476,28,1226,53,289,68,120,124,1377,217,0,251,2,413,1345,448,108,556,1149,621,264,654,905,709,453,720,671,740,1
697,0,953,9,480,23,293,61,1230,62,125,112,2,237,1378,230,0,398,1340,462,102,543,1138,631,255,644,441,714,893,711,658,738,1
686,0,944,11,470,22,287,58,1229,69,123,108,5,229,1381,243,0,389,1340,479,98,534,245,638,1130,649,427,713,879,724,642,745,1
658,0,915,2,444,30,1198,51,267,73,110,130,1355,228,0,258,5,419,1316,474,108,560,1112,648,254,659,431,728,866,729,638,754,1
890,0,636,0,429,32,1178,46,258,74,107,132,1343,219,0,256,5,412,1310,468,101,551,243,650,1104,646,417,721,855,726,624,749,1
656,0,913,10,446,23,273,60,1200,70,117,112,1,236,1359,258,0,398,1317,512,93,547,236,655,1104,687,409,737,851,759,617,775,1
649,0,911,5,438,28,266,68,1207,61,114,122,1,247,1371,251,0,406,1325,512,91,552,228,660,1102,691,399,741,843,764,606,778,1
672,0,931,13,458,21,283,55,1219,76,124,107,6,229,1373,266,0,393,1324,518,94,543,236,654,1108,689,411,735,854,760,620,773,1
672,0,928,11,457,23,281,59,1211,71,119,113,1,242,1368,256,0,409,1330,508,101,561,250,669,1125,683,429,749,876,761,642,781,1
668,0,927,7,457,26,282,66,1216,64,123,121,4,249,1376,250,0,415,1336,511,92,567,236,677,1122,693,413,758,864,773,626,792,1
661,0,923,1,447,33,1217,50,272,78,116,137,1386,239,0,267,1,434,1349,503,97,583,240,691,1133,694,420,769,875,777,634,801,1
901,0,645,18,1195,25,439,64,270,120,118,187,1374,198,1,319,1351,466,0,482,93,627,1139,676,238,727,878,779,416,797,634,816,1
899,0,1205,20,635,25,428,77,264,138,114,208,1395,193,4,341,1372,478,0,503,88,646,1148,700,226,748,872,807,403,819,621,843,1
886,0,1193,19,624,24,419,77,255,138,1387,190,109,208,0,340,1372,469,2,501,91,644,1152,691,231,745,876,799,408,814,625,836,1
893,0,1192,19,633,22,428,72,265,132,115,202,1381,188,3,334,1366,463,0,496,92,639,1151,683,233,740,881,791,411,810,630,830,1
886,0,1181,13,632,28,429,82,265,146,1370,176,115,219,1,356,1364,454,0,523,94,669,1160,681,239,769,895,800,423,835,647,848,1
885,0,1179,11,629,28,425,85,262,151,1371,172,113,227,0,366,1371,449,1,535,99,682,1172,681,249,781,909,804,435,846,659,856,1
1171,0,874,3,617,43,417,109,1373,159,254,182,108,264,0,408,1383,446,7,578,1187,689,108,723,258,819,923,822,446,879,672,883,1
838,0,569,62,1415,109,371,149,223,236,91,328,1435,435,0,472,13,634,1215,717,107,770,250,862,919,866,431,920,654,927,-1,-1,1
1161,0,833,17,565,83,1408,132,369,169,222,256,92,346,1429,461,0,490,13,651,1207,745,105,788,246,881,910,892,423,942,645,952,1
1144,0,819,25,555,91,1387,147,363,175,219,259,91,348,1409,472,0,490,11,651,1188,752,104,788,240,883,896,898,415,945,635,956,1
1116,0,803,28,548,90,1348,156,361,170,219,251,92,338,0,479,1372,470,10,640,1160,742,100,777,235,871,880,883,407,933,624,942,1
1100,0,795,21,548,75,362,149,1319,155,222,226,94,310,0,449,1338,463,5,610,1131,728,92,749,223,846,858,864,395,909,606,922,1
1079,0,773,23,526,82,348,159,1296,156,213,237,90,320,0,456,1306,471,5,612,84,748,1089,738,209,842,817,870,367,907,573,921,1
760,0,514,64,1294,129,338,143,206,221,87,305,0,438,1305,449,6,592,82,724,1082,720,201,818,805,851,358,884,559,900,-1,-1,1
1057,0,751,23,507,80,333,154,1280,163,203,229,87,309,0,438,1290,483,1,590,75,723,1067,748,191,820,786,873,345,889,541,913,1
1041,0,750,19,512,71,339,142,1254,156,209,214,89,293,0,423,1267,461,2,576,78,709,1057,720,197,805,788,845,352,871,549,890,1
1037,0,751,22,519,76,344,147,1247,151,214,221,93,301,0,434,1266,456,1,591,76,727,1065,719,199,823,799,853,357,889,560,903,1
1059,0,772,22,536,75,359,148,1269,153,226,223,101,305,3,440,1287,459,0,601,1084,727,75,741,199,840,815,865,567,914,359,904,1
1074,0,779,25,540,85,359,162,1289,154,223,243,99,330,0,471,1310,472,3,637,1106,751,82,780,211,880,835,895,376,945,588,955,1
1078,0,785,25,543,83,362,160,1289,154,228,241,99,328,0,470,1305,469,1,636,1101,745,80,779,208,878,832,890,372,942,583,951,1
1065,0,777,19,540,73,362,148,1267,158,227,227,101,313,0,454,1277,474,0,621,1075,745,78,766,202,867,812,886,363,933,568,945,1
993,0,719,12,496,58,332,125,1184,169,211,191,99,271,6,398,1176,486,0,553,61,691,966,741,164,792,708,857,300,866,481,893,1
929,0,675,8,464,50,310,113,1106,163,90,252,4,377,1102,465,0,527,61,661,911,708,162,758,675,819,291,829,461,855,-1,-1,1
921,0,673,3,467,43,315,103,202,164,1092,161,96,238,6,360,1084,457,0,509,57,643,896,694,154,741,660,804,282,812,451,838,1
897,0,653,6,451,48,301,109,1063,163,89,247,5,370,1054,464,0,518,57,651,869,703,153,748,642,811,276,818,440,844,-1,-1,1
877,0,634,7,436,51,292,113,1045,161,87,251,5,373,1036,464,0,519,56,650,853,703,148,746,267,816,625,810,427,843,-1,-1,1
875,0,633,10,434,54,289,118,1042,161,184,180,86,256,4,378,1031,465,0,524,55,655,844,706,145,750,264,820,619,814,420,847,1
885,0,638,8,438,51,293,113,1054,167,88,249,7,370,1040,475,0,516,52,647,848,716,142,745,259,817,617,820,417,848,-1,-1,1
902,0,651,9,445,53,298,116,190,177,1076,170,92,252,9,373,1058,485,0,519,52,650,855,729,141,750,257,825,619,831,417,857,1
916,0,655,5,449,49,191,173,1092,174,91,248,8,370,1072,495,0,517,52,651,143,751,867,739,259,827,626,839,421,863,-1,-1,1
933,0,671,6,456,47,305,110,1112,179,93,246,8,368,0,515,1085,501,51,649,139,750,872,745,258,828,627,843,419,865,-1,-1,1
935,0,670,5,457,47,305,108,1118,180,94,244,8,364,0,511,1092,504,51,644,140,745,876,747,256,825,626,843,418,862,-1,-1,1
920,0,664,4,454,43,306,102,196,161,1099,174,94,234,8,353,0,498,1081,491,51,631,142,732,873,730,259,810,627,827,420,848,1
880,0,637,5,441,45,296,105,189,165,1047,163,90,237,7,355,1033,461,0,499,52,629,844,697,143,726,259,797,618,798,418,827,1
868,0,634,3,438,41,295,98,191,156,1029,161,92,228,10,346,1015,455,0,490,53,619,832,685,141,716,258,786,610,787,414,815,1
631,1,864,0,438,38,297,94,193,151,1020,160,95,222,10,338,1003,447,0,479,51,608,821,674,139,703,253,773,600,774,409,801,1
847,0,619,1,430,37,291,93,188,149,1001,155,90,220,7,335,990,438,0,476,50,604,815,664,137,698,253,767,599,764,407,794,1
835,0,614,3,429,40,290,96,187,152,987,152,90,225,7,341,981,432,0,483,52,611,814,659,142,705,602,764,257,772,411,797,1
826,0,611,3,427,40,291,96,188,154,974,146,89,225,5,343,971,416,0,487,52,614,813,641,145,706,607,750,264,770,419,789,1
617,0,832,0,434,34,297,88,194,143,976,149,96,214,10,330,964,422,0,472,49,601,799,646,137,695,591,750,251,761,403,784,1
834,0,617,2,432,37,297,92,195,148,977,151,98,219,12,333,963,428,0,474,46,602,793,651,132,695,582,755,245,762,395,787,1
828,0,607,4,425,42,288,98,188,155,976,150,94,224,12,337,963,430,0,476,46,601,786,656,129,694,239,762,574,757,386,787,1
821,0,599,6,417,45,284,102,185,159,974,152,91,230,12,344,962,437,0,483,45,609,789,667,127,703,237,772,575,770,384,799,1
830,0,607,5,422,41,285,98,188,154,980,155,93,225,12,339,965,442,0,479,45,606,788,671,127,701,237,771,573,772,385,800,1
831,0,610,3,426,40,289,95,979,158,97,221,13,334,961,448,0,475,41,603,783,677,122,699,231,771,566,776,377,803,-1,-1,1
826,0,606,2,422,37,289,93,194,148,975,160,100,218,15,331,953,452,0,471,41,600,772,682,118,697,223,770,555,779,369,803,1
604,1,823,0,422,37,289,92,192,147,968,163,100,217,17,329,0,470,943,460,38,599,116,699,759,691,216,773,544,786,359,808,1
598,1,816,0,415,36,285,91,192,145,961,167,100,214,17,326,0,466,932,468,36,596,107,695,747,700,206,773,529,792,346,810,1
590,0,810,0,409,36,278,91,186,145,956,171,97,214,15,327,0,467,926,481,36,597,104,698,735,714,201,776,520,803,337,818,1
587,0,810,0,404,36,276,92,97,217,16,329,0,469,922,489,34,599,727,723,192,780,510,810,330,822,-1,-1,-1,-1,-1,-1,1
805,0,582,5,402,45,184,158,952,174,98,228,18,338,0,476,915,494,30,604,93,704,715,731,494,817,315,828,-1,-1,-1,-1,1
791,0,569,7,392,49,266,107,179,163,936,173,96,234,17,345,0,481,902,498,28,609,93,710,705,739,486,826,308,836,-1,-1,1
768,0,551,10,380,54,258,114,94,242,18,352,0,489,877,501,27,616,682,744,171,795,469,831,296,840,-1,-1,-1,-1,-1,-1,1
711,0,505,18,344,69,234,133,848,171,85,264,16,375,0,507,813,508,24,632,627,756,151,808,425,844,264,852,-1,-1,-1,-1,1
677,0,477,21,319,73,211,138,814,171,68,270,0,380,779,509,60,733,597,759,399,847,242,855,-1,-1,-1,-1,-1,-1,-1,-1,1
673,0,478,24,323,78,220,144,808,170,148,202,81,277,13,387,0,519,776,508,23,642,74,739,597,760,143,816,406,850,252,859,1
465,0,311,57,211,124,790,137,78,259,13,369,0,501,763,479,22,623,74,720,590,736,142,796,399,827,247,838,-1,-1,-1,-1,1
440,0,290,60,192,129,765,132,62,266,0,377,744,479,10,629,59,725,569,739,127,798,381,832,230,843,-1,-1,-1,-1,-1,-1,1
639,0,448,35,298,97,200,169,776,165,73,308,11,420,753,514,0,550,583,779,142,844,396,874,245,886,-1,-1,-1,-1,-1,-1,1
446,0,299,63,199,135,71,275,11,387,751,474,0,519,23,639,25,640,584,741,144,810,397,838,248,851,-1,-1,-1,-1,-1,-1,1
619,0,433,38,282,101,186,174,758,161,60,313,0,425,742,507,16,676,66,771,136,846,390,872,238,886,-1,-1,-1,-1,-1,-1,1
628,0,441,35,293,96,196,167,69,305,8,416,743,505,0,545,22,669,580,769,395,866,247,880,-1,-1,-1,-1,-1,-1,-1,-1,1
457,0,302,60,203,132,790,137,73,270,11,382,0,510,762,489,23,636,587,753,397,844,246,854,-1,-1,-1,-1,-1,-1,-1,-1,1
632,0,455,20,312,68,214,130,752,159,82,258,16,366,2,494,0,500,728,481,571,729,389,821,243,834,-1,-1,-1,-1,-1,-1,1
616,0,445,19,300,68,204,131,734,158,74,262,11,371,712,472,0,502,560,716,388,810,244,827,-1,-1,-1,-1,-1,-1,-1,-1,1
617,0,446,14,302,61,205,124,727,159,73,254,10,366,707,467,0,498,562,703,394,796,254,816,-1,-1,-1,-1,-1,-1,-1,-1,1
613,0,452,5,308,41,208,95,140,146,714,159,71,216,0,323,679,451,530,672,363,759,222,775,-1,-1,-1,-1,-1,-1,-1,-1,1
459,0,315,38,219,93,721,154,83,213,16,318,0,445,683,447,531,666,133,724,366,749,230,762,-1,-1,-1,-1,-1,-1,-1,-1,1
622,0,459,4,319,40,221,93,719,157,85,210,16,314,0,438,680,447,531,664,363,747,228,759,-1,-1,-1,-1,-1,-1,-1,-1,1
628,0,466,2,327,37,228,88,722,159,90,205,19,307,0,435,679,446,528,662,361,745,224,756,-1,-1,-1,-1,-1,-1,-1,-1,1
619,0,459,2,321,37,223,89,155,136,713,156,87,205,17,307,0,435,677,442,20,553,531,656,366,738,229,751,-1,-1,-1,-1,1
475,0,635,0,332,32,232,84,729,161,92,199,21,303,0,432,687,450,533,665,364,746,227,757,-1,-1,-1,-1,-1,-1,-1,-1,1
501,0,350,33,243,85,784,172,96,201,21,305,0,434,733,477,16,557,561,698,378,773,232,778,-1,-1,-1,-1,-1,-1,-1,-1,1
524,0,709,2,365,32,253,83,818,177,103,199,25,303,0,434,760,487,577,710,234,786,387,784,-1,-1,-1,-1,-1,-1,-1,-1,1
530,0,739,1,363,35,244,89,862,177,80,208,0,314,807,500,46,675,608,730,120,758,236,807,398,806,-1,-1,-1,-1,-1,-1,1
815,0,590,4,410,42,284,100,957,182,109,224,25,333,0,470,904,519,21,601,77,706,685,761,158,792,282,842,460,841,-1,-1,1
884,0,630,12,429,58,291,121,1055,189,106,251,22,363,0,502,1003,546,25,634,87,739,762,801,178,827,312,880,509,882,-1,-1,1
887,0,631,11,430,56,291,119,196,178,1061,189,104,249,20,362,0,502,1012,545,28,635,93,741,774,801,185,829,324,882,521,883,1
895,0,641,9,440,51,299,111,1069,190,108,240,22,352,0,492,1019,543,27,625,93,732,777,795,185,821,325,875,525,876,-1,-1,1
660,3,923,0,452,42,308,101,113,228,24,341,0,483,1038,556,27,619,91,729,789,807,183,820,325,878,527,883,-1,-1,-1,-1,1
682,0,953,2,470,37,321,93,219,151,119,218,1127,207,28,330,0,473,1060,569,24,611,89,722,182,817,798,816,324,878,529,887,1
710,0,975,12,496,26,344,76,134,194,1144,219,33,304,0,450,20,594,1077,579,83,712,177,813,812,825,324,879,537,890,-1,-1,1
733,0,515,23,1004,19,360,72,142,189,1171,232,38,300,0,450,18,598,1094,598,81,721,173,826,820,847,323,896,-1,-1,-1,-1,1
749,0,527,24,1030,17,368,75,146,193,1204,239,40,304,0,455,17,603,1120,615,78,729,171,835,830,866,320,909,-1,-1,-1,-1,1
793,0,1104,1,547,35,373,96,137,230,31,350,0,505,1241,608,30,656,107,779,217,881,938,878,388,950,627,956,-1,-1,-1,-1,1
556,0,377,70,247,137,1377,157,130,214,27,339,0,496,1327,564,39,646,124,768,1011,849,244,869,428,934,682,936,-1,-1,-1,-1,1
1247,0,878,10,594,56,258,194,132,267,25,388,0,543,46,691,144,812,1131,889,284,913,771,975,488,971,-1,-1,-1,-1,-1,-1,1
385,0,519,2,254,10,661,24,126,31,798,67,29,112,863,162,0,220,838,283,67,324,732,378,175,394,594,429,306,438,450,449,1
359,0,488,1,235,9,627,22,116,30,764,66,19,101,829,160,0,208,803,282,61,308,695,374,160,377,558,420,283,422,418,436,1
472,0,344,2,223,15,612,17,108,37,752,58,15,110,821,151,0,215,798,276,63,312,692,371,161,379,555,419,282,423,416,436,1
463,0,335,5,603,14,216,20,103,45,745,51,14,117,818,143,0,221,797,269,61,316,690,367,159,382,551,416,278,423,412,435,1
465,0,337,5,606,15,217,18,104,43,750,53,15,116,823,147,0,220,801,273,62,316,693,371,160,382,555,420,280,425,414,438,1
461,0,333,4,602,15,214,18,102,43,746,54,14,115,820,147,0,219,801,275,62,315,694,372,160,382,555,421,280,426,415,439,1
470,0,342,1,220,12,611,19,107,33,752,61,15,105,823,157,0,210,801,283,61,309,160,378,693,378,280,424,555,425,415,440,1
353,0,482,3,231,7,114,26,622,26,761,73,19,95,829,169,0,200,803,293,59,301,158,373,694,385,278,422,554,429,414,441,1
353,0,484,2,232,7,115,26,624,26,763,71,18,96,831,167,0,201,807,292,60,303,159,375,698,384,281,423,559,428,417,441,1
356,0,487,0,234,9,628,21,116,30,769,65,19,102,840,160,0,209,818,287,62,310,162,381,709,382,287,429,569,430,425,445,1
482,0,351,2,227,15,626,17,109,39,770,58,14,114,843,154,0,223,823,283,64,324,716,383,167,394,575,434,292,439,432,453,1
479,0,346,5,624,14,223,20,106,47,771,54,13,123,848,151,0,232,829,282,66,332,719,384,168,400,577,436,294,444,433,457,1
477,0,344,7,626,14,221,24,104,51,776,52,12,129,854,150,0,239,834,283,67,338,723,387,169,406,580,440,294,449,434,461,1
476,0,342,8,626,13,219,25,779,51,102,54,11,133,859,149,0,242,840,283,69,341,729,387,171,409,585,442,298,452,438,463,1
477,0,343,6,626,15,219,21,103,49,779,54,11,126,859,153,0,236,841,288,67,336,731,391,172,405,586,444,298,450,440,463,1
483,0,349,2,226,15,631,17,108,40,781,59,13,116,859,158,0,225,838,292,64,327,726,393,168,398,581,443,293,445,434,461,1
478,0,345,5,626,15,222,19,103,47,775,54,11,125,853,152,0,235,836,284,69,336,728,387,174,405,587,440,301,449,442,461,1
479,0,346,6,625,15,221,21,103,47,771,53,10,126,848,148,0,236,832,277,71,336,728,378,178,403,589,432,305,445,446,455,1
353,0,482,1,230,7,623,22,112,28,762,66,17,100,832,161,0,207,810,285,63,308,164,379,704,379,566,425,288,425,425,441,1
346,0,474,0,224,9,612,21,110,29,751,64,16,100,820,158,0,205,798,281,61,303,160,373,692,374,281,418,555,419,416,434,1
458,0,330,4,210,17,597,16,97,42,738,54,10,117,812,147,0,222,796,271,66,319,694,368,168,385,561,418,290,427,424,438,1
461,0,334,3,215,15,597,16,101,38,733,54,11,111,804,143,0,215,790,261,67,310,692,354,170,374,562,403,293,414,427,425,1
463,0,337,2,218,14,597,16,104,36,732,55,12,109,801,143,0,213,784,261,65,308,688,354,167,374,558,403,289,414,423,424,1
454,0,331,1,214,12,587,17,103,33,720,56,14,103,787,144,0,204,768,261,62,298,669,352,159,363,540,399,277,404,407,416,1
439,0,317,3,203,15,571,16,96,37,707,53,11,105,777,141,0,204,760,259,61,295,662,349,157,358,533,395,272,399,401,411,1
437,0,320,2,209,13,562,15,100,34,687,50,13,102,752,130,0,201,740,240,62,291,651,328,159,352,530,376,276,389,403,397,1
434,0,318,2,557,13,208,15,102,36,680,46,15,105,745,127,0,202,730,238,59,291,640,327,153,352,518,375,267,388,392,396,1
428,0,314,3,205,13,553,14,99,35,677,49,14,102,741,130,0,198,727,241,58,287,636,329,150,348,514,376,263,386,389,395,1
423,0,309,2,200,13,546,14,97,35,672,48,15,101,738,130,0,196,724,242,57,285,633,331,148,346,511,378,260,386,383,396,1
315,0,430,0,206,8,552,18,100,26,674,56,15,90,735,138,0,186,718,246,57,275,627,330,148,337,506,373,259,377,382,389,1
319,0,434,2,208,6,557,22,103,24,678,61,16,87,739,144,0,183,720,252,57,273,628,334,148,337,507,376,259,378,382,391,1
319,0,435,2,208,6,102,22,561,22,686,63,16,86,748,148,0,182,729,258,57,272,148,337,634,341,260,379,510,381,383,395,1
322,0,439,2,210,8,565,20,104,26,692,60,17,90,755,145,0,186,736,257,56,277,148,341,640,342,260,384,514,384,385,398,1
437,0,318,1,206,10,566,17,100,30,696,56,14,96,762,142,0,195,746,257,59,287,650,345,153,351,524,390,268,393,395,406,1
443,0,322,2,208,13,572,17,99,33,703,55,12,102,770,141,0,202,754,256,61,294,658,345,157,357,532,391,274,398,402,409,1
447,0,325,0,210,10,578,17,101,30,710,56,13,99,778,145,0,198,759,260,60,291,661,349,155,356,532,395,271,398,400,411,1
442,0,318,3,202,15,580,16,93,38,720,55,9,109,793,146,0,209,774,267,62,301,672,359,158,365,539,405,275,407,404,421,1
444,0,318,3,202,15,582,15,92,38,723,54,9,109,796,145,0,210,777,267,63,302,675,358,161,365,543,404,278,407,408,420,1
445,0,586,10,316,9,196,25,731,45,86,53,3,131,808,135,0,234,794,259,68,325,693,356,171,386,561,408,292,423,426,431,1
438,0,583,7,308,10,188,29,733,41,78,58,816,132,0,137,0,239,804,258,72,329,703,357,176,389,569,409,298,426,432,433,1
574,0,430,0,301,16,724,26,183,40,77,71,809,113,0,157,804,237,6,260,709,339,84,345,188,397,581,398,314,428,447,429,1
581,2,438,0,309,16,726,29,188,39,76,75,807,114,0,161,801,236,9,267,868,280,712,335,91,353,589,396,202,404,459,429,1
434,0,578,2,305,15,725,29,186,35,75,71,806,114,0,154,798,235,9,256,706,332,89,341,581,390,196,392,450,420,319,421,1
439,0,582,7,308,11,188,28,729,40,77,59,807,129,0,141,5,244,795,250,83,332,700,345,189,387,573,398,311,420,442,424,1
452,0,593,6,321,10,197,27,736,40,80,58,0,140,805,241,7,245,707,328,91,333,204,387,593,389,330,417,463,418,-1,-1,1
604,1,459,0,323,17,751,28,194,42,74,81,837,111,0,177,843,231,22,294,767,334,124,383,652,400,251,431,524,442,388,453,1
270,0,408,7,134,11,550,25,694,63,20,91,831,127,0,216,886,233,71,336,851,356,184,419,742,442,317,475,604,483,461,495,1
437,0,0,2,558,78,12,133,676,179,72,253,777,300,159,360,782,424,272,446,402,507,689,519,545,540,-1,-1,-1,-1,-1,-1,1
12,0,345,4,453,92,0,134,558,192,40,267,653,310,111,393,727,444,210,501,711,563,330,582,466,637,608,638,-1,-1,-1,-1,1
357,0,499,1,224,9,656,24,100,33,811,75,7,115,883,183,0,228,849,315,72,331,178,401,730,408,303,448,585,451,441,466,1
490,0,345,2,214,12,646,21,92,37,803,73,3,121,874,184,0,232,838,321,72,334,176,404,718,415,298,452,574,458,433,471,1
474,0,333,3,204,15,629,16,83,42,786,63,0,125,863,166,4,236,837,297,83,333,727,390,192,397,589,436,316,440,451,453,1
472,0,331,7,628,14,203,21,84,50,786,58,0,136,860,162,1,245,831,295,76,340,715,391,181,404,575,439,302,445,436,457,1
468,0,327,7,624,14,200,21,82,50,783,56,0,134,861,160,3,240,833,291,79,334,718,387,183,397,578,433,305,438,439,451,1
452,0,605,4,315,13,189,34,763,38,75,66,848,131,0,151,11,255,834,258,93,343,731,357,203,398,597,410,328,431,462,435,1
461,0,611,8,326,11,199,29,762,42,1221,59,81,62,841,135,0,147,5,256,825,260,87,346,726,357,198,403,595,411,325,436,1
462,0,326,8,610,11,200,24,761,48,83,53,0,138,839,142,4,244,824,267,83,337,723,362,194,396,591,415,320,432,455,439,1
465,0,329,6,614,12,203,19,84,47,764,53,0,131,840,148,3,239,823,273,82,333,722,367,193,394,590,418,319,433,454,441,1
465,0,329,7,614,11,203,20,84,50,764,50,0,133,841,145,5,241,824,269,84,335,723,364,194,395,592,415,321,432,456,438,1
463,0,328,7,611,12,202,21,84,50,762,51,0,132,839,145,1,240,821,269,80,333,719,364,189,393,586,415,315,430,450,438,1
464,0,329,5,612,12,203,18,86,46,762,52,0,127,839,145,0,234,822,270,77,327,719,364,186,389,585,414,311,428,447,436,1
464,0,328,7,612,11,202,22,85,50,763,51,0,133,841,145,2,239,825,270,80,333,723,364,190,393,589,416,316,432,452,439,1
464,0,328,7,614,12,203,22,85,51,765,51,0,134,844,147,2,241,827,273,80,336,724,369,188,397,589,421,314,436,451,444,1
466,0,329,7,617,13,202,21,84,49,769,53,0,132,848,150,1,241,829,278,78,336,725,374,188,398,589,425,314,438,451,446,1
469,0,331,6,620,13,203,20,84,49,775,53,0,132,854,151,1,240,835,279,79,335,727,376,188,398,591,426,315,438,451,447,1
468,0,330,7,621,11,202,22,84,51,778,51,0,135,859,150,3,244,840,279,80,338,732,376,189,401,594,427,316,441,453,450,1
469,0,331,8,624,12,203,23,84,52,782,51,0,137,864,150,2,246,845,281,81,341,736,379,190,403,597,430,318,443,456,453,1
473,0,332,9,630,11,202,24,790,51,84,54,0,140,873,152,2,249,853,283,81,344,742,383,191,406,600,435,318,447,457,456,1
474,0,333,10,633,11,203,26,796,52,83,58,0,143,879,153,2,253,858,287,81,349,745,387,190,412,602,440,319,452,458,463,1
477,0,637,11,334,10,203,27,802,50,84,58,0,145,887,153,4,254,866,288,83,350,752,389,193,413,607,441,322,453,462,464,1
479,0,643,10,335,10,203,28,810,49,83,60,0,147,897,153,3,257,875,290,83,352,758,391,192,416,610,445,321,457,463,467,1
484,0,337,10,648,11,205,28,818,51,84,59,0,146,905,157,3,257,882,295,82,354,763,398,193,418,614,450,323,460,466,472,1
486,0,651,9,339,10,205,30,823,50,84,61,0,150,911,157,4,261,887,296,84,358,768,400,195,422,618,453,326,464,469,475,1
486,0,651,9,338,11,205,29,823,49,83,63,0,151,912,155,5,263,890,295,86,360,772,399,198,424,622,453,329,465,473,476,1
486,0,652,8,339,12,205,33,823,45,83,66,914,150,0,156,4,268,893,290,87,364,776,396,200,428,626,452,332,468,477,476,1
488,0,655,7,340,12,206,32,828,46,85,66,917,151,0,156,5,267,896,292,87,364,778,397,200,427,627,453,333,467,477,477,1
486,0,652,7,338,12,205,31,825,46,83,65,916,151,0,154,4,266,895,291,87,362,777,396,199,425,626,452,331,465,477,475,1
484,0,649,7,338,12,204,31,821,45,83,65,911,149,0,154,5,265,891,289,87,361,774,394,199,425,625,450,331,465,476,474,1
482,0,646,8,336,12,204,32,817,46,83,65,907,148,0,153,4,264,888,287,86,359,772,391,200,422,624,448,331,462,476,471,1
487,0,341,9,648,11,209,25,814,52,86,57,0,144,900,155,3,256,879,291,85,353,764,393,198,417,619,446,329,458,473,468,1
486,0,342,10,645,11,210,27,808,50,87,58,0,145,892,152,3,258,874,285,83,355,762,387,197,418,618,442,329,458,473,466,1
481,0,640,10,338,10,208,27,803,48,86,59,0,146,889,149,3,258,873,283,84,355,763,386,198,418,619,442,330,458,473,466,1
483,0,340,8,642,11,209,25,804,51,87,55,0,142,889,154,0,255,870,290,80,354,759,392,193,419,615,446,325,460,468,470,1
487,0,646,8,342,12,210,31,809,45,87,64,895,144,0,152,5,264,878,277,89,359,770,379,205,421,628,437,338,458,482,464,1
489,0,646,7,346,11,213,32,807,43,89,65,893,140,0,154,3,268,880,274,86,366,774,379,204,427,633,439,340,464,486,468,1
500,0,353,9,662,13,216,27,826,54,90,59,0,150,912,158,2,268,894,298,86,370,782,403,205,436,636,460,340,478,488,486,1
496,0,659,5,348,15,212,38,827,41,88,74,917,140,0,166,903,278,6,281,93,378,794,386,212,439,648,448,350,475,499,478,1
647,0,484,3,339,24,817,26,205,54,83,96,914,122,0,191,908,262,9,306,802,378,98,401,658,447,220,457,509,485,359,488,1
649,0,486,2,340,23,820,27,207,53,85,95,917,124,0,190,911,267,7,306,804,385,95,403,658,454,217,461,506,492,356,494,1
494,0,659,3,347,17,828,36,212,42,87,81,924,136,0,176,917,277,7,296,812,392,98,396,222,457,666,459,515,493,363,493,1
496,0,662,3,348,16,835,37,213,41,88,79,931,136,0,171,921,279,5,289,91,388,810,394,212,451,659,460,353,489,505,491,1
503,0,671,7,352,14,215,38,846,43,90,75,942,149,0,169,5,289,930,297,90,392,814,412,211,458,661,476,351,500,505,506,1
512,0,682,10,360,12,221,34,858,50,93,68,953,159,0,162,2,283,938,308,87,390,819,422,209,459,663,484,351,503,505,511,1
520,0,697,5,363,16,221,42,883,43,91,81,984,155,0,178,5,301,967,311,94,407,844,431,218,475,682,496,361,518,520,526,1
523,0,704,5,364,18,221,45,896,40,91,85,1001,156,0,185,6,309,986,316,96,416,859,440,221,486,694,507,366,529,528,537,1
532,0,716,4,371,19,909,40,225,48,93,90,1016,154,0,192,6,318,1001,317,97,426,873,443,225,495,705,513,374,538,537,545,1
541,0,729,2,376,20,927,38,228,50,93,94,1036,156,0,198,1020,321,6,328,101,438,889,452,231,508,719,523,382,551,548,558,1
554,0,750,3,383,21,959,43,231,51,94,95,1074,168,0,201,8,333,1055,341,102,446,916,475,234,520,737,545,389,567,559,576,1
559,0,758,4,388,21,969,42,234,51,97,95,1084,168,0,202,4,334,1063,344,98,448,921,478,230,523,738,549,385,570,558,580,1
565,0,770,2,389,24,991,41,235,56,97,102,1114,171,0,211,8,345,1095,354,103,461,947,494,236,538,757,568,394,588,572,599,1
584,0,793,2,403,21,1019,42,244,54,100,100,1147,175,0,211,6,351,1132,362,105,471,984,507,245,552,789,583,411,605,596,616,1
838,0,618,1,427,29,1071,38,258,67,106,120,1203,173,0,242,1190,368,10,391,119,517,1039,524,271,597,841,610,446,647,641,652,1
637,0,861,2,439,24,1099,44,265,61,108,112,1233,183,0,235,1217,378,12,388,126,516,1063,533,281,598,861,616,461,649,659,655,1
658,0,885,5,458,21,279,55,1124,51,115,106,1256,192,0,231,10,387,1237,389,126,519,1080,542,284,605,877,626,469,658,670,666,1
672,0,903,10,467,20,283,53,1145,59,117,101,1278,206,0,228,9,388,1258,406,124,527,1099,559,286,616,891,643,475,672,681,682,1
688,0,925,12,479,19,292,49,1172,67,122,99,1307,219,0,226,8,388,1282,425,123,530,1116,580,286,623,902,661,475,684,685,698,1
693,0,938,13,482,17,294,47,1198,72,124,96,0,221,1333,233,1,383,1298,447,110,527,1113,605,267,625,886,682,454,691,664,711,1
697,0,949,11,482,20,291,52,1219,71,122,101,0,228,1361,238,2,392,1323,459,113,537,1133,621,270,636,899,700,458,704,673,727,1
706,0,963,8,485,21,292,56,1239,64,120,109,1388,231,0,237,6,403,1354,456,122,548,1164,620,285,645,927,702,478,714,697,733,1
989,1,721,0,493,32,1279,48,294,76,118,137,1440,217,0,279,17,451,1416,452,142,598,1226,632,316,693,985,726,520,755,746,768,1
801,0,1093,5,549,31,1405,63,330,75,133,140,1571,245,0,293,17,481,1535,496,156,641,1326,683,345,744,1066,782,565,812,811,826,1
811,0,1111,8,555,29,333,73,1434,70,136,137,1605,262,0,289,14,478,1564,521,151,641,1343,709,340,750,1073,804,561,824,810,843,1
829,0,1133,10,567,29,341,72,1458,73,140,136,1630,270,0,290,13,484,1585,532,151,651,1361,724,343,762,1087,820,568,838,820,859,1
840,0,1144,14,576,24,349,65,1471,85,145,125,0,279,1644,286,8,477,1603,554,146,650,1376,747,339,769,1097,840,566,852,825,877,1
851,0,1148,18,590,20,361,59,1464,87,151,118,0,269,1631,281,4,469,1595,541,140,646,1376,735,337,766,1102,832,569,847,830,870,1
830,0,1123,9,577,27,357,72,1440,71,156,135,1612,263,5,284,0,481,1577,532,124,655,1352,738,310,775,1071,840,535,857,795,880,1
852,0,600,20,1143,20,381,59,1457,92,180,115,21,254,1621,292,0,448,1571,565,109,627,283,755,1331,764,502,846,1039,856,759,882,1
1081,0,795,18,1399,21,555,70,348,136,1598,185,155,214,8,362,1602,458,0,553,1392,698,119,718,304,827,1103,832,538,894,812,898,1
1079,0,1390,14,799,24,558,80,347,153,1593,169,153,236,4,392,1612,437,0,589,1421,684,130,756,1141,832,327,862,852,910,571,919,1
1168,0,1493,14,871,21,612,80,381,159,1688,173,170,249,8,412,1692,450,0,621,1490,701,138,795,1199,858,347,902,899,944,607,957,1
147,0,225,17,18,32,287,42,392,114,0,119,41,208,102,269,355,286,173,306,302,313,242,319,-1,-1,-1,-1,-1,-1,-1,-1,1
75,0,148,10,224,28,19,39,0,122,406,183,38,209,393,245,97,270,349,292,294,315,235,320,-1,-1,-1,-1,-1,-1,-1,-1,1
76,0,148,9,222,26,20,38,281,47,333,78,384,122,0,120,35,207,93,267,343,290,162,305,229,319,-1,-1,-1,-1,-1,-1,1
73,0,143,8,217,24,19,40,277,44,329,72,381,117,0,121,37,207,95,265,343,283,164,303,289,307,231,314,-1,-1,-1,-1,1
145,0,217,16,20,32,279,36,329,66,381,110,0,113,36,197,91,256,337,276,159,292,225,306,-1,-1,-1,-1,-1,-1,-1,-1,1
152,0,229,16,21,34,295,37,349,68,404,113,0,119,34,207,405,244,92,268,353,293,162,308,232,323,-1,-1,-1,-1,-1,-1,1
154,0,231,16,295,37,21,36,407,112,0,123,35,211,407,244,95,273,357,295,297,320,235,326,-1,-1,-1,-1,-1,-1,-1,-1,1
165,0,245,19,27,29,310,44,0,115,423,126,438,189,32,207,416,258,90,272,361,306,162,314,298,328,232,332,-1,-1,-1,-1,1
172,0,252,23,30,24,317,50,0,109,427,136,442,199,29,201,417,267,85,268,359,314,156,313,294,333,227,334,-1,-1,-1,-1,1
176,0,257,24,31,24,323,51,0,110,434,139,448,204,27,204,83,272,421,274,154,320,361,321,295,340,227,341,-1,-1,-1,-1,1
176,0,259,23,29,26,326,51,0,112,441,137,455,202,30,205,431,272,87,273,371,319,160,319,304,339,234,340,-1,-1,-1,-1,1
176,0,258,22,30,26,327,49,0,112,441,134,459,199,30,205,433,269,88,273,374,317,162,319,307,337,237,340,-1,-1,-1,-1,1
176,0,262,21,28,32,330,47,0,123,448,133,465,200,32,219,93,287,382,325,168,333,314,348,244,353,-1,-1,-1,-1,-1,-1,1
186,0,273,22,32,34,344,48,0,127,464,138,482,208,32,226,453,285,92,297,390,338,169,344,320,361,247,364,-1,-1,-1,-1,1
176,0,264,21,27,35,336,47,398,82,0,129,460,136,35,229,459,284,99,299,399,338,179,347,330,362,256,367,-1,-1,-1,-1,1
169,0,252,20,26,34,320,46,432,130,0,129,36,227,430,271,98,296,375,324,174,340,313,350,247,356,-1,-1,-1,-1,-1,-1,1
168,0,248,18,28,36,314,42,423,123,0,127,33,222,418,260,91,287,363,312,164,330,301,338,236,345,-1,-1,-1,-1,-1,-1,1
164,0,245,18,312,40,26,40,423,118,0,131,34,225,93,290,366,310,166,331,304,337,239,346,-1,-1,-1,-1,-1,-1,-1,-1,1
164,0,246,18,313,39,26,40,370,71,426,118,0,131,35,225,425,258,94,290,370,312,168,332,307,339,241,347,-1,-1,-1,-1,1
163,0,246,15,311,35,24,43,0,135,34,228,424,251,95,292,371,306,169,332,308,335,242,344,-1,-1,-1,-1,-1,-1,-1,-1,1
170,0,253,16,320,36,26,47,436,112,0,141,34,234,91,297,374,309,166,337,309,338,241,349,-1,-1,-1,-1,-1,-1,-1,-1,1
171,0,256,14,325,32,26,50,442,106,0,143,35,235,438,247,95,296,381,303,315,333,171,334,246,345,-1,-1,-1,-1,-1,-1,1
172,0,257,12,328,30,388,55,27,54,447,103,0,148,466,166,36,240,384,301,96,300,173,337,248,346,-1,-1,-1,-1,-1,-1,1
170,0,256,10,328,25,24,59,451,94,0,155,450,236,38,246,393,296,101,304,179,339,255,346,-1,-1,-1,-1,-1,-1,-1,-1,1
169,0,254,8,327,22,23,63,452,87,473,152,0,158,453,230,39,248,396,291,103,305,329,326,181,337,259,343,-1,-1,-1,-1,1
167,0,256,6,330,16,21,69,457,79,479,144,0,166,459,224,41,255,401,287,106,310,335,324,186,341,264,343,-1,-1,-1,-1,1
169,0,259,5,332,17,22,71,460,78,0,167,461,223,42,256,403,286,107,310,335,322,186,339,264,342,-1,-1,-1,-1,-1,-1,1
170,0,261,4,334,14,461,73,21,72,484,136,0,169,461,217,41,256,403,280,106,308,334,318,186,337,264,338,-1,-1,-1,-1,1
163,0,252,1,327,8,456,62,18,76,0,173,45,258,405,268,339,308,113,308,270,331,192,333,-1,-1,-1,-1,-1,-1,-1,-1,1
164,0,252,1,326,8,455,61,18,78,0,174,44,259,405,267,340,308,112,309,270,331,193,333,-1,-1,-1,-1,-1,-1,-1,-1,1
165,0,254,1,329,9,458,64,19,76,0,173,44,258,407,270,111,308,340,309,271,333,192,333,-1,-1,-1,-1,-1,-1,-1,-1,1
165,0,254,2,328,10,457,65,18,76,481,128,0,173,42,259,406,272,110,310,340,312,270,335,191,336,-1,-1,-1,-1,-1,-1,1
168,0,256,5,329,15,21,71,456,73,0,168,42,254,402,275,109,307,336,313,266,335,189,334,-1,-1,-1,-1,-1,-1,-1,-1,1
173,0,262,10,334,24,24,62,461,92,484,158,0,159,463,238,39,252,406,300,105,312,338,336,187,347,267,354,-1,-1,-1,-1,1
171,0,260,10,332,25,22,63,460,94,0,162,42,258,411,307,108,320,343,343,192,355,272,361,-1,-1,-1,-1,-1,-1,-1,-1,1
185,0,97,0,357,31,26,60,488,108,0,166,511,182,42,267,428,329,113,333,356,365,197,372,281,381,-1,-1,-1,-1,-1,-1,1
187,0,283,13,362,31,26,59,497,109,0,166,502,266,45,269,441,332,118,337,369,369,206,376,293,385,-1,-1,-1,-1,-1,-1,1
181,0,278,10,356,25,426,55,21,67,495,101,524,173,0,177,507,261,49,281,450,331,127,348,380,371,218,386,304,391,-1,-1,1
193,0,98,4,295,9,377,25,23,74,518,100,0,192,53,302,472,339,135,370,400,385,231,406,321,409,-1,-1,-1,-1,-1,-1,1
186,0,290,2,373,12,445,35,518,77,17,88,0,208,536,242,59,315,480,320,411,371,144,376,333,401,241,405,-1,-1,-1,-1,1
203,0,308,2,391,10,101,15,463,31,531,71,22,96,0,218,536,229,477,304,58,320,405,354,141,374,328,388,237,397,-1,-1,1
300,0,195,2,384,6,94,20,455,25,18,105,537,224,0,229,482,303,63,332,412,356,149,384,337,392,246,404,-1,-1,-1,-1,1
303,0,198,1,387,5,96,18,459,26,529,64,20,103,535,224,0,226,478,302,60,327,407,354,145,380,330,389,241,400,-1,-1,1
305,0,199,0,390,7,98,17,461,27,531,67,21,102,557,138,537,229,0,225,478,306,60,327,407,358,143,381,328,392,239,403,1
303,0,197,1,388,7,96,18,461,28,530,66,20,104,537,229,0,227,479,307,59,329,407,360,144,384,330,395,240,405,-1,-1,1
301,0,194,3,386,5,459,25,92,22,530,64,17,108,558,135,539,228,0,233,481,307,60,336,410,361,146,388,333,397,244,409,1
301,0,195,3,389,5,462,25,92,22,534,64,18,110,561,137,542,230,0,235,483,310,60,337,411,364,146,391,334,400,243,412,1
302,0,194,4,387,6,461,25,90,24,532,64,17,112,543,229,0,238,485,310,62,339,414,364,150,392,336,400,247,412,-1,-1,1
300,0,386,4,192,5,461,23,88,26,533,62,15,114,561,134,543,227,0,241,486,308,63,342,415,363,152,394,339,400,249,413,1
301,0,388,4,192,4,463,24,88,25,537,63,14,114,550,231,0,241,492,312,64,343,420,367,153,397,343,404,250,416,-1,-1,1
297,0,386,4,189,4,462,20,536,62,13,113,0,240,494,309,66,342,423,365,156,395,346,401,254,414,-1,-1,-1,-1,-1,-1,1
300,0,191,4,386,6,535,65,15,110,550,233,0,238,493,314,65,342,422,369,155,396,344,405,254,416,-1,-1,-1,-1,-1,-1,1
300,0,192,2,387,6,90,20,462,26,534,66,15,108,564,140,547,234,0,236,490,315,64,340,420,369,152,395,343,405,252,416,1
303,0,194,3,390,5,89,22,539,66,16,109,552,235,0,237,493,316,65,341,421,370,153,396,344,406,253,417,-1,-1,-1,-1,1
306,0,197,3,393,7,542,69,18,107,551,240,0,233,495,318,64,338,421,372,152,394,343,406,251,416,-1,-1,-1,-1,-1,-1,1
303,0,192,2,390,6,464,27,538,66,15,106,568,140,552,235,0,233,494,315,62,337,422,370,151,393,344,405,251,416,-1,-1,1
305,0,196,1,391,6,93,20,465,28,540,67,18,105,0,232,492,315,64,337,420,369,152,393,342,405,250,415,-1,-1,-1,-1,1
303,0,195,1,389,7,93,18,536,68,17,104,0,231,548,236,490,316,63,337,419,370,150,392,341,406,248,415,-1,-1,-1,-1,1
197,0,304,1,390,9,535,74,18,99,0,226,545,241,488,320,61,333,416,373,148,390,339,407,247,415,-1,-1,-1,-1,-1,-1,1
197,0,305,1,393,11,89,16,465,34,536,75,12,105,564,148,550,239,0,237,497,317,72,345,431,370,167,399,356,406,267,419,1
234,0,123,0,343,17,428,38,498,71,32,74,561,121,0,201,552,280,57,316,488,348,144,382,414,390,335,415,242,415,-1,-1,1
132,0,237,2,342,21,424,42,40,67,491,75,552,125,0,187,536,282,45,299,467,347,124,367,390,386,218,403,308,407,-1,-1,1
141,0,242,7,345,30,427,56,47,63,495,93,556,147,0,178,37,293,531,307,458,371,110,367,376,405,201,411,292,421,-1,-1,1
146,0,247,12,349,41,50,60,430,70,496,110,556,168,0,176,33,293,528,330,103,372,452,391,193,421,370,423,285,437,-1,-1,1
149,0,251,14,352,43,53,58,432,74,496,115,554,174,0,173,30,292,522,336,98,372,446,396,187,421,364,427,279,439,-1,-1,1
149,0,251,14,353,43,53,58,432,74,496,115,555,173,0,173,29,291,522,335,97,369,445,395,186,421,363,426,277,437,-1,-1,1
151,0,252,14,353,44,53,58,434,75,500,117,0,172,557,177,28,290,525,338,98,371,448,399,186,422,363,429,277,440,-1,-1,1
253,0,354,31,54,42,434,62,499,105,0,156,558,165,28,275,524,327,94,355,446,387,184,408,361,417,276,427,-1,-1,-1,-1,1
151,0,253,16,354,47,54,57,435,79,0,172,558,182,27,292,524,345,96,374,447,406,185,427,363,436,277,446,-1,-1,-1,-1,1
152,0,253,15,355,46,55,58,435,78,499,120,0,171,557,180,27,290,522,342,95,371,444,401,183,423,360,432,275,442,-1,-1,1
151,0,253,13,355,43,54,59,435,74,500,115,558,175,0,174,28,293,523,339,96,373,446,400,184,425,361,431,275,443,-1,-1,1
223,0,328,13,412,31,483,62,35,78,549,110,567,186,0,199,539,277,48,310,471,347,125,376,392,390,220,412,311,414,-1,-1,1
211,0,321,4,408,13,106,14,482,37,553,80,26,97,0,220,552,249,486,326,55,326,409,376,138,385,328,407,235,412,-1,-1,1
210,0,319,4,407,13,105,14,482,37,553,81,24,98,0,223,553,252,488,329,55,330,410,380,139,389,330,411,237,416,-1,-1,1
301,0,389,2,193,5,89,29,534,56,13,124,0,254,485,307,65,355,415,364,339,404,153,405,251,420,-1,-1,-1,-1,-1,-1,1
314,0,403,3,203,4,96,27,549,62,18,122,553,234,0,254,490,318,62,358,417,375,148,411,338,414,248,428,-1,-1,-1,-1,1
309,0,398,4,198,4,472,23,93,26,545,63,16,119,0,249,491,314,63,351,419,370,152,403,339,407,250,421,-1,-1,-1,-1,1
303,0,392,2,194,6,466,18,87,32,537,55,13,127,548,222,0,258,492,305,68,358,422,363,345,404,158,406,256,421,-1,-1,1
310,0,400,3,201,6,95,29,545,60,17,124,551,226,0,255,492,308,66,356,421,365,344,404,155,405,254,421,-1,-1,-1,-1,1
310,0,397,1,199,6,472,19,93,30,543,56,16,126,551,223,0,256,493,305,66,357,422,363,344,403,155,405,253,420,-1,-1,1
310,0,397,1,200,6,93,31,543,56,570,129,16,126,552,224,0,257,493,306,66,358,421,364,344,404,155,406,254,421,-1,-1,1
312,0,400,2,201,6,475,16,95,30,548,56,16,126,554,224,0,257,495,306,65,358,423,364,344,405,154,407,254,422,-1,-1,1
312,0,402,2,201,6,472,21,95,31,548,55,575,128,16,126,555,223,0,257,496,306,64,358,423,365,345,406,154,407,253,422,1
926,0,314,98,404,100,203,105,480,114,95,130,553,154,17,226,559,324,0,357,498,408,64,458,424,466,345,507,153,508,253,523,1
406,1,316,0,203,6,483,18,95,32,558,56,18,129,565,229,0,260,505,313,66,362,430,372,351,413,156,413,256,429,-1,-1,1
401,1,311,0,199,7,91,32,550,54,15,129,559,225,0,260,498,309,64,362,426,369,346,410,154,412,254,427,-1,-1,-1,-1,1
393,0,305,0,195,9,468,16,90,36,541,51,14,134,552,221,0,267,494,305,424,365,67,367,347,408,156,415,256,427,-1,-1,1
391,0,303,2,465,14,192,11,86,41,539,49,12,140,552,218,0,272,495,303,425,365,67,372,349,409,159,418,259,430,-1,-1,1
389,0,300,1,463,13,190,12,86,41,537,48,11,141,553,216,0,274,497,302,427,364,70,373,351,408,161,418,260,429,-1,-1,1
390,0,302,3,190,14,86,44,538,48,12,144,552,216,0,276,497,303,70,375,352,410,161,421,261,431,-1,-1,-1,-1,-1,-1,1
388,0,300,3,465,13,190,15,539,47,85,46,12,147,555,216,0,279,500,303,429,366,69,378,353,412,162,424,262,434,-1,-1,1
388,0,299,3,465,14,188,15,539,47,84,45,11,145,555,217,0,278,500,304,431,366,71,377,353,412,161,422,262,433,-1,-1,1
384,0,297,5,459,12,186,17,535,46,81,49,10,150,554,214,0,282,500,302,431,365,71,380,354,411,163,424,264,434,-1,-1,1
386,0,297,3,460,13,186,15,535,46,9,148,553,215,0,280,499,302,69,379,354,412,161,424,262,434,-1,-1,-1,-1,-1,-1,1
384,0,295,3,460,12,186,15,535,46,81,46,10,146,554,214,0,279,499,301,430,365,70,378,355,411,162,423,264,433,-1,-1,1
388,0,299,2,462,12,188,14,536,46,84,44,12,144,553,215,0,277,499,302,430,365,69,376,354,411,161,421,263,432,-1,-1,1
386,0,296,4,460,13,186,18,536,45,82,49,10,150,556,214,0,283,502,303,433,366,72,381,357,413,164,426,266,435,-1,-1,1
383,0,295,4,184,17,535,44,80,50,9,151,555,213,0,284,502,302,432,366,70,382,356,413,163,427,265,436,-1,-1,-1,-1,1
385,0,297,4,461,12,186,16,536,45,80,48,9,149,556,214,0,282,502,302,433,366,71,381,356,412,163,425,264,435,-1,-1,1
386,0,297,4,187,17,538,45,81,49,10,150,557,215,0,283,503,303,433,367,72,382,356,413,163,426,264,435,-1,-1,-1,-1,1
381,0,294,5,456,12,183,18,530,44,79,50,8,151,0,283,499,299,431,362,72,381,357,410,165,425,265,433,-1,-1,-1,-1,1
391,0,302,2,192,11,87,40,539,49,12,139,553,219,0,274,498,305,68,375,352,413,161,422,261,434,-1,-1,-1,-1,-1,-1,1
395,0,307,1,196,9,470,13,90,37,543,51,571,123,15,135,556,220,0,269,500,306,429,367,69,370,352,411,160,418,261,431,1
390,0,301,2,466,14,190,13,85,43,540,48,12,143,557,217,0,277,503,305,433,367,70,378,357,413,163,424,265,435,-1,-1,1
391,0,302,3,467,15,192,14,85,44,542,49,11,144,559,219,0,279,505,307,71,381,359,417,164,427,266,438,-1,-1,-1,-1,1
389,0,300,1,464,14,189,13,83,43,539,48,10,145,0,281,505,308,435,372,72,383,361,418,166,430,269,441,-1,-1,-1,-1,1
391,0,302,2,467,14,189,15,82,46,543,48,10,149,561,221,0,285,506,310,436,374,71,387,360,421,165,433,268,443,-1,-1,1
391,0,300,3,467,13,187,17,542,47,80,48,8,151,563,220,0,287,508,310,438,374,73,388,361,420,167,433,270,443,-1,-1,1
389,0,299,3,466,13,186,16,542,46,80,48,7,151,563,218,0,288,510,307,441,372,74,388,365,419,169,434,273,443,-1,-1,1
389,0,298,5,467,11,184,21,545,44,77,55,5,160,571,217,0,299,518,309,449,376,77,399,372,425,174,443,279,451,-1,-1,1
394,0,302,6,475,12,186,22,556,44,77,57,6,163,582,221,0,302,528,315,457,383,79,404,379,432,177,450,282,457,-1,-1,1
393,0,476,9,297,9,179,29,559,40,69,69,599,117,0,177,592,219,539,314,0,317,469,385,80,417,388,437,183,460,292,465,1
403,0,304,7,486,10,186,27,571,41,75,65,610,117,2,173,601,223,0,314,545,320,472,390,81,416,391,442,183,461,292,468,1
399,0,303,4,483,13,184,20,568,47,73,53,1,157,602,226,0,297,550,320,478,388,83,401,398,437,188,450,298,460,-1,-1,1
398,0,302,3,482,15,183,18,569,50,73,48,612,125,1,148,607,229,0,288,555,322,483,389,85,394,404,437,189,445,302,458,1
309,0,406,3,190,9,491,23,78,33,577,62,4,128,620,140,613,244,0,267,559,335,83,379,485,398,188,436,403,440,302,455,1
307,0,404,4,188,8,489,25,76,29,577,65,2,119,622,143,617,246,0,257,563,336,83,369,490,397,189,428,406,437,304,450,1
302,0,399,4,184,8,486,24,73,29,574,64,0,119,618,244,0,255,565,334,86,367,493,395,192,426,410,435,307,448,-1,-1,1
303,0,402,6,185,8,491,28,74,28,581,68,1,114,629,145,626,249,0,248,574,339,85,362,499,399,192,424,414,437,310,448,1
303,0,403,5,185,9,492,25,73,30,584,64,0,115,633,140,634,242,3,247,584,331,91,358,510,391,201,418,424,429,319,441,1
305,0,404,6,186,7,74,25,494,28,586,69,0,109,635,144,636,245,1,242,587,334,91,354,514,392,203,416,428,429,322,440,1
313,0,192,5,412,8,78,21,503,32,597,74,1,103,646,151,0,236,647,253,595,342,91,351,520,400,202,417,433,435,325,443,1
316,0,193,6,416,8,78,22,508,32,602,73,1,103,653,150,0,237,655,251,603,340,90,351,527,398,206,416,439,433,328,442,1
331,0,441,6,205,7,84,25,540,30,642,73,3,108,696,153,0,242,694,260,636,351,92,357,553,410,210,424,456,445,338,452,1
335,0,445,7,207,7,85,23,548,32,651,74,3,106,704,154,0,240,702,260,642,352,92,355,557,410,210,422,458,445,340,451,1
341,0,212,4,450,9,89,18,550,35,651,78,4,100,703,159,0,233,701,264,91,349,642,353,554,410,209,417,456,443,339,448,1
346,0,215,5,457,8,90,21,560,33,663,77,2,104,718,158,0,239,717,264,657,355,94,357,570,414,217,425,468,449,349,455,1
350,0,219,5,464,7,92,20,567,32,671,75,2,103,726,155,0,238,725,261,666,352,97,356,579,411,221,424,478,446,355,453,1
357,0,224,6,472,8,94,21,577,34,681,78,1,107,737,159,0,247,736,266,677,358,100,367,590,419,228,436,488,456,365,464,1
367,0,230,6,483,9,97,21,590,34,697,78,2,108,752,160,0,247,750,267,689,360,101,368,601,420,231,436,495,457,369,465,1
380,0,240,7,502,7,103,24,613,33,723,78,5,112,780,163,0,255,775,275,708,371,99,379,612,434,230,449,503,471,373,479,1
402,0,533,6,253,9,111,29,655,32,778,78,7,118,841,167,0,260,835,285,758,385,101,384,651,449,237,457,529,486,387,491,1
407,0,540,5,256,10,663,30,112,31,788,75,8,120,852,165,0,262,844,285,767,386,100,387,657,451,237,460,533,488,389,494,1
410,0,546,5,259,9,115,29,672,31,798,77,9,119,862,168,0,262,855,289,101,387,775,392,664,456,238,462,537,493,391,497,1
418,0,265,7,553,8,120,25,680,35,808,84,11,115,871,177,0,258,861,298,98,386,780,400,666,463,236,463,537,499,390,501,1
421,0,269,6,559,9,122,23,685,38,811,88,13,111,873,181,0,255,863,303,98,384,781,405,234,462,665,467,537,501,389,502,1
419,0,556,7,266,8,119,27,685,35,813,82,12,117,877,175,0,261,869,298,101,388,788,401,674,465,240,465,544,501,395,503,1
422,0,269,4,557,9,123,20,683,39,811,89,13,108,874,183,0,253,864,304,98,383,781,405,236,462,668,467,538,501,391,502,1
280,0,431,4,133,7,563,21,685,57,20,87,808,114,866,209,0,231,852,329,92,366,769,425,226,453,654,481,379,501,526,508,1
279,1,134,0,426,9,551,30,667,67,18,73,782,123,840,212,0,216,834,323,99,353,764,415,239,442,659,469,394,489,538,496,1
281,0,135,4,427,5,551,23,664,59,19,81,777,110,833,198,0,228,831,310,102,367,763,405,244,453,662,463,544,496,401,496,1
273,0,420,1,128,6,544,17,657,50,14,87,770,99,830,186,0,235,831,299,106,373,765,396,669,456,252,456,551,492,409,495,1
409,0,264,3,534,11,119,15,647,41,763,87,10,97,826,171,0,244,831,284,111,378,771,383,676,447,258,458,559,486,416,493,1
399,0,253,7,523,10,109,22,639,38,755,83,4,106,825,167,0,255,836,281,779,384,116,389,686,450,266,468,572,492,428,501,1
402,0,255,4,527,12,109,16,641,42,760,89,3,98,829,174,0,249,841,290,119,386,787,392,695,458,273,469,580,498,436,505,1
404,0,258,3,528,12,111,15,644,41,762,87,5,96,831,171,0,248,843,284,789,386,118,386,695,452,272,467,581,492,435,501,1
399,0,252,6,524,9,106,20,640,38,761,82,2,103,831,167,0,254,846,282,794,385,121,392,702,454,277,472,588,496,443,505,1
399,0,251,7,524,10,105,20,641,38,761,82,0,105,833,165,1,257,848,279,797,382,125,393,708,450,283,473,594,493,449,504,1
405,0,254,7,534,11,106,21,653,40,778,87,0,106,852,174,0,262,866,293,812,399,124,403,719,468,284,486,602,512,453,521,1
414,0,259,5,546,12,108,18,668,44,796,92,1,104,872,183,0,262,888,306,126,409,832,414,736,485,289,496,616,528,464,535,1
451,0,284,6,590,15,119,18,719,49,854,101,0,109,936,196,2,283,958,325,905,440,147,442,808,517,329,537,684,565,520,576,1
459,0,290,4,122,16,600,15,729,51,864,104,0,107,948,200,0,286,971,332,918,450,147,451,822,530,333,550,695,579,528,591,1
135,0,308,1,479,8,621,33,747,78,5,87,878,141,957,242,0,274,976,375,147,455,922,492,824,568,336,566,699,612,532,617,1
147,0,320,8,491,23,630,53,13,80,753,103,879,168,951,271,0,267,966,402,141,454,911,513,328,570,813,585,689,625,524,625,1
148,0,322,11,491,30,628,64,16,77,748,117,872,186,0,266,944,291,958,423,138,460,902,536,323,583,806,607,516,643,682,646,1
144,0,316,10,485,27,620,59,11,82,738,109,860,175,932,277,0,273,947,407,145,464,895,518,332,581,803,591,684,633,524,635,1
154,0,323,17,487,40,619,76,20,77,730,130,847,199,0,265,911,302,920,430,135,458,863,538,312,579,770,605,496,639,652,642,1
149,0,315,17,476,42,603,80,18,76,712,134,821,205,0,264,881,306,888,431,131,456,833,537,303,576,743,603,479,635,630,638,1
155,0,318,24,478,55,25,71,601,98,709,157,817,233,0,259,874,338,123,455,874,465,813,568,285,581,720,629,458,648,606,660,1
165,0,328,32,485,70,30,67,609,117,712,181,816,259,0,254,867,365,117,456,860,490,798,588,278,586,704,646,447,657,593,672,1
173,0,333,34,39,64,489,74,610,124,711,189,0,249,812,270,859,376,108,451,848,501,262,584,781,598,685,653,428,658,573,676,1
176,0,336,41,41,58,489,89,605,146,703,218,0,245,797,304,840,415,101,456,826,540,248,597,756,635,409,679,661,685,549,704,1
331,0,39,18,484,47,600,103,697,174,0,205,793,260,837,369,103,412,822,493,249,552,755,588,411,633,660,639,550,657,-1,-1,1
157,0,313,31,469,70,30,65,588,120,690,186,0,249,794,267,844,377,106,450,835,504,258,585,771,604,676,659,421,661,565,681,1
160,0,317,29,473,65,32,65,596,113,698,178,0,248,804,259,854,369,107,447,846,497,257,580,779,597,684,653,424,656,571,676,1
158,0,318,30,478,66,28,67,603,115,709,180,0,252,820,263,877,374,112,455,872,506,271,592,807,609,710,667,442,670,593,691,1
188,0,362,33,534,73,38,68,670,125,786,194,0,261,904,280,959,397,117,474,950,533,288,617,876,639,768,699,473,699,637,723,1
801,0,0,56,923,90,1041,193,1090,317,145,309,1071,453,344,482,984,553,549,583,867,604,727,618,-1,-1,-1,-1,-1,-1,-1,-1,1
737,0,889,79,0,87,1007,177,1119,286,135,364,1158,414,1128,550,346,557,1032,649,566,670,907,698,758,710,-1,-1,-1,-1,-1,-1,1
926,0,0,3,1052,105,1170,224,131,289,1211,360,343,493,1175,506,1069,609,570,617,933,657,771,666,-1,-1,-1,-1,-1,-1,-1,-1,1
615,0,827,8,444,24,1067,46,308,61,176,101,50,187,1184,206,0,316,1100,449,854,622,208,629,376,678,594,680,-1,-1,-1,-1,1
777,0,1041,14,558,22,389,68,262,122,141,179,1197,175,35,280,0,416,1143,457,32,544,113,645,897,673,231,723,626,755,402,764,1
780,0,1038,4,557,23,389,71,260,127,1195,158,138,187,31,289,0,425,1147,430,38,551,124,647,909,646,248,718,644,734,421,752,1
787,0,567,15,1039,15,399,57,268,110,144,164,1187,167,34,264,0,399,1135,429,37,526,123,623,901,633,246,696,640,716,420,731,1
787,0,574,13,1035,17,408,52,278,100,153,153,1178,170,38,251,0,386,1126,430,34,514,118,615,896,632,240,690,637,714,413,728,1
789,0,574,12,1036,17,408,52,277,102,151,155,1180,175,38,254,0,392,1126,437,33,522,117,623,896,642,239,700,636,725,413,738,1
798,0,1054,13,580,17,410,61,276,114,151,170,1202,170,37,270,0,408,1146,439,35,538,120,637,908,649,242,712,642,734,419,749,1
872,0,1156,10,627,19,438,67,288,125,151,184,1324,166,32,291,0,436,1295,444,48,571,151,674,1047,668,296,750,754,764,500,785,1
881,0,643,11,1155,14,453,52,299,108,156,166,1315,167,33,273,0,420,1274,430,51,555,1039,642,159,656,310,730,760,735,513,760,1
874,0,632,11,1155,13,439,52,286,108,144,166,1319,165,26,271,0,415,1291,426,56,547,1057,635,167,646,320,718,774,726,526,749,1
1160,0,639,4,447,39,290,92,1326,120,149,146,30,245,1292,358,0,376,56,498,1047,556,164,588,763,648,315,652,516,676,-1,-1,1
883,0,646,5,1159,13,454,37,294,90,148,149,1316,168,27,260,0,410,1280,420,62,546,1057,621,179,646,337,716,786,715,542,742,1
456,0,1138,2,296,32,147,84,1288,138,25,192,0,342,1255,374,71,481,1049,562,194,581,357,650,794,650,560,676,-1,-1,-1,-1,1
688,0,500,14,902,19,332,43,1129,66,173,81,35,176,1251,206,0,323,1216,408,68,463,197,566,1031,568,367,637,799,643,573,665,1
691,0,504,9,903,23,337,35,177,70,1125,74,37,164,1239,218,0,312,1199,421,64,454,192,559,1014,575,359,632,785,645,563,663,1
673,0,486,16,888,17,319,48,1116,64,164,87,32,184,1235,208,0,329,1194,413,66,467,191,568,1005,572,356,638,775,645,555,665,1
652,0,470,12,865,16,310,40,163,75,1097,66,36,166,1220,212,0,304,1176,419,58,438,171,539,980,574,326,614,742,639,519,650,1
642,0,462,13,857,18,306,39,162,74,1092,69,36,164,1215,220,0,300,54,434,1169,432,162,536,966,587,312,615,726,649,503,655,1
638,0,457,11,856,21,301,36,157,71,1094,76,33,161,1220,234,0,299,54,435,1171,450,164,541,966,604,312,622,724,662,502,665,1
631,0,449,11,850,20,294,37,150,72,1088,76,30,164,1215,232,0,302,58,436,1168,449,168,540,967,601,318,620,727,659,507,663,1
622,0,442,14,842,16,287,41,144,77,1083,70,26,173,1214,226,0,311,61,445,1172,444,175,547,974,598,325,626,736,660,517,666,1
608,0,832,13,425,15,269,43,1085,68,129,82,17,184,1229,232,0,327,68,464,1197,462,188,571,1001,624,344,652,761,687,539,696,1
612,0,425,15,838,17,269,42,127,83,1091,76,15,189,1231,246,0,336,73,475,1194,476,196,581,998,635,352,663,763,697,543,705,1
603,0,835,14,414,16,256,45,1093,72,116,86,8,193,1238,244,0,336,78,471,1197,474,200,574,998,629,356,654,762,689,546,695,1
600,0,837,13,410,18,253,46,1105,72,114,89,7,197,1255,249,0,342,76,479,1215,484,200,582,1010,643,356,664,770,701,549,706,1
593,0,832,14,403,16,246,43,107,85,1102,76,4,192,1251,254,0,335,80,470,1209,488,203,573,1004,642,356,656,765,697,546,700,1
589,0,826,13,398,17,241,45,1092,74,103,89,1,199,1239,250,0,344,85,478,1197,481,211,578,1000,632,366,656,767,691,554,696,1
590,0,398,13,829,18,240,37,101,77,1094,85,1,185,1237,264,0,327,83,461,1189,489,206,561,987,633,359,641,543,684,755,683,1
597,0,403,11,839,20,244,32,104,71,1110,93,3,176,1250,274,0,316,80,448,1194,499,202,549,353,630,985,637,537,677,749,681,1
596,0,399,11,843,22,240,33,101,72,1120,97,0,180,1264,285,1,321,81,456,1207,514,205,557,354,641,993,654,539,691,753,697,1
600,0,404,6,243,24,844,27,102,60,1113,106,0,165,1251,293,1,308,83,443,1193,514,206,546,358,629,985,647,540,679,751,686,1
602,0,405,7,243,26,843,24,101,62,1111,105,0,171,1249,289,2,315,87,451,1195,513,214,554,368,637,992,647,551,686,761,690,1
614,0,413,9,248,29,858,25,101,69,1126,101,0,183,1264,285,5,333,98,471,1212,509,231,574,1014,645,389,653,786,694,577,696,1
623,0,420,7,252,27,867,26,103,67,1132,102,0,183,1270,286,8,336,105,477,1222,507,242,580,1028,646,404,659,803,696,594,700,1
639,0,433,5,261,23,882,30,108,62,1145,110,0,176,1276,290,5,330,102,473,1224,507,241,576,1030,643,407,655,807,693,597,696,1
643,0,436,5,263,23,888,31,110,62,1151,111,0,179,1285,295,6,336,104,481,1233,517,246,586,1040,653,411,667,814,704,603,708,1
642,0,436,4,264,21,890,31,110,59,1157,113,0,174,1292,301,4,329,100,474,1235,522,239,580,402,663,1035,659,593,708,806,706,1
639,0,431,6,259,24,890,30,108,61,1165,113,0,176,1303,303,4,331,99,475,1247,529,236,582,400,667,1042,666,592,713,808,713,1
644,0,436,3,263,20,898,32,110,58,1177,117,0,174,1318,310,5,330,100,476,1259,541,237,585,401,671,1052,676,596,720,814,723,1
649,0,437,2,264,18,907,33,110,54,1192,125,0,170,2,327,1334,325,95,475,1272,558,231,587,396,678,1056,695,592,730,813,738,1
664,0,443,3,266,18,936,35,113,54,1242,133,0,169,1,325,1395,345,93,476,228,592,1323,591,395,689,1087,727,595,749,828,763,1
664,0,442,6,265,22,941,33,111,63,1255,128,0,181,2,338,1415,346,96,488,232,605,1344,598,400,703,1104,740,604,764,839,778,1
657,0,432,14,941,22,255,38,102,84,1266,109,0,206,1431,325,10,364,109,510,1365,583,250,620,419,712,1125,729,623,766,859,773,1
658,0,434,15,943,23,256,39,103,85,1269,109,0,208,1434,323,12,364,110,510,1371,580,251,621,421,711,1130,728,627,765,864,772,1
657,0,433,15,941,21,255,40,102,85,1267,107,0,208,1434,321,11,365,111,510,1373,577,253,620,422,711,1132,726,628,765,866,771,1
659,0,436,11,943,25,258,33,105,78,1266,115,0,201,1433,332,12,359,111,508,1371,587,253,620,423,714,1131,734,629,769,866,777,1
658,0,434,13,940,24,256,37,101,82,1261,109,0,206,1428,324,12,366,114,513,1365,580,257,623,428,714,1131,726,633,767,869,772,1
658,0,435,15,938,20,256,41,102,88,1257,102,0,213,1427,310,18,371,124,517,1369,563,270,625,443,711,1140,711,648,761,881,762,1
663,0,439,14,940,21,259,37,103,85,1252,103,0,212,1420,306,18,373,127,520,1368,554,278,627,1147,703,454,713,893,756,663,758,1
669,0,446,12,946,23,264,37,106,82,1256,106,0,208,1419,308,14,371,122,519,1363,556,272,628,1141,706,448,715,889,757,656,761,1
671,0,447,13,951,22,265,38,106,84,1264,106,0,211,1431,313,14,374,123,524,1376,562,274,634,1152,714,452,722,896,767,661,769,1
683,0,454,12,968,25,269,37,108,82,1286,112,0,211,1451,326,16,376,123,529,1389,581,276,641,454,731,1159,731,664,780,900,782,1
677,0,966,8,449,26,266,62,1302,74,109,114,0,244,10,406,111,556,1434,549,262,668,1208,729,448,756,925,786,666,786,-1,-1,1
698,0,968,12,478,22,293,57,1271,77,130,107,7,230,1435,270,0,394,1389,531,93,548,238,662,1160,710,420,750,890,782,642,793,1
701,0,968,9,483,26,301,64,1266,67,138,116,13,237,1421,253,0,396,1372,514,87,545,226,656,1140,693,404,739,870,766,620,781,1
671,0,908,8,471,25,1165,53,300,64,143,112,1308,208,18,223,0,377,1275,435,83,518,1078,609,219,618,394,689,835,690,602,715,1
670,0,900,9,476,23,1148,55,305,60,147,107,1283,205,20,215,0,368,1249,421,80,509,1059,593,215,609,822,675,389,678,596,701,1
672,0,894,10,478,20,307,57,1132,55,148,102,1262,200,19,210,0,363,1232,410,84,503,1052,576,221,601,824,658,397,666,602,687,1
677,0,897,11,485,20,312,55,1130,55,151,101,1257,197,20,208,0,361,1229,401,86,501,1055,564,227,598,831,647,405,661,611,678,1
680,0,897,13,489,19,316,53,1125,54,155,96,1250,191,22,201,0,352,1225,389,86,490,1054,549,227,585,833,632,406,647,613,663,1
684,0,898,11,494,18,322,51,1125,53,161,95,1248,187,26,197,0,346,1223,384,83,483,1052,544,223,579,831,627,403,641,610,658,1
694,0,504,11,909,20,331,37,168,74,1136,72,31,173,1258,212,0,323,1229,412,78,466,215,570,1053,567,393,641,827,643,603,666,1
701,0,509,7,919,25,334,29,172,63,1150,83,34,157,1273,228,0,306,1240,428,74,450,208,557,1056,581,385,633,824,648,595,666,1
719,0,524,5,344,27,935,26,174,60,1160,84,32,157,1278,226,0,309,1249,419,83,455,228,561,1075,569,412,633,851,640,625,661,1
730,0,534,5,348,27,943,26,175,60,1165,83,31,160,1279,223,0,316,1252,413,89,465,1084,564,239,571,865,639,428,641,643,665,1
758,0,555,4,363,25,979,27,182,57,1209,84,33,159,1331,228,0,317,1305,421,92,470,1133,575,247,580,905,652,446,653,672,678,1
416,0,625,0,216,10,829,22,1032,74,43,106,1233,152,0,279,1327,292,104,451,1292,468,278,575,1137,600,488,656,932,665,713,686,1
417,0,621,3,217,7,819,27,1015,79,44,98,1206,157,0,268,1295,292,102,436,1262,459,276,558,1112,585,484,638,916,647,705,667,1
410,0,213,6,611,5,805,28,995,79,42,98,1181,155,0,266,1268,287,102,434,1235,451,274,555,1091,575,479,631,900,637,695,658,1
215,0,407,2,600,14,785,45,47,85,965,101,1138,181,0,247,1213,311,95,414,1175,466,256,535,1034,580,451,615,852,633,656,647,1
220,0,416,9,611,29,790,71,47,70,962,137,1123,224,0,238,1189,351,102,411,1151,498,268,538,1020,601,463,622,849,648,663,658,1
0,0,201,9,397,33,576,69,742,128,894,206,955,322,923,455,51,532,801,556,252,604,638,608,454,627,-1,-1,-1,-1,-1,-1,1
206,0,0,2,407,15,591,44,763,95,919,168,984,283,950,422,824,530,55,536,655,589,260,602,466,616,-1,-1,-1,-1,-1,-1,1
295,0,499,5,90,13,688,24,867,67,1033,135,1105,253,1073,399,0,448,948,514,179,550,777,582,383,608,589,617,-1,-1,-1,-1,1
582,0,374,1,777,14,167,20,964,52,1138,119,0,135,1212,240,1177,392,93,464,1045,511,274,561,872,582,478,615,683,620,-1,-1,1
581,0,376,2,778,12,175,23,971,49,1154,118,16,139,1233,242,0,312,1198,398,123,465,1062,518,300,561,887,588,498,618,699,624,1
376,0,580,3,177,16,778,21,973,64,18,127,1157,138,1233,268,0,296,1191,424,117,449,1048,538,288,549,868,599,481,610,679,626,1
373,0,575,2,179,14,772,19,968,62,22,117,1155,136,1232,264,0,277,1187,417,110,424,274,522,1038,527,854,582,464,585,662,605,1
376,0,575,6,182,15,771,25,969,70,26,121,1158,149,1236,283,0,285,106,438,1188,443,267,543,1036,558,455,613,848,615,653,636,1
548,0,346,4,755,8,158,29,970,45,1185,121,16,139,1276,262,0,300,1226,435,106,448,264,549,1060,559,452,617,859,620,655,641,1
544,0,755,2,339,12,975,31,150,44,1195,103,11,160,1291,244,0,321,1243,421,110,465,1075,549,272,560,872,615,462,623,667,642,1
563,0,782,4,350,10,1008,38,154,41,1232,114,10,160,1325,262,0,329,1270,443,116,478,1097,573,282,576,890,638,475,641,682,663,1
789,0,566,0,351,14,1022,32,154,48,1255,105,9,170,1354,253,0,338,1300,437,117,486,1122,570,285,583,908,639,482,647,694,666,1
792,0,565,8,1031,25,345,29,143,72,1270,93,0,203,1380,244,0,378,1336,437,128,528,1163,581,306,623,949,659,512,683,731,696,1
807,0,581,2,359,19,1041,29,152,57,1272,99,2,188,1373,246,0,366,1327,429,132,517,1158,568,314,612,950,644,521,669,737,680,1
807,0,582,6,360,27,1037,25,151,68,1264,91,2,201,1363,232,0,380,1321,417,135,529,1157,558,318,621,953,638,526,675,742,679,1
817,0,590,5,365,25,1050,28,153,67,1276,95,0,204,1375,241,0,385,1329,427,136,538,1163,568,322,631,959,649,531,685,748,690,1
834,0,601,3,371,22,1072,29,156,64,1305,101,0,203,1403,251,0,385,1350,440,136,540,1177,581,322,636,967,660,533,691,752,699,1
850,0,610,3,375,21,1098,32,157,63,1338,107,1,200,1437,263,0,383,1377,457,134,540,1193,598,320,638,975,674,531,698,754,710,1
858,0,612,4,375,24,1110,30,157,65,1361,108,0,204,1465,267,1,388,1406,463,138,545,1218,607,327,644,994,685,541,706,768,719,1
892,0,636,0,389,18,1157,37,163,58,1417,122,2,200,1519,287,0,392,1454,492,140,557,1255,638,332,662,1020,714,552,730,786,748,1
902,0,640,1,391,20,1177,36,164,62,1448,121,2,207,0,401,1490,508,139,568,1284,660,333,677,1040,737,555,748,796,769,-1,-1,1
920,0,654,1,397,22,1196,35,163,66,1467,122,0,216,1571,298,4,414,1508,511,152,584,1302,663,352,689,1061,742,579,758,820,776,1
679,0,944,4,419,11,1215,47,175,51,1474,138,0,203,1574,309,4,405,1505,515,158,577,1304,659,364,686,1070,736,594,752,833,769,1
674,0,942,1,413,16,1216,40,172,60,1481,128,0,212,1583,301,2,414,1512,512,154,585,1307,661,358,692,1069,739,588,760,829,774,1
680,0,953,3,417,15,1232,45,172,57,1500,137,0,210,1603,314,2,415,1527,527,154,588,1317,676,358,699,1074,753,589,767,832,786,1
695,0,432,7,965,11,189,38,1243,61,1511,161,9,182,1610,338,0,383,1530,546,144,560,344,677,1315,687,575,755,1067,758,820,782,1
449,1,705,0,970,16,211,27,1245,72,25,160,1513,177,1603,360,0,360,128,547,1540,573,322,676,1319,717,554,766,1062,784,807,803,1
457,0,710,0,221,21,972,21,1245,82,32,151,1516,188,0,356,125,552,1560,598,321,691,1342,751,556,791,1081,818,816,834,-1,-1,1
517,0,786,8,258,13,1051,39,1311,108,43,143,1562,217,0,365,1661,397,137,577,1594,612,352,724,1386,763,604,821,1132,836,871,858,1
549,0,284,3,819,15,1077,55,1325,133,56,127,1562,247,0,353,1659,429,135,577,1599,640,356,736,1403,791,617,842,1154,862,892,883,1
542,0,279,9,812,10,1070,43,1316,112,54,139,1551,219,0,366,1646,395,138,585,1588,604,359,736,1395,758,622,835,1152,838,894,867,1
500,0,760,2,251,16,1006,26,1244,86,42,149,1471,183,1564,353,0,366,1511,559,136,573,1327,712,347,712,1097,793,595,801,853,826,1
708,0,460,10,948,10,226,37,1186,55,1421,135,35,167,0,369,1489,495,134,558,1316,651,341,683,1088,739,587,762,845,779,-1,-1,1
692,0,451,4,923,14,222,25,1151,60,1376,140,33,156,1481,293,0,361,1449,488,135,552,1287,642,342,678,1070,725,-1,-1,-1,-1,1
706,0,933,3,460,16,1145,37,217,54,1343,107,22,205,1424,250,0,416,1381,434,1230,581,153,593,1037,673,366,692,830,732,600,740,1
873,0,1094,15,645,15,405,49,1308,67,173,103,1411,198,0,261,1388,379,3,463,1248,536,168,623,1059,643,384,705,853,714,622,737,1
861,0,1081,10,635,22,1295,56,396,63,166,126,1403,187,0,295,1391,375,9,508,1261,543,1079,662,181,670,875,744,403,750,643,776,1
861,0,1086,4,632,30,1307,48,391,79,163,146,1416,183,0,317,1400,376,8,528,1263,549,1074,669,177,684,867,751,396,760,636,785,1
1074,0,850,2,1295,36,621,37,383,90,1408,162,156,165,0,338,1400,350,1272,521,24,539,1089,643,198,689,888,731,420,756,658,772,1
1065,0,840,11,1289,29,612,53,375,115,1408,154,151,197,1404,344,0,378,1278,523,21,582,1098,653,201,726,896,749,425,788,666,796,1
1063,0,837,18,1286,24,610,68,372,138,1407,148,148,228,1405,342,0,416,1283,525,28,624,1106,661,907,763,213,764,679,819,439,818,1
1072,0,850,12,1290,28,621,57,378,124,1403,152,147,212,1397,338,0,402,1275,512,38,611,1105,642,914,740,230,747,694,796,457,797,1
1111,0,892,0,660,32,1320,40,410,85,1418,166,164,165,1400,347,0,355,1276,511,30,571,1105,630,225,713,916,721,458,769,695,771,1
1112,2,894,0,662,30,1321,45,411,80,165,156,1417,170,1398,349,0,343,1272,510,30,556,1101,627,224,701,910,715,454,756,691,761,1
1108,0,886,0,653,33,1321,42,403,85,160,164,1417,168,1396,351,0,348,1265,513,31,560,1091,630,221,701,899,718,447,757,680,762,1
1101,0,877,2,1314,39,644,37,395,94,1412,167,156,174,1387,351,0,358,1255,514,31,564,1078,630,218,701,886,717,439,756,669,761,1
1100,0,875,3,1316,41,640,38,390,95,1414,170,155,171,1387,354,0,355,1250,517,30,558,1072,633,214,696,877,717,433,752,661,759,1
1100,0,870,6,1321,37,633,45,385,107,1423,168,151,188,1395,357,0,371,1256,524,32,574,1075,642,216,708,878,728,433,764,661,770,1
1098,0,871,2,638,35,1316,40,390,91,1420,169,153,169,1399,354,0,352,1266,519,34,558,1088,636,221,698,895,722,444,755,676,764,1
892,0,1113,6,659,27,1326,50,410,74,166,147,1430,180,0,327,1414,363,1287,526,27,544,1112,642,221,693,917,726,453,757,693,767,1
532,0,769,4,270,19,986,39,4,62,1190,107,1285,243,1266,421,1137,575,0,655,959,680,252,749,753,752,513,779,-1,-1,-1,-1,1
756,0,571,3,411,25,975,34,251,51,1209,94,87,128,1321,257,0,267,5,418,1241,491,85,546,224,650,986,663,431,712,693,721,1
660,0,870,3,488,26,1104,32,349,67,209,111,1230,186,67,199,0,338,1162,437,9,478,83,591,915,638,204,679,634,718,390,726,1
810,0,1053,6,599,17,435,60,306,111,1192,151,178,170,53,267,0,406,1136,417,16,538,91,642,894,641,208,720,619,737,385,756,1
1042,0,796,0,586,26,421,74,295,128,1186,141,170,190,48,289,0,428,1133,414,19,557,889,643,92,659,208,734,614,743,384,767,1
1024,0,788,7,576,37,410,96,1180,115,284,164,158,233,39,341,1145,383,0,485,33,614,924,626,119,710,660,748,247,773,427,790,1
1055,0,815,6,606,32,440,83,1202,126,308,143,176,204,48,305,1168,374,0,445,30,575,943,602,114,672,673,717,245,737,434,756,1
1096,0,858,5,646,27,475,75,336,135,1242,127,196,196,58,298,1211,375,0,444,25,582,987,610,112,686,707,732,253,756,453,776,1
1123,0,876,9,655,39,476,94,1277,125,331,162,186,230,49,343,1255,381,0,498,1037,625,40,640,140,741,760,758,293,805,504,815,1
901,0,486,65,1327,108,334,132,183,201,45,316,1299,364,0,473,1073,602,46,613,153,713,791,733,313,776,527,785,-1,-1,-1,-1,1
934,0,702,12,1194,12,512,52,352,107,198,163,1351,152,55,267,1316,398,0,418,40,561,1083,619,148,668,795,728,309,741,529,765,1
720,0,950,0,1204,22,528,33,367,81,209,132,1352,167,59,232,0,384,1313,411,38,531,1082,623,145,645,306,723,794,724,528,754,1
694,0,920,1,505,28,1173,30,346,73,195,121,1316,176,51,216,0,362,1275,412,41,504,147,613,1049,609,304,691,772,700,516,723,1
682,0,907,4,498,29,1156,34,338,71,188,117,1299,181,51,215,0,359,1259,415,44,500,150,608,1038,610,307,686,767,699,516,719,1
672,2,895,0,1143,27,485,33,326,80,175,131,1285,172,40,232,0,379,1251,406,54,519,1042,599,170,622,329,692,782,691,539,719,1
904,0,677,3,1154,26,487,35,325,83,172,135,1295,169,37,238,0,387,1258,394,60,525,1051,586,179,625,793,680,343,692,552,713,1
662,0,909,6,458,25,289,64,1189,57,135,115,13,235,1351,237,0,397,1321,493,84,548,222,661,1112,681,396,745,854,763,610,782,1
659,0,909,13,454,20,284,53,1190,73,128,100,9,219,1349,256,0,379,1314,505,86,529,224,641,1101,683,396,726,845,753,607,767,1
672,0,466,14,923,21,294,42,137,84,1200,89,13,201,1351,275,0,362,83,515,1306,523,219,630,1090,691,389,720,835,758,600,764,1
667,0,460,4,289,24,919,32,134,61,1194,116,12,175,1333,314,0,335,80,489,1269,558,211,607,374,701,1050,708,574,754,801,758,1
654,0,447,5,278,23,910,32,127,60,1198,117,10,171,0,325,1349,325,79,476,1287,575,205,595,365,693,1056,726,564,755,797,767,1
651,0,444,5,273,25,908,30,123,62,1197,116,7,174,0,329,1346,320,81,480,1283,567,209,596,369,692,1053,716,567,750,797,759,1
649,0,442,2,274,18,906,36,125,54,1194,127,9,162,0,316,1341,333,78,467,203,585,1274,580,361,684,1043,723,556,746,787,761,1
448,0,653,0,278,15,909,39,128,48,1192,131,11,157,0,311,1336,338,79,462,204,582,1267,583,362,681,1038,724,556,744,784,760,1
447,1,654,0,277,17,909,37,127,50,1193,129,11,160,0,314,1335,337,79,464,203,583,1265,581,360,681,1036,722,555,743,781,759,1
651,0,443,1,274,17,907,36,123,53,1192,126,10,161,0,316,1335,333,80,466,204,584,1266,577,362,682,1037,718,558,741,784,756,1
650,0,444,2,275,20,906,35,126,53,1192,123,11,162,0,315,1339,330,77,465,203,583,1271,577,361,681,1040,720,556,743,786,757,1
647,0,442,3,274,21,903,32,126,57,1191,119,11,167,0,320,1342,325,77,470,1277,577,202,588,360,687,1046,723,557,749,789,761,1
641,0,435,6,269,26,898,31,122,63,1188,115,10,172,0,325,1343,321,78,475,1283,573,204,592,363,690,1053,721,560,751,793,764,1
631,0,426,13,891,21,260,39,113,82,1187,99,4,198,1348,304,0,352,82,501,1292,562,210,615,372,708,1063,720,570,763,804,769,1
625,0,420,16,884,19,257,43,111,89,1180,93,3,206,1343,297,0,363,83,513,1292,559,213,627,373,720,1065,722,573,773,805,777,1
625,0,420,15,883,20,256,42,112,86,1178,94,3,201,1341,298,0,356,82,505,1287,559,210,618,371,711,1060,719,569,766,801,770,1
625,0,422,12,882,21,259,38,114,81,1176,99,4,196,1338,306,0,351,81,502,1283,568,208,618,367,713,1055,728,564,771,796,777,1
617,0,415,17,873,17,254,46,112,92,1168,87,2,208,1336,290,0,364,83,513,1290,554,212,627,374,719,1065,721,573,773,806,776,1
617,0,416,17,872,16,254,45,112,90,1165,85,4,206,1334,289,0,361,82,510,1288,553,210,624,371,717,1063,719,572,770,804,773,1
618,0,416,16,871,19,257,43,114,88,1163,92,4,204,1328,298,0,361,80,512,1281,563,207,630,367,725,1058,730,569,778,802,782,1
625,0,422,9,262,32,877,28,119,72,1164,112,6,186,1319,325,0,343,77,496,1258,589,199,615,354,714,1031,744,547,776,776,786,1
624,0,424,8,264,31,876,28,123,70,1165,113,10,183,0,341,1322,329,74,496,1263,597,196,618,350,720,1032,756,543,785,774,799,1
623,0,421,11,264,34,875,26,122,77,1165,111,10,192,1322,329,0,351,74,507,1262,602,194,629,349,731,1029,764,542,794,772,807,1
614,0,412,13,868,22,258,39,116,82,1161,102,7,197,1323,320,0,355,76,507,1264,591,197,627,349,727,1031,754,542,788,772,799,1
615,0,419,11,870,25,265,34,125,77,1164,110,13,190,1326,330,0,349,69,504,1266,607,187,627,338,731,1028,769,532,795,764,807,1
611,0,412,11,259,36,872,28,124,77,1180,122,13,191,0,350,1344,359,64,506,174,633,1267,652,316,743,503,819,1011,813,739,844,1
609,0,413,6,262,27,866,34,127,65,1171,134,17,177,0,336,1334,384,61,496,167,627,1256,680,305,743,490,825,721,854,-1,-1,1
605,0,406,10,257,35,864,30,122,75,1174,126,14,189,0,346,1340,375,63,502,168,631,1256,674,307,743,492,821,995,830,721,855,1
598,0,400,11,250,36,861,28,119,77,1176,123,10,188,0,343,1347,373,60,497,166,624,1264,673,305,736,488,817,998,827,721,851,1
600,0,401,11,252,35,861,28,120,78,1178,123,13,189,0,345,1354,375,62,501,166,631,1273,682,306,745,488,829,1004,842,-1,-1,1
702,0,486,13,979,27,314,42,161,85,1302,114,32,199,0,363,1473,350,61,528,177,661,1391,660,332,776,1110,838,802,872,543,851,1
773,0,543,5,360,28,1052,37,193,64,1371,130,47,167,0,327,1503,358,52,493,166,631,1419,643,327,748,1123,814,542,827,811,853,1
590,0,831,0,393,21,217,51,1123,47,59,148,0,307,39,473,147,613,308,734,535,820,1163,825,822,857,-1,-1,-1,-1,-1,-1,1
875,0,998,85,0,145,1113,190,1154,321,156,415,1124,467,1031,579,367,579,908,645,583,663,766,678,-1,-1,-1,-1,-1,-1,-1,-1,1
980,0,53,31,1148,68,1300,168,0,269,1348,311,1296,475,150,494,1159,599,365,628,991,671,594,698,807,709,-1,-1,-1,-1,-1,-1,1
768,0,982,36,1160,105,53,99,1325,208,0,333,1375,359,1312,532,138,547,1160,660,341,677,978,731,566,752,783,766,-1,-1,-1,-1,1
253,0,503,1,756,23,973,65,45,124,1165,135,1341,238,0,347,1395,390,136,554,1332,561,1172,687,334,684,981,754,558,763,779,784,1
498,0,250,2,749,19,970,57,1165,126,43,133,1342,228,0,358,1397,381,1335,557,137,564,1175,687,336,694,983,757,559,771,781,789,1
485,0,239,11,737,10,964,40,1167,103,38,146,1351,200,0,366,1350,534,136,564,1188,668,334,688,991,743,559,762,783,777,-1,-1,1
465,1,718,0,947,21,222,22,1156,75,30,160,0,374,139,564,1204,638,339,680,1005,718,566,748,794,758,-1,-1,-1,-1,-1,-1,1
694,0,447,10,918,11,209,39,1124,55,1320,134,22,184,0,399,1356,461,149,583,1203,606,354,690,1015,694,809,745,584,746,-1,-1,1
680,0,901,6,436,15,1104,45,198,51,1297,117,16,200,1377,258,0,415,1339,439,1195,586,153,595,1012,679,361,695,813,736,591,745,1
676,0,897,2,431,20,1100,37,192,59,1291,106,11,213,1372,245,1336,425,0,432,1196,574,160,609,1016,670,370,703,820,732,600,746,1
875,0,658,4,415,29,1074,28,177,76,1264,92,1348,225,1,236,1320,402,0,458,1191,553,169,630,1019,655,384,716,831,724,614,747,1
881,0,664,4,1079,27,423,28,187,73,1268,89,1349,221,8,233,1320,396,0,449,1187,545,164,617,1014,645,377,703,823,713,606,735,1
878,0,663,3,420,25,1077,27,182,69,1265,91,1347,223,2,229,1316,396,0,446,1185,544,166,616,1014,643,380,700,825,710,609,733,1
893,0,674,2,431,23,1092,29,191,66,1280,93,1358,226,9,224,1322,399,0,440,1185,545,163,609,1010,643,375,694,818,707,603,729,1
876,0,660,8,1076,23,417,37,1264,81,179,86,1344,211,1,252,1312,383,0,465,1182,530,168,626,1011,631,824,702,383,703,610,729,1
881,0,664,12,1078,21,420,41,1263,75,178,96,1341,203,0,267,1310,373,2,484,1182,522,1016,626,177,643,832,702,395,715,622,735,1
880,0,1077,16,663,14,419,47,1262,69,177,104,1345,195,0,280,1314,365,7,495,1190,515,1025,621,185,652,843,698,405,720,632,735,1
886,0,668,8,1084,21,423,36,1269,78,180,89,1347,205,0,257,1313,375,1,472,1184,521,1014,623,173,633,830,696,389,706,617,727,1
884,0,669,10,1079,19,425,38,1262,76,183,92,1340,201,0,262,1310,370,2,479,1183,516,1018,620,176,638,833,694,394,709,622,728,1
907,1,693,0,445,20,1099,29,197,62,1276,93,1348,222,5,231,1314,390,0,458,1185,533,176,627,1021,632,838,703,396,706,625,731,1
698,0,911,4,450,16,1102,39,200,55,1279,107,6,221,1351,238,1316,407,0,450,1189,549,177,626,1024,646,400,710,841,713,630,739,1
692,0,907,7,447,13,1100,45,200,49,1278,115,8,209,1353,250,1318,421,0,438,1189,564,172,619,1021,660,391,709,836,725,621,745,1
690,0,903,8,444,14,1097,46,196,50,1275,116,5,209,1351,250,1320,421,0,439,1194,565,176,620,1030,661,399,712,845,726,631,747,1
487,0,232,7,721,4,924,29,1101,83,25,133,1264,164,1332,296,0,362,1297,457,168,563,1176,587,1017,669,392,675,836,719,625,726,1
473,0,231,4,706,11,907,41,1084,100,30,126,1249,184,1316,318,0,351,1284,479,159,552,1159,607,374,672,998,686,815,731,602,729,1
716,0,899,4,527,23,1079,39,329,64,136,123,1170,146,0,267,1159,304,1050,446,10,445,900,546,156,575,731,616,342,635,541,649,1
721,0,914,13,528,16,326,48,1100,56,135,96,1190,172,0,230,1168,333,3,400,1043,470,137,533,878,560,313,605,701,616,508,634,1
732,0,532,13,929,16,327,42,1123,66,135,88,1212,189,0,219,1183,355,0,390,1049,492,129,526,875,578,303,603,692,629,496,638,1
730,0,931,11,529,20,323,55,1128,57,132,107,1220,180,0,243,1193,351,6,414,1058,493,139,548,885,584,313,621,702,640,507,654,1
728,0,926,9,528,20,1122,54,322,56,131,109,1214,174,0,247,1190,342,9,417,1059,482,144,549,888,573,320,618,708,630,514,647,1
736,0,937,10,534,19,326,55,1134,56,133,107,1223,178,0,245,1191,346,6,415,1055,486,139,546,882,575,313,616,700,630,506,645,1
735,0,937,12,533,17,325,51,1133,59,132,101,1222,182,0,238,1193,348,8,406,1057,486,142,537,883,574,315,609,701,627,508,640,1
733,0,935,10,530,18,322,53,1134,57,131,104,1224,180,0,239,1193,345,8,407,1056,483,141,536,882,571,313,607,698,625,505,638,1
732,0,934,11,530,18,323,50,1132,59,130,102,1223,182,0,237,1191,348,9,406,1053,484,142,535,879,572,314,606,697,624,505,638,1
734,0,936,11,530,18,323,52,1133,59,130,104,1221,181,0,241,1188,346,11,409,1052,483,144,536,879,570,317,606,698,623,507,636,1
737,0,939,10,534,18,325,52,1136,58,132,104,1221,181,0,245,1187,347,11,414,1049,483,146,543,878,571,318,610,698,624,508,639,1
736,0,937,11,534,18,325,52,1131,60,131,102,1216,182,0,240,1178,344,9,407,1042,479,144,534,872,565,316,603,694,617,505,631,1
732,0,933,7,527,20,1129,53,321,58,129,112,1216,174,0,250,1182,339,13,416,1046,475,147,541,875,563,319,606,696,617,508,634,1
726,0,928,5,521,24,1127,47,314,65,125,120,1218,167,0,261,1187,334,16,429,1053,472,154,550,884,563,326,614,705,619,516,638,1
734,0,937,4,528,23,1136,47,320,64,127,122,1223,169,0,265,1189,336,15,432,1051,475,151,555,880,566,323,618,701,623,511,641,1
728,0,931,4,524,25,1129,45,316,66,126,123,1218,165,0,263,1186,330,15,429,1049,468,152,550,879,558,324,612,701,616,513,635,1
925,1,723,0,521,27,1123,40,314,70,124,130,1213,159,0,272,1182,324,17,437,1049,464,880,556,154,557,703,616,327,617,515,638,1
916,0,716,1,516,29,1111,34,311,75,122,135,1200,148,0,278,1176,312,20,442,1048,451,884,544,161,559,710,606,335,616,524,633,1
913,0,714,1,516,28,1105,36,312,72,123,131,1194,149,0,274,1170,309,19,438,1045,447,883,540,161,555,711,602,336,610,525,628,1
912,0,712,2,513,31,1108,35,310,76,122,137,1199,149,0,280,1174,312,19,444,1046,453,881,547,158,560,707,609,332,616,520,634,1
911,2,714,0,518,25,1103,39,315,65,126,123,1192,151,0,265,1170,311,18,428,1045,448,882,539,158,548,710,600,333,606,523,625,1
718,0,914,4,520,23,1104,44,317,60,127,116,1191,157,0,258,1165,316,16,424,1040,453,878,543,156,545,706,603,331,604,520,625,1
726,0,917,7,530,19,325,52,1104,50,132,105,1190,164,0,244,1162,321,13,412,1039,455,153,537,879,543,329,599,706,602,520,623,1
726,0,918,7,530,20,326,53,1105,50,132,106,1190,164,0,245,1162,320,13,412,1038,452,153,535,877,540,707,599,330,597,520,619,1
724,0,917,7,529,20,1104,48,325,54,131,108,1189,161,0,247,1164,318,13,415,1040,451,153,538,879,540,708,600,330,600,521,621,1
724,0,917,7,528,19,1104,49,324,53,131,107,1189,162,0,244,1162,317,12,411,1038,450,151,533,876,538,328,595,705,597,518,617,1
730,0,922,8,533,19,329,52,1108,50,134,105,1193,162,0,242,1168,319,13,410,1044,450,154,535,884,539,333,596,712,598,524,619,1
721,0,918,5,525,22,1110,44,321,61,130,116,1202,158,0,255,1182,318,14,423,1058,456,895,549,155,548,719,610,335,611,529,633,1
723,0,920,8,528,17,1115,45,327,49,136,97,1212,151,0,226,1196,304,7,387,1072,437,145,514,904,526,326,579,722,584,525,603,1
511,0,363,4,660,10,212,23,813,32,73,68,917,103,0,166,927,221,22,308,839,340,123,414,709,422,568,475,257,477,413,498,1
511,0,363,4,659,10,212,24,813,32,74,67,917,103,0,166,926,221,23,308,839,340,124,414,709,422,568,476,258,478,414,498,1
512,0,363,3,660,10,213,22,814,32,73,67,917,103,0,166,927,221,22,307,839,339,124,413,709,421,568,475,258,478,414,498,1
512,0,364,4,660,10,214,23,815,31,74,68,919,103,0,167,927,221,23,308,840,340,125,414,710,421,569,475,259,477,415,498,1
512,0,364,4,661,11,213,23,815,32,74,67,918,103,0,167,927,221,23,308,841,340,125,414,710,422,569,476,259,478,415,498,1
512,0,364,4,660,11,213,23,815,31,74,68,918,103,0,167,927,221,23,308,840,340,125,414,710,422,569,476,259,478,415,499,1
510,0,660,4,361,10,817,19,210,36,72,86,925,88,0,189,940,206,856,330,27,332,727,418,133,435,586,479,271,494,430,509,1
417,0,254,8,572,9,724,33,97,41,880,66,0,136,985,144,994,265,4,293,904,384,106,419,764,466,254,502,607,517,431,535,1
403,0,563,5,245,13,727,26,96,49,902,59,1021,142,1,143,1029,279,0,295,919,410,90,422,756,494,226,509,582,542,400,551,1
397,0,558,3,242,13,725,24,96,50,907,58,2,142,1029,143,1035,284,0,291,83,416,916,419,745,502,214,505,567,546,384,551,1
395,0,555,2,240,15,723,20,94,54,905,51,1030,137,1,147,1038,280,0,298,921,418,84,423,749,504,216,512,570,551,386,557,1
716,0,913,3,537,6,377,29,225,68,1058,74,85,128,1086,225,0,233,10,384,975,392,103,502,799,507,243,580,612,578,421,607,1
757,0,969,4,566,6,396,32,237,73,1126,79,89,135,0,244,1154,242,7,402,1030,420,99,527,837,542,243,611,634,616,429,643,1
763,0,981,3,570,8,398,35,238,78,1142,78,90,142,1170,244,0,252,6,413,1042,428,97,539,843,552,241,624,637,628,430,656,1
825,0,1072,3,613,10,429,39,263,86,1258,88,107,152,7,265,1288,281,0,434,1129,491,83,574,890,627,223,673,650,702,420,721,1
839,0,622,3,1094,10,435,27,269,68,1285,105,112,128,10,239,1310,305,0,408,1137,514,75,549,884,641,211,655,637,706,405,712,1
834,0,616,5,1090,9,427,31,259,76,1279,102,103,142,3,258,1308,306,0,433,1142,521,84,578,896,654,225,684,652,725,421,738,1
699,0,924,1,1172,18,491,19,295,60,1356,111,113,128,0,255,1394,299,8,448,1255,502,125,604,1029,641,303,710,789,725,538,753,1
708,1,931,0,1177,13,499,22,300,65,1359,106,114,134,0,265,1396,290,11,461,1264,489,134,616,1045,630,320,718,808,719,557,755,1
724,0,950,5,512,18,1197,22,309,57,118,124,1380,118,0,254,1416,303,8,453,1280,504,131,613,1059,642,320,720,817,729,562,761,1
751,0,534,10,977,13,1221,38,322,44,124,107,1399,139,0,238,1432,324,8,445,1298,521,137,612,1080,655,332,725,840,739,581,770,1
774,0,556,4,993,16,334,34,1224,46,125,94,1390,145,0,230,1420,319,16,444,1300,502,162,613,1103,631,878,719,372,719,626,756,1
725,0,518,10,932,11,1150,34,308,43,112,104,1310,125,0,237,1348,287,22,441,1244,463,1063,593,169,599,856,681,374,695,618,723,1
728,0,523,4,932,17,313,31,1146,46,116,86,1301,141,0,217,1331,303,17,421,1224,475,159,581,1043,598,836,680,361,683,601,716,1
722,0,519,1,923,20,312,24,1135,51,116,77,1289,146,0,204,1318,309,14,406,1210,479,151,568,1028,600,349,672,822,678,587,710,1
697,0,504,4,888,14,305,33,1088,39,115,86,1232,121,0,208,1264,270,14,400,1166,431,996,549,150,550,801,629,344,642,575,668,1
712,1,515,0,907,21,311,22,1111,53,117,72,1254,143,0,196,1278,299,15,392,1170,459,151,548,995,572,343,644,797,646,572,677,1
528,0,728,6,321,16,923,33,123,62,1124,70,1263,165,0,186,1281,318,9,386,1169,476,143,546,993,584,337,648,793,656,567,685,1
536,0,742,6,324,18,941,31,121,69,1147,69,1288,168,0,197,1305,327,18,403,1191,488,159,564,1013,600,356,666,813,673,587,702,1
538,0,744,6,325,18,945,33,122,66,1151,73,1291,173,0,196,1305,333,15,400,1188,493,155,561,1006,603,349,663,805,674,579,701,1
559,0,339,9,772,12,975,44,126,57,1182,91,0,193,1317,200,1324,362,17,407,1200,521,161,576,1018,628,359,682,816,698,591,723,1
552,0,769,5,330,17,982,30,120,72,1202,74,1347,184,0,213,1354,356,24,425,1223,523,168,589,1031,636,363,693,823,708,594,733,1
550,0,773,2,322,20,994,24,1222,67,114,80,1367,181,0,225,1368,357,30,436,1225,525,176,595,1028,636,369,693,820,707,594,732,1
771,1,548,0,992,22,321,23,1218,62,112,86,1364,172,0,231,1366,345,33,440,1226,512,181,595,1031,625,375,691,825,697,601,725,1
552,0,774,6,326,16,993,32,1218,75,115,74,1361,190,0,218,1361,363,30,428,1220,528,175,588,1025,636,368,688,818,704,593,727,1
579,0,343,5,810,17,1038,54,123,56,1272,112,0,200,1414,243,24,416,1399,424,1239,584,165,585,1029,682,356,696,812,740,582,749,1
583,0,824,8,342,14,1063,35,119,75,1312,87,1465,216,0,227,1454,402,35,443,1290,571,184,609,1074,679,382,714,851,745,615,761,1
826,0,580,8,1074,14,334,38,1332,50,112,114,1500,172,0,274,1502,364,46,491,1345,550,208,652,1129,673,416,748,901,753,658,783,1
997,0,766,8,1240,11,538,35,310,85,1416,108,103,174,1451,290,0,337,1334,487,52,553,1144,635,222,704,930,742,690,795,441,787,1
986,0,1224,8,759,10,534,40,308,94,1398,101,102,184,1435,280,0,348,1324,479,52,564,1139,631,224,715,929,742,691,803,442,795,1
982,0,1221,9,755,9,530,39,307,90,1395,102,102,178,1433,281,0,339,1321,478,51,553,1134,627,220,703,923,736,437,785,684,795,1
909,0,698,3,1135,10,491,26,286,72,1304,95,100,147,1344,262,0,284,1238,447,32,481,1054,586,179,626,847,682,379,712,614,731,1
891,0,682,5,1115,6,479,30,278,78,1285,87,97,152,1328,251,0,288,1226,435,34,481,1046,573,179,622,841,672,376,705,610,722,1
864,0,661,5,1083,6,465,29,273,74,1249,82,97,143,1293,242,0,270,1191,421,27,453,1012,554,161,591,807,647,350,673,579,693,1
1067,0,833,9,624,29,431,66,1253,69,250,122,88,199,1293,233,0,324,1210,433,27,499,1018,581,153,630,801,682,337,712,565,730,1
1049,0,1257,43,796,51,580,106,397,176,1333,228,234,260,85,361,1221,477,0,498,28,676,1005,671,141,802,772,806,313,875,532,879,1
1029,0,1243,34,772,61,558,124,379,200,1326,219,224,287,81,390,1214,479,0,527,993,683,28,701,138,826,756,823,301,897,517,899,1
966,0,1180,24,718,73,515,145,1275,206,347,225,204,315,74,420,1173,472,0,554,957,687,23,722,724,834,126,844,283,913,490,915,1
1066,0,1268,36,822,49,608,102,420,171,1351,206,249,257,91,359,1258,440,0,499,1056,634,29,680,826,777,156,806,579,864,341,871,1
1066,0,1268,35,825,51,611,105,421,177,1352,199,249,264,88,369,1265,433,0,512,1069,629,31,695,842,777,164,820,594,869,355,883,1
1105,0,876,12,667,32,1284,63,472,72,286,132,108,213,1344,225,0,344,1243,428,12,532,1048,586,140,674,823,701,330,754,573,765,1
674,0,890,9,471,10,1129,35,279,42,105,103,1296,139,0,227,1314,319,14,412,1170,501,127,560,956,619,296,661,736,687,508,706,1
673,0,915,5,457,16,1189,33,260,51,89,119,1379,155,0,254,1390,361,33,440,1220,551,154,586,986,667,321,686,756,729,529,737,1
678,0,919,10,461,11,263,42,1191,43,90,106,1379,170,0,237,1385,374,27,424,1210,563,145,573,976,671,311,677,744,730,517,733,1
777,0,541,1,1024,22,313,24,1284,64,107,90,1456,192,0,237,1456,387,37,447,1291,567,182,608,1068,681,374,714,839,747,602,762,1
560,0,797,3,328,19,1040,28,1295,75,115,81,1459,203,0,230,1457,395,35,443,1295,571,181,609,1075,682,377,715,848,747,610,763,1
875,0,619,9,1128,13,361,42,1387,48,122,124,1556,169,0,299,1564,365,52,535,1413,558,1198,694,231,705,969,787,458,802,716,829,1
875,0,623,5,1122,16,365,35,1375,55,126,111,1541,177,0,284,1550,372,45,525,1403,566,1190,702,220,700,961,795,447,803,707,829,1
881,0,627,2,1127,20,368,28,1380,64,126,103,1543,190,0,274,1546,386,41,516,1393,576,214,692,1178,706,949,795,438,797,695,832,1
651,0,901,6,387,17,1141,34,1381,84,136,86,1530,208,0,255,1525,394,39,499,1374,573,214,678,1166,697,944,781,439,783,695,816,1
98,0,270,34,431,91,0,86,551,156,647,222,741,292,31,347,822,384,853,500,203,590,834,616,781,701,396,739,704,760,576,787,1
269,0,434,52,0,66,559,114,658,180,756,249,22,319,834,345,854,463,179,544,822,577,754,657,360,684,667,712,532,734,-1,-1,1
105,0,283,27,448,83,0,103,574,146,672,213,766,283,840,381,20,375,857,501,823,618,180,610,756,703,362,748,667,764,536,792,1
116,0,303,37,475,102,0,107,599,174,697,246,788,321,17,401,860,424,877,548,183,656,840,669,771,757,372,803,683,820,549,849,1
325,0,509,47,642,105,0,130,747,167,842,234,920,336,25,446,938,467,900,601,829,706,206,697,737,790,409,824,597,844,-1,-1,1
331,0,531,12,677,43,116,43,788,86,890,135,967,236,0,241,975,373,923,519,43,562,842,638,744,741,227,762,604,819,422,838,1
327,0,526,8,672,37,782,77,958,225,0,252,966,364,915,512,42,574,834,634,737,739,225,772,598,821,417,844,-1,-1,-1,-1,1
393,0,618,10,779,41,898,83,1057,251,0,292,1028,401,932,551,7,609,814,672,689,774,162,794,529,847,344,863,-1,-1,-1,-1,1
407,0,630,7,791,34,904,71,1058,225,0,301,1034,365,946,510,838,629,17,622,719,735,189,796,565,817,380,848,-1,-1,-1,-1,1
423,0,647,18,915,94,1012,144,1062,254,0,284,1033,394,940,535,3,610,827,652,705,754,172,795,547,831,358,854,-1,-1,-1,-1,1
420,0,645,16,801,49,914,91,1062,251,0,288,1033,391,941,535,6,614,830,652,707,755,174,797,550,833,363,857,-1,-1,-1,-1,1
396,0,620,4,779,28,895,65,995,110,1053,219,0,302,1030,362,944,510,835,632,19,622,716,739,188,796,562,822,376,851,-1,-1,1
404,0,630,7,790,34,906,72,1007,119,1065,228,0,302,1041,370,956,517,847,637,22,625,730,743,199,801,576,825,389,853,-1,-1,1
626,0,397,2,792,21,915,56,144,75,1089,206,0,315,1075,350,997,500,894,625,46,638,779,735,238,810,626,822,437,858,-1,-1,1
663,0,419,7,843,16,975,47,150,88,1174,194,1174,342,0,336,1100,500,998,635,63,677,879,756,715,855,282,855,-1,-1,-1,-1,1
423,0,658,35,830,92,0,181,1079,226,1161,340,1162,487,25,533,1093,634,986,749,233,781,860,842,465,895,685,904,-1,-1,-1,-1,1
158,0,402,11,621,58,786,117,0,137,915,180,1037,249,1127,351,24,449,1145,483,1094,617,238,696,1002,720,882,801,480,826,711,850,1
166,0,418,14,646,64,815,126,0,134,947,192,1072,264,1160,368,21,447,1176,501,1121,634,235,700,1023,736,898,816,482,834,718,862,1
414,0,654,48,830,114,0,113,967,183,1095,257,1183,362,2,426,1196,494,1138,624,217,678,1036,722,904,798,475,813,718,842,-1,-1,1
562,0,685,2,443,7,321,25,774,43,193,58,69,110,803,133,0,201,756,245,20,329,662,335,544,407,119,417,404,451,253,453,1
423,0,541,1,303,9,665,11,180,33,752,58,64,75,771,150,0,157,714,252,19,276,613,330,109,362,499,385,228,410,367,416,1
435,0,314,2,555,9,188,19,678,26,67,54,763,77,0,131,778,169,16,250,716,265,614,335,105,339,497,382,225,392,364,405,1
434,0,313,0,554,10,187,15,677,28,67,48,760,81,0,125,775,172,15,244,712,268,103,334,610,335,493,381,223,388,360,403,1
316,0,435,7,190,6,551,26,71,31,671,52,0,101,749,110,757,200,7,217,688,289,87,311,583,348,199,372,464,385,333,396,1
316,0,191,6,435,8,551,26,72,28,671,52,0,100,750,110,757,200,7,216,689,288,87,309,583,347,200,371,465,384,334,396,1
206,0,331,8,85,10,449,29,564,60,7,72,682,101,755,167,0,188,751,259,67,290,671,340,171,364,557,386,301,405,434,409,1
222,0,96,7,349,13,468,38,12,67,584,73,701,117,770,186,0,186,764,278,65,292,682,358,170,370,565,402,302,414,439,422,1
452,0,579,7,325,5,710,22,194,26,70,65,799,76,0,149,815,174,16,272,748,279,638,355,106,365,514,407,229,419,374,433,1
458,0,588,3,328,9,723,15,193,33,818,69,67,76,0,165,840,167,778,276,23,293,670,357,123,384,546,414,253,436,403,445,1
506,0,364,2,644,12,216,20,786,33,75,61,882,96,0,155,899,201,25,296,829,312,715,392,134,400,585,447,276,460,434,474,1
604,0,433,1,772,15,255,21,945,43,89,69,1062,124,0,183,1074,257,26,351,978,391,148,477,833,485,672,548,308,552,493,575,1
451,0,624,5,270,13,791,26,98,55,962,60,1075,144,0,169,1081,275,19,342,982,405,140,476,835,496,672,556,303,556,490,581,1
466,0,655,1,272,18,841,19,1033,53,94,71,1157,148,0,195,1160,296,28,374,1044,440,154,509,878,536,319,591,703,598,512,621,1
491,0,290,9,685,11,873,39,103,55,1067,83,0,178,1188,187,1182,336,21,364,1056,476,145,508,884,567,312,599,703,623,507,638,1
518,0,308,0,721,18,111,40,919,55,1121,111,0,167,1242,226,16,361,1226,382,138,514,1085,522,899,608,305,615,708,656,505,663,1
512,0,300,5,735,17,110,46,970,58,1222,122,0,168,7,356,113,515,1171,605,272,632,935,687,478,704,705,720,-1,-1,-1,-1,1
502,0,295,6,720,15,109,49,953,53,1206,116,0,170,1366,256,9,360,1347,446,116,519,1162,605,274,636,928,688,476,707,700,722,1
651,0,891,5,440,15,1162,34,250,51,84,119,1348,159,0,250,1350,369,28,432,1172,559,141,575,936,668,298,674,710,725,493,727,1
636,0,979,77,446,142,295,277,968,381,183,405,99,531,25,665,833,667,0,809,665,883,62,959,488,1025,174,1045,316,1065,-1,-1,1
823,0,654,34,932,141,476,162,327,277,213,391,903,413,123,508,38,635,773,667,0,774,612,861,48,924,445,992,145,1011,279,1030,1
812,0,647,36,920,135,471,162,325,276,212,388,890,398,122,503,38,627,761,643,0,762,604,832,47,907,437,963,147,990,277,1011,1
906,0,454,36,309,156,200,274,874,279,114,392,34,518,743,533,0,653,586,724,46,796,424,853,142,878,268,903,-1,-1,-1,-1,1
858,0,693,23,510,130,947,138,357,226,240,324,889,390,142,427,50,536,736,617,0,661,564,786,27,804,110,893,389,897,231,930,1
846,0,683,22,502,130,936,139,354,227,237,325,880,393,140,427,50,537,729,620,0,662,557,789,28,805,109,895,385,899,230,932,1
850,0,687,19,507,122,935,137,356,216,238,311,877,384,141,411,50,519,726,605,0,642,553,769,29,782,109,871,384,875,229,906,1
837,0,678,22,502,128,926,136,355,224,238,321,877,386,142,424,50,535,733,613,0,662,563,785,27,806,111,897,391,898,232,932,1
842,0,682,22,504,131,930,139,355,229,238,328,879,392,142,431,51,544,732,620,0,672,562,793,30,816,112,905,390,905,235,941,1
860,0,699,16,517,118,943,144,365,210,245,304,881,394,147,404,54,512,726,615,0,637,25,780,555,778,107,872,381,882,225,910,1
860,0,699,15,516,116,944,144,364,208,243,301,146,401,881,395,51,508,725,615,0,633,25,777,552,778,105,869,378,880,223,908,1
922,0,747,3,547,98,1002,161,385,183,259,271,155,364,916,425,57,465,0,586,734,641,17,731,541,790,90,832,361,876,204,885,1
929,0,752,1,551,95,1008,163,387,179,260,266,156,358,919,429,58,459,0,580,735,646,17,727,541,794,89,829,359,877,203,885,1
852,0,1041,35,622,63,440,123,299,190,1093,236,184,264,76,349,4,462,945,503,0,612,714,688,54,728,496,796,155,807,304,836,1
863,0,1055,40,631,61,446,118,302,183,188,258,1105,247,78,341,4,454,950,518,0,606,715,702,55,726,153,809,492,805,304,843,1
662,0,1137,0,460,49,307,119,186,196,1184,239,72,287,0,410,1000,538,2,573,62,702,743,722,166,795,511,816,315,840,-1,-1,1
358,0,207,10,548,13,73,61,778,53,1056,131,0,189,1239,324,29,374,117,535,1222,572,241,663,1024,740,399,757,793,798,583,803,1
327,0,516,6,184,13,757,36,60,69,1060,111,0,198,1267,321,34,380,121,536,1244,594,239,663,391,758,1024,766,569,812,778,817,1
880,0,589,8,1261,26,362,36,190,79,54,161,1562,214,0,308,62,501,1582,525,187,659,1338,757,347,779,1038,858,770,876,546,860,1
956,0,1353,10,641,20,390,61,199,117,1658,195,50,213,0,376,1677,505,85,577,235,733,1433,754,416,846,1137,875,631,915,873,925,1
1069,0,1486,5,729,24,451,71,233,136,61,241,0,418,1816,496,89,635,1571,760,254,800,1257,904,460,913,702,974,-1,-1,-1,-1,1
1071,0,1472,13,740,16,463,57,242,117,1771,192,65,221,0,398,1790,498,78,621,1549,763,242,792,446,909,1242,906,953,955,-1,-1,1
1013,0,706,7,1384,22,449,38,240,87,70,179,1658,190,0,344,1680,471,71,555,220,721,1456,713,411,837,1167,843,-1,-1,-1,-1,1
1020,0,713,0,455,26,1387,30,246,71,73,162,1648,213,0,329,1649,499,68,542,211,711,1417,732,395,831,1130,853,618,901,865,909,1
996,0,693,4,1362,26,438,32,232,78,66,165,1625,196,0,324,1630,473,72,526,218,684,1401,699,400,795,1117,815,618,861,860,867,1
977,0,683,3,1329,24,436,30,233,75,68,160,1585,186,0,317,1600,452,69,520,214,678,1384,678,396,790,1111,798,614,853,855,856,1
1008,0,699,0,443,25,1380,31,236,69,69,155,1643,211,0,314,1640,492,65,519,206,680,1399,717,386,795,1108,831,603,866,844,878,1
729,0,1044,12,468,15,254,52,1424,58,79,133,1683,255,0,292,55,504,1665,545,190,675,1406,766,365,801,1103,867,585,882,832,906,1
742,0,576,4,869,12,983,37,356,33,1054,129,1048,264,0,359,975,411,877,537,59,633,765,650,618,743,244,765,435,790,-1,-1,1
825,0,636,1,974,17,390,29,1105,47,131,128,1187,149,1178,297,0,362,1092,454,975,585,65,646,843,699,675,788,264,791,473,828,1
851,1,658,0,1002,21,404,26,138,123,1215,156,1203,304,0,356,1110,459,987,587,65,640,852,698,682,786,265,785,478,824,-1,-1,1
858,2,662,0,1013,22,407,24,1151,56,143,116,1234,161,1216,309,0,345,1121,465,993,593,59,627,854,702,258,776,679,786,471,819,1
658,0,408,6,852,18,1003,52,140,85,1223,210,0,325,1215,365,1129,526,63,644,1008,658,873,770,268,821,698,855,487,881,-1,-1,1
622,0,790,31,915,85,1032,148,0,158,1104,259,1093,399,32,472,1013,535,905,640,215,680,778,725,418,772,614,778,-1,-1,-1,-1,1
182,0,301,8,66,11,402,28,494,56,0,80,584,91,644,150,7,204,647,229,592,304,88,305,513,354,194,370,421,385,312,395,1
179,0,301,7,62,13,405,28,497,55,0,85,590,90,652,149,20,217,661,230,616,307,113,320,540,360,226,384,454,395,347,407,1
176,0,64,5,291,14,391,40,481,72,0,69,571,112,633,174,5,196,637,257,84,305,585,332,506,380,188,378,415,408,306,412,1
92,0,206,13,319,46,16,50,414,86,498,132,0,175,582,184,635,254,63,296,630,336,159,387,570,404,486,440,276,440,388,454,1
96,0,207,20,18,45,317,59,412,104,493,156,0,166,576,213,625,285,58,287,615,365,149,380,553,426,261,439,465,455,371,460,1
89,0,203,18,14,46,315,54,411,98,494,148,0,167,576,204,627,275,60,288,619,354,154,380,557,416,267,437,472,446,377,455,1
84,0,198,15,312,48,10,50,408,89,492,135,0,171,578,188,631,258,66,290,626,337,163,378,566,402,278,431,483,435,388,446,1
86,0,200,15,314,48,11,49,410,88,494,135,0,172,578,188,632,256,66,291,628,335,164,380,569,400,280,432,485,434,391,445,1
87,0,201,14,315,47,12,48,410,87,494,133,0,169,579,186,632,255,65,287,628,333,163,376,568,398,278,428,484,431,389,442,1
83,0,195,11,309,38,10,52,406,75,492,119,580,168,0,173,634,237,65,288,630,317,162,374,571,384,485,420,278,423,390,434,1
71,1,183,0,298,18,398,47,4,58,489,83,582,126,0,180,643,192,644,275,72,288,585,348,171,366,498,391,289,408,402,412,1
183,0,70,2,298,18,399,46,3,59,490,82,585,125,0,180,647,192,647,276,70,290,587,350,170,368,500,393,289,410,402,415,1
179,0,299,5,64,17,404,22,499,46,595,79,0,87,661,138,12,214,670,221,620,302,99,317,540,357,211,382,447,393,335,406,1
95,0,218,6,338,34,14,63,441,69,528,111,615,159,0,195,667,229,658,313,67,316,593,385,168,401,503,427,289,444,404,449,1
182,0,64,9,306,16,410,44,506,81,0,80,601,126,666,200,1,220,667,293,78,341,608,378,183,423,519,432,422,461,306,463,1
86,0,183,20,23,50,276,62,350,108,410,158,0,185,473,214,509,287,49,317,501,367,124,414,449,433,381,469,219,470,308,484,1
97,0,209,19,21,55,319,60,409,108,484,160,0,196,561,219,609,297,57,334,600,386,149,436,540,458,457,496,260,496,367,511,1
90,0,218,2,350,28,464,65,8,70,565,109,667,163,0,218,735,243,734,342,79,353,667,429,194,450,569,480,330,501,460,506,1
94,0,227,4,359,32,472,70,11,68,572,116,673,170,0,217,738,250,733,348,77,352,664,432,191,448,564,481,326,500,455,506,1
205,0,341,11,76,12,460,35,567,69,0,89,679,111,755,186,2,235,762,286,89,360,698,380,599,441,211,445,486,478,352,484,1
204,0,78,5,332,18,440,48,1,78,539,84,637,130,701,203,0,224,703,296,83,349,642,382,196,434,552,437,449,469,327,473,1
82,0,215,7,355,39,3,75,473,84,575,137,681,201,0,244,753,292,757,403,86,401,694,499,209,515,597,556,355,577,489,585,1
87,0,228,23,371,70,1,76,482,126,574,187,665,255,0,281,733,347,744,458,107,477,700,561,249,610,623,628,531,668,402,671,1
286,0,10,32,451,67,577,143,681,223,0,264,782,308,858,418,120,494,864,544,806,654,279,659,714,721,454,744,606,754,-1,-1,1
139,0,319,1,496,30,668,80,14,83,836,145,1002,224,0,256,1093,336,78,414,1068,468,217,535,938,571,396,612,766,621,585,637,1
256,0,417,13,102,22,582,43,755,88,4,114,934,152,1037,267,0,270,79,406,1014,408,202,509,876,520,358,574,703,573,530,593,1
268,0,447,6,630,27,98,34,815,63,1003,118,0,144,1115,227,16,314,1104,371,123,454,978,493,272,548,809,563,449,600,633,601,1
247,0,419,2,598,21,91,32,791,58,997,115,0,134,1121,236,10,293,1099,394,100,428,947,517,230,526,759,579,395,588,575,604,1
416,0,243,2,603,14,87,40,806,45,1028,99,0,145,1167,224,15,305,1151,390,108,439,993,524,243,539,793,590,413,601,600,617,1
414,0,603,3,240,12,805,22,81,61,1026,62,0,173,1172,175,27,334,1170,340,134,465,1026,483,279,555,836,565,457,605,645,607,1
620,0,821,8,428,8,245,32,1036,33,80,91,1181,134,0,215,1191,294,41,383,1066,444,167,510,890,541,328,589,707,602,515,621,1
656,0,862,7,455,10,1080,32,261,37,85,102,1224,131,0,235,1232,292,45,411,1107,447,180,541,930,551,351,618,745,619,547,645,1
648,0,861,2,446,15,1089,24,254,46,82,114,1242,126,0,246,1250,293,44,420,1116,455,176,547,930,561,343,625,739,629,539,654,1
696,0,479,8,920,11,271,35,1156,42,86,102,1308,154,0,241,1305,327,50,426,1161,487,192,560,969,590,368,642,773,653,569,675,1
696,0,481,9,918,12,273,35,1152,42,87,101,1302,153,0,239,1301,325,48,424,1158,484,188,558,966,587,364,641,771,651,566,673,1
693,0,916,9,479,9,272,36,1150,38,86,105,1302,148,0,243,1302,320,50,427,1161,480,191,563,970,585,368,644,775,650,570,674,1
688,0,910,5,474,13,1146,30,268,44,85,115,1300,139,0,256,1302,311,52,439,1162,475,193,571,972,583,370,651,777,652,573,678,1
630,0,843,8,434,11,1080,34,252,39,90,97,1249,140,0,217,1268,321,20,392,1126,497,130,534,919,608,290,632,706,670,489,682,1
818,0,609,2,1056,16,418,19,243,54,88,116,1232,112,0,234,1260,292,20,404,1125,476,126,541,919,594,285,637,705,664,486,681,1
995,0,766,2,565,17,384,47,1173,81,220,93,75,162,1220,252,0,279,28,441,1106,441,139,568,914,571,298,651,709,652,497,682,1
762,0,986,7,565,8,388,31,226,71,1158,89,81,132,0,242,1199,257,17,401,1080,437,120,528,884,559,271,616,677,632,464,654,1
763,0,573,2,976,11,399,19,237,54,1136,93,88,111,0,219,1171,251,12,379,1056,423,113,509,868,540,264,597,667,610,458,633,1
568,0,747,0,948,10,404,16,248,50,1101,75,102,98,8,188,1139,215,0,333,1030,376,85,453,841,486,228,538,635,552,422,575,1
569,0,746,2,405,15,944,13,250,46,1095,79,103,91,8,179,1133,216,0,321,1025,373,83,440,838,479,224,525,632,542,419,562,1
577,0,753,2,413,12,951,15,258,42,110,84,1100,81,12,170,1135,219,0,313,1026,372,81,434,837,479,223,521,632,540,417,559,1
447,1,612,0,786,16,288,20,978,43,133,51,1119,117,24,131,1148,252,0,274,1034,395,74,401,842,490,215,498,632,541,412,547,1
616,0,805,6,445,13,1020,24,283,41,130,81,1183,93,24,162,1217,239,0,302,1087,399,71,426,870,505,208,519,639,559,408,569,1
632,0,830,0,1057,7,456,21,289,56,1234,71,133,102,25,187,1278,222,0,332,1146,398,71,457,917,516,214,552,671,583,424,599,1
540,0,723,5,362,13,185,36,919,34,1136,72,52,108,1293,157,0,257,1313,306,58,397,1163,458,199,511,924,548,416,580,671,588,1
538,0,723,2,361,16,922,26,186,43,1145,61,53,116,1308,143,0,265,1329,298,56,404,1174,455,194,515,928,548,410,583,668,590,1
187,3,380,0,579,7,772,36,46,66,965,83,1175,141,0,227,1334,234,1373,378,90,387,1261,516,274,523,1052,598,532,609,808,628,1
214,0,62,32,411,49,606,112,781,190,0,194,941,282,1110,381,87,398,1230,502,267,585,1246,641,512,723,1144,750,762,786,971,793,1
203,0,56,32,400,45,597,103,771,179,0,190,932,265,1103,362,94,388,1226,477,282,568,1249,612,532,701,1154,721,781,761,988,764,1
195,0,54,33,388,44,587,100,768,174,0,191,937,264,1120,364,91,387,272,572,523,712,1176,743,781,780,997,788,-1,-1,-1,-1,1
203,0,64,20,384,70,564,152,0,181,720,247,860,354,77,395,1009,468,1111,599,238,599,1120,735,459,757,1023,835,682,840,869,863,1
78,0,401,87,0,161,572,191,712,302,69,396,833,417,960,536,224,619,1044,667,1042,796,434,790,641,880,952,885,810,907,-1,-1,1
402,0,0,56,570,113,704,232,60,297,818,353,937,479,206,527,1013,614,406,706,1005,742,605,806,910,826,770,840,-1,-1,-1,-1,1
169,0,53,11,326,86,481,185,0,184,604,290,709,399,79,416,819,513,896,638,222,630,898,764,407,788,828,855,581,865,717,883,1
1305,0,1545,19,1022,45,782,87,572,148,1645,168,380,226,191,305,49,415,1520,411,0,589,1222,616,72,728,877,760,247,822,532,838,1
534,0,406,1,672,8,286,13,171,38,767,65,63,81,0,162,778,173,10,278,698,286,576,366,81,366,447,416,184,421,313,438,1
409,0,534,2,289,8,667,15,171,30,62,69,760,71,0,148,775,173,13,263,703,281,90,350,589,356,464,404,198,405,329,423,1
412,0,536,4,292,7,669,17,174,28,64,66,759,74,0,144,771,176,11,259,696,282,85,347,580,356,454,403,191,403,321,422,1
520,0,397,2,652,8,279,14,163,39,742,59,57,82,759,158,0,162,691,265,20,274,583,341,100,355,464,392,208,403,335,416,1
522,0,399,1,652,8,281,12,165,37,742,60,58,79,758,159,0,159,690,265,18,271,581,341,97,353,461,391,204,402,332,415,1
526,1,403,0,283,11,657,10,166,34,747,65,58,77,0,158,762,164,695,270,21,273,587,346,103,357,469,396,212,407,341,420,1
541,0,416,0,670,10,294,11,174,35,759,63,62,78,774,161,0,161,708,267,20,277,601,343,103,361,481,395,217,410,349,422,1
534,1,410,0,663,9,290,12,171,36,751,61,61,79,766,159,0,160,699,265,19,275,591,341,101,358,472,392,211,407,341,418,1
516,0,395,1,645,8,278,14,164,38,734,58,59,81,750,156,0,160,684,263,18,272,576,339,95,354,457,390,203,402,329,414,1
353,0,217,2,482,10,81,25,604,31,725,61,0,104,803,123,809,214,6,232,739,305,96,334,630,367,221,398,507,407,367,423,1
345,0,471,6,209,6,592,23,78,33,714,48,793,106,0,111,801,197,8,236,734,288,98,332,627,352,222,393,505,395,367,413,1
455,0,331,1,575,11,200,15,696,29,74,49,778,83,0,130,791,173,11,252,728,269,625,339,102,345,506,389,226,400,368,413,1
549,0,672,1,430,7,309,25,761,43,183,56,63,106,789,131,0,194,741,237,25,315,648,322,535,388,125,397,401,433,256,437,1
209,0,344,5,78,20,471,22,593,49,716,86,0,97,791,156,5,224,788,252,87,329,709,340,596,395,202,399,473,427,338,432,1
354,0,213,1,487,12,77,27,613,36,742,71,0,110,821,141,820,241,14,243,741,335,105,349,628,396,227,416,505,433,367,444,1
393,0,541,2,237,13,684,15,829,40,86,54,925,109,0,153,936,220,17,302,858,334,123,415,734,417,593,473,267,481,433,501,1
392,0,540,2,237,14,684,15,829,40,86,53,925,109,0,154,936,220,17,302,858,334,734,416,123,415,593,474,267,481,433,501,1
517,0,342,3,695,21,169,27,868,72,982,202,981,326,0,337,145,428,855,444,314,500,682,510,500,530,-1,-1,-1,-1,-1,-1,2
655,0,480,7,834,20,308,33,1007,67,140,79,0,163,1125,195,16,235,1128,319,150,349,295,438,1006,440,835,509,467,508,654,533,2
656,0,480,9,833,19,308,36,1007,65,139,83,0,168,1124,192,16,240,1129,316,151,354,1008,437,297,441,838,508,470,510,657,534,2
656,0,481,9,833,17,307,37,1007,62,139,84,0,172,1124,189,16,244,1129,312,152,357,1010,434,299,444,841,505,473,511,660,534,2
662,0,487,9,837,19,312,37,1009,63,142,83,0,171,1125,187,18,243,1131,309,158,357,1016,429,307,443,849,501,483,510,670,530,2
669,0,494,3,845,24,319,25,147,68,1014,74,0,150,1126,202,13,223,1128,324,147,341,294,434,1008,442,467,506,838,510,656,533,2
661,0,486,7,839,21,312,32,1010,68,142,78,0,161,1127,195,14,234,1132,318,149,351,1013,440,295,441,842,511,470,512,659,537,2
661,0,486,9,840,20,312,35,1014,66,142,81,0,167,1131,193,14,239,1137,318,149,355,1017,441,297,444,845,513,472,515,662,539,2
664,0,486,11,845,16,312,41,1021,60,142,91,0,178,1142,188,16,251,1149,313,153,366,1029,439,303,454,856,515,479,522,671,544,2
666,0,487,12,851,15,311,44,1030,58,141,94,0,184,1156,185,17,257,1164,313,155,371,1043,440,306,459,869,518,486,527,680,548,2
709,0,520,7,902,23,333,33,1090,74,152,82,0,171,1218,214,15,248,1222,349,156,374,312,472,1090,480,499,551,903,555,704,581,2
713,0,522,10,909,19,334,41,1101,68,151,92,0,185,1233,209,16,263,1240,346,161,387,1107,481,319,484,918,560,509,561,716,589,2
721,0,528,12,918,18,337,44,1113,66,153,96,0,192,1247,206,18,272,1256,344,166,396,1123,482,327,493,934,564,520,569,731,595,2
729,0,534,12,929,18,342,46,1123,67,155,99,0,196,1257,208,17,276,1266,347,167,403,1133,486,331,501,943,569,527,577,739,602,2
772,0,565,13,983,19,362,48,1192,69,164,106,0,207,1336,218,19,292,1346,366,178,425,1206,512,352,528,1003,602,559,610,785,636,2
800,0,1019,16,585,18,374,58,1235,65,169,121,1385,217,0,232,20,321,1397,372,188,458,1256,528,370,563,1048,625,587,645,823,667,2
840,0,614,11,1071,24,392,48,1298,82,178,108,0,216,1454,247,19,310,1463,408,187,457,1307,568,375,572,1084,662,600,664,845,696,2
854,0,626,8,1085,27,402,40,1313,89,183,98,0,205,1466,258,18,298,1472,419,185,450,373,569,1312,578,598,665,1087,669,846,700,2
864,0,634,6,1100,30,407,38,187,94,1330,95,0,199,1483,267,18,294,1487,432,185,448,373,570,1324,591,599,671,1094,681,850,710,2
872,0,637,13,1114,24,407,52,1353,84,185,114,0,227,1517,253,20,323,1528,422,193,475,1365,588,387,594,1131,687,621,690,879,724,2
890,0,651,9,1135,29,416,44,1376,94,189,104,0,215,1539,273,18,313,1547,446,191,471,387,597,1378,614,622,701,1140,710,884,742,2
899,0,658,8,1147,30,421,42,1390,98,192,101,0,212,1552,279,17,310,1558,453,191,473,387,601,1387,622,623,706,1145,717,888,748,2
909,0,666,6,1157,33,428,37,197,95,1400,102,0,206,1561,284,18,306,1566,458,191,470,389,600,1394,625,627,708,1151,719,893,750,2
912,0,668,7,1161,33,428,41,197,100,1404,100,0,212,1567,283,18,312,1572,459,194,476,392,606,1400,627,632,712,1157,723,897,754,2
908,0,665,10,1156,28,426,46,1401,94,194,108,0,221,1565,275,18,321,1572,450,196,482,396,610,1402,621,636,713,1160,719,902,753,2
856,0,627,13,1088,22,402,50,1315,81,183,115,0,225,1469,246,22,320,1478,408,197,469,1325,569,389,583,1104,665,618,674,866,703,2
837,0,614,11,1062,24,394,47,1282,80,179,107,0,217,1431,241,20,308,1440,398,191,454,1289,554,379,567,1074,647,601,654,842,683,2
822,0,603,8,1042,25,387,39,1255,85,176,95,0,200,1397,244,19,291,1401,397,185,435,1252,547,367,547,1042,633,583,635,817,666,2
797,0,585,8,1012,25,376,39,1220,81,171,93,0,195,1359,236,19,282,1363,384,178,420,354,529,1216,530,1010,614,563,615,791,644,2
781,0,575,4,990,27,370,31,169,81,1191,86,0,177,1325,238,17,263,1327,383,172,403,344,511,1184,523,547,597,983,603,769,630,2
763,0,562,6,968,25,361,35,1165,80,165,85,0,183,1297,227,19,266,1301,369,174,401,343,505,1163,507,969,587,544,586,761,616,2
722,0,530,8,916,21,340,37,1107,73,156,87,0,178,1234,215,16,256,1238,351,160,382,319,481,1103,485,508,560,914,561,714,588,2
694,0,508,11,884,16,324,44,1073,64,146,97,0,190,1202,199,18,266,1211,332,162,385,1083,465,319,478,901,544,505,551,706,574,2
695,0,512,6,879,19,329,34,1058,70,150,81,0,171,1178,202,17,247,1183,330,161,369,1060,456,317,462,886,530,500,534,697,559,2
679,0,500,9,862,17,320,39,1039,63,147,86,0,180,1159,192,15,254,1165,319,157,370,1043,446,306,463,869,522,488,531,682,553,2
663,0,487,6,842,20,313,32,1018,67,142,79,0,163,1138,197,14,235,1144,324,148,353,295,445,1021,447,470,518,848,519,662,544,2
642,0,473,2,812,23,305,22,140,61,978,73,0,139,1089,199,11,210,1093,319,138,325,277,417,974,434,444,490,807,499,628,519,2
640,0,472,2,810,23,305,23,140,63,974,72,0,140,1084,198,12,209,1086,317,136,324,274,415,967,432,440,488,800,497,622,517,2
635,0,467,3,805,21,300,24,138,63,972,69,0,141,1086,193,11,210,1091,313,136,323,275,413,973,428,442,486,805,493,626,515,2
646,1,479,0,310,19,815,26,143,56,979,77,0,132,9,204,1090,204,132,323,1095,324,272,418,978,441,442,495,809,507,628,527,2
679,0,501,1,325,21,858,28,150,60,1033,81,0,139,10,214,1150,214,138,337,1153,341,284,436,1026,463,460,516,847,531,656,550,2
693,0,511,0,330,20,878,28,153,59,1059,84,0,140,9,216,1183,223,140,342,1188,355,289,447,1058,482,471,532,873,550,674,569,2
519,0,700,2,337,20,882,33,156,60,1059,86,0,137,10,214,1180,222,145,340,1187,351,297,443,1062,474,481,527,881,543,684,562,2
704,1,524,0,340,21,885,30,158,59,1061,81,0,138,1184,211,10,216,1194,337,151,340,307,441,1074,460,497,520,896,530,701,552,2
546,0,724,11,359,13,169,43,898,48,1066,105,0,115,6,194,1180,237,149,327,1188,358,309,436,1071,476,499,522,897,542,705,559,2
552,0,733,11,363,11,172,41,910,47,1080,106,0,115,8,196,1196,239,153,331,1205,363,315,441,1088,483,509,530,912,549,719,567,2
574,0,381,5,759,16,181,29,936,59,0,98,1104,124,5,182,1218,260,151,325,1226,384,316,443,1106,504,515,539,928,567,729,582,2
583,0,387,5,770,17,185,29,951,60,0,100,1124,126,3,184,1240,266,150,332,1249,394,317,451,1126,516,519,550,943,581,738,595,2
577,0,764,13,381,10,182,38,948,53,1126,115,0,112,4,196,1249,255,152,340,1260,386,320,459,1137,512,524,556,953,581,745,598,2
582,0,385,10,768,15,183,36,950,56,0,110,1127,119,5,197,1248,260,158,342,1264,388,329,463,1144,515,536,560,964,584,758,602,2
599,1,401,0,193,17,783,24,956,73,0,83,1122,141,3,171,1232,280,158,328,1242,405,331,454,1128,524,539,556,956,588,757,602,2
590,0,395,0,190,19,768,23,937,70,0,85,1098,138,4,172,1208,275,163,327,1219,398,337,452,1114,516,543,553,948,582,755,597,2
399,0,195,8,590,9,759,39,0,68,912,91,1059,162,2,158,1157,294,165,321,1168,411,339,452,1072,522,541,554,921,584,744,599,2
382,0,567,6,185,11,733,32,0,74,884,82,1032,149,5,162,1129,280,165,320,1140,396,334,445,1048,508,531,544,901,570,728,587,2
377,0,560,8,183,11,725,34,0,72,875,84,1021,153,4,157,1119,283,161,314,1130,399,328,439,1037,509,521,539,890,568,718,583,2
367,0,549,5,177,12,715,29,870,77,0,75,1021,145,5,162,1122,279,158,315,1135,396,322,440,1040,509,515,540,889,570,714,584,2
373,0,555,7,180,11,719,34,0,73,869,83,1017,152,5,161,1116,282,164,317,1131,398,332,443,1038,509,526,542,895,570,722,585,2
374,0,182,4,556,18,717,47,0,57,861,103,1,147,1003,177,1094,312,153,312,1102,429,315,445,1010,537,506,553,866,595,699,603,2
191,0,391,7,571,31,0,47,726,74,857,134,5,147,183,333,1088,461,358,480,1014,568,554,591,891,626,739,640,-1,-1,-1,-1,2
178,0,366,13,533,43,0,38,673,90,2,138,791,156,910,236,168,329,986,369,997,480,331,479,928,582,511,594,818,636,681,646,2
167,0,337,20,0,35,489,54,613,104,1,132,717,170,821,250,151,325,885,378,299,474,895,484,462,588,734,633,614,640,-1,-1,2
304,0,1,8,442,37,553,86,0,101,646,151,739,229,135,285,793,351,266,427,800,450,740,538,411,537,651,583,543,588,-1,-1,2
293,0,4,6,425,37,533,85,0,97,622,150,710,227,129,277,762,348,251,417,767,445,390,526,709,531,621,575,518,578,-1,-1,2
289,0,2,8,419,37,527,85,0,97,614,148,703,225,125,276,247,414,757,441,383,522,699,527,613,570,510,573,-1,-1,-1,-1,2
286,0,3,12,419,33,527,80,0,100,618,142,709,220,125,275,246,413,766,441,383,522,707,528,616,572,511,574,-1,-1,-1,-1,2
254,0,4,7,369,34,459,79,0,88,535,136,611,207,109,252,652,317,212,379,654,405,329,477,602,482,526,521,437,523,-1,-1,2
244,0,3,19,357,28,450,67,0,97,610,188,105,248,207,368,660,384,608,463,325,462,530,503,436,506,-1,-1,-1,-1,-1,-1,2
241,0,4,15,353,29,444,68,0,91,524,119,599,190,101,243,201,361,644,384,314,455,590,461,512,498,422,500,-1,-1,-1,-1,2
118,0,239,16,7,25,347,47,434,87,0,100,506,141,97,250,616,311,191,367,616,394,299,459,563,467,487,502,401,503,-1,-1,2
116,0,239,12,5,27,349,40,439,78,0,98,516,126,590,194,96,240,628,296,189,351,298,439,493,482,402,483,-1,-1,-1,-1,2
116,0,236,11,4,30,348,36,439,73,0,100,517,120,593,187,96,239,635,288,190,348,634,370,576,441,497,476,407,477,-1,-1,2
232,0,342,23,4,20,436,58,0,87,596,171,89,219,641,272,180,324,637,355,287,409,574,424,394,454,490,456,-1,-1,-1,-1,2
233,0,6,14,343,26,436,63,0,80,592,179,85,212,633,280,175,314,172,318,627,362,276,404,562,428,380,451,476,455,-1,-1,2
211,0,317,13,411,40,0,37,491,76,0,99,571,132,93,216,623,305,187,308,569,375,294,381,490,411,399,415,-1,-1,-1,-1,2
104,0,216,5,318,24,3,31,404,51,407,56,480,92,0,92,552,151,86,209,592,241,172,302,590,316,272,377,535,381,457,412,2
207,0,97,3,310,12,397,36,0,38,476,72,0,96,552,123,90,204,599,210,597,281,178,288,543,346,279,353,466,379,380,384,2
100,0,210,2,312,17,1,33,397,43,472,81,0,92,544,132,88,202,584,217,584,288,174,288,530,351,273,355,455,382,369,386,2
98,0,204,2,304,17,1,32,387,43,459,80,0,90,529,132,84,199,568,215,566,285,168,283,515,347,263,350,441,378,358,381,2
97,0,202,4,299,21,2,30,379,48,449,86,0,87,516,138,79,198,160,283,550,292,499,353,252,352,426,383,345,385,-1,-1,2
96,0,199,3,293,20,3,29,375,46,443,81,0,86,509,135,80,194,159,279,542,287,491,347,249,346,419,376,339,378,-1,-1,2
91,0,189,2,281,17,2,30,359,41,427,76,0,84,491,127,74,188,527,208,151,269,524,275,473,333,238,334,403,362,326,365,2
177,0,264,13,260,18,4,24,336,40,399,76,0,75,463,125,67,174,495,205,135,252,490,273,215,316,-1,-1,-1,-1,-1,-1,2
85,0,176,2,261,18,3,27,333,41,397,74,0,77,457,126,65,174,489,203,132,250,484,267,210,315,435,318,431,323,292,346,2
171,0,255,13,4,28,327,36,389,70,0,77,451,116,68,173,134,248,479,261,213,309,430,312,366,338,293,339,-1,-1,-1,-1,2
87,0,178,1,263,14,3,29,335,36,395,70,0,78,457,114,67,171,134,245,483,251,436,302,213,306,368,331,296,333,-1,-1,2
87,0,179,2,264,15,3,29,336,37,400,68,0,78,459,115,67,173,134,247,485,252,438,309,214,306,368,333,295,335,-1,-1,2
86,0,178,1,264,13,3,29,337,35,402,65,0,78,463,114,67,171,495,187,135,244,490,248,440,302,215,302,372,331,298,332,2
182,0,88,1,269,12,343,33,3,30,409,66,0,81,471,111,68,176,500,251,140,251,452,307,223,310,382,335,307,338,-1,-1,2
92,0,190,0,282,12,2,31,360,34,426,67,0,83,492,114,74,179,526,188,523,253,149,255,471,304,472,311,235,315,401,337,2
198,0,94,4,295,10,380,29,1,38,453,61,0,89,524,107,565,185,80,185,562,251,160,260,508,310,254,319,432,342,349,346,2
205,0,98,5,305,8,393,25,0,42,471,56,1,94,544,98,547,101,591,176,591,182,84,190,590,247,170,264,535,308,268,323,2
214,0,101,5,318,7,409,27,0,42,489,59,0,95,565,104,609,184,86,195,609,253,174,271,552,314,552,319,276,332,470,350,2
218,0,106,4,324,9,416,30,1,40,499,63,0,94,576,112,85,195,617,265,173,274,559,326,276,336,474,361,379,366,-1,-1,2
246,0,118,4,362,10,466,31,0,42,556,67,0,100,641,118,688,204,94,206,192,290,622,342,306,356,423,384,-1,-1,-1,-1,2
336,0,220,5,443,9,103,22,547,33,0,70,647,74,5,122,713,160,100,213,716,238,198,283,647,312,315,339,547,352,436,363,2
337,0,444,7,219,8,548,29,101,29,649,67,0,79,6,131,716,150,103,219,722,227,205,287,655,303,323,340,556,346,445,360,2
339,0,449,3,223,11,553,22,655,58,0,88,723,138,729,215,109,223,211,289,665,291,567,337,457,355,-1,-1,-1,-1,-1,-1,2
339,0,447,6,222,7,551,27,103,29,652,65,0,79,6,131,718,148,104,219,722,224,205,287,655,299,323,339,555,343,445,357,2
349,0,231,8,459,11,107,28,563,35,662,74,0,76,6,130,724,157,105,219,727,232,208,288,660,305,327,340,561,346,449,360,2
348,2,230,0,457,12,109,14,560,40,0,59,657,83,2,112,718,170,93,207,717,247,191,280,644,319,306,339,540,357,427,366,2
349,0,231,4,458,7,106,24,561,31,657,68,660,72,0,74,4,127,723,156,101,219,727,234,202,290,658,308,321,344,556,352,2
346,0,348,4,457,6,229,11,561,26,106,35,661,62,0,88,6,142,727,144,733,220,108,229,669,297,212,296,569,344,334,346,2
358,0,467,7,236,9,570,30,109,32,670,68,0,84,7,140,738,150,746,227,116,232,686,304,227,302,591,352,354,353,480,370,2
352,0,462,6,232,8,563,29,107,31,662,64,665,68,0,84,9,141,733,149,743,226,119,232,684,304,230,302,591,351,356,354,2
454,1,228,0,104,21,556,23,655,61,0,71,8,128,727,148,117,220,740,224,226,292,679,302,352,345,585,349,476,365,-1,-1,2
351,0,231,3,459,11,108,21,560,38,0,69,661,80,6,126,725,165,112,223,734,244,221,299,673,320,345,356,577,364,469,378,2
353,0,233,2,462,12,109,19,562,40,0,66,662,83,6,124,729,170,113,222,737,249,222,299,677,325,347,358,581,369,471,382,2
361,0,360,5,239,1,113,15,468,17,569,47,0,61,668,93,6,120,734,181,113,223,742,261,222,303,680,338,348,368,585,380,2
250,0,374,6,117,10,486,26,0,53,586,62,687,112,4,115,752,206,115,227,759,289,228,316,696,366,357,385,598,408,488,416,2
253,0,379,5,118,10,491,25,0,53,592,59,692,111,6,118,759,205,122,232,768,288,240,322,708,367,371,392,614,409,502,421,2
265,0,396,16,0,34,511,46,613,90,5,105,128,238,791,348,251,344,731,426,389,429,637,466,524,470,-1,-1,-1,-1,-1,-1,2
129,0,272,2,404,19,0,37,519,50,623,94,4,110,723,158,132,244,791,262,803,350,258,352,744,431,400,437,649,472,536,477,2
131,0,274,19,0,24,403,49,508,93,1,102,598,150,689,219,126,262,746,329,250,387,755,417,387,485,701,495,615,533,513,534,2
141,0,292,14,0,29,430,43,546,86,5,111,649,144,752,215,148,272,823,330,286,402,839,425,440,504,785,511,695,552,581,554,2
174,0,359,10,527,36,0,33,673,78,6,124,800,142,929,218,173,299,343,441,1041,455,973,555,533,555,859,605,714,609,-1,-1,2
394,0,190,7,585,9,755,41,0,57,911,94,9,147,1069,163,1187,297,193,312,1219,415,387,449,1142,531,610,559,1003,595,825,608,2
591,0,395,2,769,20,190,22,935,66,0,84,1105,127,12,173,1237,257,201,329,1276,378,402,458,1201,501,637,558,1052,577,864,598,2
634,0,428,0,208,18,822,24,997,73,0,81,1173,137,7,175,1305,272,199,338,1340,398,409,472,1256,525,652,578,1096,601,894,622,2
661,0,444,8,864,18,214,35,1059,63,0,104,1255,125,2,197,1407,267,187,357,1445,403,399,493,1343,544,656,603,1156,625,925,649,2
651,0,857,9,434,17,1058,46,210,51,1262,102,0,128,6,219,1422,240,188,369,1466,376,398,496,1360,522,655,598,1165,609,926,638,2
648,0,855,7,432,17,1058,45,209,50,1265,100,0,124,1,211,1431,238,172,361,1474,376,376,487,1363,524,633,594,1159,611,910,637,2
653,0,862,10,435,20,1070,44,1283,99,0,129,1,216,1454,239,171,365,1502,379,377,494,1390,531,637,601,1179,622,922,648,-1,-1,2
719,0,941,15,485,13,241,40,1161,57,6,109,1384,117,0,198,1567,261,176,356,1621,405,398,501,1506,560,684,619,1280,650,998,672,2
723,0,489,11,945,16,243,39,1163,60,7,105,1384,121,0,197,1561,269,178,356,1612,411,399,500,1495,566,683,622,1273,654,994,676,2
718,0,485,11,939,16,240,36,1155,61,5,104,1373,123,0,195,1548,270,181,357,1597,413,402,498,1481,565,683,619,1262,652,990,672,2
718,0,486,9,934,17,242,33,1146,62,6,102,1359,122,0,191,1528,267,179,356,1574,409,399,497,1460,559,678,615,1245,645,979,667,2
701,0,916,15,473,10,234,38,1126,58,3,109,1337,117,0,201,1500,262,179,360,1543,404,396,500,1430,550,666,613,1218,638,958,662,2
637,0,842,3,423,24,1048,32,203,65,1257,81,0,145,1424,217,3,233,1469,356,173,375,376,497,1358,506,629,595,1153,599,904,632,2
816,0,614,0,407,26,1018,26,194,68,1223,73,0,149,1386,205,5,233,1425,341,171,370,367,486,1313,488,1112,579,610,577,873,611,2
613,0,812,4,406,21,1010,35,194,60,1210,86,0,139,1365,222,4,224,1400,358,168,365,359,484,1286,501,597,578,1089,587,853,615,2
608,0,806,3,402,23,1003,33,192,65,1199,84,0,149,1348,222,8,236,1379,358,173,378,364,495,1265,503,595,588,1071,591,845,621,2
809,0,609,0,403,24,1006,29,192,66,1204,81,0,151,1355,216,6,237,1385,353,171,380,361,495,1269,498,1074,586,593,586,844,619,2
613,0,815,4,405,23,1016,36,193,61,1217,89,0,145,3,231,1369,232,1398,371,162,375,350,496,1274,519,581,594,1070,606,834,633,2
841,0,628,7,1058,24,413,41,1278,69,196,92,0,185,1450,216,5,272,1486,368,166,416,1355,531,358,535,1131,632,603,632,874,667,2
838,0,622,8,1058,23,408,42,1283,70,193,93,0,184,1457,217,5,273,1491,371,161,413,350,532,1353,535,591,630,1124,632,862,667,2
824,0,609,10,1046,21,398,47,1274,64,188,100,0,190,1451,211,3,275,1485,367,152,413,335,530,1340,535,571,627,1105,634,842,665,2
798,0,588,16,1021,15,1250,54,382,55,180,111,1433,198,0,204,4,286,1470,355,148,419,1325,525,326,532,556,626,1087,627,823,663,2
775,0,997,9,567,24,1228,41,368,70,172,130,1414,183,0,225,7,306,1451,340,146,433,1307,513,318,539,1068,620,543,628,805,659,2
768,0,987,15,563,19,1213,52,365,58,171,115,1394,197,0,205,5,286,1429,354,140,415,1282,523,308,526,527,618,1045,622,785,655,2
769,0,988,15,564,17,1211,55,367,58,172,112,1388,200,0,203,5,285,1420,355,137,413,303,525,1269,524,520,616,1033,622,775,654,2
761,0,983,9,554,22,1213,42,359,68,167,129,1397,184,0,222,5,301,1428,345,135,426,1275,518,299,533,515,623,1032,621,771,656,2
754,0,980,5,548,29,1213,34,354,78,165,142,1404,176,0,237,7,317,1438,339,135,440,1281,518,297,546,1032,625,511,632,767,664,2
745,0,973,3,539,28,1210,31,348,79,161,144,1404,176,0,239,4,318,1438,341,130,442,1276,524,288,546,1024,631,499,635,756,668,2
953,0,724,3,1194,23,520,40,333,95,154,162,1393,164,0,261,6,338,1428,333,125,454,1261,521,279,556,1002,632,483,640,735,671,2
889,0,1128,10,665,17,472,62,302,125,1332,149,138,200,0,300,1367,323,8,374,112,483,1195,522,250,578,933,641,436,657,674,684,2
1065,0,825,5,605,34,424,89,1279,136,268,159,1315,319,0,338,7,407,96,510,1131,534,218,600,864,659,386,676,609,703,-1,-1,2
1028,0,790,10,575,45,399,104,1244,132,252,176,1282,315,0,356,8,425,94,525,1100,538,207,610,835,665,369,685,584,710,-1,-1,2
1009,0,775,5,565,36,392,91,1218,135,248,160,1252,321,0,336,8,404,90,504,1069,537,201,593,809,658,354,669,565,698,-1,-1,2
988,0,753,15,542,56,374,118,1203,131,237,192,1238,328,0,374,9,442,83,540,1046,560,186,627,779,689,332,703,536,732,-1,-1,2
976,0,744,14,535,51,371,112,1190,137,234,184,108,259,1221,337,0,360,5,429,74,528,1024,568,173,618,314,698,755,694,511,731,2
872,0,654,23,466,71,319,138,1076,130,202,214,97,292,1104,333,0,393,63,553,916,575,146,637,665,705,269,714,444,745,-1,-1,2
838,0,639,12,459,51,318,110,1011,132,203,180,1022,325,0,352,846,547,132,595,245,670,615,667,409,702,-1,-1,-1,-1,-1,-1,2
810,0,618,20,440,64,304,128,988,127,195,202,90,282,1006,318,0,379,61,533,839,544,142,614,614,669,255,685,416,711,-1,-1,2
801,0,608,22,432,68,977,123,296,134,189,209,88,290,994,313,0,387,62,541,831,542,141,621,611,669,253,689,414,713,-1,-1,2
786,0,595,30,422,82,963,116,290,151,86,313,987,306,0,411,823,538,64,561,607,670,253,700,412,719,-1,-1,-1,-1,-1,-1,2
772,0,582,35,412,91,951,110,281,164,180,244,975,296,0,426,9,491,818,530,62,571,141,643,602,666,253,703,410,719,-1,-1,2
716,0,534,66,909,73,372,144,253,234,956,245,160,326,822,501,0,525,616,671,152,715,426,752,268,760,-1,-1,-1,-1,-1,-1,2
697,0,890,59,517,75,360,162,947,228,243,257,154,353,824,490,0,560,626,671,75,687,436,762,278,779,-1,-1,-1,-1,-1,-1,2
688,0,885,42,513,91,355,189,950,197,242,295,152,402,846,466,0,629,658,668,88,751,469,783,180,797,304,819,-1,-1,-1,-1,2
715,0,915,36,536,92,375,191,986,189,255,299,161,408,880,458,0,640,686,666,89,762,489,787,185,807,317,829,-1,-1,-1,-1,2
729,0,936,39,545,93,384,194,1006,191,261,302,166,413,897,461,0,647,700,670,17,710,90,770,499,793,190,815,324,835,-1,-1,2
808,0,1015,52,614,79,435,166,1078,208,299,266,190,371,953,471,0,597,13,659,734,666,88,728,190,780,517,776,331,808,-1,-1,2
844,0,647,67,1045,64,464,144,1103,223,321,236,205,339,973,472,0,562,756,656,92,699,199,755,537,759,342,786,-1,-1,-1,-1,2
874,0,672,55,1073,73,488,125,341,212,1124,229,217,308,990,469,0,525,10,592,766,644,90,665,199,725,543,739,347,762,-1,-1,2
935,0,727,38,1131,83,534,93,376,169,1180,238,241,257,0,463,1042,462,11,529,98,609,814,619,216,674,584,704,377,717,-1,-1,2
1007,0,790,25,587,69,1202,92,417,138,267,220,1249,246,123,309,0,420,1105,457,10,488,107,574,870,604,236,643,631,681,410,690,2
1028,0,811,21,607,61,1223,96,431,124,277,203,1267,246,0,398,1122,453,9,467,108,554,886,595,238,625,643,670,417,674,-1,-1,2
1021,0,806,21,604,62,1214,94,430,126,277,206,1260,243,130,292,0,403,1121,449,10,471,113,558,890,591,247,627,651,667,426,674,2
993,0,786,25,589,66,1181,94,419,131,269,211,1229,240,123,300,0,410,1098,440,12,478,116,563,878,583,250,628,647,660,427,672,2
969,0,767,21,574,60,1151,95,408,123,261,201,1194,239,0,397,1066,433,12,464,116,548,854,570,248,614,633,645,422,656,-1,-1,2
952,0,761,1,575,24,411,70,1113,103,263,137,123,210,1146,238,0,312,1026,404,127,463,834,518,261,530,630,575,430,576,-1,-1,2
758,0,943,11,576,11,411,47,263,102,1092,121,0,259,1114,255,12,324,989,410,118,415,246,487,798,507,408,541,600,551,-1,-1,2
754,0,573,8,934,17,411,40,263,91,1077,132,120,153,0,243,1094,265,14,308,116,400,969,414,241,475,782,506,400,532,588,546,2
747,0,568,5,926,17,408,36,261,84,1064,133,120,146,0,233,1078,266,12,297,112,390,950,412,235,465,765,500,390,523,573,537,2
734,0,557,5,912,18,399,36,255,84,1051,134,118,144,0,230,1064,268,11,293,109,386,936,414,227,461,750,501,380,520,561,537,2
525,0,361,4,700,24,205,27,51,66,868,71,981,202,0,312,975,332,114,406,834,456,262,488,641,519,445,529,-1,-1,-1,-1,2
654,0,484,11,835,15,339,41,211,92,979,136,95,147,991,279,0,287,75,375,850,431,172,451,303,515,656,515,469,541,-1,-1,2
649,0,480,6,826,17,337,35,215,78,99,131,969,140,0,206,7,263,978,283,77,352,169,428,835,431,294,495,640,508,456,527,2
489,0,656,2,344,22,831,28,222,61,103,110,965,155,0,181,4,238,970,297,73,330,163,411,824,438,286,483,630,507,446,520,2
434,0,601,7,291,14,773,42,163,45,42,88,904,176,0,314,904,318,91,400,755,453,213,477,558,515,373,521,-1,-1,-1,-1,2
498,0,665,4,353,19,838,35,223,55,102,100,968,164,0,229,968,307,64,319,155,403,820,446,624,512,439,522,-1,-1,-1,-1,2
447,0,775,13,315,26,196,68,94,117,911,131,0,188,8,241,920,268,75,325,163,397,785,406,280,462,603,476,431,492,-1,-1,2
523,0,370,4,685,20,238,29,122,68,13,117,814,132,824,261,0,318,91,392,698,393,208,452,524,462,358,480,-1,-1,-1,-1,2
604,0,450,2,763,23,318,26,203,63,93,110,889,137,0,178,6,231,895,265,73,314,163,387,767,394,278,449,594,462,428,478,2
434,0,584,1,306,21,738,26,193,55,88,98,856,141,0,162,6,214,858,266,70,295,154,366,731,388,264,428,563,447,404,459,2
411,0,553,5,291,16,697,34,185,45,85,84,0,142,803,149,4,191,799,268,62,272,137,341,676,381,238,405,517,433,368,439,2
410,0,550,4,289,18,693,32,185,47,84,87,0,147,800,144,5,196,797,263,63,274,139,342,675,376,239,403,518,429,370,437,2
547,0,406,0,285,21,691,22,180,54,83,96,804,131,0,158,7,207,806,250,69,284,147,350,689,367,251,409,533,425,383,437,2
506,0,380,2,633,20,270,22,174,53,80,95,730,116,0,156,8,202,733,221,67,274,635,330,144,334,242,385,499,389,365,406,2
382,0,512,2,270,19,643,26,173,49,739,127,0,148,7,194,740,236,66,268,141,330,634,343,237,381,235,386,493,397,358,410,2
515,0,385,2,645,21,274,20,174,54,83,94,744,118,0,158,5,208,747,226,68,277,644,334,142,339,243,389,505,393,369,410,2
530,0,391,6,674,19,274,30,172,67,78,112,786,122,0,177,9,224,790,239,73,297,678,355,153,358,255,412,528,416,385,433,2
540,0,399,3,687,22,278,26,174,61,78,106,800,131,0,170,8,217,803,251,72,293,152,358,686,368,256,414,532,427,386,440,2
431,0,596,9,297,17,183,47,771,47,82,89,0,150,901,189,9,202,72,289,895,331,153,368,260,441,746,448,399,487,563,492,2
438,0,605,11,301,14,185,41,780,53,82,80,0,142,8,194,910,199,72,283,900,342,153,363,259,438,747,455,399,487,563,495,2
440,0,303,10,608,15,187,33,784,65,83,71,0,131,8,184,914,214,74,276,156,359,905,357,264,439,754,467,404,491,569,504,2
442,0,303,9,611,18,187,31,83,68,790,69,0,128,9,182,921,222,74,276,158,361,913,368,267,443,760,478,409,498,574,513,2
451,0,308,11,627,15,189,36,814,66,84,75,0,138,10,192,955,222,80,288,165,375,951,372,280,458,794,488,427,513,600,527,2
319,0,469,2,194,15,654,30,84,47,0,108,847,104,15,164,90,270,985,277,183,361,969,425,300,452,446,516,808,521,616,541,2
318,0,469,1,193,15,653,29,84,47,0,108,846,102,14,165,93,269,982,273,186,361,967,421,302,450,450,513,807,516,617,538,2
321,0,472,2,195,12,656,32,85,42,0,103,849,106,13,159,92,264,984,277,186,356,968,423,303,448,449,511,808,515,619,535,2
484,0,325,5,674,23,196,25,82,63,876,89,0,130,19,188,1020,258,109,291,210,380,1010,405,337,464,850,507,489,519,660,536,2
343,0,502,6,209,12,687,40,92,42,0,106,875,117,18,164,106,275,1002,286,207,368,982,427,332,455,328,460,479,518,828,517,2
348,0,507,6,212,10,694,43,0,104,883,115,18,163,105,275,1010,284,208,369,991,424,337,456,332,461,836,516,483,520,653,538,2
376,0,231,9,544,7,101,40,734,45,0,104,926,123,16,166,113,281,1052,290,223,378,1032,429,355,469,876,521,514,529,688,547,2
385,0,237,10,554,9,104,41,747,47,0,105,943,126,16,168,113,285,1071,295,223,383,1052,435,359,475,892,528,522,536,700,555,2
378,0,227,8,549,10,92,37,744,50,939,131,0,165,97,283,1063,301,208,383,1040,441,343,477,878,535,505,539,684,558,-1,-1,2
403,0,249,7,576,13,111,33,771,54,0,96,966,137,14,160,111,280,1090,307,222,383,1069,449,359,481,904,542,526,545,708,567,2
402,0,249,5,574,13,111,31,769,54,0,92,965,139,11,157,107,278,1089,311,217,381,1067,453,354,480,520,546,902,544,704,568,2
406,0,251,6,577,14,112,32,772,57,0,93,967,142,13,158,108,281,1090,316,218,386,1069,459,355,486,903,552,522,553,706,575,2
536,0,376,9,719,20,235,34,106,76,907,73,0,146,12,208,1040,227,97,315,1032,374,201,407,334,491,876,496,498,541,681,545,2
516,0,696,10,360,14,224,47,885,54,103,90,0,164,1022,199,96,323,1019,346,198,413,866,473,672,528,492,530,-1,-1,-1,-1,2
504,0,683,8,351,18,219,50,871,50,100,94,0,168,1008,195,12,226,93,324,1005,340,193,407,853,466,322,484,660,522,481,526,2
508,0,355,11,682,15,223,38,863,59,101,78,0,145,9,202,997,203,85,302,994,344,184,388,310,468,844,466,471,515,651,516,2
519,0,365,11,695,16,230,37,877,64,105,77,0,144,9,200,1009,206,89,308,1008,345,191,392,858,468,320,472,484,519,666,519,2
534,0,376,8,712,18,237,32,107,72,896,66,0,137,7,198,1027,213,90,300,1022,354,191,389,324,471,869,473,488,520,672,523,2
565,0,397,7,761,22,248,32,113,71,963,76,0,137,7,199,1107,234,88,306,1099,386,192,402,330,492,926,512,508,549,710,559,2
580,0,409,5,775,23,258,29,119,65,976,81,0,135,1116,238,94,309,1110,389,202,407,346,498,941,512,526,554,727,561,-1,-1,2
600,0,426,2,270,24,794,26,123,62,992,85,0,128,7,194,1127,242,98,307,1118,389,210,406,356,497,953,510,539,552,740,558,2
494,0,679,4,318,16,874,38,147,52,1066,102,0,122,6,195,1191,256,117,322,1183,397,251,429,1027,519,417,523,821,574,615,576,2
668,0,483,0,308,19,867,30,141,58,1065,93,0,130,6,202,1197,250,116,327,1191,396,247,433,1031,521,413,527,820,577,611,579,2
479,0,664,0,305,19,863,31,141,55,1063,94,0,126,6,196,1196,252,111,319,1189,398,238,425,401,521,1024,523,599,576,810,577,2
649,0,467,1,298,21,842,28,137,60,1035,86,0,132,9,203,1167,236,118,322,1167,377,248,423,1014,501,413,513,810,559,606,562,2
627,0,447,6,823,22,281,32,127,72,1023,75,0,144,8,210,1161,224,112,322,1157,367,235,419,999,491,394,504,789,549,585,552,2
619,0,448,5,799,22,286,27,131,68,980,72,0,140,9,206,1099,208,119,317,1096,336,244,408,957,455,402,486,771,514,583,525,2
630,0,463,2,800,23,300,22,138,61,964,72,0,134,1073,197,11,203,130,314,1072,316,265,403,950,428,426,475,782,489,605,505,2
441,0,597,7,286,17,754,35,133,48,901,85,0,112,9,177,995,200,122,285,992,307,249,371,882,406,400,440,729,458,567,471,2
450,0,608,6,293,12,764,36,136,41,910,88,0,106,9,172,1004,204,124,283,1002,310,255,370,893,408,408,441,740,459,576,472,2
611,0,291,3,133,30,772,30,922,88,0,94,11,162,1014,214,129,276,1006,324,257,366,891,422,409,441,736,469,574,476,-1,-1,2
431,0,590,3,276,13,754,33,127,45,910,88,0,110,9,175,1006,216,116,284,996,331,235,372,870,431,378,447,707,478,541,484,2
429,0,590,4,275,15,756,32,126,47,919,90,0,112,8,176,1016,221,113,285,1004,339,230,375,872,440,373,451,703,484,705,488,2
432,0,594,4,275,15,764,34,125,45,929,92,0,111,8,176,1030,225,112,287,1018,344,229,377,883,447,373,455,711,493,539,496,2
492,0,316,9,674,12,146,37,863,53,0,103,1047,123,6,175,1159,278,117,305,247,413,1145,412,408,509,990,523,596,564,793,568,2
525,0,337,9,721,12,156,40,925,56,0,109,1125,131,6,187,1250,296,124,324,263,441,1236,442,436,545,1069,563,640,605,855,611,2
548,0,353,7,747,16,164,35,951,65,0,104,1147,144,4,184,1267,313,126,330,269,451,1252,458,448,559,1086,578,656,622,872,628,2
378,0,581,6,177,15,788,39,0,77,997,106,4,162,1192,205,125,322,1298,388,267,459,1270,535,444,581,1091,644,652,658,870,679,2
396,0,605,2,186,21,812,27,1012,84,0,92,1200,169,5,180,145,338,1305,337,302,467,1284,478,492,577,1124,594,705,639,917,642,2
612,0,400,0,188,23,817,22,1016,76,0,96,1203,157,6,184,1310,320,154,344,1294,458,318,471,1142,576,514,578,940,631,729,634,2
593,0,809,11,380,12,173,48,1025,55,0,133,1230,135,9,221,1346,307,157,373,1324,456,318,493,1155,580,510,595,942,639,724,646,2
608,0,390,6,826,16,178,39,1042,66,0,124,1244,153,14,213,1349,325,167,370,1323,469,331,490,1154,588,522,592,944,640,734,645,2
594,0,380,10,812,13,173,47,1029,57,0,132,1232,141,15,215,1338,308,165,364,1309,451,324,479,1138,567,511,576,927,620,718,625,2
596,0,815,9,379,14,1035,50,172,54,1239,128,0,143,17,227,1349,295,171,372,1318,438,332,485,1147,552,519,581,730,619,-1,-1,2
596,0,814,8,380,12,1032,49,171,53,1236,126,0,141,18,224,1342,291,173,369,1315,434,335,479,1145,550,524,571,938,606,731,615,2
598,0,815,9,383,12,1027,47,173,52,1224,124,0,140,17,224,1328,283,175,368,1302,420,340,477,1140,536,530,564,939,593,736,605,2
830,0,604,6,1055,29,379,34,166,90,1260,99,0,198,1364,262,29,282,1334,401,204,417,377,513,1169,522,568,588,970,590,771,614,2
603,0,820,6,388,13,1034,43,177,54,1238,119,0,144,16,228,1352,279,173,375,1332,420,341,486,1170,540,537,573,-1,-1,-1,-1,2
595,0,811,7,381,13,1029,42,172,54,1236,119,0,145,17,228,1351,281,174,373,1333,424,340,485,1169,546,-1,-1,-1,-1,-1,-1,2
827,0,600,11,1045,21,365,45,1238,78,137,114,1343,222,0,323,1325,351,211,450,1188,475,409,531,1011,553,618,588,823,595,-1,-1,2
597,0,818,4,377,17,1038,39,167,62,1242,113,0,156,23,239,1345,274,188,377,1315,409,354,480,1150,524,544,561,948,582,747,597,2
599,0,820,7,381,15,1037,45,169,56,1238,120,0,147,19,232,1340,281,181,373,1309,416,347,477,1144,529,536,561,942,586,739,599,2
599,0,820,7,380,15,1037,45,169,55,1238,121,0,147,19,230,1340,280,181,372,1309,417,347,476,1144,529,536,561,941,586,739,600,2
600,0,820,7,381,15,1038,44,170,56,1239,121,0,148,20,230,1340,281,183,372,1310,418,348,476,1144,529,537,561,942,587,740,599,2
601,0,822,7,382,15,1039,45,171,56,1240,121,0,149,22,230,1341,281,184,372,1311,417,349,476,1146,530,538,561,944,587,741,600,2
600,0,820,8,381,15,1038,44,171,55,1239,121,0,149,20,231,1340,281,183,372,1310,417,348,476,1144,530,537,561,942,586,740,599,2
600,0,821,7,381,14,1038,44,170,55,1239,120,0,147,21,230,1340,281,182,372,1310,416,348,476,1144,530,537,561,942,585,740,599,2
601,0,821,6,382,15,1039,45,171,55,1240,120,0,149,22,230,1342,282,184,371,1312,417,349,477,1145,530,538,561,943,586,741,599,2
600,0,820,6,381,14,1038,43,170,55,1238,119,0,146,20,230,1340,280,182,371,1310,416,348,475,1144,528,537,561,943,586,740,598,2
600,0,821,7,381,15,1038,44,170,56,1239,120,0,148,21,230,1340,281,182,372,1310,418,348,476,1144,530,537,561,942,587,740,600,2
600,0,821,7,381,14,1038,43,170,55,1239,121,0,148,20,231,1340,280,182,371,1310,416,348,476,1144,530,537,561,943,587,740,599,2
600,0,821,6,382,14,1038,42,170,55,1239,119,0,148,21,229,1340,279,183,370,1310,416,348,475,1144,529,536,560,943,586,740,599,2
600,0,821,7,382,14,1038,44,170,56,1239,121,0,148,20,231,1341,281,183,371,1310,416,348,476,1144,530,537,561,942,586,740,600,2
600,0,821,6,381,14,1038,44,170,54,1239,121,0,146,20,229,1340,279,182,371,1309,415,348,476,1144,529,537,560,942,585,740,598,2
600,0,820,5,381,14,1039,44,170,55,1238,119,0,146,20,229,1340,281,182,371,1310,415,348,475,1144,528,537,560,942,586,740,598,2
600,0,821,6,382,13,1038,44,170,54,1239,121,0,146,20,230,1340,280,182,371,1310,416,348,475,1145,529,537,560,942,586,740,599,2
600,0,820,7,381,13,1039,44,170,55,1239,120,0,147,20,230,1340,280,182,371,1309,416,348,475,1144,529,537,560,942,585,740,598,2
601,0,821,6,382,14,1039,44,171,55,1240,121,0,148,22,229,1341,280,183,371,1311,417,349,475,1145,528,538,560,943,586,741,599,2
600,0,820,6,381,14,1038,43,170,54,1239,120,0,147,21,230,1340,279,182,371,1310,415,348,475,1144,529,537,559,943,586,740,599,2
600,0,820,6,382,14,1038,43,171,55,1239,120,0,147,20,231,1340,280,183,371,1311,418,348,476,1144,530,537,560,942,586,740,599,2
601,0,821,6,382,14,1038,42,171,54,1240,119,0,147,21,230,1341,280,183,371,1311,416,348,476,1145,529,537,561,943,586,740,599,2
600,0,820,7,381,14,1038,43,170,55,1239,120,0,146,20,231,1340,280,182,371,1310,417,348,476,1144,529,536,561,942,586,740,599,2
601,0,821,6,382,14,1038,44,171,55,1239,120,0,148,21,230,1341,280,183,370,1310,416,348,476,1145,530,537,561,943,586,740,599,2
600,0,820,6,381,14,1037,43,170,55,1238,120,0,147,20,230,1340,280,182,371,1310,417,348,476,1144,530,537,561,942,586,740,599,2
600,0,821,6,381,13,1038,43,170,55,1238,119,0,146,20,229,1340,279,182,369,1310,415,348,475,1144,528,536,560,942,585,740,598,2
601,0,821,7,382,14,1039,45,171,55,1239,121,0,148,22,229,1341,281,183,370,1311,416,349,475,1145,529,537,561,943,586,740,599,2
601,0,821,6,382,13,1039,44,171,54,1240,120,0,148,21,230,1341,281,183,371,1311,416,349,476,1145,530,537,560,942,586,740,599,2
600,0,820,7,381,14,1038,44,170,55,1238,120,0,148,20,230,1340,282,182,371,1310,416,348,476,1144,529,536,560,942,586,740,599,2
601,0,821,7,382,14,1039,44,171,56,1239,121,0,148,21,230,1341,281,183,372,1311,417,348,476,1145,530,537,561,942,586,740,600,2
600,0,821,6,382,14,1038,43,170,56,1239,120,0,147,21,230,1340,280,183,371,1310,416,348,475,1145,529,537,560,942,585,740,598,2
600,0,820,7,381,14,1038,44,170,55,1238,120,0,147,20,230,1340,281,182,370,1309,417,348,476,1143,530,536,560,942,586,740,599,2
601,0,820,6,382,14,1039,45,171,55,1239,121,0,148,21,230,1341,281,183,372,1310,416,348,477,1145,530,537,561,943,586,740,599,2
647,0,869,2,414,20,1077,34,179,66,1262,101,0,177,1359,244,18,263,1340,372,210,406,1199,488,404,504,1017,558,613,575,823,591,2
421,0,646,11,197,16,863,43,0,95,1068,105,12,185,1253,202,168,355,1336,370,335,482,1298,502,523,587,1133,603,728,644,931,646,2
653,0,0,33,867,51,1069,132,2,127,1247,242,143,313,1321,421,298,457,1276,556,481,584,1100,648,686,658,893,676,-1,-1,-1,-1,2
559,0,368,4,744,16,175,28,926,61,0,95,1102,129,0,176,1218,275,134,321,1215,403,288,440,1083,520,477,540,891,582,688,589,2
703,0,899,3,515,24,1101,33,332,70,153,133,1262,160,0,232,1296,301,14,308,162,426,1181,459,332,520,987,558,542,591,772,606,2
746,0,556,9,940,18,365,40,1133,61,172,90,0,178,1281,191,7,257,1307,326,155,385,1185,471,324,486,990,560,536,568,769,594,2
739,0,549,6,933,24,360,34,1127,69,169,80,0,161,1272,204,5,238,1294,341,145,367,311,474,1166,482,516,560,967,565,745,593,2
731,0,543,10,923,19,355,42,1115,60,167,89,0,176,1263,191,10,254,1291,326,159,379,1174,468,330,481,985,555,538,560,767,587,2
747,0,562,3,930,23,370,30,1112,67,175,73,0,158,1247,193,10,239,1274,318,168,368,1164,454,346,469,989,536,559,547,783,571,2
762,0,577,1,943,25,382,26,181,68,1121,71,0,154,1251,196,8,237,1275,320,172,369,1169,454,354,473,996,538,569,551,793,573,2
801,0,607,7,404,38,1178,64,0,181,1322,188,1355,317,192,400,1252,458,390,503,1079,550,625,578,866,594,-1,-1,-1,-1,-1,-1,2
806,0,610,3,997,23,404,30,1189,70,0,170,1336,199,10,260,1371,332,192,398,1269,476,392,511,1092,570,629,592,875,613,-1,-1,2
796,0,603,10,984,18,400,44,1173,56,190,98,1323,178,0,193,18,282,1367,303,211,413,1280,448,422,514,1115,546,664,584,907,595,2
634,0,829,4,425,22,1014,35,206,60,1199,83,0,145,1343,210,13,235,1385,333,209,380,1297,471,424,494,1133,560,673,577,921,600,2
642,0,839,7,431,19,1027,38,208,57,1215,89,0,140,1359,216,10,230,1397,342,204,377,1305,478,418,492,1134,565,667,578,919,602,2
898,0,673,6,1124,26,446,39,1352,73,214,91,0,182,1533,218,3,273,1577,369,180,423,1447,536,391,546,1219,639,657,645,949,678,2
914,0,683,13,1148,19,1386,58,450,57,215,119,1577,202,0,221,4,315,1624,359,182,460,1489,539,398,581,1252,653,671,675,973,702,2
902,0,1149,3,1403,28,666,34,435,94,207,172,1613,168,0,284,1666,332,8,374,183,508,1525,526,400,619,1273,656,673,701,980,716,2
1076,0,1341,9,823,15,595,64,383,137,1568,144,177,223,1626,314,0,338,9,424,1468,526,159,544,349,645,1194,667,598,719,894,732,2
1041,0,796,12,1299,15,575,56,370,121,1519,150,0,309,1567,323,6,391,144,512,1402,527,319,610,1130,655,553,691,837,711,-1,-1,2
982,0,1237,5,743,21,532,71,1460,136,341,142,161,221,1512,308,0,333,8,412,1349,517,136,525,301,620,1080,651,523,695,795,710,2
1130,0,888,5,662,32,470,87,1346,127,300,160,1394,300,0,350,8,424,1230,514,117,529,262,619,968,648,455,690,702,706,-1,-1,2
1083,0,849,4,631,33,446,88,1291,122,286,160,1335,293,0,345,9,417,1171,501,111,519,245,604,916,632,428,673,661,688,-1,-1,2
851,0,1090,7,631,19,445,66,284,128,1293,151,132,199,0,294,1318,337,2,366,85,473,1123,543,203,570,367,654,850,657,591,691,2
1069,0,832,6,615,38,432,94,1279,134,277,166,132,244,1315,321,0,349,5,422,89,527,1130,545,209,618,860,675,377,697,599,723,2
795,0,588,54,1004,114,408,125,276,208,175,297,1036,331,81,387,0,490,850,610,56,644,129,722,605,763,236,792,397,815,-1,-1,2
813,0,611,58,1011,86,434,132,293,216,1051,265,87,411,0,521,898,524,74,665,672,692,463,772,290,777,-1,-1,-1,-1,-1,-1,2
840,0,640,43,1031,96,454,104,313,184,197,270,1069,270,89,362,0,468,919,502,87,610,700,651,184,674,494,720,317,722,-1,-1,2
854,0,657,14,475,49,330,108,1029,113,209,176,1055,279,0,345,9,405,903,476,82,490,180,563,688,592,311,622,487,638,-1,-1,2
856,0,661,11,478,46,332,102,1030,114,209,169,95,244,1053,274,0,336,12,397,905,463,89,480,191,550,696,574,325,606,498,619,2
698,0,885,9,520,14,366,52,232,105,1039,129,106,169,0,254,1057,275,6,313,89,403,914,438,196,479,711,531,336,542,512,564,2
701,0,522,11,886,15,369,46,235,96,1033,138,0,239,1045,283,8,300,89,391,900,440,195,469,702,527,334,533,508,557,-1,-1,2
690,0,872,10,515,13,365,51,232,103,1021,125,110,163,0,250,1039,265,905,421,713,513,347,530,522,548,-1,-1,-1,-1,-1,-1,2
743,0,560,7,931,18,400,39,254,87,1080,137,116,146,0,228,1096,276,9,292,103,384,959,427,222,462,760,514,374,524,560,546,2
771,0,585,3,962,19,420,35,269,81,124,142,1115,140,0,226,1133,282,9,291,108,389,995,436,230,470,792,526,390,537,585,559,2
515,0,706,9,336,18,897,42,166,56,0,110,1043,170,1060,309,922,457,107,465,715,543,286,544,497,572,-1,-1,-1,-1,-1,-1,2
732,0,541,8,930,20,353,38,1129,65,167,83,0,165,1277,200,2,241,1295,341,129,366,285,472,1156,484,483,557,943,567,714,594,2
741,0,547,8,942,23,358,37,1145,70,170,81,0,162,1298,212,1,240,1319,356,130,369,287,479,1177,505,489,571,959,589,724,612,2
753,0,558,3,952,24,365,32,1153,72,0,158,1304,212,3,237,1327,354,140,368,306,480,1193,500,513,570,983,584,750,608,-1,-1,2
578,0,766,8,382,16,954,42,0,121,0,203,142,344,1291,376,308,462,1165,510,517,559,969,584,749,603,-1,-1,-1,-1,-1,-1,2
602,0,402,4,792,18,979,61,3,91,0,176,1297,279,146,332,1314,418,317,464,1189,551,533,576,994,621,771,632,-1,-1,-1,-1,2
605,0,404,5,796,16,195,29,980,62,0,96,1161,129,1,182,1293,272,160,340,1316,406,342,470,1203,538,563,578,1020,611,802,627,2
613,0,411,0,200,15,799,24,973,73,0,79,2,169,169,328,1292,408,354,461,1185,533,575,567,1011,601,806,616,-1,-1,-1,-1,2
406,0,199,7,601,11,778,41,1,60,942,96,0,149,1102,171,1213,312,159,318,1229,438,337,457,1127,555,550,571,963,617,769,626,2
385,0,561,26,0,28,709,71,0,123,840,134,970,213,169,310,1057,347,1073,460,342,457,999,565,536,575,875,621,724,629,-1,-1,2
4,0,335,14,482,58,0,95,601,113,699,183,799,267,146,295,861,396,291,453,870,500,450,577,811,592,717,638,598,637,-1,-1,2
145,1,6,0,282,29,401,78,0,89,494,134,568,202,646,284,119,285,690,404,233,437,695,497,362,555,644,578,476,614,569,617,2
10,0,203,10,290,46,0,70,467,209,75,219,492,309,146,336,488,386,230,429,442,451,312,477,381,481,-1,-1,-1,-1,-1,-1,2
189,0,9,2,274,31,340,69,0,67,395,117,453,181,74,205,479,275,144,313,478,350,228,399,376,446,308,444,-1,-1,-1,-1,2
171,0,10,1,246,29,0,62,306,65,354,111,64,191,124,291,423,331,196,372,381,389,267,413,326,417,-1,-1,-1,-1,-1,-1,2
13,0,171,6,242,37,0,55,298,74,341,115,48,174,397,257,97,267,384,321,160,344,339,372,223,386,-1,-1,-1,-1,-1,-1,2
177,0,265,16,3,20,340,42,0,69,405,77,469,128,66,168,504,209,134,248,500,275,216,313,447,329,300,349,377,352,-1,-1,2
197,0,94,1,298,8,389,28,1,37,475,58,0,87,556,110,80,184,605,196,163,262,605,268,262,326,542,331,459,359,363,360,2
198,0,301,5,93,6,395,24,0,42,480,55,1,93,565,103,616,189,83,189,617,262,168,266,557,327,271,330,471,358,374,360,2
199,0,304,3,92,9,398,19,485,49,0,47,572,95,0,99,625,181,85,195,626,256,173,271,566,323,275,332,477,357,381,362,2
310,0,204,3,405,9,95,21,493,30,0,68,576,73,4,123,628,155,96,214,631,229,188,282,573,299,293,335,492,340,398,353,2
315,0,207,5,412,7,96,26,500,26,497,32,585,69,0,77,5,130,634,150,637,223,97,220,190,288,577,295,494,338,294,337,2
314,0,412,2,206,11,502,16,95,37,587,56,0,94,641,136,6,149,645,211,103,236,586,286,198,299,503,334,304,344,409,355,2
319,0,418,2,414,7,211,6,97,29,588,64,0,84,3,138,95,227,183,290,479,335,284,338,386,353,-1,-1,-1,-1,-1,-1,2
326,0,215,5,422,8,101,26,590,71,0,80,3,134,634,154,627,228,92,226,180,292,562,298,475,339,280,340,382,356,-1,-1,2
331,0,219,3,430,6,101,24,600,71,0,79,2,134,642,154,634,228,92,226,181,292,568,298,480,340,284,342,385,356,-1,-1,2
341,0,226,4,442,8,105,25,533,31,615,75,0,82,2,138,658,161,94,233,651,238,185,301,580,309,492,352,289,352,394,369,2
352,0,455,5,234,6,109,31,633,69,0,92,3,151,678,155,670,233,102,247,602,308,199,315,513,355,307,364,416,377,-1,-1,2
354,0,457,3,234,9,550,23,109,38,637,62,0,103,684,146,5,163,681,226,108,258,617,303,208,323,529,355,320,369,430,379,2
353,0,454,7,232,12,548,25,108,40,634,66,0,104,680,151,4,163,676,229,105,257,611,307,204,324,522,357,314,370,425,381,2
347,0,449,3,229,12,106,42,629,59,0,107,678,141,6,165,678,218,112,257,617,296,214,321,532,347,326,365,436,372,-1,-1,2
347,0,448,6,231,8,539,26,106,32,626,68,0,94,675,152,7,154,676,230,112,250,616,307,212,319,529,356,325,368,434,379,2
221,0,330,1,428,19,513,49,0,58,597,97,2,117,646,184,100,222,647,260,196,300,587,331,304,359,504,371,410,383,-1,-1,2
233,0,349,2,110,10,452,18,0,54,637,97,4,114,696,184,108,220,699,264,214,301,641,338,332,365,552,379,450,390,-1,-1,2
247,0,368,5,115,10,477,23,0,53,573,59,4,117,729,203,115,230,735,285,227,317,675,361,353,385,582,404,475,415,-1,-1,2
387,0,253,7,510,10,742,87,0,84,11,151,829,186,139,261,846,279,267,348,786,370,414,416,681,424,560,440,-1,-1,-1,-1,2
400,0,523,10,262,8,122,32,640,38,759,83,0,89,11,156,845,182,146,268,867,273,281,354,807,365,706,421,432,420,581,442,2
292,0,434,10,558,36,0,50,6,126,784,140,860,250,142,265,875,344,279,374,811,435,433,459,708,485,582,496,-1,-1,-1,-1,2
161,0,323,23,6,20,466,63,0,101,582,109,680,172,780,250,127,274,835,368,255,411,836,464,400,522,766,546,542,579,663,583,2
343,0,0,20,500,28,630,71,5,110,168,288,924,324,937,424,325,425,876,517,495,528,775,566,651,574,-1,-1,-1,-1,-1,-1,2
187,0,374,25,0,25,543,61,678,115,1,122,793,183,907,266,169,319,981,396,334,474,992,503,514,595,925,600,816,648,683,652,2
199,0,4,20,396,28,571,71,0,119,715,130,838,205,959,296,166,327,1035,437,335,493,1043,551,522,627,968,651,701,696,847,698,2
213,0,423,19,6,31,611,54,771,107,0,128,913,179,1052,267,166,325,1139,413,340,486,1149,533,543,619,1057,639,916,689,744,688,2
224,0,441,15,6,34,638,47,808,98,0,132,957,169,1104,256,171,331,1199,404,356,492,1209,528,567,625,1114,638,962,692,780,694,2
232,0,453,19,11,31,655,54,831,108,0,125,988,185,159,326,337,495,1238,563,551,637,1130,672,771,715,965,722,-1,-1,-1,-1,2
420,0,628,3,205,15,820,30,1,74,1005,83,1187,159,0,163,1318,310,163,333,1336,447,348,474,1219,577,573,593,1034,643,815,652,2
641,0,424,6,851,20,205,30,1058,72,3,95,1263,147,0,184,1405,310,149,345,1416,459,328,484,1271,597,553,605,1051,664,808,668,2
795,0,587,1,383,25,1010,32,181,65,1227,89,0,143,0,225,1386,245,136,365,1403,400,302,486,1250,550,516,590,1018,629,767,642,2
773,0,567,5,990,29,368,32,172,75,1211,83,0,153,0,234,1373,240,126,369,1388,396,285,486,1228,548,492,590,989,627,737,641,2
759,0,551,10,983,21,355,46,1214,70,166,93,0,175,1387,227,2,253,123,383,1403,389,277,497,1231,550,478,596,981,631,723,646,2
753,0,547,13,975,22,353,47,1203,69,166,96,0,178,1371,230,2,256,118,386,1382,393,266,498,1208,552,463,597,959,632,704,647,2
720,0,946,12,518,19,1179,54,331,61,155,116,0,199,1357,212,3,273,1368,382,112,395,250,501,1184,548,437,596,926,631,671,645,2
662,0,879,6,472,24,1106,38,302,70,139,126,1283,192,0,208,3,279,1296,357,98,391,225,492,1114,524,396,580,861,610,616,625,2
651,0,870,0,462,29,1103,30,293,79,135,138,1288,182,0,224,5,295,1302,355,100,407,223,506,1115,531,394,594,857,620,611,638,2
969,1,752,0,552,26,1152,133,247,142,0,309,1171,309,7,375,84,473,996,506,190,557,757,618,338,629,531,655,-1,-1,-1,-1,2
941,0,728,7,532,39,372,94,1128,123,237,162,1154,296,0,332,6,397,81,491,986,501,187,572,749,620,331,640,523,663,-1,-1,2
943,0,725,15,529,53,368,113,1134,119,234,186,108,266,1162,295,0,363,8,427,989,506,83,518,186,596,746,631,328,661,519,678,2
924,0,713,33,519,84,1122,100,361,155,230,237,1166,273,106,325,0,431,9,495,1010,496,90,581,776,643,199,654,348,708,547,710,2
940,0,730,26,536,72,1131,101,375,138,240,219,1168,266,110,304,0,408,8,473,1011,480,88,558,777,620,200,630,350,683,547,685,2
954,0,742,27,544,72,1149,104,379,137,243,219,1188,270,115,302,0,409,8,475,1029,489,88,561,789,629,200,634,352,690,557,694,2
965,0,750,20,550,62,1155,105,387,129,247,207,1189,272,114,293,0,396,7,462,1027,487,88,550,199,624,787,624,352,682,555,687,2
966,0,754,18,555,58,1156,110,390,121,251,198,1190,277,0,385,1029,491,90,543,200,619,791,626,355,678,560,686,-1,-1,-1,-1,2
942,0,724,29,525,80,1142,108,362,149,230,235,1184,279,0,433,1030,499,102,585,798,641,220,655,375,707,574,708,-1,-1,-1,-1,2
761,0,968,4,567,22,253,130,1141,126,117,201,1163,285,0,299,95,459,1010,468,214,539,788,579,371,604,568,622,-1,-1,-1,-1,2
744,0,557,6,938,18,395,38,252,87,120,144,1096,150,0,229,8,294,1110,302,91,391,957,463,202,476,348,548,743,553,536,579,2
521,0,691,4,371,21,865,33,237,58,109,106,996,158,0,178,6,237,1001,296,87,331,189,411,861,430,322,482,673,499,489,515,2
512,0,678,5,366,19,846,35,233,55,971,155,0,172,974,285,87,321,190,399,840,414,318,466,659,480,482,496,-1,-1,-1,-1,2
511,0,675,4,366,18,839,33,234,52,108,98,964,152,0,168,7,225,969,280,88,316,190,393,840,407,323,460,662,473,485,490,2
508,0,672,6,364,19,838,35,233,53,107,98,964,153,0,167,5,225,969,281,84,316,185,394,839,409,316,461,658,475,480,492,2
512,0,674,9,367,15,838,42,236,46,109,89,0,157,962,164,4,215,967,294,83,310,182,390,835,420,313,461,654,484,476,497,2
509,0,670,7,365,14,832,41,234,45,109,88,0,154,953,162,4,211,956,288,82,305,182,384,826,412,312,453,648,474,472,487,2
508,0,668,8,363,15,831,41,233,46,108,90,0,156,952,162,5,213,956,289,83,306,183,385,826,412,312,454,648,475,472,488,2
507,0,668,5,362,17,833,36,231,50,107,95,956,156,0,163,5,220,961,284,84,313,183,391,831,410,315,459,652,476,476,491,2
700,0,518,3,892,24,364,31,228,73,103,126,1045,151,0,200,7,257,1057,298,90,349,194,429,906,443,331,498,701,517,506,533,2
555,0,741,4,394,23,933,35,249,61,113,109,1081,166,0,182,5,242,1090,307,94,338,204,421,938,446,349,494,731,516,531,530,2
601,0,432,13,788,13,275,45,979,54,127,90,0,162,1120,189,4,227,1127,329,98,333,219,425,977,463,375,504,770,532,565,544,2
619,0,447,11,808,19,286,39,1001,63,132,80,0,149,1144,204,1,214,97,324,1148,345,217,420,994,480,375,505,781,544,571,551,2
639,0,463,9,830,19,298,37,1024,64,138,79,0,150,1165,206,4,218,105,331,1170,348,232,429,1019,482,395,514,807,548,595,558,2
659,0,480,6,850,22,309,31,144,71,1043,70,0,142,3,211,1180,211,109,328,1185,350,242,428,1036,482,411,514,827,548,614,558,2
678,0,496,7,869,23,321,33,150,73,1063,70,0,146,1204,209,3,218,118,338,1215,350,259,440,1074,485,438,527,866,555,650,570,2
696,0,509,7,893,22,328,35,1093,69,153,79,0,155,1240,211,2,228,122,351,1252,354,267,455,1106,494,453,543,894,568,671,585,2
733,0,545,1,357,23,923,28,169,61,1114,80,0,136,2,212,1253,217,137,343,1269,354,297,452,1139,487,495,542,938,563,720,582,2
534,0,718,1,349,21,906,30,164,58,1093,81,0,133,4,209,1228,219,138,339,1244,353,296,445,1117,484,491,535,923,558,710,576,2
543,0,723,4,356,19,905,32,168,55,1083,83,0,129,5,206,1210,214,146,335,1223,340,308,440,1104,465,504,524,921,537,719,558,2
543,0,723,7,359,15,900,39,171,49,1072,94,0,117,3,194,1191,225,136,323,1200,349,291,431,1078,471,483,518,895,538,693,556,2
524,0,701,11,346,10,166,35,878,48,2,99,1053,106,0,172,1173,243,121,303,1178,371,264,413,1047,489,445,507,857,548,653,555,2
542,1,362,0,176,19,716,21,885,67,4,75,1045,132,0,151,1147,268,120,290,1145,391,263,403,1019,498,441,502,838,551,642,554,2
518,0,343,3,689,14,857,54,2,84,1016,115,0,155,1119,245,117,281,1117,361,256,389,991,468,428,478,814,520,623,525,-1,-1,2
468,0,628,2,307,15,790,28,146,47,946,76,0,111,3,177,1055,195,116,290,1062,309,248,384,947,421,411,460,778,481,596,495,2
460,0,616,9,302,8,143,32,773,40,0,90,924,96,0,155,1024,217,104,268,1023,330,229,365,905,433,384,448,738,484,562,490,2
517,0,660,9,385,9,800,38,248,38,905,136,0,144,5,200,916,238,102,287,820,345,215,358,674,410,356,416,516,433,-1,-1,2
536,0,678,9,259,37,817,38,123,74,916,133,0,143,6,200,927,232,109,289,834,337,226,360,691,402,371,415,533,430,-1,-1,2
535,0,679,9,396,12,816,37,259,38,120,80,916,132,0,148,5,205,927,231,108,293,834,336,228,363,691,402,371,418,533,430,2
551,0,409,8,695,12,268,32,833,43,126,71,0,137,931,140,5,195,939,239,109,288,844,342,230,360,699,405,376,414,540,431,2
568,0,422,7,714,12,277,32,854,45,133,68,0,139,953,142,5,199,961,242,111,293,866,347,237,366,719,412,386,424,557,440,2
565,0,415,10,722,12,269,38,876,44,0,149,988,151,5,209,998,261,111,304,890,373,235,381,730,440,387,442,559,464,-1,-1,2
614,0,784,8,451,17,952,33,293,54,136,103,1079,143,0,183,8,247,1099,261,128,346,990,387,269,425,819,467,440,485,633,501,2
793,0,619,3,969,19,453,31,292,76,1109,123,134,138,0,225,1136,243,11,291,1028,383,140,387,286,459,855,474,466,511,665,518,2
827,0,645,3,1012,19,471,31,303,80,1157,129,139,144,0,236,1184,253,15,305,1074,394,152,402,306,477,896,489,494,530,699,536,2
734,0,545,1,355,24,923,28,166,66,1109,79,0,145,1237,216,9,223,1248,346,153,352,315,455,1120,476,511,537,932,548,725,571,2
636,0,421,10,842,17,202,39,1043,61,0,113,1240,131,3,203,1376,285,165,362,1390,427,350,494,1255,564,575,601,1049,637,819,652,2
645,0,432,0,211,18,845,23,1036,75,1,86,1219,149,0,178,1343,301,162,344,1353,438,346,481,1225,566,569,593,1030,635,808,646,2
463,0,229,8,678,10,868,45,0,69,1043,103,1,172,1210,181,1323,331,189,360,1340,463,395,510,1238,590,630,628,1071,663,867,680,2
219,0,434,21,4,33,623,58,784,111,0,135,922,184,1057,272,175,342,1139,417,356,507,1147,537,561,638,1061,644,925,697,760,701,2
9,0,377,48,529,106,0,106,645,174,739,253,831,343,160,341,883,476,313,520,890,581,477,656,831,674,740,720,623,721,-1,-1,2
226,1,3,0,330,37,409,82,0,86,472,139,112,258,574,315,211,385,578,400,539,475,316,479,409,521,-1,-1,-1,-1,-1,-1,2
378,0,260,1,469,16,540,48,612,100,0,108,656,198,7,204,663,287,149,345,623,381,266,436,562,449,489,490,387,489,-1,-1,2
397,0,490,7,275,9,562,33,630,83,0,148,662,179,4,242,659,268,137,372,539,435,248,448,460,481,362,489,-1,-1,-1,-1,2
410,0,504,6,284,12,577,29,643,81,670,178,0,256,609,364,134,385,537,437,246,459,458,486,359,497,-1,-1,-1,-1,-1,-1,2
417,0,513,6,291,12,585,31,651,80,0,164,670,269,5,261,615,366,139,392,543,440,250,465,464,490,364,501,-1,-1,-1,-1,2
417,0,512,6,289,12,584,30,142,56,650,80,677,179,0,265,613,371,134,397,541,446,246,472,459,497,-1,-1,-1,-1,-1,-1,2
416,0,511,5,288,13,585,26,140,58,680,177,0,268,617,368,135,397,544,443,248,472,464,494,364,508,-1,-1,-1,-1,-1,-1,2
417,0,514,5,290,13,585,27,142,59,652,78,0,170,673,271,6,269,618,370,140,400,546,446,251,474,467,498,366,511,-1,-1,2
400,0,276,4,492,13,563,42,136,38,630,96,661,198,0,232,128,375,603,388,533,459,238,461,452,505,354,509,-1,-1,-1,-1,2
226,0,328,24,5,27,408,60,0,106,533,172,100,257,567,272,565,356,188,369,518,432,289,451,453,474,379,484,-1,-1,-1,-1,2
224,0,332,23,5,26,412,61,479,109,0,103,545,173,94,249,182,359,522,432,281,441,454,471,374,477,-1,-1,-1,-1,-1,-1,2
112,0,233,3,344,19,2,31,439,46,523,84,0,89,599,140,91,201,640,228,181,288,634,301,287,357,570,362,484,392,390,392,2
112,0,234,0,346,15,3,32,444,41,529,79,0,89,609,134,91,201,652,225,182,288,646,298,289,357,581,361,493,391,395,392,2
213,0,322,4,100,9,422,20,0,45,515,49,604,96,1,96,658,182,84,190,656,256,174,265,588,322,279,327,495,356,390,357,2
325,0,321,3,213,5,424,10,100,21,0,67,610,74,3,118,669,155,95,207,673,229,192,274,189,276,611,300,301,329,519,340,2
221,0,435,9,104,16,0,59,618,75,4,109,675,153,97,200,678,224,193,268,615,292,303,322,520,332,419,342,-1,-1,-1,-1,2
323,0,210,6,419,12,0,74,597,81,5,130,650,167,103,225,651,242,199,296,592,314,307,349,508,355,413,369,-1,-1,-1,-1,2
320,0,209,4,417,10,95,22,0,72,597,79,6,128,652,165,103,223,654,241,199,294,594,314,307,348,510,355,414,368,-1,-1,2
316,0,415,8,206,7,95,28,507,28,597,73,0,79,7,134,655,158,105,227,659,236,202,298,601,311,312,350,516,354,420,369,2
303,0,199,4,393,9,91,24,476,29,557,74,0,75,7,133,106,230,201,301,568,307,494,352,308,354,409,370,-1,-1,-1,-1,2
190,0,90,9,287,8,369,28,1,41,443,58,0,95,512,109,548,193,78,194,543,262,155,270,487,323,245,326,243,332,413,353,2
210,0,316,9,407,32,0,43,486,66,1,102,563,124,598,211,87,209,591,286,172,291,530,349,268,355,451,381,363,385,-1,-1,2
222,0,105,9,331,11,428,34,0,44,512,69,2,104,590,125,631,216,94,215,625,291,184,299,560,356,286,363,478,389,387,393,2
232,0,109,4,347,9,448,32,444,37,0,43,2,104,93,216,649,295,186,301,585,361,291,371,495,395,492,398,397,400,-1,-1,2
234,0,353,6,109,11,460,25,0,53,648,113,1,114,698,210,98,223,694,291,195,308,623,363,308,375,528,401,423,406,-1,-1,2
284,0,136,6,427,10,557,34,0,51,674,78,0,119,786,141,112,245,849,252,843,346,226,345,753,426,362,426,633,465,502,467,2
344,0,167,3,509,14,658,46,2,52,790,97,0,130,916,168,128,279,984,294,264,394,976,398,875,489,422,489,738,532,585,535,2
208,0,406,23,11,29,584,63,738,116,0,115,869,187,989,277,129,299,1045,414,271,443,1026,521,436,562,914,605,609,628,769,638,2
218,0,429,13,617,44,6,44,774,91,0,141,909,157,1031,242,157,334,1097,379,320,480,1088,492,989,591,503,594,849,641,688,647,2
235,0,461,20,5,42,654,61,808,116,0,157,933,189,1054,280,184,383,1117,426,1114,546,363,550,1024,654,557,675,895,713,742,728,2
458,0,6,1,637,50,775,113,0,127,885,189,987,282,193,377,1039,540,370,553,963,647,555,678,855,708,723,726,-1,-1,-1,-1,2
0,0,423,11,584,70,698,139,783,220,862,317,174,438,898,463,895,581,337,628,832,692,501,754,745,764,640,794,-1,-1,-1,-1,2
250,0,493,24,4,46,701,70,866,135,0,184,999,219,1128,325,212,449,1196,492,1195,630,412,645,1108,756,627,790,978,828,823,847,2
265,0,522,24,3,47,744,70,921,137,0,187,1064,225,1203,333,225,457,1278,505,1279,646,437,656,1184,774,666,804,1046,846,876,865,2
274,0,536,26,6,44,765,73,950,141,0,182,1096,231,219,454,1312,515,1311,657,433,656,1209,786,666,808,1062,857,884,873,-1,-1,2
530,0,0,59,984,85,2,182,1334,274,217,425,1428,455,1426,604,436,610,1306,739,681,756,1129,809,923,822,-1,-1,-1,-1,-1,-1,2
534,0,262,6,789,19,1012,66,0,78,1209,144,2,202,1396,249,1506,434,215,433,1505,592,440,615,1373,735,696,759,1180,811,954,826,2
547,0,269,6,808,16,1038,62,0,81,2,207,1437,241,1556,427,223,438,1559,586,457,618,1421,731,721,761,1224,810,990,825,-1,-1,2
549,0,269,11,811,15,1047,59,0,87,1257,134,0,209,1457,238,1573,426,211,435,1572,585,440,614,1426,732,704,756,1216,808,975,823,2
740,0,483,9,990,22,229,40,1234,84,0,128,1473,177,3,235,186,428,393,590,1456,716,650,729,1208,795,936,801,-1,-1,-1,-1,2
746,0,492,7,988,25,236,35,1219,83,0,123,1449,177,5,231,1591,364,193,425,406,584,664,716,1202,768,941,781,-1,-1,-1,-1,2
735,0,485,8,978,21,232,41,1215,78,0,123,1445,167,0,228,1592,359,173,419,1594,530,377,575,1423,686,628,709,1176,766,908,777,2
728,0,480,5,970,23,229,37,1208,83,1,116,1436,173,0,221,1583,364,170,411,1582,537,370,568,1406,691,616,703,1159,766,892,773,2
638,0,862,11,415,15,195,51,1092,57,1315,133,0,133,2,224,1462,312,148,386,1458,477,322,521,1285,623,541,639,1043,693,792,700,2
613,0,836,9,396,17,186,53,1066,54,1295,132,0,133,0,222,1447,315,132,381,1443,484,295,517,1259,633,504,637,1009,701,753,704,2
598,0,821,3,386,20,1057,45,180,61,1292,121,0,141,2,229,1449,308,129,382,1443,482,289,515,492,633,1251,634,995,700,737,701,2
741,0,525,12,982,20,332,51,1233,79,151,103,0,190,5,269,1413,265,119,404,1412,448,261,521,1208,615,448,628,940,686,682,690,2
685,0,485,16,913,20,310,53,1148,77,143,105,0,191,5,267,1317,262,103,398,1312,447,230,513,1112,610,397,619,612,681,854,680,2
603,0,812,11,423,18,268,60,1032,60,0,199,1195,239,7,271,91,393,1191,423,1002,587,350,600,764,657,542,658,-1,-1,-1,-1,2
541,0,748,2,373,29,972,40,234,73,0,211,1149,219,78,388,1145,413,175,488,307,583,946,579,487,643,703,646,-1,-1,-1,-1,2
518,0,718,1,358,24,936,40,222,70,103,122,0,205,1110,222,77,381,1109,415,171,481,299,577,916,581,471,638,680,644,-1,-1,2
533,0,735,9,368,22,230,60,953,59,106,111,0,189,5,256,1122,249,72,372,1113,443,164,477,289,579,913,604,462,647,673,659,2
534,0,754,4,358,28,999,56,220,72,97,130,0,213,1190,260,15,282,97,399,1184,466,202,502,338,603,977,626,516,669,731,681,2
541,0,771,10,361,23,219,62,1024,71,96,118,0,202,20,269,1222,285,108,391,219,496,1214,490,360,599,1003,642,542,669,757,687,2
549,0,782,15,362,19,219,55,1042,83,95,109,0,191,20,259,1241,306,112,383,225,491,1231,512,368,598,1016,656,550,672,766,695,2
551,0,364,17,788,16,217,51,1053,90,95,104,0,185,20,254,1253,317,117,378,231,487,1242,521,374,596,1026,660,558,671,776,695,2
549,0,363,16,789,18,215,51,92,103,1053,93,0,185,22,254,1255,320,122,378,238,486,1244,521,383,594,1031,657,568,667,783,693,2
557,0,784,12,376,22,229,63,1034,73,102,118,0,204,15,275,1223,289,103,399,1214,500,211,510,352,617,1004,655,536,689,754,706,2
548,0,770,1,371,32,1014,50,228,79,0,230,1203,251,16,301,104,420,1200,458,212,523,354,623,996,627,537,684,754,690,-1,-1,2
718,0,953,18,508,22,342,70,212,130,1151,187,94,198,0,293,14,359,1164,386,205,552,977,575,345,635,740,663,525,679,-1,-1,2
725,0,959,17,517,21,350,68,216,128,1153,181,97,196,0,292,16,357,1168,376,104,461,214,550,986,563,357,630,752,652,540,670,2
812,0,593,3,409,37,1045,37,255,90,115,156,1223,210,0,249,16,320,1225,395,115,434,235,531,1041,567,392,618,807,648,586,663,2
833,0,611,5,1070,35,420,40,262,95,118,162,1251,209,0,258,18,330,1254,398,117,446,242,544,1066,573,402,631,825,658,601,674,2
854,0,628,6,1097,36,432,42,268,97,121,166,1282,211,0,262,17,335,1288,400,124,453,253,551,1099,577,421,638,855,663,625,681,2
889,0,656,1,456,35,1132,36,284,88,127,157,1318,212,0,254,16,329,1323,397,128,449,265,549,1133,572,439,637,886,659,652,679,2
877,0,643,8,1130,33,275,103,1322,205,0,270,1329,390,125,463,263,556,1137,569,437,641,887,659,650,681,-1,-1,-1,-1,-1,-1,2
664,0,913,7,453,27,1182,59,278,72,122,134,0,230,1384,254,21,304,140,431,1387,450,281,538,1183,616,460,638,922,689,679,694,2
685,0,470,16,940,22,287,51,1211,92,126,107,0,198,20,276,1405,303,140,413,1398,499,281,529,461,639,1185,652,679,705,922,712,2
674,0,455,19,937,18,275,56,1218,91,118,112,0,203,22,277,1414,306,141,409,1398,504,280,521,454,626,1173,653,666,694,906,704,2
673,0,934,16,455,19,275,57,1213,87,118,114,0,206,22,281,1409,299,144,412,1395,496,284,523,458,628,1175,645,672,692,912,699,2
678,0,943,13,458,20,275,60,1231,83,119,118,0,210,23,286,1437,298,145,418,1426,498,286,529,464,636,1200,653,683,700,930,708,2
675,0,933,11,460,24,280,69,1211,71,121,130,0,225,1415,281,22,301,140,433,1410,483,282,543,460,648,1192,647,678,710,923,713,2
669,0,919,8,457,26,1187,63,281,72,124,134,0,228,1382,267,16,304,131,432,1377,465,266,542,1162,634,440,643,654,703,897,702,2
880,0,639,1,439,34,1141,39,271,86,121,149,1340,227,0,241,14,313,112,430,1339,424,237,532,1125,600,401,628,855,678,611,683,2
657,0,888,0,457,31,1134,40,284,81,127,146,1318,214,0,239,16,313,1323,396,127,431,262,532,1132,566,434,619,883,648,647,664,2
681,0,909,4,480,26,1148,44,301,73,136,135,1327,212,0,228,14,302,1336,385,131,423,273,524,1154,552,454,612,911,636,673,654,2
713,0,947,6,503,26,1189,49,316,73,142,137,1368,219,0,231,14,310,1376,394,138,435,288,539,1194,564,477,629,947,650,704,670,2
740,0,970,11,529,21,1203,61,334,65,151,127,0,223,1369,226,16,303,1375,392,151,431,310,536,1202,552,505,623,968,638,732,661,2
747,0,974,16,537,19,341,60,1202,64,155,119,0,213,1365,225,13,293,1371,388,150,422,309,528,1203,545,507,615,972,630,735,654,2
806,0,591,5,1028,28,381,35,178,86,1247,87,0,177,1394,253,10,262,156,405,1398,412,326,522,1235,563,535,620,1010,643,772,664,2
802,0,586,7,1027,27,377,38,1249,84,174,91,0,183,1403,249,11,269,1410,409,161,412,333,529,1250,561,544,625,1023,644,784,667,2
813,0,593,10,1042,26,380,44,1267,86,174,100,0,197,1419,253,13,285,1423,415,168,429,344,543,1260,570,556,638,1032,655,795,679,2
854,0,624,7,1091,27,399,39,1321,92,182,96,0,197,1470,264,17,288,1468,424,184,439,370,554,1300,576,590,647,1071,661,832,687,2
883,0,637,8,1135,29,403,41,180,101,1380,102,0,207,1528,286,21,299,195,453,1515,455,381,572,1329,609,601,669,1089,689,845,711,2
869,0,1128,19,624,19,391,62,1380,81,174,129,0,240,1538,262,25,328,1529,432,201,473,390,581,1344,590,613,670,1103,677,858,705,2
865,0,622,17,1121,20,391,57,1371,84,174,123,0,234,1527,261,25,324,1521,430,201,469,390,579,1339,586,613,669,1101,674,857,704,2
870,0,625,15,1126,21,392,54,1376,87,175,118,0,226,1530,269,24,316,1518,438,197,463,385,574,1332,592,605,665,1092,676,848,703,2
872,0,627,15,1128,22,394,53,1378,87,176,118,0,226,1532,268,24,315,1522,436,198,463,386,573,1337,592,608,664,1096,675,852,702,2
876,0,631,9,1131,26,399,43,1381,98,180,102,0,207,1535,286,20,298,188,451,1522,456,373,569,1333,611,594,668,1089,691,841,712,2
845,0,613,9,1087,29,390,41,178,96,1325,95,0,196,1481,275,16,286,175,436,1477,443,354,555,1300,598,571,656,1061,680,815,701,2
809,0,593,8,1034,27,381,42,1256,87,175,98,0,191,1407,252,12,279,1412,412,166,424,341,538,1253,566,553,634,1029,649,792,673,2
818,0,603,4,1037,32,390,31,181,80,1250,91,0,172,1395,251,11,258,167,403,1397,405,344,518,1243,550,557,612,1025,629,794,652,2
801,0,588,8,1020,23,382,39,1239,79,5,178,0,182,1389,241,1394,398,158,404,328,516,1236,550,539,612,1011,632,776,654,-1,-1,2
799,0,590,4,1016,28,383,31,181,78,1234,85,0,165,1393,243,5,249,149,395,1409,400,321,512,1257,553,538,615,1030,638,785,660,2
769,0,567,16,978,15,1190,56,369,55,176,109,1356,198,0,205,7,287,1386,347,156,417,1252,507,334,525,1038,604,551,610,798,640,2
764,0,972,8,564,21,1183,38,369,66,174,126,1351,168,0,220,7,299,1386,310,154,419,1258,471,332,518,1044,573,553,596,803,616,2
957,0,745,2,1174,20,546,32,355,86,1355,142,166,151,0,249,1396,285,9,327,154,438,1267,450,330,530,1050,561,552,598,804,611,2
749,0,960,11,550,21,1175,43,358,62,168,119,1348,177,0,206,5,283,1382,322,141,402,1245,482,309,505,1021,580,526,587,774,615,2
739,0,541,10,947,21,351,42,1159,63,166,87,0,164,1319,204,0,239,1335,353,122,361,275,466,1180,502,473,556,951,579,709,598,2
722,0,528,15,931,18,343,51,1142,57,161,101,0,179,1301,197,2,253,1315,347,118,372,266,475,1159,497,458,561,928,579,689,600,2
717,0,523,10,928,21,339,47,1140,64,0,173,1296,213,1,247,112,368,1306,365,254,473,1141,516,439,564,906,594,666,609,-1,-1,2
697,0,912,14,503,19,1133,53,326,59,4,191,1296,206,0,261,1300,369,91,377,216,482,1113,531,388,574,859,611,611,623,-1,-1,2
521,0,1122,18,166,91,1287,144,5,166,0,236,1311,284,102,344,241,441,1155,440,429,522,916,530,666,557,-1,-1,-1,-1,-1,-1,2
729,0,544,5,921,22,361,30,1114,63,177,67,7,131,1264,186,0,199,115,314,1287,316,263,415,1150,450,460,501,932,523,694,540,2
572,0,760,4,383,18,951,34,1142,82,10,108,0,178,1287,210,116,301,1306,339,266,410,1168,469,468,505,949,538,708,550,-1,-1,2
623,0,422,4,215,18,818,22,16,64,1013,70,1205,132,0,134,118,270,1342,272,273,394,1354,401,482,504,1208,522,732,571,980,577,2
619,0,418,3,211,18,814,20,14,64,1010,68,1204,130,0,135,1346,270,120,271,279,395,1365,398,492,504,1221,521,745,571,995,576,2
433,0,223,3,634,9,826,38,18,41,1016,94,0,112,1204,164,121,257,1338,308,278,391,1354,437,492,513,1214,552,744,588,993,599,2
221,0,430,3,629,17,18,30,817,53,0,103,1001,114,1185,190,124,252,1317,337,284,395,1334,466,498,523,1203,580,748,606,988,625,2
223,0,433,4,634,20,17,31,822,58,0,106,1006,119,1189,196,129,258,1320,343,294,400,1340,472,512,531,1210,586,762,612,1002,630,2
226,0,442,12,13,24,645,37,832,80,0,101,1008,148,1185,229,148,268,1315,375,328,416,1341,500,558,553,1227,613,809,637,1037,655,2
438,0,14,0,637,28,817,74,0,80,985,144,148,247,1276,371,327,400,1299,492,552,537,1194,598,796,621,1012,640,-1,-1,-1,-1,2
229,0,16,4,437,31,627,74,0,86,794,132,945,211,151,273,1097,302,328,441,1205,449,1224,571,544,594,1130,673,772,687,969,710,2
438,0,643,22,2,27,823,64,0,117,988,131,1151,211,179,298,1265,355,375,447,1286,477,602,573,1189,588,1027,642,831,640,-1,-1,2
433,0,212,5,637,13,819,48,0,51,987,107,3,144,1154,180,1273,322,189,318,1299,446,390,461,1208,563,622,578,1049,625,854,633,2
431,0,211,6,637,8,820,42,0,57,989,98,5,152,1157,170,1275,312,195,325,1301,434,398,465,1209,555,629,578,1053,618,858,630,2
435,0,644,6,212,12,832,36,0,67,1003,93,5,162,1173,168,1292,312,193,337,1314,440,393,477,1217,561,626,590,1055,628,858,641,2
440,0,651,4,841,31,0,81,1186,162,6,179,1308,309,201,360,1331,442,408,505,1236,573,643,617,1076,645,877,665,-1,-1,-1,-1,2
679,1,461,0,225,21,874,27,1053,80,0,93,1229,154,7,198,1348,306,208,382,1367,443,419,527,1269,578,660,640,1102,658,898,684,2
707,0,480,2,908,24,234,29,1091,77,0,113,1266,153,9,225,1386,307,225,417,1406,448,447,564,1305,589,694,673,1139,676,936,710,2
795,0,547,1,1013,24,268,35,1201,79,0,140,1372,162,10,268,1474,324,1475,469,247,478,1356,614,482,627,1182,708,735,728,978,753,2
801,0,548,1,1020,26,270,32,1209,83,0,136,1382,170,10,264,1480,338,243,479,1477,486,1350,631,472,628,1171,723,722,735,963,763,2
802,0,544,2,1024,26,265,38,1217,84,0,144,1392,174,10,270,1481,347,238,481,1469,498,462,630,1334,641,1151,730,704,737,944,768,2
789,0,533,12,1014,16,257,59,1211,67,1389,150,0,177,16,302,1488,320,1482,473,249,505,1352,623,476,644,1169,720,722,742,961,765,2
792,0,1018,16,533,12,1212,64,255,60,1386,149,0,185,22,308,1472,316,1454,462,259,500,1318,603,478,629,1140,693,714,718,941,738,2
790,0,1014,10,532,20,1206,52,254,75,1377,130,0,202,1465,292,22,325,1450,437,259,513,1318,580,482,633,1139,674,717,713,943,724,2
795,0,1023,7,536,23,1214,46,253,85,1387,123,0,220,1470,284,28,343,1456,430,275,527,1326,574,502,643,1153,671,737,718,960,724,2
824,0,1058,5,551,27,1255,43,259,96,1426,121,0,244,1500,285,33,368,1476,431,287,548,1335,573,514,655,1157,670,746,723,965,725,2
827,0,1061,7,557,23,1256,47,264,86,1425,125,0,229,1501,289,31,354,1474,432,285,536,1335,572,511,646,1157,666,744,716,963,720,2
1067,0,831,0,1263,34,559,30,264,102,1433,109,0,252,1509,269,32,375,1484,414,1346,557,290,550,1169,656,520,654,977,716,755,717,2
1056,0,820,9,1255,28,550,49,1430,95,259,131,1514,254,0,292,1496,400,35,414,1363,550,297,581,1189,658,531,678,995,724,771,736,2
1049,0,813,8,1245,27,545,49,1418,94,256,132,1502,253,0,292,1484,399,36,415,1354,551,297,583,1181,657,530,680,989,725,768,735,2
1018,0,790,11,1213,24,529,54,1387,87,248,138,1477,241,0,297,1466,385,35,418,1341,536,294,579,1173,645,527,673,985,714,764,726,2
970,0,754,10,1160,23,506,51,1339,83,236,131,1441,232,0,280,1445,376,32,398,1332,528,284,561,1170,639,517,661,982,709,758,719,2
714,0,917,4,483,25,1096,37,230,83,1265,102,0,204,1370,249,22,319,1380,387,254,491,1276,532,477,608,1121,632,713,682,935,688,2
832,0,643,3,1001,27,432,32,1166,81,205,91,0,205,1281,215,24,311,1307,346,248,468,1224,488,464,575,1085,588,695,644,909,646,2
634,0,433,9,807,17,211,40,960,57,1111,119,0,127,15,232,1212,251,1233,372,225,402,1157,499,431,524,1025,584,654,607,860,625,2
463,0,664,8,232,16,832,37,978,89,0,92,1118,160,6,204,1214,296,222,402,1234,420,1159,548,434,546,1032,632,662,646,871,670,2
453,0,652,6,224,18,817,34,958,84,0,96,1096,154,14,210,1191,287,1212,408,239,404,1144,533,453,542,1027,617,677,634,873,657,2
432,0,622,12,212,13,777,44,0,81,908,97,1038,169,13,195,1126,300,231,391,1146,417,1083,536,433,530,974,614,644,624,831,649,2
197,1,399,0,576,20,717,60,0,60,835,118,13,176,953,194,222,381,1050,441,411,527,995,555,899,626,605,627,772,658,-1,-1,2
374,0,532,23,657,64,0,66,753,123,850,202,10,193,912,338,209,409,923,446,874,559,378,554,548,648,689,670,-1,-1,-1,-1,2
376,0,542,18,665,57,764,114,861,190,0,215,915,322,924,436,201,429,871,551,373,568,787,629,542,654,684,670,-1,-1,-1,-1,2
391,0,560,15,193,14,686,50,0,100,879,180,9,231,930,313,934,427,209,440,876,543,377,574,790,623,544,655,686,667,-1,-1,2
556,0,382,2,683,23,183,37,881,137,932,269,0,283,936,386,205,476,877,510,790,600,376,593,684,656,544,659,-1,-1,-1,-1,2
570,0,398,10,700,16,801,55,896,121,0,184,946,250,17,316,947,367,885,491,225,497,798,585,393,603,695,647,557,658,-1,-1,2
557,0,688,7,383,19,787,40,881,102,924,229,0,351,853,472,201,518,763,568,365,610,658,634,524,654,-1,-1,-1,-1,-1,-1,2
566,0,698,7,389,19,795,37,186,81,887,99,927,224,0,356,200,519,761,560,363,607,656,627,522,648,-1,-1,-1,-1,-1,-1,2
697,3,566,0,795,32,392,23,884,93,926,213,919,326,0,369,852,452,204,527,764,549,369,610,661,620,527,645,-1,-1,-1,-1,2
719,0,585,3,818,20,408,33,909,79,201,110,0,275,946,320,17,403,879,450,789,555,220,556,685,632,387,635,548,664,-1,-1,2
0,0,254,20,374,60,12,88,469,111,547,172,164,265,689,354,296,401,709,440,428,502,618,552,539,551,-1,-1,-1,-1,-1,-1,2
0,0,264,20,384,62,0,95,474,120,137,290,662,380,257,434,670,470,377,542,628,550,563,589,483,591,-1,-1,-1,-1,-1,-1,2
133,0,0,8,267,20,387,63,3,106,479,117,552,183,140,304,673,382,260,450,682,474,638,558,385,557,574,601,492,605,-1,-1,2
0,0,273,16,391,62,1,100,482,117,555,184,628,264,137,302,669,382,254,450,674,475,630,558,377,557,564,601,484,605,-1,-1,2
1,0,283,19,403,67,0,105,494,126,565,195,635,278,136,317,672,399,252,470,673,494,627,579,374,580,559,623,478,629,-1,-1,2
315,0,446,7,544,32,615,71,3,122,685,141,0,242,718,263,714,362,149,426,661,472,273,539,587,555,503,603,397,602,-1,-1,2
293,0,6,14,418,34,521,78,0,100,601,134,680,210,118,273,229,401,711,414,647,493,352,496,563,533,467,539,-1,-1,-1,-1,2
150,0,304,11,3,33,442,39,554,79,0,116,646,133,734,207,125,279,780,320,244,399,775,411,707,491,376,492,611,531,504,535,2
286,0,139,2,429,15,553,44,0,45,0,119,116,259,235,369,750,452,376,454,372,459,636,498,512,501,-1,-1,-1,-1,-1,-1,2
298,0,440,5,143,11,564,26,0,58,675,65,784,121,4,129,853,223,135,258,861,315,267,358,793,402,416,435,687,452,563,466,2
291,0,138,9,433,7,559,30,0,49,4,118,783,126,135,246,867,316,268,345,420,422,693,448,568,457,-1,-1,-1,-1,-1,-1,2
294,0,141,3,436,11,561,38,0,36,675,82,7,104,787,137,143,230,865,237,878,323,281,330,815,402,436,409,711,443,584,447,2
147,0,301,12,0,22,444,35,569,73,0,90,678,126,129,228,853,298,262,340,863,382,411,433,793,457,559,482,685,488,-1,-1,2
142,0,292,4,435,21,0,28,560,53,5,95,672,100,783,160,138,225,857,263,274,329,868,349,426,415,804,424,699,459,573,459,2
300,0,0,29,683,98,4,97,797,161,137,233,869,265,273,341,879,354,426,427,811,433,704,470,576,471,-1,-1,-1,-1,-1,-1,2
447,1,298,0,142,17,586,18,579,18,706,55,0,71,826,111,14,144,908,219,160,272,922,313,304,368,853,405,464,440,744,456,2
466,0,311,8,603,12,145,35,848,96,0,101,15,180,927,203,937,300,171,306,869,396,320,398,762,456,483,462,634,480,-1,-1,2
479,0,621,8,321,11,745,38,150,45,0,122,941,196,15,204,950,295,179,330,880,396,332,419,773,461,495,479,647,492,-1,-1,2
501,0,645,5,337,15,771,32,160,55,888,81,0,142,957,192,14,225,957,293,176,352,880,396,327,438,767,465,487,493,639,501,2
503,0,649,2,337,17,894,77,0,149,964,184,15,233,960,289,177,358,880,393,327,441,767,462,488,496,638,500,-1,-1,-1,-1,2
534,0,680,6,361,12,806,34,173,50,916,86,0,142,971,194,12,226,957,293,173,355,871,392,320,435,755,457,476,488,624,493,2
535,0,680,9,363,13,804,36,172,51,915,91,0,144,968,201,11,230,959,300,170,362,867,400,317,444,752,468,472,502,623,505,2
530,0,677,7,359,12,801,34,170,51,912,89,0,142,965,200,11,227,953,299,171,357,864,397,317,440,747,464,473,494,619,499,2
520,0,664,6,352,14,788,32,167,52,899,84,0,140,957,192,12,224,950,290,171,351,864,389,318,433,751,456,474,486,622,492,2
328,0,486,3,158,19,622,23,740,61,0,85,850,122,3,165,910,237,139,305,903,336,272,406,816,430,420,481,700,486,568,506,2
323,0,477,5,156,11,612,27,730,68,0,73,842,130,3,152,901,246,134,292,263,394,409,477,557,507,-1,-1,-1,-1,-1,-1,2
316,0,470,10,151,11,599,31,0,66,713,74,823,137,0,143,884,252,128,285,881,351,257,391,797,440,404,472,681,491,551,505,2
296,0,141,6,440,13,565,36,0,51,677,80,2,121,845,250,123,252,841,341,246,354,761,422,385,433,650,464,525,470,-1,-1,2
283,0,135,4,422,11,547,38,1,45,661,81,0,111,771,142,110,238,833,252,226,338,829,343,360,419,746,422,630,459,501,461,2
303,0,450,5,146,9,584,26,0,59,707,63,824,123,1,127,895,230,123,253,896,323,251,351,397,431,553,462,550,467,-1,-1,2
158,0,323,1,477,18,2,38,614,49,738,99,0,108,853,167,118,248,919,282,248,357,913,377,396,448,821,458,694,495,552,494,2
308,0,151,4,461,11,604,38,2,46,738,85,0,112,863,150,110,241,937,269,232,345,930,368,827,452,536,483,686,487,-1,-1,2
455,0,299,4,603,13,142,23,748,48,0,76,888,103,4,142,977,218,122,256,979,321,252,351,877,414,406,428,731,461,572,467,2
313,0,469,2,152,11,616,22,0,56,755,62,887,118,0,122,973,229,119,242,974,327,252,339,877,415,410,420,735,458,577,462,2
318,0,626,16,767,53,0,64,899,105,2,131,987,217,128,250,990,314,266,345,894,404,428,422,756,450,599,458,-1,-1,-1,-1,2
462,0,307,6,610,12,148,25,751,45,0,75,888,94,3,140,980,202,126,251,988,299,262,344,894,393,423,417,754,441,595,451,2
470,0,311,6,618,15,150,24,761,49,0,76,901,98,5,141,993,208,132,255,998,308,271,350,904,401,433,424,764,450,605,459,2
465,0,617,9,308,9,147,32,763,40,904,88,0,89,5,154,1000,198,132,266,1008,298,270,356,912,394,434,428,769,447,608,459,2
464,0,619,5,305,13,771,32,143,41,921,78,0,100,6,165,1023,189,131,275,1032,293,271,363,932,394,437,433,781,450,614,464,2
557,1,370,0,176,14,734,24,902,69,0,70,1059,134,3,145,1158,262,129,282,1160,374,287,396,1045,476,476,489,873,528,682,534,2
265,0,456,4,637,28,809,77,968,143,1067,274,0,285,1065,389,154,402,942,494,346,502,761,546,560,551,-1,-1,-1,-1,-1,-1,2
536,0,715,11,354,11,173,38,896,49,3,98,1069,108,0,170,1183,244,114,297,1183,370,254,406,1044,487,433,499,848,543,640,549,2
674,0,496,7,861,20,323,36,1045,63,151,79,0,151,1176,194,2,221,1183,325,117,334,257,429,1045,456,434,509,847,526,638,544,2
604,0,787,1,435,23,973,27,279,65,129,118,1118,146,0,196,7,260,1134,276,113,357,999,417,243,437,803,497,407,502,601,526,2
592,0,770,3,428,23,949,28,274,64,130,116,1085,147,0,196,8,258,1097,273,114,354,970,409,243,432,783,487,403,495,591,516,2
596,0,771,11,434,16,944,44,280,49,130,94,1070,163,0,166,6,229,1077,287,109,327,235,408,948,411,391,474,765,480,576,501,2
591,0,755,8,435,15,913,36,283,50,1028,140,0,168,6,229,1038,249,116,319,929,367,247,394,765,437,406,449,588,466,-1,-1,2
600,0,442,13,764,13,923,42,287,45,135,89,1037,148,0,158,6,220,1045,257,117,313,935,373,247,389,768,441,407,446,590,466,2
747,0,580,1,910,16,423,27,274,72,1035,116,126,128,0,208,1052,227,11,268,125,353,945,353,258,418,781,435,421,466,602,473,2
616,0,788,3,451,21,956,30,292,60,135,114,1080,138,0,194,1093,254,11,259,131,353,981,380,270,426,811,459,438,480,627,493,2
643,0,832,6,461,19,1020,41,287,60,120,120,1157,169,0,280,1168,301,128,384,1040,436,279,468,855,517,464,531,660,548,-1,-1,2
644,0,833,3,464,21,1019,38,291,61,293,67,123,123,1158,161,0,284,1173,291,131,389,1050,429,282,470,865,514,464,532,667,548,2
669,0,865,7,485,23,1059,42,310,65,141,125,1200,173,0,216,15,288,1213,312,148,401,1081,454,300,487,890,540,483,555,687,574,2
691,0,896,12,499,17,315,56,1100,58,143,114,0,206,1241,203,16,280,1246,349,154,401,1102,490,307,493,490,569,903,570,696,596,2
526,0,729,3,333,18,945,38,151,58,1152,110,0,138,15,213,1276,275,148,348,1257,420,297,454,1089,540,473,546,880,592,673,596,2
541,0,342,4,748,18,155,32,962,66,0,102,1164,155,13,180,146,323,1271,327,291,436,1238,465,463,537,1065,567,657,596,858,604,2
538,0,342,2,745,17,154,29,959,67,0,99,1162,155,12,175,141,318,1271,327,285,430,1237,468,455,531,1061,568,649,592,852,603,2
538,0,340,7,746,13,154,37,962,58,0,110,1166,141,14,188,1278,313,149,327,295,438,1249,453,469,537,1077,559,665,593,869,599,2
536,0,338,8,744,12,152,41,960,55,0,114,1166,139,14,192,1280,309,150,330,296,441,1251,450,471,537,1078,557,666,594,870,598,2
523,0,729,6,329,13,947,41,148,50,1158,119,0,127,14,202,1280,290,148,335,1256,434,292,443,466,537,1082,546,664,590,870,591,2
523,0,731,7,328,14,952,46,147,50,0,125,1164,125,14,201,1285,297,146,336,290,444,1258,442,463,539,1081,553,660,594,867,598,2
724,0,326,7,943,37,145,41,1157,115,0,120,15,193,1283,284,1259,428,467,524,1087,538,667,580,875,585,-1,-1,-1,-1,-1,-1,2
504,0,689,5,325,16,882,38,1068,103,0,123,1185,252,128,322,1171,388,268,423,1021,503,434,514,825,555,627,559,-1,-1,-1,-1,2
481,0,657,5,310,18,843,36,1025,95,0,120,1145,239,113,309,1138,373,241,411,989,489,404,499,793,543,595,546,-1,-1,-1,-1,2
406,0,588,8,223,14,771,43,41,45,940,102,1049,239,0,320,1044,364,145,425,911,481,323,513,724,542,524,555,-1,-1,-1,-1,2
484,0,659,6,313,14,840,41,147,46,1014,100,0,110,1,180,1126,244,109,305,1119,375,238,408,976,490,400,499,784,544,589,547,2
445,0,611,5,287,16,790,37,138,44,965,97,0,106,0,171,1082,245,92,289,1073,379,207,390,354,482,922,494,534,536,727,540,2
453,0,294,8,620,11,139,34,798,50,1,89,971,116,0,155,1082,266,86,276,197,382,1067,402,339,481,912,510,519,540,713,551,2
463,0,623,9,326,14,207,43,787,47,95,82,0,143,909,177,5,197,73,287,906,309,158,366,767,427,273,438,588,478,421,480,2
521,0,385,8,662,14,270,35,170,73,775,115,0,188,8,236,786,231,683,353,153,372,261,423,536,420,393,441,-1,-1,-1,-1,2
498,0,629,12,370,13,261,39,165,80,735,104,75,128,0,193,745,212,9,238,74,306,650,328,153,361,513,395,254,408,378,420,2
496,0,624,7,370,14,261,46,166,88,729,91,75,139,740,196,0,206,11,251,651,313,79,316,162,367,520,384,264,406,388,414,2
508,0,381,9,636,10,271,37,173,77,737,97,80,125,0,190,745,201,9,236,76,302,652,315,157,357,519,383,259,399,385,410,2
511,0,643,5,381,17,271,44,172,91,747,95,757,202,0,212,79,327,662,322,163,377,528,394,268,413,265,419,393,425,-1,-1,2
516,0,643,6,387,11,273,41,174,86,746,94,79,138,754,198,0,205,9,252,662,315,79,318,163,370,529,386,269,409,395,417,2
635,0,500,0,367,24,256,63,750,84,161,114,72,171,764,194,0,245,14,291,674,321,86,353,173,401,541,402,281,437,407,439,2
521,0,661,8,387,15,270,46,169,92,772,101,77,146,0,216,782,214,12,263,85,331,684,336,172,386,545,409,279,428,407,438,2
552,0,410,6,697,17,288,33,181,72,83,120,814,124,0,187,9,236,819,244,79,312,707,366,164,375,273,429,554,431,407,450,2
560,0,416,9,708,17,293,37,184,77,84,127,824,125,0,195,9,246,831,246,80,323,720,371,168,387,280,440,566,440,416,461,2
588,0,434,0,303,23,747,28,190,58,86,105,871,152,0,172,11,225,875,282,86,311,178,382,752,405,291,446,590,464,433,476,2
319,0,461,1,197,16,628,28,89,47,799,93,0,103,8,158,912,250,77,259,163,346,893,387,272,431,744,482,410,488,568,507,2
320,0,465,2,194,14,637,33,0,102,813,102,6,155,77,258,930,264,165,347,907,404,274,433,413,494,752,496,572,516,-1,-1,2
243,0,390,5,563,35,7,42,741,108,0,264,861,276,90,356,843,417,204,446,346,510,690,511,509,534,-1,-1,-1,-1,-1,-1,2
336,0,487,3,667,31,94,46,0,106,851,105,94,269,978,274,192,365,964,417,312,455,808,515,459,517,626,539,-1,-1,-1,-1,2
484,0,329,2,201,19,671,24,88,55,866,93,0,118,15,175,1005,263,101,281,200,373,993,413,323,461,836,512,475,521,646,540,2
486,0,330,7,678,17,198,32,85,73,878,78,0,139,18,197,1024,246,110,301,215,389,1016,396,342,474,859,502,497,525,672,536,2
403,0,245,4,598,21,0,61,801,90,946,264,19,294,121,385,934,415,247,473,770,519,402,531,577,549,-1,-1,-1,-1,-1,-1,2
494,0,334,5,692,22,201,26,86,65,900,91,0,130,17,189,1048,268,109,296,214,386,1036,420,341,474,869,524,498,533,674,550,2
492,0,330,7,690,21,199,29,85,68,902,88,0,134,16,191,1057,264,106,298,211,388,1047,419,339,478,879,526,499,536,679,554,2
488,0,328,10,686,16,197,34,87,72,897,78,0,141,16,198,1053,251,107,302,211,391,1047,406,343,476,880,516,500,534,682,548,2
486,0,331,8,673,18,202,33,88,72,871,75,0,138,14,195,1020,239,101,299,204,387,1016,391,333,472,862,502,491,528,669,539,2
476,0,652,5,330,16,204,50,839,47,94,93,0,167,990,194,99,323,1001,343,202,407,862,472,334,486,675,528,496,532,-1,-1,2
389,0,566,3,242,23,757,41,116,59,4,108,903,187,0,331,908,340,100,417,759,474,226,495,566,534,386,538,-1,-1,-1,-1,2
653,0,474,1,327,26,843,32,204,64,92,114,996,175,0,186,12,241,1004,329,90,336,186,417,853,469,311,494,656,531,473,536,2
646,0,472,2,327,27,832,29,204,65,981,166,0,185,9,240,989,316,84,332,179,412,842,455,304,486,647,519,464,526,-1,-1,2
632,0,461,7,815,23,320,36,199,78,90,131,964,154,0,203,10,257,978,301,87,346,184,422,838,442,310,491,647,512,469,525,2
645,0,477,2,334,27,819,27,211,67,96,117,954,156,0,190,10,247,961,295,90,337,188,414,827,430,316,481,646,498,472,514,2
712,0,521,9,912,27,364,44,231,96,1068,180,0,244,1072,353,188,505,910,523,321,586,697,607,495,625,-1,-1,-1,-1,-1,-1,2
701,0,508,15,910,21,352,56,221,112,102,178,1081,180,0,267,9,333,1091,368,83,438,180,530,918,552,311,613,693,640,487,658,2
728,0,527,13,946,24,362,54,228,112,1124,198,0,270,8,340,1126,400,76,451,172,550,937,595,302,643,696,683,479,695,-1,-1,2
754,0,549,15,971,22,382,57,241,116,1150,185,0,278,9,348,1159,377,85,458,193,556,977,571,331,642,741,666,520,686,-1,-1,2
581,0,776,1,411,27,978,32,262,73,1135,181,0,216,8,283,1144,344,96,392,212,484,984,504,361,567,766,586,553,606,-1,-1,2
652,0,850,12,472,17,1044,53,304,55,0,193,1188,195,8,266,1195,342,115,384,249,480,1047,490,419,561,838,571,624,596,-1,-1,2
645,0,837,9,465,19,1030,48,299,58,140,113,1173,187,0,196,7,267,1181,333,114,380,248,474,1035,481,415,553,828,562,617,586,2
635,0,463,11,820,15,297,42,1006,59,141,88,0,166,1141,195,1149,331,116,350,254,438,1012,464,419,520,817,536,615,555,-1,-1,2
687,0,509,13,869,14,333,47,1048,52,1179,176,0,181,6,255,1196,305,134,373,1075,441,288,465,889,526,474,538,685,559,-1,-1,2
679,0,860,8,501,18,1038,41,327,56,153,112,1169,158,0,197,8,269,1186,283,141,378,1070,419,295,463,890,505,482,527,690,542,2
622,2,804,0,990,22,452,28,290,74,134,132,1132,137,0,217,1152,267,11,284,132,381,1030,408,272,458,844,496,447,517,645,532,2
803,0,621,3,987,18,450,32,289,81,1130,128,133,142,0,228,1150,251,13,294,136,387,1031,392,279,460,848,481,454,512,652,522,2
800,0,617,10,982,12,290,91,1127,118,1152,240,0,243,10,307,1037,381,282,466,856,475,458,518,660,521,-1,-1,-1,-1,-1,-1,2
798,0,618,6,982,15,451,34,291,81,1131,120,0,227,1160,242,7,290,127,383,1044,385,270,456,857,478,448,509,654,520,-1,-1,2
805,0,625,4,987,16,458,32,296,82,1136,122,0,229,1165,247,7,294,128,389,1051,392,274,465,865,486,454,520,661,530,-1,-1,2
653,0,835,10,481,16,1015,39,314,52,148,101,1154,155,0,176,3,242,1173,280,120,346,1049,413,261,431,857,493,441,499,649,523,2
669,0,495,13,850,13,1029,44,324,46,153,92,1166,160,0,167,2,235,1185,283,120,341,1061,417,265,429,868,496,448,499,659,524,2
678,0,861,7,501,19,1043,34,328,59,156,113,1183,146,0,194,5,264,1202,272,127,366,1081,411,277,450,890,498,466,516,680,533,2
827,0,1026,5,634,16,457,58,1191,111,293,121,134,194,1227,243,0,290,12,356,1108,402,142,447,912,511,295,517,484,565,699,566,2
1024,0,1192,106,291,121,136,192,1228,239,0,293,15,360,1110,402,146,451,916,511,301,520,704,568,490,568,-1,-1,-1,-1,-1,-1,2
838,0,1037,8,643,13,465,54,298,113,1200,120,136,184,1234,254,0,283,14,352,1113,414,145,446,299,519,917,522,489,571,705,575,2
1058,0,652,7,469,50,299,113,1221,113,136,191,1251,253,0,291,15,361,1124,417,150,458,925,528,306,530,497,582,713,583,-1,-1,2
867,0,1080,11,660,15,472,59,299,123,1251,133,135,201,1279,279,0,301,17,372,1146,445,153,469,311,543,939,553,504,599,722,604,2
906,0,689,15,1129,18,491,61,307,127,1302,152,1329,306,0,322,1192,477,175,505,344,583,986,590,545,640,768,645,-1,-1,-1,-1,2
772,0,557,8,999,25,352,39,1218,90,157,94,0,186,1355,255,20,268,174,403,1344,408,341,507,1178,541,534,591,965,611,749,629,2
784,0,566,4,1011,27,356,34,1228,96,0,184,1359,262,25,265,186,403,1346,411,357,507,1185,542,553,592,976,608,765,628,-1,-1,2
800,1,580,0,366,24,1025,34,164,73,1237,105,0,164,21,249,1359,268,185,388,1342,412,357,494,1181,535,554,578,976,598,767,615,2
788,0,569,0,360,23,1013,30,1228,104,0,162,22,243,1352,268,178,381,1331,413,345,485,1164,536,536,571,956,596,746,610,-1,-1,2
561,0,780,4,352,19,1009,40,158,61,1228,119,0,145,18,226,1351,291,168,367,1326,440,327,475,1150,557,514,568,935,611,722,615,2
566,0,786,5,356,17,1016,42,160,58,1237,121,0,140,18,220,1361,295,166,361,1336,444,326,471,1157,561,513,565,939,612,724,615,2
561,0,783,5,352,17,1017,43,158,57,1242,124,0,140,18,221,1369,303,165,363,1343,454,323,475,510,571,1160,572,938,623,721,624,2
769,0,554,1,350,23,995,33,158,68,1212,105,0,154,15,236,1346,278,160,378,1330,429,320,487,1158,559,510,581,941,620,724,628,2
752,0,544,4,972,27,345,30,157,77,1188,91,0,163,14,242,1327,256,156,377,1320,408,313,485,1155,541,504,576,938,607,719,619,2
726,0,526,6,937,26,336,32,155,77,1147,85,0,161,9,239,1288,247,139,372,1285,401,289,480,1125,538,475,574,909,608,689,621,2
680,0,499,5,868,23,324,29,151,70,1053,75,0,144,4,215,1182,215,123,336,1183,352,263,436,1041,481,438,521,844,549,639,562,2
670,0,490,8,859,21,316,36,1045,67,146,81,0,156,1177,204,7,227,1182,339,127,345,269,440,1044,468,444,520,848,538,645,556,2
685,0,501,7,880,22,324,34,1073,71,150,77,0,153,1210,211,3,225,123,345,1215,351,265,446,1070,484,443,530,865,554,652,569,2
705,0,517,10,903,18,334,42,1100,63,156,89,0,170,1244,205,6,246,1254,348,133,368,282,469,1110,490,468,553,903,567,684,589,2
718,0,524,14,921,16,339,48,1125,59,158,99,0,182,1275,203,7,257,1289,348,138,380,294,481,1143,494,484,566,931,576,708,600,2
746,0,549,12,952,19,356,45,1158,64,166,97,0,181,1310,208,5,260,1328,355,143,389,307,495,1185,505,510,582,972,590,742,617,2
639,0,842,6,427,16,1039,45,207,52,1231,105,1,132,0,220,1369,253,163,379,1387,396,352,505,1261,538,582,608,1060,622,831,648,2
642,0,844,9,429,16,1038,46,208,51,1231,106,0,132,2,223,1368,253,171,382,1392,393,366,509,1271,537,600,612,1077,622,850,651,2
690,0,469,8,892,15,231,38,1079,58,1261,124,0,121,3,221,1392,269,196,395,1416,407,409,533,1307,551,1127,639,656,638,909,673,2
654,0,442,6,843,18,216,33,1017,63,0,108,1190,128,4,207,1309,272,197,377,1331,404,401,511,1233,538,636,613,1069,620,871,650,2
632,0,429,4,813,20,209,29,978,65,0,102,1142,131,7,202,1260,270,203,374,1286,399,406,509,1199,531,1049,612,636,609,862,644,2
624,0,424,6,803,17,206,34,963,60,0,111,1124,122,11,209,1239,257,1267,381,216,379,1190,510,424,507,1051,593,655,600,873,628,2
213,0,422,4,601,25,0,47,748,63,869,121,8,151,989,191,1067,315,215,347,1086,421,412,486,1029,527,613,586,925,593,792,618,2
339,0,497,9,165,10,633,35,0,64,751,79,864,141,7,146,936,254,163,296,944,351,315,406,873,446,479,488,766,500,637,517,2
312,0,459,4,587,24,700,64,0,66,811,121,7,141,881,224,152,276,889,317,294,376,823,407,449,450,721,459,598,477,-1,-1,2
391,0,264,1,504,13,126,17,605,43,0,67,704,90,5,131,768,181,125,242,776,263,245,325,715,344,378,387,621,392,509,409,2
482,0,371,3,585,13,247,22,684,41,115,57,754,116,0,120,12,178,768,190,138,262,717,271,262,321,631,328,396,358,524,359,2
349,0,455,6,231,8,554,28,109,29,647,65,0,79,8,133,712,143,718,218,116,223,225,291,661,293,571,338,346,340,467,356,2
348,0,454,4,231,9,552,23,646,57,650,60,0,85,713,138,8,139,718,209,721,213,117,227,663,287,227,293,573,334,349,340,2
474,0,357,4,233,19,0,107,770,145,11,166,786,228,130,256,723,312,248,324,626,365,380,374,513,387,-1,-1,-1,-1,-1,-1,2
487,0,368,1,241,16,599,19,111,47,710,55,0,107,787,144,12,167,801,228,137,260,741,314,259,329,641,369,394,379,527,392,2
547,0,407,11,686,12,261,40,824,44,118,85,925,142,0,157,15,219,944,240,149,314,867,345,286,384,744,413,443,434,603,444,2
580,0,435,2,720,22,283,22,131,60,857,65,0,129,953,170,13,198,967,271,152,304,885,374,293,384,455,442,451,446,614,462,2
678,0,502,9,855,17,325,40,1031,57,151,87,0,168,1155,182,12,240,1170,304,158,355,1058,429,316,443,889,505,503,511,702,534,2
690,0,510,12,872,14,329,47,1052,52,152,99,1180,178,0,183,12,258,1196,302,162,372,1082,432,324,460,909,512,515,526,718,545,2
656,0,849,2,475,26,1044,30,302,71,1192,156,0,217,12,287,1210,292,143,392,1080,434,292,474,885,522,474,539,680,557,-1,-1,2
830,0,636,3,1024,21,460,35,293,85,1172,145,134,152,0,244,1192,281,16,313,145,413,1065,430,293,492,877,523,473,550,675,563,2
808,0,613,1,1003,23,439,31,281,79,128,141,1155,149,0,228,1171,290,12,294,127,395,1034,439,263,477,834,528,431,541,630,562,2
698,0,519,11,888,15,363,46,227,95,1039,135,103,154,0,233,1055,276,12,291,104,379,917,423,216,451,722,506,359,511,533,533,2
698,0,523,5,881,22,369,32,233,75,106,129,1024,146,0,204,9,262,1036,285,96,353,898,425,206,430,347,495,707,500,519,523,2
659,0,846,11,483,15,337,52,209,102,999,126,92,162,0,239,1017,265,11,293,100,376,883,410,207,443,694,493,343,500,511,520,2
650,0,479,11,831,16,334,44,209,89,977,133,93,145,0,219,10,273,992,269,95,357,858,410,198,427,330,486,674,486,494,510,2
634,0,469,7,806,18,329,37,206,79,92,132,942,134,0,203,10,257,952,266,91,339,823,399,191,408,319,467,646,470,476,491,2
628,0,464,10,800,16,325,42,203,87,938,129,92,141,0,214,950,261,11,267,93,348,824,395,195,415,649,468,323,471,478,493,2
627,0,464,10,798,17,324,41,203,86,935,130,91,140,0,213,948,260,11,265,94,346,821,394,195,413,648,467,323,469,478,491,2
641,0,804,10,483,15,342,51,216,102,937,116,0,242,954,245,8,299,93,383,839,391,198,450,668,479,330,505,495,516,-1,-1,2
818,0,652,11,488,44,961,88,346,97,220,165,989,213,101,244,0,339,890,370,15,395,117,469,727,482,235,522,553,543,381,555,2
839,0,664,10,495,44,990,95,348,98,219,166,1017,226,100,244,0,338,906,390,16,397,116,472,734,500,233,527,554,559,381,565,2
855,0,675,6,502,36,353,87,1008,100,224,154,100,229,1035,235,0,322,16,381,919,398,115,458,740,504,234,517,557,557,382,559,2
505,0,334,8,669,12,160,32,828,49,0,92,983,106,2,164,1086,236,135,293,1094,353,280,397,984,463,454,486,825,519,645,530,2
499,0,664,10,328,11,155,39,827,44,987,99,0,99,1,169,1097,227,134,296,1106,346,278,396,995,457,454,483,830,515,647,526,2
503,0,331,6,669,12,158,30,831,50,0,87,991,110,1,156,1100,240,131,286,1106,360,274,389,992,469,449,482,825,523,641,530,2
519,0,341,7,692,12,162,33,862,51,0,90,1029,112,0,162,1141,248,134,295,1147,371,281,403,1027,485,461,498,853,541,661,547,2
558,0,371,4,735,16,180,24,905,60,3,83,1072,124,0,159,1180,263,142,301,1185,388,297,415,1065,502,486,515,888,560,693,566,2
550,0,362,5,732,16,174,26,912,61,2,84,1088,127,0,158,1202,273,135,299,1205,402,286,412,471,515,1072,518,883,571,681,572,2
549,0,362,5,731,17,174,26,912,62,3,83,1087,129,0,157,1202,275,133,297,1203,406,283,411,467,514,1069,520,676,572,880,573,2
537,0,721,4,351,18,907,37,166,54,1093,93,0,119,1,192,1219,233,139,323,1229,366,292,426,1098,493,482,520,905,557,696,567,2
721,0,529,5,341,33,159,72,1125,73,0,145,5,215,1275,214,143,336,298,435,1159,490,495,526,950,560,723,572,-1,-1,-1,-1,2
730,0,355,18,917,29,0,117,0,190,1235,219,139,315,1248,347,296,415,1116,473,490,505,920,539,707,550,-1,-1,-1,-1,-1,-1,2
544,0,730,3,357,20,918,35,170,54,1102,85,0,120,1,192,1231,220,142,315,1244,346,298,414,1114,470,491,502,920,534,709,546,2
553,0,740,3,363,19,927,35,174,53,1110,86,0,119,1,191,1240,220,145,318,1252,346,304,417,1122,471,499,506,929,535,718,548,2
718,0,532,14,909,17,347,48,1099,57,163,98,0,178,1235,186,6,248,1252,314,153,362,313,448,1125,448,506,524,933,527,724,552,2
701,0,517,13,891,14,335,48,1080,54,158,96,0,176,1219,181,6,245,1235,311,149,358,304,443,1108,444,493,518,915,522,706,548,2
702,0,517,13,895,15,336,46,1086,54,157,96,0,174,1225,184,5,243,1239,318,145,356,298,443,1109,452,487,520,912,528,701,553,2
711,0,909,13,522,16,1105,50,338,55,158,107,1249,181,0,190,5,260,1264,318,145,372,300,458,1129,459,492,536,928,539,711,567,2
712,0,917,7,519,23,1123,40,334,68,155,127,1276,175,0,214,7,286,1293,318,148,397,1150,468,302,480,940,554,495,556,717,585,2
711,0,923,9,515,25,1135,41,331,72,154,132,1293,179,0,217,6,287,1309,326,143,398,1157,478,295,483,486,560,938,564,710,592,2
899,0,687,2,1115,25,495,35,316,88,145,155,1282,158,0,244,1302,307,8,312,141,417,1151,466,290,496,929,561,478,568,700,593,2
869,0,662,3,1081,20,475,38,304,90,139,155,1247,151,0,243,1268,297,7,310,133,409,1119,455,275,486,899,549,455,556,673,582,2
848,0,642,7,1057,20,460,44,292,97,1222,150,134,163,0,251,1242,299,8,317,130,415,1092,458,268,490,875,551,443,559,654,584,2
834,0,633,3,1040,23,453,37,288,87,132,150,1198,155,0,235,7,299,1212,302,126,398,1063,457,259,473,427,544,848,544,632,572,2
651,0,852,8,469,21,1053,42,301,63,139,118,1202,180,0,195,4,260,1210,325,120,366,251,447,1056,470,419,527,840,547,623,565,2
680,0,883,3,491,25,1090,35,315,71,147,130,1250,169,0,215,9,283,1270,314,143,389,1128,466,290,468,475,546,916,551,692,578,2
687,0,891,7,499,25,1095,39,320,69,149,127,1248,175,0,212,8,281,1265,319,144,389,1123,466,291,469,477,547,913,550,693,578,2
691,0,895,7,501,22,1099,40,322,65,149,125,1252,181,0,211,6,280,1267,327,140,390,287,473,1121,478,472,553,909,562,688,587,2
679,0,890,7,486,22,1105,48,309,64,143,120,1261,198,0,202,5,270,1266,350,129,381,265,465,1100,499,439,549,875,575,651,591,2
688,0,909,4,490,28,1134,43,308,75,140,139,1297,200,0,229,10,300,1302,362,143,413,284,496,1133,519,463,581,905,601,677,622,2
525,0,742,7,327,13,146,50,975,50,0,122,1199,139,9,197,1324,328,147,333,285,434,1287,481,454,543,1094,591,653,611,866,627,2
542,0,761,8,339,13,152,50,991,51,0,125,1207,137,15,201,1321,314,169,335,317,430,1286,458,491,532,1106,560,689,592,893,601,2
398,0,202,6,611,16,20,34,839,67,1060,161,0,313,1178,353,131,419,1139,507,293,537,940,611,492,615,709,639,-1,-1,-1,-1,2
530,0,747,11,332,14,152,47,985,60,0,114,1218,154,1,186,120,324,1341,356,245,430,1304,521,405,551,608,635,1088,637,838,665,2
519,0,329,11,726,12,949,61,3,99,1173,149,0,166,113,300,1303,338,236,403,1272,496,396,523,595,604,1068,605,822,634,-1,-1,2
543,0,742,10,352,12,168,42,948,51,3,106,1152,126,0,176,1281,294,126,311,262,414,1269,443,434,527,1096,564,646,600,870,611,2
562,0,777,5,359,18,1004,43,167,56,1234,120,0,127,2,202,141,341,287,448,1367,466,476,569,1199,603,708,646,954,657,-1,-1,2
582,0,793,6,375,18,1010,45,176,55,1222,118,0,130,1,207,1356,290,153,349,1347,444,307,452,498,567,1178,575,724,632,955,633,2
594,0,804,8,385,15,1018,46,181,51,1224,123,0,128,3,207,1352,287,161,351,1341,437,319,452,1181,562,515,564,964,622,739,625,2
592,0,383,8,804,14,179,39,1018,61,0,110,1223,145,1,189,1341,319,153,336,305,444,1323,468,493,562,1151,588,711,631,933,637,2
814,0,594,10,1030,21,378,42,1231,87,171,100,0,196,1333,239,19,275,1309,377,201,395,363,471,1150,498,553,552,954,563,756,584,2
807,0,591,10,1021,23,375,41,1222,88,170,95,0,188,1326,239,16,265,1303,376,196,386,358,464,1145,496,547,547,949,560,750,580,2
802,0,588,8,1017,22,374,39,1216,84,170,92,0,188,1324,238,17,264,1302,376,196,385,357,462,1146,496,546,546,949,560,750,580,2
804,0,591,8,1017,22,377,39,1212,84,172,93,0,188,1318,235,18,266,1299,372,201,385,364,463,1146,490,554,546,955,557,757,578,2
804,0,591,10,1015,20,377,42,1211,81,172,97,0,194,1318,231,19,272,1298,366,203,389,366,465,1148,487,558,546,956,553,760,576,2
808,0,595,10,1018,21,381,41,1212,80,174,96,0,196,1317,228,19,273,1300,361,206,390,372,464,1150,479,565,544,962,548,768,572,2
806,0,593,12,1016,19,380,45,1210,77,172,101,0,200,1315,225,18,279,1298,358,206,394,371,467,1150,480,564,546,960,548,766,573,2
807,0,594,13,1015,19,380,45,1210,79,173,101,0,201,1316,226,19,277,1298,359,207,394,373,467,1150,480,565,546,962,548,767,574,2
810,0,598,12,1019,20,383,44,1211,78,175,101,0,203,1316,224,19,280,1299,357,210,395,376,469,1153,479,569,546,965,547,772,574,2
811,0,599,11,1020,21,384,42,1212,81,174,100,0,197,1318,228,20,276,1299,360,211,394,378,467,1154,480,572,547,968,548,775,574,2
817,0,605,8,1025,23,388,37,1215,85,177,90,0,188,1317,232,18,268,1296,363,209,386,376,460,1151,482,569,542,964,548,771,571,2
835,0,621,2,402,26,1040,28,185,74,1226,94,0,170,1323,240,17,250,1302,370,211,374,379,452,1155,484,573,538,970,549,777,569,2
607,0,821,3,386,21,1029,35,171,66,1218,108,0,238,1314,263,185,367,349,450,1130,508,938,567,742,583,-1,-1,-1,-1,-1,-1,2
625,0,843,3,402,21,1055,38,187,64,1250,111,0,157,16,239,1352,268,206,370,1327,404,374,455,1171,520,568,550,975,578,775,593,2
626,0,840,2,407,21,1047,37,192,66,1238,106,0,160,11,242,1342,263,198,375,1325,400,366,462,1173,521,563,559,978,585,774,600,2
615,0,821,7,403,16,1019,46,191,54,1202,115,0,138,7,220,1309,269,188,358,1298,404,353,449,1156,525,550,550,965,587,763,597,2
590,0,787,8,388,13,980,47,186,48,1161,114,0,121,0,199,1274,263,165,333,1268,396,322,425,1126,516,513,529,933,575,726,582,2
593,0,396,9,784,11,195,38,972,51,6,104,1155,118,0,178,1274,268,155,317,1274,404,307,413,1135,526,500,525,936,585,720,586,2
586,0,776,11,392,10,194,40,965,51,8,105,1149,118,0,179,1274,270,148,319,1281,409,298,418,489,536,1140,538,937,591,715,591,2
560,0,748,9,371,11,181,40,6,104,0,174,1251,269,143,306,284,400,1252,408,468,514,1109,530,685,581,903,586,-1,-1,-1,-1,2
551,0,752,12,361,17,955,52,178,55,3,106,1108,187,1127,326,0,358,145,429,989,463,334,514,780,538,555,556,-1,-1,-1,-1,2
702,0,514,11,900,15,330,47,156,93,0,170,1249,197,3,236,1268,333,148,344,1124,468,474,504,915,538,693,550,-1,-1,-1,-1,2
712,0,524,3,340,26,908,30,162,63,3,128,0,194,1243,223,136,308,1250,357,273,388,1102,481,452,484,889,539,668,539,-1,-1,2
704,0,519,10,895,18,338,42,1085,59,161,88,0,162,1223,190,1,228,1238,321,146,335,290,407,1102,451,473,492,903,520,688,535,2
713,0,528,4,904,26,344,31,164,71,1091,72,1,142,0,207,1220,208,147,320,1226,338,289,395,1090,461,471,484,892,523,680,531,2
708,0,524,6,899,26,342,35,1085,71,1,147,1217,205,0,211,145,321,1222,332,1084,455,463,480,884,517,674,527,-1,-1,-1,-1,2
709,0,524,4,898,25,343,28,164,67,1085,74,2,135,0,200,1216,210,142,313,1222,340,281,389,1083,461,460,480,882,523,670,529,2
712,0,527,4,904,26,344,31,165,70,1091,73,2,141,0,207,1220,210,144,319,1226,340,284,396,1085,463,463,484,884,525,672,532,2
709,0,524,3,900,26,342,30,163,68,1087,75,1,137,0,203,1217,212,141,314,1223,341,281,391,1083,464,459,481,881,524,669,531,2
711,0,526,2,344,27,901,26,165,64,1087,76,2,132,0,198,1216,212,142,310,1221,342,282,387,1082,463,460,479,882,523,670,528,2
714,0,530,1,347,24,903,28,166,61,1088,80,3,127,0,193,1216,216,140,307,1221,346,280,385,1080,466,457,478,879,524,667,529,2
713,0,530,0,348,21,901,28,168,56,1084,80,3,122,0,186,1212,215,140,300,1215,345,279,378,1077,463,455,472,876,521,665,524,2
530,0,713,1,349,21,900,32,169,55,1083,84,4,119,0,184,1209,219,139,300,1214,347,278,379,1075,467,454,472,875,524,663,526,2
534,0,716,3,352,19,902,34,171,52,1083,89,4,115,0,181,1208,224,140,297,1211,353,278,377,1074,470,454,472,874,526,663,527,2
692,0,509,13,884,17,330,49,1073,55,156,97,0,172,1210,183,1,237,1220,312,145,338,284,406,1084,440,462,486,884,509,672,525,2
541,0,723,9,359,11,176,39,905,46,5,95,1080,105,0,161,1198,241,138,281,277,363,1200,365,451,462,1062,476,658,521,866,525,2
535,0,714,9,356,13,176,39,895,48,7,96,1069,106,0,160,1182,243,134,278,266,359,1179,367,434,458,1039,476,636,517,842,522,2
484,0,655,4,318,19,834,36,154,49,1007,90,5,106,0,167,1121,225,120,275,239,350,1115,350,390,443,970,459,578,499,776,504,2
475,0,645,1,311,21,825,31,152,52,1000,82,6,111,0,171,1116,221,114,277,228,351,1108,350,373,444,958,462,559,501,758,508,2
620,0,453,9,800,19,296,38,974,62,5,144,1092,194,0,202,112,301,1086,322,939,440,365,448,743,494,547,496,-1,-1,-1,-1,2
541,0,715,4,387,20,891,33,248,57,116,105,1019,159,0,173,0,226,1015,289,97,308,193,365,867,415,318,439,672,474,486,481,2
524,0,697,2,374,24,871,31,238,64,111,113,997,153,0,181,1,233,997,284,98,313,192,368,851,409,316,440,662,470,479,478,2
500,0,665,0,356,22,832,26,227,62,105,109,955,144,0,175,1,226,955,270,93,303,184,355,816,392,301,423,633,451,458,460,2
484,0,645,0,344,24,808,25,220,62,102,108,928,141,0,174,2,223,928,266,90,299,178,350,792,387,291,417,613,445,442,454,2
631,0,472,3,792,22,335,30,214,70,99,118,913,137,0,185,2,234,912,263,89,307,174,357,777,387,284,423,600,447,432,458,2
616,0,460,4,779,22,324,30,206,70,95,119,899,137,0,184,2,232,896,264,86,304,759,386,272,418,582,444,417,454,-1,-1,2
462,1,616,0,326,23,772,24,209,62,98,109,886,139,0,172,2,222,883,264,86,295,167,344,751,383,272,410,579,440,415,447,2
630,0,471,5,790,20,333,34,213,78,909,135,0,199,1,249,909,262,92,321,178,369,777,388,288,433,603,452,436,465,-1,-1,2
677,0,857,11,502,17,353,57,223,111,997,126,103,171,0,250,1003,261,5,302,105,373,860,404,200,419,324,479,669,482,487,505,2
715,0,532,7,901,18,377,42,237,90,1040,139,109,147,0,222,4,275,1043,276,105,353,204,402,891,413,330,469,691,485,500,501,2
584,0,772,7,417,21,960,41,267,60,124,109,0,180,1096,178,0,238,1092,316,105,328,209,389,932,450,344,469,723,510,523,515,2
615,0,806,15,443,16,285,51,996,54,134,96,2,166,1130,195,0,225,108,321,1124,336,217,386,961,466,356,473,747,523,540,524,2
633,0,458,15,826,14,295,49,1018,54,140,96,3,168,1155,195,0,228,114,326,1152,337,226,393,991,469,372,481,774,530,564,533,2
700,0,510,2,330,26,904,31,159,61,1107,90,5,125,0,189,1242,248,123,301,244,380,1234,390,400,482,1059,513,605,549,829,560,2
574,0,380,2,188,18,766,22,9,69,957,75,0,138,1142,152,140,275,1254,312,273,367,1243,445,447,486,1084,553,656,565,872,587,2
208,0,410,2,609,21,13,34,796,63,0,106,975,133,1145,226,146,265,287,375,1244,388,466,511,1232,517,675,605,1084,614,886,638,2
406,0,603,24,12,31,784,61,0,104,956,129,151,262,294,371,1212,501,477,505,683,596,1076,597,887,624,-1,-1,-1,-1,-1,-1,2
206,0,400,14,13,25,586,43,753,91,0,101,906,164,1052,257,149,269,288,384,1135,411,468,525,1127,531,661,618,1008,622,843,648,2
172,0,9,14,335,23,487,60,0,87,616,112,728,182,132,257,836,268,252,366,893,400,407,494,891,501,806,577,555,576,687,599,2
13,0,332,35,0,74,477,85,596,146,695,222,115,254,224,373,836,453,364,513,824,552,501,604,738,621,625,636,-1,-1,-1,-1,2
11,0,314,34,0,74,450,83,562,144,654,221,106,251,742,312,207,366,780,443,338,501,765,538,463,587,682,605,576,618,-1,-1,2
150,1,14,0,284,36,0,66,404,84,503,141,581,210,90,229,658,294,178,334,291,459,672,498,401,539,596,557,502,568,-1,-1,2
140,0,280,13,9,17,413,42,0,78,532,85,637,144,98,214,737,226,192,305,787,350,317,421,774,445,447,498,684,510,569,525,2
276,0,9,3,410,29,0,63,528,72,95,196,733,214,187,286,781,337,310,399,767,429,438,476,676,492,560,504,-1,-1,-1,-1,2
134,0,265,11,9,20,391,35,503,73,0,77,603,129,698,203,94,202,184,286,746,317,302,391,734,405,423,460,649,468,541,484,2
128,0,254,10,8,18,374,34,482,70,0,73,577,123,669,194,89,194,175,275,715,304,288,377,705,389,405,443,623,450,518,465,2
126,0,248,12,8,17,365,37,0,70,467,74,557,126,84,190,643,196,165,269,685,303,271,368,673,384,382,433,590,442,489,455,2
111,0,223,4,332,20,3,24,428,47,0,74,517,87,599,147,82,173,157,238,639,242,626,315,256,320,552,369,358,370,457,386,2
114,0,228,2,342,15,5,27,445,40,0,73,542,80,540,83,631,140,82,169,159,231,674,236,659,311,258,311,365,362,574,364,2
226,0,111,1,340,9,446,31,4,31,545,67,0,77,637,124,86,169,685,221,164,229,672,296,267,306,590,352,376,355,485,369,2
225,0,110,5,339,7,445,26,3,38,543,61,0,84,635,114,89,174,684,207,170,231,675,282,274,306,596,340,385,351,492,361,2
234,0,353,6,113,9,464,24,2,43,567,61,0,94,665,115,97,190,722,213,185,249,182,253,715,293,299,328,637,358,418,375,2
243,0,118,5,365,7,478,28,2,40,582,65,0,93,681,123,99,192,737,225,188,255,728,306,304,337,648,372,425,386,540,396,2
272,0,135,3,407,11,529,37,5,36,642,81,0,93,748,144,108,203,805,253,204,273,795,341,329,364,705,408,460,420,586,432,2
304,0,448,18,7,29,579,50,0,88,699,100,117,210,868,284,220,287,855,375,357,389,758,443,497,449,632,466,-1,-1,-1,-1,2
313,0,156,1,462,13,7,35,597,44,720,94,0,98,836,162,124,221,900,279,235,300,890,374,375,401,792,448,522,461,661,475,2
163,0,325,3,479,22,8,29,616,57,0,92,741,112,858,185,123,222,918,306,233,305,905,402,374,412,801,474,524,478,667,496,2
170,0,334,5,491,26,11,29,635,62,0,93,767,120,892,197,120,225,231,310,955,325,938,426,372,424,528,497,827,500,681,520,2
171,0,337,1,500,19,11,33,653,54,0,97,800,113,938,193,118,229,230,318,1013,334,374,439,998,444,542,520,873,525,710,547,2
176,0,345,3,511,21,12,32,670,57,0,96,820,118,962,200,121,230,234,321,1039,344,379,443,1022,456,550,526,893,537,724,556,2
357,0,180,7,528,11,691,39,10,50,845,93,0,116,991,169,133,249,1074,307,257,335,1062,420,410,453,936,510,591,523,769,541,2
391,0,198,6,579,12,756,45,11,50,925,105,0,121,1086,192,141,265,1174,341,277,362,1157,466,438,490,1016,563,634,572,829,594,2
378,0,569,1,756,25,12,68,945,80,0,136,1125,161,134,270,1231,323,264,360,1216,459,427,488,1054,563,632,571,844,595,-1,-1,2
531,0,348,6,720,15,171,27,916,62,8,83,1108,139,0,150,127,275,1227,305,249,360,1212,447,403,480,1042,555,606,563,822,588,2
453,0,632,8,292,13,141,40,831,50,8,93,1030,125,0,154,95,265,1152,301,191,343,1123,452,310,457,485,544,927,560,696,580,2
471,0,662,10,302,14,146,40,875,56,8,94,1090,137,0,157,98,271,1220,328,197,353,320,473,1185,489,502,566,970,597,722,611,2
491,0,687,10,315,12,152,40,904,57,7,95,1123,139,0,159,105,277,1257,329,209,360,340,482,1224,491,531,577,1011,601,759,618,2
516,0,333,10,715,13,161,35,933,63,9,91,1151,147,0,157,112,281,1283,335,224,366,363,493,1254,495,561,588,1045,607,794,628,2
593,0,383,12,817,14,185,44,1058,69,8,111,1297,162,0,190,136,330,1441,372,272,428,1409,551,434,571,660,673,1186,679,915,711,2
602,0,844,7,381,19,176,60,1109,57,1,138,1371,155,0,221,153,364,1525,378,298,459,1493,566,473,608,1258,702,710,707,976,739,2
609,0,860,2,382,25,1132,46,174,73,1402,142,0,160,6,245,1560,366,173,386,326,478,1527,555,508,623,1294,695,749,715,1014,738,2
887,0,625,5,388,37,1173,39,173,92,1450,135,0,190,12,278,1603,359,198,413,360,497,1561,542,551,636,1327,678,793,716,1053,729,2
874,0,615,3,380,34,1158,39,169,88,1433,133,0,183,14,270,1588,356,197,405,357,490,1552,543,547,630,1320,679,788,711,1047,726,2
619,0,876,8,383,19,1155,58,173,60,0,146,1427,163,8,232,183,373,1575,387,339,464,1531,568,522,611,1293,694,759,703,1019,728,2
618,0,871,9,387,19,1148,59,177,60,0,148,1418,162,7,233,175,377,1571,390,330,470,1532,577,512,621,1295,708,752,717,1015,746,2
624,0,869,11,395,15,182,55,1135,65,0,136,1394,167,1,223,164,370,1543,391,317,468,1508,577,497,621,1279,709,738,719,1001,749,2
578,0,380,9,788,16,187,34,1012,70,12,96,1233,156,0,169,130,308,1373,344,260,400,1354,511,417,537,641,636,1150,636,891,670,2
604,0,812,15,399,14,1029,64,12,112,1237,141,0,186,1371,317,141,325,1358,475,1173,604,680,631,927,652,-1,-1,-1,-1,-1,-1,2
581,0,788,10,384,16,190,46,1004,56,10,111,1215,131,0,185,1349,307,133,315,1332,464,427,524,1138,593,647,611,891,634,-1,-1,2
715,0,929,12,522,21,1145,51,340,61,164,113,5,193,1308,198,0,261,1317,353,134,365,267,431,1144,503,432,526,901,576,656,582,2
709,0,925,15,515,19,1143,54,334,58,161,109,5,187,1305,207,0,254,128,359,1311,363,257,427,1131,513,415,524,883,582,637,584,2
688,0,902,9,496,26,1125,46,7,202,1297,195,0,267,1308,355,128,367,255,431,1127,511,410,526,877,581,630,585,-1,-1,-1,-1,2
681,0,891,10,492,21,1105,48,319,62,153,116,4,196,1264,198,0,264,1269,354,125,366,249,429,1093,504,401,525,851,576,615,582,2
613,0,808,12,441,17,1003,51,286,54,140,100,3,174,1145,198,0,236,108,331,1140,347,219,393,346,483,970,483,534,540,747,542,2
578,0,766,2,413,26,956,31,267,70,130,121,1099,168,1,199,0,260,1101,316,106,347,211,402,937,459,333,484,722,526,514,533,2
558,0,742,1,397,29,928,26,257,73,1071,164,2,205,0,265,1072,314,100,352,202,406,911,460,317,489,697,530,495,538,-1,-1,2
732,0,541,11,929,23,382,47,247,97,1082,171,3,245,0,307,1078,340,92,397,897,507,288,536,667,583,459,590,-1,-1,-1,-1,2
873,0,671,1,484,32,334,85,213,151,1045,149,0,311,1045,337,80,454,163,510,854,533,251,588,619,625,412,638,-1,-1,-1,-1,2
882,0,677,4,484,39,333,97,213,168,0,336,1054,346,80,483,162,539,857,554,246,617,616,652,409,668,-1,-1,-1,-1,-1,-1,2
853,0,639,15,447,59,303,123,1038,163,0,362,1023,391,60,510,129,568,792,620,191,651,335,714,536,712,-1,-1,-1,-1,-1,-1,2
639,0,862,5,450,29,1094,41,290,78,0,218,1270,220,89,393,1259,412,304,567,1031,587,505,643,751,654,-1,-1,-1,-1,-1,-1,2
691,0,496,14,913,21,324,51,1140,76,12,173,0,241,1298,258,101,355,1279,442,328,545,1054,597,530,629,779,650,-1,-1,-1,-1,2
531,0,732,0,350,26,953,35,1174,103,12,132,0,203,1321,290,106,327,223,410,1299,464,347,529,1080,607,556,621,808,650,-1,-1,2
623,0,413,11,836,13,209,37,1058,64,13,103,1274,139,0,180,1416,318,147,319,295,412,1410,475,469,540,1221,608,709,632,966,655,2
658,0,439,1,877,25,17,78,1098,83,0,157,1315,174,150,313,1450,359,303,413,1437,517,484,553,1246,643,728,653,988,684,-1,-1,2
465,0,913,34,21,67,1133,100,0,149,155,313,1485,383,315,422,1473,544,504,569,1282,672,757,677,1023,711,-1,-1,-1,-1,-1,-1,2
266,0,512,8,743,35,19,40,955,86,0,132,1151,166,1338,266,191,322,371,443,1448,445,1443,588,591,601,1293,702,840,708,1078,738,2
278,0,525,22,22,25,755,59,956,122,0,121,1137,210,1312,317,193,329,372,464,1411,496,1408,638,598,635,1270,750,844,750,1072,784,2
240,0,16,20,457,25,656,66,0,110,824,126,972,207,1113,306,177,306,333,427,1192,463,1189,585,536,583,1078,680,738,682,919,711,2
215,0,420,4,619,25,12,38,800,66,0,119,161,288,308,392,1213,519,503,535,1086,620,711,629,908,655,-1,-1,-1,-1,-1,-1,2
403,0,203,1,598,16,12,42,782,54,954,120,0,121,1125,209,155,280,1230,370,300,379,1231,502,495,522,1101,608,711,616,916,642,2
190,0,374,1,550,18,12,37,710,54,0,109,860,113,1006,194,142,257,1093,337,274,348,1092,454,449,477,977,548,638,559,816,580,2
196,0,380,9,555,34,13,31,714,77,0,105,860,143,1000,229,142,261,272,359,1080,375,1073,491,444,493,958,579,627,581,802,606,2
203,0,389,20,15,22,561,55,0,98,713,106,848,178,978,269,140,266,268,370,1044,414,437,511,1034,526,612,603,925,609,775,633,2
25,0,185,23,329,80,0,81,451,148,542,220,92,289,612,301,678,397,180,411,696,522,310,569,680,617,418,664,516,696,-1,-1,2
24,0,339,66,0,78,468,132,566,197,101,272,191,389,744,497,742,498,323,542,722,591,440,636,644,655,546,669,-1,-1,-1,-1,2
24,0,193,10,351,59,0,78,487,118,594,186,677,265,107,273,758,361,205,390,789,492,343,546,772,589,471,642,690,658,586,674,2
22,0,205,10,372,57,0,79,516,116,633,184,114,276,812,362,222,395,848,498,370,551,831,598,505,650,742,668,630,684,-1,-1,2
23,0,416,36,0,77,587,87,729,153,852,234,136,266,966,333,262,383,1019,480,427,541,1003,589,596,645,895,665,753,682,-1,-1,2
21,0,427,14,609,57,0,77,768,116,909,195,143,256,1041,293,278,370,1108,444,448,522,1092,560,633,625,972,644,812,662,-1,-1,2
246,0,27,8,455,38,646,87,0,87,811,153,957,239,144,274,1088,342,282,395,1152,498,451,555,1128,615,642,666,998,695,826,709,2
250,0,28,8,462,36,657,86,0,85,829,152,981,241,140,271,1117,347,280,393,1180,507,446,553,1154,624,641,666,1013,703,832,713,2
203,0,391,3,579,23,20,33,763,64,0,104,944,135,1119,231,123,253,250,352,1218,402,405,496,1197,538,606,604,1033,633,821,649,2
377,0,565,7,560,12,748,39,17,55,936,100,0,123,1117,187,124,262,252,353,1228,355,402,486,1212,496,605,584,1042,599,826,621,2
356,0,535,2,180,12,719,26,16,58,910,83,0,123,1096,167,116,252,234,336,1207,337,370,463,1184,478,566,559,1007,579,783,599,2
460,0,298,10,635,10,142,34,0,86,1018,122,94,261,1145,287,1131,431,327,445,515,532,954,539,728,565,-1,-1,-1,-1,-1,-1,2
461,0,302,8,633,11,149,32,820,53,10,82,1004,124,0,143,99,253,1121,288,205,328,1099,429,320,439,497,522,921,533,702,556,2
447,0,615,3,292,17,800,36,143,45,983,97,7,102,0,162,1102,256,100,267,207,334,1084,395,320,437,911,505,495,512,696,537,2
579,0,415,2,267,21,762,29,945,88,0,111,1064,242,85,266,1044,383,290,429,870,493,460,500,657,524,-1,-1,-1,-1,-1,-1,2
531,0,377,8,709,19,243,33,116,69,891,69,4,127,0,181,1016,222,85,272,178,331,999,367,271,424,825,482,426,492,614,515,2
510,0,363,11,682,18,235,39,854,64,113,77,4,137,0,192,973,215,81,281,170,338,955,358,255,429,788,475,405,495,586,513,2
460,0,630,9,319,17,202,48,807,50,97,86,2,145,0,196,932,200,74,276,912,346,228,409,738,462,366,473,538,495,-1,-1,2
436,0,588,13,308,14,195,41,742,52,93,76,2,132,0,180,849,186,73,257,150,305,833,317,223,383,686,422,353,440,510,455,2
422,0,567,11,298,12,190,38,711,47,93,73,0,127,1,173,810,171,74,246,150,290,796,289,225,362,661,388,350,412,498,422,2
423,0,301,11,567,12,192,35,711,50,93,68,0,122,0,168,812,173,73,242,800,293,225,363,666,392,350,415,502,427,-1,-1,2
422,0,300,9,564,14,192,32,705,53,91,64,2,115,0,161,802,178,72,237,147,284,788,297,222,359,655,394,346,411,493,425,2
411,0,553,8,289,14,184,39,696,43,88,74,0,128,797,163,0,173,72,242,784,281,222,356,653,379,346,404,492,414,-1,-1,2
406,0,547,10,286,14,180,39,691,44,84,74,0,125,0,170,794,164,71,240,147,283,784,282,221,353,653,379,345,403,491,414,2
418,0,301,5,550,17,196,24,93,53,677,57,2,102,0,148,762,173,72,224,750,280,224,341,632,369,344,390,484,401,-1,-1,2
419,0,303,1,199,17,547,21,96,42,668,64,4,89,0,134,746,178,72,209,730,280,220,328,614,362,337,378,471,390,-1,-1,2
405,0,291,6,537,16,188,26,91,53,665,56,2,103,0,148,750,171,68,220,735,279,211,336,615,367,330,384,467,395,-1,-1,2
408,0,544,9,288,11,185,36,681,44,87,70,0,124,778,161,0,169,73,240,768,275,223,354,644,373,347,401,490,409,-1,-1,2
423,0,568,4,299,15,712,41,191,43,92,80,0,138,815,161,0,185,76,259,806,281,157,301,237,373,677,385,364,420,514,425,2
459,0,617,8,324,16,206,46,777,44,891,179,0,197,81,275,880,312,165,323,248,402,734,424,387,456,552,466,-1,-1,-1,-1,2
500,0,681,2,349,24,869,36,221,62,102,109,0,177,1005,181,0,231,86,312,994,331,269,445,821,462,426,502,613,511,-1,-1,2
387,0,197,0,573,15,14,44,749,50,919,112,0,116,1076,198,139,259,271,348,1160,351,1141,473,428,474,618,560,997,563,811,589,2
398,0,586,24,17,27,763,68,0,100,1091,232,136,251,268,345,1173,392,421,483,1151,516,614,580,1001,601,810,618,-1,-1,-1,-1,2
172,0,334,5,497,26,17,28,659,65,0,88,822,131,99,219,974,223,204,303,1052,381,321,428,1019,501,486,526,862,572,670,574,2
298,0,452,1,148,12,610,22,10,53,775,70,0,111,935,144,100,221,203,292,1029,291,319,398,1008,411,483,479,856,497,666,513,2
414,0,272,2,134,17,562,15,716,56,8,58,0,111,863,119,96,211,948,252,193,271,927,362,301,365,450,432,787,440,616,458,2
356,0,484,7,233,8,113,27,620,36,6,67,750,84,0,113,86,195,829,197,172,246,815,292,269,321,696,366,401,373,547,390,2
239,0,361,4,484,22,9,40,610,62,0,86,727,120,162,231,791,232,250,312,769,322,374,371,653,385,511,396,-1,-1,-1,-1,2
240,0,120,6,361,6,483,27,8,35,608,67,0,82,723,126,80,172,161,228,784,238,252,307,763,324,372,369,648,385,508,395,2
242,0,122,3,362,9,10,29,483,33,0,73,606,76,718,138,77,165,156,223,775,248,241,304,751,334,362,368,636,390,496,397,2
238,0,120,3,357,8,9,30,477,30,599,74,0,75,711,135,74,164,153,222,769,245,238,303,745,332,357,366,629,389,490,395,2
346,0,227,2,470,14,598,47,0,50,720,100,73,178,790,209,772,300,248,304,244,307,372,363,656,368,512,384,-1,-1,-1,-1,2
356,0,485,5,233,8,114,28,619,33,5,69,748,78,0,116,831,193,85,198,171,248,818,289,268,322,699,366,400,376,547,391,2
500,0,363,3,235,20,644,18,112,49,787,62,3,98,0,147,880,174,92,226,871,278,288,341,747,365,431,392,586,399,-1,-1,2
510,0,367,10,666,13,235,34,822,49,110,70,1,125,930,162,0,174,97,251,926,273,193,296,305,366,796,371,458,410,626,413,2
713,0,538,8,891,17,384,40,243,87,1030,132,0,224,1044,260,5,279,121,353,911,393,361,455,724,465,536,486,-1,-1,-1,-1,2
637,0,846,1,453,29,1058,30,287,76,133,134,1216,171,0,216,2,279,1220,320,129,369,254,418,1050,466,397,500,821,537,598,547,2
722,0,522,18,946,20,338,54,1171,68,166,103,6,183,1333,233,0,252,129,364,1331,396,264,430,412,532,1138,545,633,602,882,607,2
759,0,549,10,990,27,358,42,173,87,1225,85,8,161,0,233,1390,260,130,351,268,425,1384,429,420,535,1177,576,648,615,907,631,2
792,0,579,5,1019,28,402,37,253,84,116,139,0,214,2,272,106,359,215,412,338,500,1016,501,531,561,764,565,-1,-1,-1,-1,2
747,0,550,1,384,29,955,28,243,73,112,126,1116,170,0,197,2,254,1118,326,100,336,205,387,317,469,940,468,498,525,709,528,2
674,0,491,7,867,21,341,39,213,84,97,136,1016,156,0,206,3,258,1016,305,93,332,187,376,849,441,287,451,447,499,638,499,2
658,0,483,3,847,21,337,32,211,75,98,127,986,153,0,194,2,245,983,293,92,319,184,362,823,423,282,434,621,480,437,480,2
642,0,470,4,822,24,325,31,205,72,94,122,961,155,0,188,3,238,960,295,90,312,804,423,274,428,426,476,607,477,-1,-1,2
438,0,603,2,302,23,772,37,190,60,86,106,0,169,884,177,1,218,78,293,862,316,156,337,235,408,230,413,702,430,361,461,2
448,0,312,13,611,14,196,41,774,59,90,79,1,135,0,185,877,205,74,264,848,338,221,391,686,440,347,449,504,468,-1,-1,2
448,0,313,8,608,20,198,31,93,65,770,72,1,117,0,167,870,221,71,249,840,354,216,383,341,447,677,451,497,472,-1,-1,2
454,0,318,6,615,21,200,27,94,61,776,78,1,114,0,165,875,229,73,249,150,302,845,365,220,388,346,453,683,459,502,480,2
466,0,325,3,205,22,637,28,95,53,808,91,1,106,0,158,72,246,914,258,219,397,877,401,348,471,702,494,510,506,-1,-1,2
329,0,471,4,208,13,99,38,641,39,3,87,810,112,0,139,71,231,147,293,911,285,213,392,873,428,340,473,695,513,503,516,2
317,0,461,6,199,14,92,41,632,42,0,90,804,118,1,143,75,235,904,296,217,397,863,439,343,478,688,520,502,521,-1,-1,2
199,0,321,0,91,17,464,20,0,63,633,72,2,116,799,170,84,218,166,283,887,355,234,395,356,483,843,487,505,535,680,546,2
199,0,323,5,89,14,468,29,638,86,0,113,799,189,169,285,882,373,237,398,360,486,837,498,506,539,677,553,-1,-1,-1,-1,2
202,0,324,1,91,18,468,20,0,63,635,69,5,118,796,161,97,218,892,333,262,393,860,460,392,475,542,520,711,524,-1,-1,2
202,0,324,1,91,16,469,21,0,62,636,70,2,117,796,161,96,216,184,280,890,334,261,391,858,459,391,473,539,519,708,523,2
202,0,325,1,94,16,468,20,0,65,636,68,4,119,796,159,96,218,184,281,891,331,261,392,858,458,390,474,540,518,710,521,2
201,0,324,0,467,18,0,65,634,66,3,119,796,156,97,218,893,329,262,393,863,456,391,475,543,518,713,521,-1,-1,-1,-1,2
197,0,318,0,461,18,629,65,0,120,791,155,92,218,180,281,888,327,256,391,858,454,385,473,537,516,706,520,-1,-1,-1,-1,2
325,0,203,6,473,11,91,30,642,50,0,82,7,137,806,132,108,232,202,290,909,297,287,398,886,425,422,472,744,498,576,506,2
323,0,200,6,468,11,89,30,640,49,0,83,7,137,805,131,107,232,908,297,285,396,883,425,419,470,738,498,571,504,-1,-1,2
323,0,199,7,468,11,89,31,639,50,0,83,8,138,806,133,108,233,909,301,285,397,883,428,418,471,737,500,571,505,-1,-1,2
320,0,198,6,467,10,87,30,638,49,0,82,7,137,805,133,107,232,907,300,283,397,881,428,416,470,734,500,567,506,-1,-1,2
322,0,199,6,467,11,90,29,638,50,0,82,7,137,805,132,107,231,907,299,284,395,882,427,417,469,736,498,570,503,-1,-1,2
366,0,232,9,522,8,108,36,700,51,1,90,873,133,0,149,92,253,972,312,266,428,934,456,406,511,765,541,575,550,-1,-1,2
379,0,538,8,241,13,112,41,716,48,1,98,888,125,0,157,96,261,986,296,278,432,952,437,425,511,786,529,596,545,-1,-1,2
289,0,146,5,441,10,14,40,600,42,0,97,769,104,930,195,87,214,179,290,1007,361,271,404,962,486,418,498,593,550,788,555,2
286,0,141,8,438,7,598,35,11,45,769,95,0,103,929,183,90,217,185,292,1006,346,279,401,963,468,426,490,599,537,791,538,2
272,0,414,3,134,12,561,23,8,52,714,70,0,107,857,141,93,210,933,279,288,373,904,388,432,445,763,462,593,475,-1,-1,2
384,0,253,4,521,14,668,50,10,62,0,113,805,110,92,203,883,236,180,259,860,340,275,346,412,407,726,415,565,431,-1,-1,2
364,0,499,6,238,10,115,30,643,37,5,76,779,89,0,125,89,210,861,210,178,262,843,313,272,343,717,394,408,399,559,417,2
456,0,596,1,328,20,732,24,211,54,98,99,829,120,0,160,4,208,830,219,101,272,195,305,724,319,296,359,580,371,434,384,2
579,0,723,5,435,15,309,50,836,91,196,96,847,193,0,222,6,267,744,308,105,321,199,346,595,376,303,389,445,403,-1,-1,2
609,0,764,12,457,13,324,46,204,92,882,109,94,147,0,218,890,219,8,266,109,325,777,336,205,357,619,403,313,403,460,424,2
649,0,487,8,812,17,344,39,218,86,934,126,99,142,0,216,939,244,8,268,117,333,218,369,817,364,333,424,652,430,488,449,2
851,0,361,30,226,81,975,113,102,142,0,225,980,236,12,280,130,346,854,363,239,378,686,434,360,436,519,458,-1,-1,-1,-1,2
584,0,416,14,767,15,265,46,948,61,123,91,0,161,1066,203,4,221,120,310,1053,335,232,360,353,445,899,449,522,494,707,496,2
612,0,436,11,803,19,277,41,994,71,129,84,0,154,3,216,1115,219,120,311,1100,358,235,367,359,457,936,475,536,514,731,521,2
679,0,488,2,312,25,889,33,147,62,1095,99,2,130,0,198,1223,268,124,307,248,374,1201,418,381,479,1016,533,573,553,789,572,2
709,0,509,0,327,23,925,34,154,62,1138,102,3,131,0,200,1271,279,128,314,257,384,1248,432,396,495,1056,553,595,572,819,593,2
761,0,551,5,355,33,987,32,168,78,1210,97,3,156,0,229,1353,271,144,347,287,419,1340,431,443,531,1148,565,663,605,903,618,2
399,0,841,12,192,23,1074,75,7,89,0,170,1297,173,147,316,1419,374,292,407,1383,538,451,545,672,644,1171,653,915,681,-1,-1,2
605,0,392,11,827,16,189,41,1060,71,8,108,1283,161,0,188,148,329,1414,357,295,415,1386,520,457,549,1181,642,681,643,927,675,2
600,0,390,10,819,16,189,37,1046,69,8,104,1267,159,0,183,147,323,1396,350,294,407,1370,511,456,540,1171,630,678,634,921,663,2
592,0,385,10,807,14,186,40,1030,66,7,107,1245,153,0,184,148,323,1372,341,292,405,1349,497,454,537,1156,618,674,627,912,654,2
568,0,367,10,779,15,176,41,998,66,4,105,1209,153,0,180,138,311,1327,337,274,392,1296,490,425,516,1100,603,633,605,861,633,2
363,0,556,4,178,14,757,32,11,64,963,96,0,136,1159,193,126,271,251,358,1260,378,390,488,1222,520,584,585,1029,614,800,628,2
371,0,183,9,565,10,765,44,10,57,964,112,0,131,1152,213,130,272,257,360,1248,397,398,494,1209,535,590,593,1022,626,801,637,2
414,0,208,3,616,14,811,50,11,54,995,117,0,134,1164,209,153,287,297,378,1251,376,1227,506,465,513,1070,603,667,603,871,630,2
413,0,207,8,615,9,807,41,10,64,0,145,1154,192,158,294,1242,354,1221,483,475,513,1070,584,678,595,877,616,-1,-1,-1,-1,2
424,0,214,3,626,17,813,55,10,52,984,121,0,136,1144,211,164,296,1227,372,311,387,1211,499,494,526,1072,598,695,611,890,632,2
224,0,439,3,641,27,12,45,821,71,0,134,985,140,1137,235,169,306,1214,395,319,401,1198,522,507,547,1068,620,707,634,895,655,2
229,0,439,14,13,36,630,47,793,99,0,129,932,171,1063,266,171,313,316,415,1127,417,1115,535,505,563,1003,629,689,647,854,664,2
235,0,448,15,12,38,642,49,802,101,0,134,939,174,1066,269,181,326,1129,420,330,429,1118,539,525,578,1014,634,708,661,870,674,2
231,0,446,13,9,38,641,47,797,100,0,139,932,173,1057,267,186,338,338,442,1116,538,538,590,1016,636,721,670,878,680,-1,-1,2
229,0,438,18,10,33,620,55,770,109,0,136,889,182,1003,274,183,335,1059,419,328,437,1051,532,524,583,961,626,692,659,836,667,2
215,0,411,22,9,32,583,61,717,115,0,134,825,186,174,335,312,434,972,520,500,574,656,646,784,651,-1,-1,-1,-1,-1,-1,2
14,0,336,12,468,56,0,91,569,110,644,178,717,261,123,279,224,373,746,382,734,475,371,505,668,550,484,573,580,582,-1,-1,2
16,0,300,11,420,54,0,88,507,105,574,170,639,249,108,269,196,360,663,365,652,453,331,485,593,525,432,549,518,557,-1,-1,2
18,0,264,17,0,68,455,108,73,213,577,246,140,293,588,353,240,411,565,432,327,479,493,486,411,499,-1,-1,-1,-1,-1,-1,2
183,0,359,11,12,30,527,38,679,83,0,100,814,150,124,245,987,377,378,454,956,479,532,535,835,549,685,564,-1,-1,-1,-1,2
205,0,394,16,15,28,575,48,743,97,0,102,135,259,1031,264,263,352,1095,413,410,487,1068,525,587,577,932,599,763,613,-1,-1,2
207,0,397,20,19,22,579,57,0,94,746,112,901,191,128,252,1038,289,252,349,1097,443,394,490,1064,554,567,588,921,624,745,632,2
350,0,173,9,531,9,713,39,11,52,897,100,0,119,1071,192,121,251,240,332,1161,357,376,458,1129,488,558,550,960,574,755,588,2
523,0,342,1,168,18,712,20,9,71,909,75,0,138,1097,160,122,263,1202,332,245,341,379,462,1173,470,567,552,994,566,776,587,2
509,1,332,0,163,16,697,23,11,66,897,79,0,132,1089,169,112,257,227,335,1195,347,352,460,1160,490,535,555,971,583,746,597,2
468,0,659,8,297,16,142,46,872,50,6,104,1085,132,0,168,107,282,1209,320,330,468,1172,475,510,557,963,581,723,596,-1,-1,2
459,0,296,11,643,12,144,35,847,58,8,90,1050,141,0,152,100,268,1170,328,208,341,313,457,1133,481,486,550,929,582,696,593,2
510,0,354,16,704,15,223,48,909,71,104,90,2,156,0,213,1050,256,79,307,1019,432,241,469,390,550,813,558,583,584,-1,-1,2
463,0,647,13,317,18,199,51,842,68,93,94,2,156,0,211,974,258,70,303,938,435,208,459,342,540,736,557,520,577,-1,-1,2
308,0,189,11,464,9,86,38,660,57,0,95,3,153,863,166,85,260,986,403,226,456,355,560,935,577,522,627,731,650,-1,-1,2
300,0,180,8,457,7,78,39,659,52,0,99,11,157,869,160,105,259,1002,388,268,449,404,544,960,552,570,603,768,620,-1,-1,2
303,0,182,8,458,13,80,34,658,64,0,91,9,149,862,178,103,254,990,407,260,450,395,548,946,569,560,610,757,633,-1,-1,2
305,0,184,6,459,17,80,31,656,70,0,86,8,144,857,188,99,250,983,417,254,447,387,547,937,578,550,613,747,638,-1,-1,2
305,0,184,5,457,19,82,28,654,73,0,82,9,139,855,193,97,247,981,426,250,446,380,551,935,589,544,619,742,648,-1,-1,2
302,0,184,4,456,17,82,28,653,71,0,80,7,137,855,189,95,244,981,422,248,441,379,545,936,582,544,613,743,641,-1,-1,2
300,0,182,4,453,17,80,26,0,78,650,71,6,136,853,190,94,242,980,423,245,442,376,546,935,586,542,616,742,645,-1,-1,2
301,0,183,3,454,17,80,27,0,79,651,73,7,136,854,191,94,242,981,424,245,442,376,547,936,587,542,617,743,645,-1,-1,2
187,3,306,0,459,17,83,25,0,76,652,73,5,133,851,189,92,240,976,421,242,441,373,547,932,583,539,616,739,644,-1,-1,2
334,0,495,1,203,22,706,41,92,58,0,121,927,142,5,182,87,291,1059,389,239,487,1002,579,376,590,554,655,779,669,-1,-1,2
536,0,365,1,228,24,746,38,105,62,0,126,961,129,2,189,89,299,1086,354,252,489,1032,536,398,587,585,639,812,637,-1,-1,2
381,0,237,25,782,30,108,64,1012,118,0,131,1,193,91,300,1144,340,263,484,1086,522,416,578,852,625,612,628,-1,-1,-1,-1,2
286,0,469,0,135,20,685,36,0,55,908,120,1044,327,85,354,176,472,999,499,339,564,780,603,540,611,-1,-1,-1,-1,-1,-1,2
459,0,651,6,290,16,134,50,869,50,0,116,1083,136,1,185,116,302,1209,336,234,376,344,500,1171,500,523,589,966,608,733,628,2
474,0,671,5,299,18,891,48,137,54,0,122,1107,133,0,193,123,312,1233,331,246,385,1196,497,361,508,547,596,994,606,759,630,2
680,0,479,6,905,32,300,33,137,78,1129,104,0,155,5,227,1266,294,137,337,1237,456,394,519,1038,576,804,614,-1,-1,-1,-1,2
507,0,322,9,711,15,152,36,936,66,6,98,1157,163,0,170,122,295,245,374,1278,363,367,503,1234,525,556,600,1020,626,777,641,2
572,0,367,9,790,15,173,40,1018,68,1,109,1239,160,0,187,149,321,1366,353,290,400,1335,513,443,536,657,627,1133,628,890,657,2
461,0,229,11,686,16,901,53,9,71,1103,124,0,156,1282,224,177,318,1370,399,340,409,1337,536,520,557,1168,638,738,646,956,671,2
481,0,718,6,237,19,941,36,5,93,1149,100,0,187,1336,195,200,354,1433,373,378,441,1409,518,578,589,1246,634,809,670,1035,681,2
503,0,746,5,250,18,969,36,1170,101,5,97,1355,196,0,200,1447,373,212,371,395,460,1425,518,607,607,1267,638,840,684,1062,690,2
466,0,236,4,678,20,858,62,8,66,1011,132,0,169,1147,226,190,349,1209,385,345,440,1187,511,542,586,1064,616,732,658,905,662,2
217,0,426,2,615,27,10,51,774,71,906,136,0,145,1025,225,166,316,1075,371,303,402,1052,485,480,539,942,577,647,609,801,616,2
207,0,391,0,557,27,7,32,687,73,0,127,790,137,882,222,153,299,913,353,273,383,890,453,434,509,803,535,569,569,690,572,2
7,0,644,9,0,85,836,149,139,244,867,279,249,323,841,378,847,380,398,440,400,440,758,461,528,497,643,498,649,500,-1,-1,2
329,0,168,5,478,17,8,44,600,52,0,127,786,185,122,272,818,309,222,344,796,406,362,456,705,482,485,512,598,516,-1,-1,2
269,0,136,5,394,14,500,42,6,49,585,86,0,118,665,151,100,237,694,257,183,296,679,342,305,392,603,412,412,440,509,443,2
268,0,394,15,497,44,8,48,584,89,0,114,662,155,99,231,692,261,180,292,673,345,296,386,595,412,402,435,500,440,-1,-1,2
254,0,374,13,473,41,8,38,0,95,640,144,90,202,671,244,654,323,277,348,575,384,382,397,479,405,-1,-1,-1,-1,-1,-1,2
463,0,630,17,284,19,785,42,933,47,126,83,1025,104,1010,220,8,223,917,345,0,368,789,460,118,496,643,546,281,577,467,594,3
464,0,631,17,286,18,786,43,933,47,127,81,1026,104,1010,219,9,222,918,345,0,367,790,459,119,495,644,545,282,576,468,594,3
466,0,633,18,287,18,788,43,936,49,128,81,1028,105,1013,223,9,222,919,347,0,367,789,461,118,495,642,547,280,576,466,595,3
464,0,631,18,285,18,787,43,935,48,126,81,1029,104,1012,221,8,222,919,346,0,365,789,460,118,494,642,546,280,574,466,593,3
466,0,633,18,287,17,789,43,938,49,128,80,1030,107,1014,223,9,220,920,348,0,365,790,462,117,494,642,547,279,575,466,595,3
475,0,644,19,292,18,800,46,945,52,130,82,1039,108,1025,226,7,228,935,353,0,379,808,469,126,512,663,558,295,593,485,610,3
556,0,350,8,749,32,168,68,933,74,1110,93,1215,167,24,212,1185,304,0,368,1058,441,113,520,888,559,284,629,703,641,492,674,3
529,0,725,20,325,23,913,49,147,93,14,245,1174,263,0,402,1070,409,908,539,123,548,725,634,300,647,514,679,-1,-1,-1,-1,3
555,0,341,18,761,26,959,64,155,89,17,243,0,402,1096,442,120,550,916,568,294,652,722,655,506,692,-1,-1,-1,-1,-1,-1,3
558,0,359,5,750,33,181,59,937,75,32,197,1214,302,1210,306,0,351,1081,449,104,511,905,571,491,663,-1,-1,-1,-1,-1,-1,3
1042,0,675,5,480,6,862,14,282,49,1162,55,115,138,1154,192,0,306,1051,350,4,464,904,495,144,594,737,606,328,668,539,675,3
502,0,691,3,869,16,305,36,1144,61,128,122,1,292,1047,341,0,457,912,483,145,591,753,596,339,666,555,669,-1,-1,-1,-1,3
1030,0,685,2,495,2,863,13,298,40,1141,52,124,128,1137,181,0,299,1046,331,3,463,912,473,754,588,150,594,560,664,345,666,3
1031,0,499,0,688,0,865,11,303,36,1143,51,128,122,1139,180,1,293,1048,331,0,458,914,474,755,589,145,590,556,665,339,665,3
504,0,693,2,1038,5,870,14,306,35,1149,58,131,121,1145,189,2,290,1052,338,0,454,916,480,143,590,755,594,338,666,555,669,3
514,0,703,7,1054,20,882,24,316,31,1161,75,138,111,1154,205,6,279,1056,354,0,442,916,494,140,582,751,604,332,664,551,672,3
521,0,711,9,1065,25,891,27,321,30,1174,79,142,109,1165,211,8,274,1066,360,0,438,922,499,139,579,755,608,331,664,551,675,3
535,0,726,14,334,24,1078,37,906,37,1189,98,152,100,1177,230,13,263,1072,379,0,429,924,515,134,576,753,622,324,667,545,684,3
533,0,724,15,332,24,906,38,1082,40,150,97,1189,100,1176,233,12,259,1070,380,0,424,921,516,134,569,749,619,324,659,543,679,3
529,0,723,12,328,27,1083,32,906,34,1197,94,148,103,1185,230,11,268,1078,381,0,433,928,520,135,578,754,627,324,670,544,688,3
537,0,732,13,333,25,1093,36,916,36,1207,98,150,102,1193,233,12,268,1086,384,0,435,934,523,136,582,759,630,328,674,549,692,3
555,0,753,17,346,24,939,42,158,100,1231,108,1215,245,14,266,1105,396,0,436,950,534,138,587,772,640,334,681,559,701,-1,-1,3
559,0,760,15,347,27,1127,40,948,40,1242,104,156,105,1231,244,11,276,1124,398,0,450,971,540,145,603,792,650,345,698,576,716,3
563,0,762,14,352,28,951,36,1248,96,161,106,1239,235,14,275,1134,388,0,449,981,532,142,601,801,645,346,696,580,713,-1,-1,3
561,0,756,11,356,27,1115,31,940,33,1233,89,168,102,1230,222,18,268,1135,374,0,442,989,521,143,597,811,638,350,695,590,710,3
561,0,753,15,359,23,934,39,1105,42,173,93,1222,100,1219,234,22,250,1122,382,0,421,975,524,136,578,798,635,338,678,575,700,3
559,0,752,14,356,24,932,38,169,93,1215,98,1210,229,19,250,1113,371,0,415,967,507,138,566,793,614,341,661,575,679,-1,-1,3
569,0,761,18,366,21,940,43,177,86,1223,106,1217,235,22,242,1120,377,0,410,975,513,138,564,798,620,341,663,579,683,-1,-1,3
576,0,768,18,372,21,949,44,1119,49,181,87,1233,107,1228,239,25,244,1130,383,0,413,983,520,137,570,805,629,342,671,580,692,3
579,0,773,18,371,23,955,43,1129,49,179,93,1241,105,1237,238,22,254,1141,383,0,427,995,524,143,585,818,634,352,685,594,702,3
598,0,388,13,788,27,962,60,1125,72,190,77,1232,129,25,234,1227,257,1139,395,0,411,1003,528,151,577,832,636,367,682,612,701,3
586,0,778,20,377,19,954,48,1116,54,181,87,1226,111,1226,239,20,248,1142,381,0,428,1008,520,153,591,839,633,372,691,620,706,3
585,0,779,19,374,22,959,47,1127,55,180,88,1238,109,1238,242,20,254,1154,386,0,435,1018,528,154,599,846,645,373,701,623,717,3
562,0,753,15,355,23,927,40,1085,43,164,94,1195,98,1199,226,13,262,1124,367,0,443,998,510,160,603,838,627,381,696,626,704,3
546,0,730,19,345,20,896,46,1047,52,160,87,1153,106,1153,231,13,248,1080,368,0,425,959,503,156,582,807,614,369,676,604,686,3
531,0,712,18,333,21,878,43,1027,50,151,88,1130,101,1132,223,9,250,1063,359,0,425,946,494,157,579,799,605,369,669,600,677,3
529,0,708,19,332,20,871,45,1017,49,151,87,1120,102,1123,224,8,249,1056,357,0,424,943,490,158,578,797,601,371,668,601,675,3
554,0,353,12,730,27,888,59,1032,73,165,72,1125,126,13,235,1125,245,1059,373,0,419,948,503,164,581,807,610,381,675,612,683,3
552,0,353,5,728,31,168,61,884,69,1027,86,1120,144,16,217,1119,263,1054,394,0,401,944,522,158,573,802,628,374,678,605,696,3
521,0,334,1,682,33,158,50,822,70,948,89,13,202,1030,254,974,374,0,383,877,493,158,547,751,593,361,646,578,660,-1,-1,3
488,0,309,2,641,34,145,51,982,142,11,197,928,371,923,376,0,372,833,493,147,536,713,588,341,635,544,651,-1,-1,-1,-1,3
484,0,304,6,639,29,776,64,138,61,896,77,982,130,6,212,983,240,933,359,0,389,840,480,153,546,723,580,351,638,555,647,3
489,0,309,3,646,30,142,56,783,66,902,81,988,135,9,205,987,244,936,363,0,381,842,482,152,541,724,581,349,635,555,647,3
245,0,391,3,512,34,113,40,620,69,716,86,781,134,9,162,776,227,0,311,736,326,659,424,118,451,564,504,270,537,431,553,3
239,0,378,7,111,36,494,40,590,78,676,94,8,158,0,305,692,324,623,414,114,443,535,490,262,525,414,538,-1,-1,-1,-1,3
245,0,113,37,498,42,596,77,9,157,735,230,0,304,695,319,624,410,116,440,538,484,263,521,416,533,-1,-1,-1,-1,-1,-1,3
379,0,235,0,496,29,105,43,599,61,746,121,2,173,701,305,0,323,633,402,121,454,543,480,270,527,422,533,-1,-1,-1,-1,3
386,1,242,0,506,30,107,45,608,63,696,77,757,123,4,174,750,212,708,308,0,323,635,402,121,454,547,480,271,527,423,533,3
387,0,242,1,508,27,108,47,611,58,701,69,762,117,4,179,752,207,712,303,0,328,638,399,122,457,550,478,272,528,426,532,3
382,0,237,3,505,25,609,53,103,53,703,66,764,110,0,189,715,300,1,340,643,399,125,467,553,480,276,536,429,537,-1,-1,3
383,0,236,4,507,25,611,55,100,54,704,66,765,111,0,190,755,201,715,300,1,339,643,397,126,465,553,478,428,533,277,532,3
383,0,236,6,507,25,614,52,703,63,101,58,768,108,762,199,0,194,718,300,1,344,643,398,124,469,553,480,427,536,275,535,3
382,0,235,7,506,24,613,51,704,61,101,59,768,106,763,197,0,196,719,298,1,346,645,397,125,470,555,479,429,536,276,536,3
383,0,234,11,507,21,615,45,100,67,772,96,0,208,725,292,1,360,653,394,563,482,126,484,435,544,281,548,-1,-1,-1,-1,3
384,0,235,13,511,19,619,43,712,49,99,71,778,92,773,184,0,214,730,287,5,365,657,390,568,476,133,486,442,539,287,545,3
388,0,238,9,515,20,625,46,719,51,102,65,785,98,0,207,732,294,1,358,655,395,562,480,127,481,435,541,280,544,-1,-1,3
388,0,238,11,517,20,630,44,729,51,102,67,797,97,790,191,1,204,739,295,0,349,657,397,120,471,558,481,269,536,426,538,3
374,0,229,10,497,20,604,43,698,50,98,63,761,93,754,177,0,192,704,277,0,330,625,371,116,442,532,449,407,501,260,502,3
365,0,223,12,488,17,599,38,697,43,96,65,762,85,756,174,1,190,703,271,0,321,622,365,111,430,526,441,251,490,398,493,3
383,0,239,8,509,18,618,43,715,49,105,60,778,93,770,178,3,185,716,276,0,318,633,368,112,430,535,444,255,491,405,495,3
374,0,503,14,229,15,622,31,620,35,100,70,797,78,4,193,729,269,0,319,640,364,107,427,535,441,248,487,399,491,-1,-1,3
376,0,509,14,232,15,628,34,102,69,811,82,6,189,737,274,0,314,644,370,104,422,535,447,242,486,397,495,-1,-1,-1,-1,3
373,0,507,14,228,15,628,33,741,35,99,70,815,79,3,193,743,277,0,320,650,374,106,428,540,453,246,493,401,501,-1,-1,3
379,0,518,10,228,22,647,26,843,70,96,82,0,210,772,277,0,340,676,380,112,447,562,462,258,510,419,515,-1,-1,-1,-1,3
384,0,526,10,232,21,776,25,655,25,853,68,97,82,847,165,0,212,781,275,1,343,684,379,115,450,570,462,263,512,426,516,3
392,0,535,10,237,20,788,27,667,27,869,71,101,81,862,171,1,212,795,282,0,343,696,386,114,454,578,470,265,518,430,524,3
400,0,545,13,245,19,678,31,802,33,884,78,105,79,876,179,4,207,803,290,0,339,699,394,111,451,578,476,261,518,426,527,3
415,0,256,14,565,15,705,39,838,45,114,71,922,94,907,198,8,195,824,310,0,325,707,412,105,440,575,488,251,512,417,530,3
441,0,278,11,589,20,724,46,852,53,128,64,931,103,11,191,918,204,838,311,0,325,727,410,112,444,597,488,265,519,439,534,3
438,0,277,10,584,21,719,46,846,54,130,61,924,105,14,186,910,204,828,311,0,319,715,409,109,437,586,484,258,511,428,527,3
428,0,271,11,573,20,706,45,832,52,127,62,911,102,13,184,898,200,816,306,0,312,703,403,105,429,574,477,250,502,418,519,3
415,0,261,13,558,17,690,40,816,44,121,65,895,92,12,186,883,190,804,296,0,311,693,393,103,423,566,467,248,494,412,510,3
403,0,253,14,542,15,671,35,793,39,116,65,869,84,859,179,10,185,784,282,0,307,678,378,102,416,555,452,244,483,404,496,3
399,0,249,15,538,15,666,37,788,42,113,66,862,85,853,179,9,184,778,280,0,305,674,375,101,414,552,448,245,480,405,491,3
248,0,532,2,659,22,782,27,113,51,854,71,844,163,10,167,768,266,0,288,662,360,99,395,541,431,234,463,393,475,-1,-1,3
397,0,251,7,530,19,654,43,771,51,117,52,845,97,12,163,831,186,0,281,757,285,652,373,96,388,532,440,-1,-1,-1,-1,3
255,0,535,12,656,38,773,46,120,45,843,92,13,155,832,182,0,273,756,277,652,365,97,381,533,431,232,450,387,468,-1,-1,3
399,0,253,9,532,19,654,42,770,50,119,55,841,95,13,167,828,184,754,280,0,285,650,368,96,392,531,436,233,457,386,474,3
395,0,251,7,528,19,649,43,765,51,118,52,835,97,13,162,823,186,746,281,0,279,642,369,93,386,522,434,226,454,378,471,3
397,0,254,4,527,21,646,47,121,46,760,59,826,103,14,152,813,189,0,268,738,281,636,364,94,374,519,427,225,442,376,462,3
405,0,263,2,531,26,129,39,649,55,763,70,830,116,20,140,812,203,0,254,732,292,84,364,625,373,504,433,211,437,360,460,3
244,0,507,18,120,40,628,45,748,58,818,105,19,136,803,193,0,244,722,286,79,349,612,367,198,423,488,425,345,450,-1,-1,3
377,0,242,5,504,20,624,45,119,45,744,57,815,102,18,145,802,192,0,253,722,286,79,359,613,370,489,430,199,432,346,459,3
367,0,234,10,495,14,617,35,734,41,112,55,809,84,15,156,799,174,0,266,723,272,617,360,82,368,496,425,205,437,353,461,3
344,0,472,5,711,14,593,16,211,21,784,50,92,75,781,139,4,186,713,241,0,297,617,336,92,392,505,410,221,448,368,456,3
344,0,471,6,708,12,592,16,211,22,783,50,92,75,780,138,4,186,712,238,0,295,617,332,92,388,504,406,221,444,367,451,3
345,0,472,6,706,15,591,17,212,20,781,51,93,73,777,139,5,183,710,239,0,292,614,333,91,386,502,406,219,442,366,450,3
342,0,468,7,701,17,587,19,210,20,775,54,92,73,773,142,4,182,706,240,0,292,611,334,91,387,499,406,218,443,363,451,3
341,0,466,5,693,11,583,15,208,21,765,47,89,76,763,132,2,187,700,229,0,296,610,321,95,386,503,394,225,438,370,441,3
347,0,472,8,214,18,701,21,589,21,769,57,94,70,5,180,699,237,0,289,607,327,94,383,499,397,222,437,367,443,-1,-1,3
363,0,232,5,486,19,600,43,111,44,712,53,776,96,14,142,762,179,0,248,688,267,587,346,81,347,473,404,200,412,340,433,3
367,0,234,5,488,21,113,42,602,45,714,56,778,99,15,140,764,182,0,246,689,269,82,345,589,347,475,405,201,411,340,433,3
365,0,232,7,486,20,601,44,110,46,713,54,777,96,14,146,764,180,0,252,689,269,589,348,82,351,475,407,201,417,341,437,3
364,0,232,6,488,17,602,40,714,47,109,47,779,90,13,148,766,173,0,254,693,262,594,342,85,352,481,402,206,416,347,433,3
368,0,235,5,492,19,606,43,111,46,716,52,782,95,13,145,770,177,0,252,694,266,595,345,85,351,481,404,206,415,347,435,3
358,0,224,11,483,13,600,32,714,38,781,78,772,163,8,160,699,255,0,268,601,340,87,365,488,404,210,425,353,440,-1,-1,3
362,0,492,10,222,16,730,26,614,26,802,68,97,68,795,157,5,180,723,255,0,292,624,345,96,388,510,414,226,446,374,456,3
819,0,537,17,681,17,384,25,908,36,226,66,912,142,90,146,844,268,0,289,743,390,11,422,622,489,136,520,468,560,296,570,3
560,0,706,3,402,5,936,29,237,44,96,122,932,140,861,265,0,269,755,385,11,405,631,483,138,508,474,551,299,560,-1,-1,3
426,0,585,9,876,26,733,26,256,25,962,72,106,92,0,234,871,302,3,372,759,417,125,485,622,498,-1,-1,-1,-1,-1,-1,3
453,0,281,14,612,20,759,47,899,52,125,72,984,107,8,210,970,211,965,216,880,331,0,352,120,475,624,521,-1,-1,-1,-1,3
453,0,616,12,279,22,913,32,769,31,1004,82,124,86,994,195,6,227,906,319,0,369,783,434,120,491,640,523,284,564,467,577,3
450,0,619,7,930,17,780,20,272,28,1028,67,114,99,1023,184,1,249,936,315,0,395,813,437,129,516,669,534,301,587,492,594,3
946,0,634,5,460,7,796,13,1048,45,277,45,114,128,1048,164,0,290,971,301,854,434,6,443,713,542,149,562,535,618,334,625,3
531,0,717,19,331,20,890,45,1051,49,150,90,1155,109,1143,236,11,250,1045,375,0,416,906,504,139,561,743,605,329,650,544,666,3
541,0,340,19,728,21,900,50,1062,55,157,86,1165,118,1150,246,13,247,1051,384,0,413,909,513,137,561,745,613,328,653,544,672,3
539,0,728,19,337,20,904,47,1068,51,153,92,1175,114,1161,244,13,252,1061,385,0,419,919,517,138,566,752,618,330,658,548,677,3
547,0,739,20,341,21,916,49,1083,55,154,93,1190,117,1174,248,12,257,1071,393,0,427,925,526,140,576,757,628,333,669,553,687,3
563,0,761,21,353,22,946,51,1122,57,164,92,1235,123,17,254,1104,405,0,424,948,540,138,577,770,643,330,674,555,700,-1,-1,3
554,0,757,16,343,26,950,43,1134,46,156,101,1254,112,1240,252,13,266,1128,408,0,436,968,550,137,590,784,657,333,690,562,715,3
554,0,758,16,343,26,951,42,1136,45,156,101,1257,110,1242,253,13,265,1129,407,0,436,969,549,137,589,784,656,333,689,563,714,3
529,0,735,5,1126,15,934,21,320,36,1255,75,139,122,1246,221,7,289,1136,385,0,457,975,536,137,604,788,651,334,698,566,717,3
525,0,729,6,1123,16,929,21,316,37,1249,74,137,121,1241,217,6,287,1131,381,0,453,971,531,139,598,785,645,335,690,565,709,3
526,0,728,8,1107,24,921,27,320,33,1231,83,140,115,1223,223,5,280,1115,382,0,449,960,529,138,595,780,641,335,687,563,706,3
533,0,734,8,1108,23,925,27,328,31,1229,84,145,111,1220,224,9,278,1114,380,0,446,960,526,139,593,781,637,336,685,564,702,3
544,0,744,12,337,30,1121,30,936,32,1242,92,153,107,1231,232,13,272,1119,388,0,439,961,532,137,587,778,641,332,682,560,703,3
534,0,735,8,1117,23,929,27,330,32,1243,83,148,111,1233,226,12,275,1120,386,0,442,960,531,134,588,775,643,327,684,555,705,3
523,0,723,6,1111,16,918,21,322,34,1238,76,145,114,1229,219,12,274,1112,380,0,436,947,527,127,580,759,637,315,674,539,697,3
521,0,720,5,916,23,321,33,1237,77,145,113,1227,220,12,273,1110,382,0,434,944,528,127,578,757,637,313,673,538,697,-1,-1,3
529,0,732,8,1130,22,930,27,328,32,1260,87,151,110,1247,234,16,267,1120,396,0,426,947,541,123,572,752,646,306,671,529,699,3
1121,0,694,16,903,21,492,26,1267,56,301,73,134,159,1260,216,11,318,1120,395,0,471,934,557,114,609,730,671,287,703,505,730,3
1054,0,838,31,633,35,442,51,1202,50,264,106,112,197,1202,212,4,355,1067,400,0,505,887,566,107,634,691,685,270,723,476,746,3
997,0,779,38,582,50,1149,47,403,72,243,127,1151,214,7,369,1010,412,0,510,828,583,93,637,632,700,238,727,426,756,-1,-1,3
976,0,762,43,1127,43,568,59,390,84,233,141,1132,209,99,232,5,382,994,405,0,520,815,574,91,640,624,692,236,725,421,749,3
905,0,1047,39,702,44,523,63,357,90,212,148,1052,199,89,238,4,382,920,392,0,514,1233,542,753,557,86,629,576,671,219,708,3
898,0,1038,39,695,43,517,63,353,89,210,147,1044,199,88,237,3,381,912,392,0,512,746,557,85,627,570,671,216,706,386,727,3
810,0,950,39,609,47,429,68,268,96,129,157,953,202,10,245,818,398,652,566,0,640,476,682,128,718,294,739,-1,-1,-1,-1,3
807,0,949,30,614,62,446,93,299,131,175,196,962,194,71,290,836,399,0,430,2,554,681,573,79,661,516,692,196,734,349,752,3
800,0,950,26,599,72,427,111,281,154,969,200,162,222,65,316,835,417,0,455,4,575,672,597,77,679,505,716,187,753,336,773,3
760,0,905,24,568,69,404,107,264,149,924,194,152,216,59,308,799,404,0,444,7,561,647,578,80,662,488,695,186,732,330,750,3
744,0,882,27,558,68,401,105,262,145,901,193,152,211,59,303,779,400,0,440,5,558,632,573,76,658,477,689,184,727,324,745,3
758,0,907,24,563,77,400,120,260,165,927,200,150,236,59,332,797,421,0,471,5,590,642,604,77,692,482,724,183,764,323,782,3
742,0,885,24,556,74,394,115,260,160,910,196,149,230,59,325,789,415,0,467,4,589,641,600,76,695,483,725,183,767,325,786,3
783,0,915,39,594,52,432,74,291,103,173,161,922,207,74,246,2,385,789,406,0,508,631,569,66,618,473,676,171,697,311,724,3
816,0,626,38,463,48,944,47,318,67,195,116,940,211,8,330,801,399,0,453,639,551,66,567,473,648,168,651,309,686,-1,-1,3
821,0,637,38,947,43,471,49,324,70,194,120,83,203,950,198,3,339,824,379,0,464,672,530,76,575,509,631,193,653,344,679,3
828,0,645,36,479,46,951,43,328,66,195,116,951,194,80,201,0,340,829,371,1,467,681,520,81,578,523,623,204,653,358,674,3
830,0,646,42,956,43,476,58,321,79,184,138,960,198,72,230,0,375,842,379,11,503,699,531,101,611,547,638,231,679,386,694,3
854,0,669,34,500,43,977,47,339,60,198,112,76,201,977,197,0,347,858,370,8,477,714,517,104,585,561,617,236,656,396,671,3
869,0,515,24,685,24,356,33,988,52,211,75,88,157,983,200,2,297,859,367,0,427,708,506,89,542,548,601,218,621,377,647,3
878,0,522,19,693,22,363,25,999,54,216,68,90,147,989,203,2,287,861,370,0,418,707,508,86,535,544,601,213,617,373,644,3
519,0,689,1,358,7,997,32,215,51,90,129,990,183,3,270,862,350,0,401,708,489,86,517,544,583,213,599,373,627,-1,-1,3
868,0,677,28,504,30,343,41,994,53,201,88,79,171,985,208,0,311,852,380,0,440,696,520,88,552,535,613,212,630,367,655,3
859,0,659,33,481,44,992,44,319,64,179,118,67,207,988,206,0,347,852,388,9,471,696,533,99,577,538,629,222,650,374,672,3
780,0,584,41,913,46,410,54,248,78,110,131,911,201,0,221,786,381,635,528,480,626,163,650,319,672,-1,-1,-1,-1,-1,-1,3
966,0,639,4,466,22,308,47,173,103,971,155,61,194,0,333,851,334,15,454,704,482,107,555,552,583,236,620,391,635,-1,-1,3
858,0,659,42,997,48,479,57,316,79,176,133,997,204,63,222,0,364,869,387,15,486,716,533,109,590,560,630,238,659,396,678,3
873,0,664,42,478,54,1020,53,312,75,170,128,61,216,1015,215,0,357,879,399,17,478,720,542,112,581,559,635,239,653,395,675,3
878,0,666,44,1028,54,477,59,309,80,168,134,1023,216,59,224,0,364,884,403,18,483,723,546,562,638,241,655,395,680,-1,-1,3
855,0,647,35,464,40,300,53,999,59,162,98,57,182,997,218,0,317,861,392,19,434,706,524,113,538,549,608,239,611,390,644,3
872,0,657,37,467,44,297,60,1023,60,157,107,53,193,1018,224,0,330,877,401,24,447,718,534,120,550,559,619,247,622,398,651,3
868,0,469,29,657,29,302,38,1014,65,161,79,54,161,1010,225,0,296,872,395,22,416,120,522,716,521,248,597,560,601,401,629,3
865,0,652,34,460,39,292,52,1017,64,153,96,49,182,1015,227,0,319,877,402,26,438,722,532,127,540,257,614,567,612,408,643,3
870,0,654,34,464,38,292,52,1019,62,154,96,48,182,1015,225,0,319,878,399,26,438,722,530,128,541,258,613,567,611,409,642,3
866,0,652,36,461,42,292,56,1017,63,153,101,50,187,1015,225,0,325,878,400,27,442,723,530,129,544,568,613,258,616,411,644,3
864,0,650,37,460,44,289,59,1016,62,150,105,47,191,1015,224,0,328,877,403,26,448,723,533,126,549,568,616,257,620,409,648,3
861,0,647,37,458,44,289,59,1012,59,151,106,47,192,1012,221,0,329,877,398,27,445,723,530,128,547,568,613,258,617,410,646,3
868,0,651,37,460,44,290,59,1020,61,151,106,47,192,1019,223,0,329,880,401,25,447,723,534,127,548,567,615,256,619,408,647,3
868,0,653,37,462,42,292,57,1020,62,154,103,50,189,1017,225,0,327,880,403,26,445,724,534,126,547,568,616,257,619,409,648,3
871,0,655,35,464,39,295,52,1020,63,155,97,50,182,1016,225,0,319,877,400,24,437,719,531,124,540,253,612,564,610,405,641,3
881,0,662,35,468,40,297,52,1032,64,155,98,50,186,1025,231,0,325,882,408,26,445,723,539,127,548,256,621,566,621,408,650,3
883,0,664,36,469,41,297,54,1036,65,156,100,50,187,1029,230,0,324,885,406,26,443,724,536,127,545,256,617,568,616,409,646,3
884,0,664,35,468,39,296,51,1038,65,154,96,51,181,1032,230,0,319,890,405,26,438,729,537,128,541,258,614,571,616,411,644,3
854,0,635,32,441,36,270,47,1007,65,129,90,22,176,1003,226,863,402,0,431,102,534,704,530,232,608,547,609,386,638,-1,-1,3
883,0,664,33,470,35,297,47,1036,64,157,91,50,175,1031,228,0,312,888,404,24,431,125,536,728,535,256,610,570,612,410,641,3
882,0,664,34,471,37,298,49,1035,66,157,91,52,177,1031,229,0,315,889,406,26,434,731,534,129,538,259,612,574,613,413,643,3
885,0,666,34,472,37,298,51,1039,65,157,94,49,181,1035,230,0,320,893,405,25,441,732,537,129,544,258,619,574,618,413,652,3
873,0,476,27,662,28,305,38,1018,63,165,77,56,160,1015,222,0,295,878,392,22,415,121,521,723,519,251,597,566,600,406,629,3
866,0,486,24,668,25,319,30,1001,62,175,72,61,155,995,214,0,295,866,381,19,419,717,509,120,526,564,593,251,600,405,629,3
864,0,507,21,681,23,343,27,989,57,195,67,74,151,992,201,0,295,879,367,12,427,738,503,115,542,584,600,249,619,-1,-1,3
902,0,531,18,710,22,360,25,1030,58,207,64,81,147,1025,206,0,292,901,371,9,424,750,507,110,541,590,600,250,618,417,643,3
728,0,541,12,368,31,214,83,1063,164,84,171,0,315,933,342,5,444,770,492,103,555,598,595,243,629,416,647,-1,-1,-1,-1,3
747,0,552,10,1102,9,373,30,214,84,1097,165,84,171,0,314,961,343,4,442,789,494,102,552,608,598,242,627,420,648,-1,-1,3
598,0,781,2,419,7,1095,34,249,51,102,136,1088,174,1,285,969,338,0,426,814,480,111,546,645,584,268,623,456,640,-1,-1,3
973,0,603,24,787,24,423,34,1099,51,252,79,103,164,1092,189,0,315,974,351,0,456,820,494,113,573,650,599,270,644,-1,-1,3
776,1,587,0,407,14,1100,25,233,58,91,148,978,331,0,435,821,475,111,549,649,580,270,623,458,636,-1,-1,-1,-1,-1,-1,3
490,0,682,5,1055,13,869,21,297,33,1174,71,127,112,1161,208,5,270,1043,363,0,424,886,501,125,557,710,603,301,641,508,659,3
499,0,693,7,881,23,303,32,1186,76,130,112,1172,214,5,272,1054,366,0,429,897,504,128,564,721,608,308,649,517,667,-1,-1,3
507,0,704,7,1080,18,894,25,308,32,1201,78,133,114,1186,216,6,273,1069,370,0,430,910,509,131,567,733,613,313,653,526,671,3
518,0,717,6,1102,17,911,24,316,33,1227,79,138,115,1214,223,8,278,1095,380,0,439,933,523,130,580,749,632,316,670,535,691,3
751,0,947,22,335,23,1260,83,148,104,1245,228,9,277,1127,389,0,448,964,536,139,598,780,648,334,692,561,712,-1,-1,-1,-1,3
555,0,767,10,965,32,337,32,1280,93,144,119,1265,238,3,293,1150,398,0,468,991,544,150,618,806,658,355,708,588,723,-1,-1,3
577,0,787,15,355,29,1174,40,986,40,1295,106,157,113,1280,252,8,291,1165,412,0,471,1003,560,150,628,817,674,357,724,594,741,3
612,0,389,13,810,29,985,65,1142,76,178,86,1244,141,1228,271,12,267,1134,413,0,460,997,549,167,626,834,659,387,720,625,730,3
595,0,380,9,781,33,946,70,178,75,1190,148,16,248,1084,409,0,438,953,538,159,603,797,644,369,698,596,710,-1,-1,-1,-1,3
571,0,364,8,752,30,912,67,170,75,1150,143,15,245,1134,266,1054,403,0,434,927,534,155,600,778,640,360,696,584,709,-1,-1,3
569,0,365,6,746,33,173,70,901,72,1129,152,18,241,1113,275,1033,411,0,432,911,541,151,602,765,647,354,701,573,715,-1,-1,3
390,0,582,12,198,48,740,56,872,103,29,210,0,407,978,418,870,536,151,585,740,635,351,686,561,699,-1,-1,-1,-1,-1,-1,3
382,0,570,14,192,45,722,60,848,108,956,131,1025,193,26,206,1003,298,0,402,941,414,839,527,149,577,714,622,344,675,545,685,3
356,0,540,12,174,47,686,58,808,104,912,127,980,187,20,208,959,292,896,406,0,400,798,516,146,567,679,608,331,660,520,670,3
360,0,540,17,185,42,683,66,800,115,965,202,28,199,0,391,878,420,778,529,138,566,661,620,316,664,502,678,-1,-1,-1,-1,3
368,0,197,24,532,40,647,105,734,165,807,194,34,189,852,260,830,356,0,413,780,462,700,565,139,613,609,656,313,715,-1,-1,3
333,0,176,21,482,42,586,105,663,163,28,182,0,403,705,444,637,543,133,598,560,632,443,696,291,694,-1,-1,-1,-1,-1,-1,3
314,0,165,22,461,39,560,100,636,155,27,182,739,244,0,396,679,431,613,527,129,581,536,613,424,675,280,673,-1,-1,-1,-1,3
310,0,161,24,454,39,554,100,629,157,24,184,730,245,0,397,671,433,606,530,127,584,529,616,421,679,276,676,-1,-1,-1,-1,3
303,0,157,24,544,96,618,150,23,183,719,235,0,393,662,420,598,516,127,574,523,601,416,663,275,662,-1,-1,-1,-1,-1,-1,3
273,0,409,29,134,31,506,84,583,134,645,158,18,187,0,385,628,408,564,504,117,556,492,587,254,643,387,646,-1,-1,-1,-1,3
277,0,155,19,397,36,477,91,539,141,36,154,623,224,598,303,0,337,560,394,496,481,89,506,424,556,204,595,325,607,-1,-1,3
253,0,138,22,446,86,507,134,30,155,591,215,0,332,531,385,470,470,84,494,401,543,194,582,308,593,-1,-1,-1,-1,-1,-1,3
251,0,138,20,363,32,441,86,500,135,29,152,0,328,524,384,463,468,83,489,396,541,190,577,301,590,-1,-1,-1,-1,-1,-1,3
218,0,121,22,317,33,383,85,433,134,27,160,478,288,0,343,449,380,399,467,73,506,343,542,166,590,265,597,-1,-1,-1,-1,3
201,0,300,28,107,25,364,76,22,160,483,194,0,334,436,359,388,443,72,487,334,518,165,566,257,571,-1,-1,-1,-1,-1,-1,3
202,0,316,5,411,33,98,33,494,63,570,74,617,121,14,132,0,243,544,274,468,345,72,346,385,399,170,411,282,428,-1,-1,3
202,0,317,4,414,30,98,35,499,60,625,118,15,134,602,193,0,244,552,273,475,345,72,346,389,400,171,411,284,429,-1,-1,3
197,0,315,2,410,27,94,36,496,55,577,68,623,111,12,135,0,244,551,266,474,338,74,344,390,393,174,407,287,423,-1,-1,3
299,0,186,2,398,20,84,42,484,44,563,54,613,94,7,141,598,169,547,249,0,249,475,323,77,344,392,380,177,402,290,414,3
304,0,189,1,401,21,86,39,489,45,568,55,620,96,8,139,605,171,0,247,554,251,480,324,78,343,397,381,180,401,294,414,3
316,0,429,13,189,14,533,31,631,34,79,63,693,73,2,170,624,248,0,279,540,333,87,372,446,398,200,428,330,438,-1,-1,3
311,0,189,8,419,16,518,37,83,52,666,82,5,154,594,246,0,261,514,324,82,352,423,384,191,408,312,419,-1,-1,-1,-1,3
289,0,175,10,393,12,485,29,73,55,626,68,619,141,0,155,569,222,0,257,497,299,85,343,415,359,193,393,312,399,-1,-1,3
289,0,391,12,174,12,482,28,566,31,74,56,623,66,614,139,1,155,566,220,0,257,495,296,84,343,413,358,191,391,308,396,3
279,0,380,8,166,15,559,21,473,21,615,53,68,62,610,126,0,161,563,210,1,261,493,288,85,343,412,351,193,391,310,394,3
276,0,379,7,561,14,472,18,163,18,615,48,67,67,0,170,563,206,4,269,494,286,89,349,414,350,311,392,197,392,195,394,3
279,0,380,9,167,12,472,24,557,25,70,56,612,59,605,132,1,153,557,211,0,251,485,288,82,333,403,347,187,380,301,385,3
275,0,375,9,164,14,552,24,467,22,606,56,68,59,600,128,0,156,554,208,2,253,485,284,84,334,404,344,189,380,303,381,3
279,0,378,11,167,12,470,25,556,27,69,55,609,62,597,134,0,151,552,213,0,249,482,287,81,330,401,346,185,378,298,383,3
280,0,379,11,168,11,471,26,555,29,70,55,609,62,602,134,1,151,552,213,0,248,482,288,80,331,400,346,185,378,298,383,3
281,0,382,12,169,12,473,27,558,30,72,55,612,64,604,136,1,151,554,215,0,248,482,290,81,330,401,347,185,378,298,384,3
279,0,381,11,168,11,473,27,554,28,558,30,70,55,611,64,0,151,554,216,0,249,482,291,80,332,400,349,184,380,298,385,3
291,0,176,9,392,15,486,32,571,37,75,52,625,74,615,147,2,149,562,226,0,249,489,300,80,334,404,358,185,385,299,392,3
353,0,221,1,466,26,105,40,568,55,663,69,722,116,13,142,0,253,628,284,77,356,533,361,432,416,185,422,311,445,-1,-1,3
387,0,244,1,510,27,117,44,623,59,726,74,785,127,17,155,763,217,0,273,683,310,80,383,578,391,465,451,195,455,333,480,3
384,0,242,0,507,27,115,43,618,57,717,75,782,128,16,155,0,276,677,311,82,386,574,393,465,453,197,458,-1,-1,-1,-1,3
369,0,232,1,488,27,109,44,594,58,692,72,752,122,13,155,728,209,0,274,656,300,560,381,82,383,453,442,196,452,329,473,3
361,0,226,1,478,25,106,44,580,56,677,69,736,118,13,156,714,200,0,275,645,295,552,376,83,383,450,437,198,451,327,469,3
224,0,354,1,466,28,103,41,564,59,710,120,11,153,691,199,0,274,627,291,540,371,86,383,444,433,198,450,327,467,-1,-1,3
348,0,216,3,461,23,97,48,560,51,649,61,706,107,7,164,689,192,633,283,0,290,550,367,92,399,457,434,211,463,341,474,3
357,0,221,3,471,24,101,48,572,52,663,62,721,110,7,167,699,197,643,289,0,293,558,375,91,402,462,441,211,468,344,481,3
364,0,226,2,480,24,103,48,584,53,677,64,737,113,9,166,718,201,656,293,0,292,567,379,91,403,469,446,213,471,346,484,3
372,0,232,2,491,25,106,47,597,54,693,66,754,114,9,166,738,203,677,297,0,295,588,384,96,409,489,452,223,478,361,493,3
382,0,236,5,505,25,612,53,105,55,709,64,771,112,5,183,755,203,697,301,0,320,610,392,105,437,511,466,241,504,384,512,3
442,0,279,1,583,30,131,51,708,66,892,138,15,182,868,234,0,326,790,345,679,442,105,456,558,517,248,537,410,558,-1,-1,3
466,0,294,1,619,32,136,52,754,70,880,88,957,147,14,189,0,339,846,367,728,468,112,474,596,545,263,563,435,585,-1,-1,3
481,0,303,2,638,32,142,55,778,70,907,88,987,147,14,194,0,347,877,372,756,476,117,487,620,556,275,575,454,599,-1,-1,3
527,0,333,6,702,30,156,65,858,67,1001,80,1090,148,15,217,0,382,968,392,833,507,129,529,683,595,303,621,500,644,-1,-1,3
542,0,339,8,730,32,158,68,904,72,1069,90,1171,160,18,216,1142,288,0,376,1027,421,121,526,870,539,699,623,293,626,499,663,3
543,0,341,6,728,32,161,64,900,73,1063,90,1164,161,19,212,1134,289,0,371,1019,419,121,521,864,535,694,618,293,621,496,656,3
537,0,336,9,723,30,896,68,156,71,1059,84,1160,153,17,218,1133,280,0,378,1020,413,123,525,868,530,699,616,297,625,500,658,3
541,0,340,10,729,28,903,65,158,72,1069,78,1172,147,17,223,1147,275,0,384,1035,410,882,530,126,533,712,618,303,631,511,662,3
548,0,344,10,738,28,914,66,160,73,1082,79,1185,148,17,225,1161,277,0,389,1049,413,896,535,129,541,723,625,310,640,522,671,3
566,0,356,14,767,24,954,59,1134,69,166,82,1248,140,19,242,1225,278,0,411,1106,425,943,558,131,568,759,656,319,673,542,705,3
580,0,364,15,790,26,992,63,1193,76,172,83,1318,153,21,240,1287,301,0,407,1148,453,123,566,962,588,307,678,761,681,533,721,3
584,0,366,14,796,28,1003,68,172,82,1208,82,1334,162,21,239,1302,312,0,407,1158,467,122,568,968,600,305,682,761,692,530,729,3
587,0,370,13,799,29,1004,69,175,80,1208,84,1333,165,23,236,1299,312,0,403,1153,467,121,564,963,598,303,678,757,689,528,724,3
582,0,364,16,794,27,999,66,171,84,1328,157,21,242,1296,307,0,409,1152,462,122,568,963,595,305,680,759,686,530,724,-1,-1,3
582,0,364,16,793,27,994,65,1193,77,169,87,1315,154,19,248,1288,301,0,418,1150,455,129,578,968,590,770,684,319,687,544,727,3
583,0,362,21,800,22,1011,56,1220,63,166,96,1350,140,17,261,1320,294,0,433,1175,453,131,591,986,594,780,692,320,699,549,736,3
579,0,796,20,360,22,1008,54,165,98,1352,135,18,261,1324,289,0,431,1178,451,129,588,987,592,780,690,318,697,547,736,-1,-1,3
590,0,372,17,806,25,1018,63,177,87,1362,155,25,245,1330,309,0,413,1177,468,120,574,979,605,302,689,766,698,530,737,-1,-1,3
583,0,367,19,801,22,1018,57,175,90,1374,146,24,248,1344,304,0,415,1189,467,117,575,987,608,299,691,770,703,530,740,-1,-1,3
590,0,372,18,808,26,1023,64,178,87,1377,158,26,245,1346,313,0,414,1192,478,118,578,990,618,302,698,772,712,533,748,-1,-1,3
555,0,773,9,1201,22,988,29,337,38,1340,91,147,126,1324,249,7,300,1188,423,0,473,1005,578,140,625,803,692,337,725,570,752,3
595,0,814,18,369,27,1026,47,1234,52,167,110,1366,122,1347,277,14,285,1211,444,0,466,1030,594,142,628,825,705,348,734,589,763,3
617,0,839,23,387,23,1052,56,1262,62,179,102,1394,138,19,278,1369,293,1229,460,0,462,1041,610,140,630,833,719,346,742,591,776,3
631,0,400,20,856,24,1071,58,190,99,1417,142,23,274,1392,299,0,457,1248,466,1056,615,139,628,841,724,345,743,594,779,-1,-1,3
641,0,408,21,870,23,1092,58,196,101,1452,146,27,278,1428,307,0,466,1279,485,1078,642,136,643,855,755,344,766,597,808,-1,-1,3
645,0,406,23,879,23,1105,58,1329,66,189,105,1471,147,21,289,1446,314,0,481,1296,491,1095,649,142,659,871,764,356,780,613,820,3
653,0,412,23,888,26,1115,62,1340,71,194,103,1481,154,24,286,1454,320,0,478,1300,496,1097,653,143,657,871,765,355,779,614,820,3
648,0,886,24,407,24,1116,60,190,107,1486,150,22,290,1458,318,0,481,1303,497,1097,655,143,659,871,768,355,780,612,821,-1,-1,3
641,0,876,22,401,24,1104,57,1329,63,186,108,1472,145,20,289,1445,312,0,479,1293,490,1090,648,143,655,865,761,354,775,609,815,3
597,0,819,20,373,24,1034,51,1247,57,172,103,1382,132,19,273,1358,289,0,451,1214,456,1024,605,135,615,814,711,334,727,573,763,3
573,0,783,18,357,24,985,48,1184,51,164,102,1309,122,1286,268,16,267,1152,427,0,438,975,568,132,593,778,671,325,694,553,725,3
556,0,761,18,345,23,958,47,1150,51,156,99,1271,120,1249,263,13,262,1120,417,0,430,951,555,132,581,761,655,321,679,544,708,3
528,0,728,11,324,28,919,33,1229,94,144,106,1213,233,9,268,1094,388,0,431,933,527,132,574,751,630,319,666,538,688,-1,-1,3
542,0,733,16,341,22,912,41,1083,41,156,96,1193,102,1180,231,13,255,1071,374,0,416,921,506,747,606,-1,-1,-1,-1,-1,-1,3
536,0,728,19,334,21,908,48,1192,116,1171,250,12,252,1056,393,0,416,902,523,130,561,729,620,313,653,526,675,-1,-1,-1,-1,3
529,0,723,18,327,22,906,44,1087,49,146,95,1195,112,1173,246,10,254,1055,393,0,415,898,522,130,557,724,618,311,648,521,671,3
528,0,722,20,327,19,905,48,1083,53,147,90,1194,119,12,244,1172,253,1051,395,0,403,892,522,127,545,716,614,304,636,512,662,3
523,0,325,18,715,19,897,48,1076,55,146,89,1183,119,11,242,1163,251,1045,392,0,400,888,518,127,541,714,611,305,634,513,660,3
520,0,322,17,708,21,883,50,1050,58,142,86,1153,121,9,241,1129,249,1016,385,0,397,866,506,130,536,701,596,306,623,508,644,3
511,0,315,17,693,23,862,52,1022,59,138,83,1122,120,7,234,1102,243,997,374,0,391,856,492,131,528,697,581,309,611,509,630,3
510,0,317,13,688,24,852,54,1006,63,141,76,1100,123,8,226,1083,240,982,367,0,381,847,482,131,518,693,570,309,601,507,621,3
509,0,320,10,684,28,844,62,146,69,997,74,1089,135,12,213,1067,252,0,365,964,376,826,486,123,503,671,569,294,590,488,613,3
509,0,320,10,680,27,840,61,149,68,990,72,1082,133,14,210,1059,249,0,361,955,371,816,481,122,497,663,563,289,583,481,607,3
499,0,314,8,670,27,826,60,143,66,976,72,1065,132,13,207,1044,247,0,357,944,368,809,476,122,492,658,557,289,577,479,600,3
483,0,308,4,645,28,145,57,790,61,929,74,1012,132,16,188,990,239,0,330,894,351,765,452,114,460,622,527,271,543,450,570,3
287,0,452,1,601,33,135,43,738,71,869,89,947,147,15,162,921,248,0,293,825,349,102,417,701,438,244,500,565,501,408,529,3
286,0,447,2,594,31,136,42,726,67,934,141,18,157,910,238,0,285,816,337,98,407,694,425,559,487,239,487,402,515,-1,-1,3
439,1,281,0,584,30,134,43,717,64,849,81,842,81,921,135,18,156,898,232,0,281,806,330,97,401,686,417,552,480,235,481,3
257,0,552,7,690,35,119,49,14,164,886,196,0,285,792,301,672,394,93,396,538,461,226,471,384,494,-1,-1,-1,-1,-1,-1,3
392,0,244,9,533,19,667,44,799,53,110,58,879,104,11,168,859,201,0,283,766,303,90,390,646,392,517,455,217,461,368,484,3
392,0,245,8,531,20,663,46,113,55,795,56,871,106,13,163,851,202,0,278,758,303,88,384,638,390,509,452,213,455,362,480,3
388,0,243,7,524,20,654,46,112,52,783,56,858,105,13,158,841,198,0,272,752,297,88,377,637,383,509,444,215,447,363,473,3
386,0,244,6,522,20,649,46,114,50,777,57,851,105,13,156,834,199,0,269,746,296,86,375,632,382,505,443,210,447,359,472,3
372,0,235,9,502,16,624,37,745,45,110,53,818,88,13,158,806,176,0,268,727,273,621,360,87,370,500,423,211,437,359,457,3
366,0,230,10,495,14,617,32,106,58,809,79,11,162,722,263,0,271,618,350,88,371,500,416,212,436,359,452,-1,-1,-1,-1,3
366,0,231,12,494,13,613,31,731,34,107,59,800,76,791,163,10,166,719,260,0,278,617,349,88,377,501,416,215,440,362,455,3
367,0,230,11,495,15,615,35,730,40,105,58,800,82,9,163,786,170,713,263,0,273,611,348,88,371,495,411,214,433,358,448,3
364,0,228,10,492,16,612,36,729,43,104,55,799,85,9,159,786,171,710,264,0,268,607,348,88,366,491,412,211,429,354,445,3
364,0,227,11,493,16,613,37,103,57,800,87,8,164,787,174,710,268,0,273,607,353,90,372,491,417,213,434,354,452,-1,-1,3
361,0,224,11,490,15,610,35,723,41,100,58,797,83,7,163,785,171,707,264,0,272,605,348,88,367,490,411,213,428,354,444,3
361,0,224,11,490,15,488,18,609,36,725,42,100,58,795,84,7,164,705,266,0,273,603,351,89,370,489,414,213,433,354,447,3
355,0,221,9,483,14,602,34,721,39,98,56,789,81,7,159,779,168,699,260,0,266,598,344,87,362,483,406,209,423,349,439,3
360,0,225,7,486,17,605,39,103,51,789,90,10,150,0,256,698,265,595,345,85,353,482,406,209,418,346,435,-1,-1,-1,-1,3
362,0,227,9,489,17,607,39,720,45,105,51,790,88,11,155,776,174,0,263,699,266,597,348,86,360,482,408,208,423,348,440,3
363,0,227,9,489,18,608,40,725,48,103,52,792,91,9,156,778,177,0,264,701,270,598,351,87,362,483,412,209,426,348,444,3
364,0,228,8,494,16,613,39,730,46,104,53,800,90,10,156,784,178,0,264,704,270,600,352,88,362,484,412,209,426,349,444,3
363,0,226,10,492,17,613,39,730,45,103,55,802,91,9,158,786,179,0,267,706,273,601,356,87,366,484,417,208,430,348,448,3
363,0,224,10,494,17,617,39,737,46,101,57,810,91,7,163,794,181,0,272,713,277,606,361,87,371,488,423,209,435,351,454,3
366,0,226,11,498,16,622,37,100,58,818,89,8,167,802,179,718,277,0,277,610,364,88,377,491,426,211,440,353,458,-1,-1,3
375,0,230,12,511,18,640,42,765,47,102,62,841,97,6,172,825,189,820,193,0,286,737,291,625,379,91,388,503,442,216,455,3
384,0,238,10,521,19,650,44,777,49,108,58,850,100,8,168,0,282,743,293,630,380,91,386,506,442,217,453,364,474,-1,-1,3
405,0,253,7,549,21,686,49,118,53,822,60,904,114,14,163,880,215,0,280,782,318,87,390,656,407,214,466,520,468,366,495,3
409,0,256,7,552,22,689,51,118,54,822,61,904,114,13,164,883,212,0,283,789,316,92,394,666,404,532,468,222,470,379,499,3
412,0,258,8,558,21,696,49,119,57,830,59,911,113,13,172,891,213,0,293,796,318,93,405,673,409,538,476,226,482,383,507,3
430,0,271,8,583,23,726,52,127,57,868,63,954,117,14,173,0,297,828,330,93,414,698,425,555,492,229,493,393,522,-1,-1,3
435,0,268,15,598,16,755,40,912,45,122,72,1009,104,12,193,988,217,0,320,880,336,97,437,738,441,584,514,238,518,410,547,3
432,0,597,14,265,18,756,37,914,41,119,77,1013,97,11,200,993,211,0,327,886,334,744,440,99,443,590,516,241,523,415,550,3
432,0,598,12,262,19,759,33,918,35,117,80,1020,91,1000,206,9,204,890,329,0,331,748,437,99,445,592,513,242,524,416,549,3
442,0,614,14,268,21,782,36,948,38,119,83,11,209,1020,218,0,337,917,345,99,455,767,456,604,533,244,538,422,567,-1,-1,3
443,0,616,13,269,19,784,37,951,41,120,80,11,206,1023,220,0,334,921,346,100,453,770,456,607,532,246,535,425,566,-1,-1,3
433,0,603,12,260,22,767,34,113,85,1033,90,5,214,905,337,0,344,762,448,102,460,606,527,250,539,427,565,-1,-1,-1,-1,3
436,0,600,16,267,17,756,40,909,44,118,77,1004,100,8,206,984,213,881,334,0,338,745,441,105,455,596,518,252,533,425,556,3
438,0,604,12,265,19,762,35,918,39,115,84,1012,93,6,217,891,332,0,351,756,444,108,469,606,525,258,546,434,567,-1,-1,3
453,0,279,17,619,17,779,43,935,49,126,76,1033,106,12,206,1013,221,0,340,908,344,768,453,107,463,614,532,257,545,437,570,3
467,0,643,14,285,21,810,38,972,40,125,89,1074,98,1055,220,7,230,948,351,0,374,805,468,116,499,647,555,276,581,464,602,3
491,0,677,16,301,20,855,42,1030,46,134,89,1141,110,10,234,1119,242,1000,379,0,381,844,502,117,515,673,590,281,604,478,632,3
497,0,685,18,306,20,865,46,1043,51,138,88,1154,116,12,232,1131,247,0,380,1008,385,848,507,115,515,674,594,280,606,477,635,3
320,0,702,7,883,39,1063,52,149,64,1177,115,18,204,0,351,1016,385,108,489,847,503,666,585,269,584,466,620,-1,-1,-1,-1,3
535,0,337,16,734,25,930,60,1129,72,161,79,1252,147,23,218,0,366,1068,433,104,509,880,553,263,614,682,633,467,661,-1,-1,3
527,0,326,20,731,21,936,53,1148,62,153,88,20,229,0,378,1087,440,102,521,890,567,261,626,684,647,465,675,-1,-1,-1,-1,3
510,0,715,12,311,27,925,37,1143,40,141,101,16,246,0,393,1089,426,105,531,890,557,263,631,683,643,467,674,-1,-1,-1,-1,3
505,0,710,10,308,28,919,34,1138,37,139,102,1262,110,15,247,0,394,1087,425,105,532,889,557,263,632,682,644,465,676,-1,-1,3
507,0,707,13,310,28,909,38,1118,40,140,100,1248,109,15,248,1222,258,0,397,1072,415,109,535,885,547,272,634,688,635,475,672,3
509,0,710,14,313,25,910,40,1115,42,142,97,1245,112,14,246,1220,259,0,397,1075,415,112,538,890,548,277,638,695,637,483,675,3
499,0,705,7,1143,26,916,27,305,32,1285,96,139,108,16,256,1255,256,0,402,1089,424,100,540,884,562,254,641,673,652,454,685,3
489,0,694,4,1139,17,908,22,297,34,1268,89,135,112,17,258,0,403,1085,426,97,538,875,565,247,639,663,653,445,684,-1,-1,3
474,0,678,1,1125,7,894,16,285,38,126,119,11,266,0,409,1076,417,97,542,869,559,247,640,658,650,442,683,-1,-1,-1,-1,3
461,0,646,6,1026,16,833,22,282,31,1151,77,126,105,1134,218,10,248,1000,372,0,391,832,504,105,521,650,596,261,610,453,640,3
439,0,615,4,796,16,270,32,1111,65,121,106,1095,207,13,245,962,361,0,384,794,494,94,510,616,587,240,598,423,629,-1,-1,3
431,0,607,1,985,2,789,12,264,33,1107,58,119,107,1092,200,12,245,956,356,0,380,788,489,95,503,609,579,238,590,418,621,3
970,0,595,11,420,14,776,17,254,52,1095,55,112,129,1084,198,8,268,952,358,0,403,787,495,97,524,612,589,242,607,422,634,3
588,0,412,5,773,6,248,45,1101,43,109,122,1087,188,7,260,950,350,0,393,780,488,93,513,603,581,234,596,412,625,-1,-1,3
959,0,746,29,556,32,382,46,1103,55,227,93,98,173,1089,213,6,309,937,390,0,437,755,535,84,553,570,629,213,637,382,668,3
749,0,553,5,382,20,1120,21,1107,188,8,287,944,370,0,414,752,520,81,530,561,614,206,616,373,651,-1,-1,-1,-1,-1,-1,3
970,0,743,35,546,42,372,59,1126,52,222,108,96,190,1115,227,8,326,946,418,0,452,76,569,750,570,198,658,555,663,364,697,3
956,0,727,39,531,48,1113,53,361,68,214,120,91,203,1100,229,6,339,929,425,0,465,74,580,732,579,192,667,538,673,352,706,3
926,0,701,46,1085,50,509,63,343,88,202,145,85,234,1076,235,3,375,906,442,0,503,712,605,73,619,187,706,523,705,343,743,3
945,0,696,59,1129,55,496,79,331,108,201,169,89,260,1121,276,11,405,920,519,0,539,60,669,703,700,163,773,496,802,313,829,3
943,0,703,46,510,61,1109,57,347,84,211,141,96,230,1093,262,10,373,900,487,0,507,61,633,693,657,165,732,495,755,314,783,3
952,0,724,40,533,48,1109,60,363,66,223,119,100,206,1091,251,12,350,909,462,0,486,68,613,710,624,178,709,516,722,334,755,3
946,0,720,37,527,44,359,62,1099,57,217,114,93,201,1084,242,8,343,910,446,0,476,71,599,715,605,186,692,525,701,342,735,3
924,0,706,39,518,49,1074,55,352,69,209,122,89,209,1064,233,6,353,902,433,0,486,717,593,77,606,195,695,532,693,353,731,3
922,0,725,35,542,43,1058,48,370,60,218,112,88,202,1053,205,0,350,920,388,1,486,758,541,96,603,587,647,234,680,405,700,3
967,0,587,16,771,21,410,22,1096,54,248,65,105,147,1088,204,5,293,956,371,0,433,791,516,98,557,615,616,244,640,425,665,3
446,0,627,1,814,13,274,35,1140,59,121,113,1129,207,10,259,992,372,0,404,821,513,100,534,637,611,249,625,437,656,-1,-1,3
494,0,694,9,901,28,301,33,1258,90,133,112,1238,246,9,265,0,418,1089,417,108,560,899,560,697,658,273,661,479,700,-1,-1,3
1168,1,510,0,725,1,943,13,305,42,1315,66,129,133,1295,229,5,299,1145,407,0,460,953,563,125,601,748,670,304,694,524,723,3
541,0,766,7,1221,20,990,27,325,37,1368,95,140,128,1338,264,7,300,1177,445,0,468,975,598,128,618,763,704,310,720,534,754,3
552,0,781,10,1236,27,1007,32,329,36,1381,104,138,128,1351,272,3,306,1192,451,0,480,993,605,134,632,783,712,325,732,552,764,3
547,0,783,11,1260,28,1019,34,320,36,1411,112,129,131,1372,283,0,310,1201,469,2,481,993,619,139,631,779,722,326,731,550,767,3
538,0,775,9,1254,21,1011,29,312,40,1406,103,122,137,1371,274,0,318,1204,462,5,489,999,613,147,635,787,718,335,734,558,766,3
544,0,784,6,1024,27,315,39,1426,101,124,138,0,319,1213,458,7,489,1003,611,148,635,789,715,337,732,560,763,-1,-1,-1,-1,3
808,0,317,25,1059,23,1475,111,122,126,1426,290,0,315,1239,478,14,488,1021,628,159,637,804,728,351,736,575,771,-1,-1,-1,-1,3
557,0,1315,26,1058,32,315,35,1471,114,120,137,0,325,1244,477,16,498,1029,627,164,644,814,726,359,740,584,771,-1,-1,-1,-1,3
562,0,812,12,1313,29,322,38,1060,36,1466,117,124,139,1421,291,0,326,1242,479,12,502,1030,628,162,650,816,729,359,745,586,777,3
561,0,813,9,1318,23,1064,33,321,38,1473,111,123,142,1428,290,0,332,1248,479,14,508,1036,632,165,656,820,735,361,753,589,783,3
574,0,833,11,323,34,1094,40,1522,131,122,139,1465,313,0,331,1269,505,17,507,1044,651,169,656,822,750,363,755,590,790,-1,-1,3
835,0,317,24,1102,22,1534,113,117,131,1475,297,0,329,1278,490,20,505,1053,638,177,652,832,738,374,747,601,780,-1,-1,-1,-1,3
829,0,1363,11,1093,18,312,35,1521,99,112,146,1467,277,0,344,1278,471,30,516,1061,621,193,657,847,722,394,744,620,769,-1,-1,3
560,0,820,18,316,31,1079,50,117,131,1508,145,0,317,1448,322,19,488,1251,505,169,635,1028,644,359,733,810,735,582,771,-1,-1,3
568,0,831,16,317,35,1370,42,1097,45,115,139,1529,137,1472,316,0,330,25,501,1274,501,1052,643,182,645,834,736,380,739,605,775,3
559,0,830,7,1106,30,305,42,1549,115,109,150,1500,298,0,343,1296,494,27,513,1065,640,185,652,841,737,382,744,608,777,-1,-1,3
561,0,834,4,1389,7,1107,22,307,45,1558,98,108,159,1503,278,0,358,1310,477,34,528,1088,630,201,667,869,731,406,753,636,780,3
1396,0,835,7,562,7,1112,22,306,56,1565,91,107,173,1512,275,0,373,1316,477,35,543,1092,632,201,680,871,738,406,765,638,788,3
837,0,561,3,1114,11,300,57,1567,76,100,178,1515,258,0,383,1327,462,40,558,1109,622,217,692,893,733,428,772,662,789,-1,-1,3
1392,0,853,6,579,6,1122,20,317,54,1556,83,109,174,1511,259,0,381,1333,455,40,557,1123,613,221,694,911,727,439,773,679,786,3
1404,0,851,19,571,23,1127,28,306,78,1575,88,100,207,1527,270,0,418,1345,474,47,595,1133,635,233,725,920,750,451,801,689,812,3
843,0,1122,6,561,8,1576,62,299,66,97,196,1528,244,0,404,1343,452,49,578,1129,613,232,709,916,730,449,782,686,790,-1,-1,3
1406,0,849,20,568,27,1127,27,305,82,1576,83,101,209,1529,268,0,419,1345,471,47,593,1132,634,231,724,918,748,448,800,687,809,3
1413,0,845,18,564,24,1126,26,301,79,1584,85,100,205,1534,271,0,412,1343,478,44,587,1123,639,222,718,906,751,436,796,673,811,3
1412,0,846,17,566,22,1127,27,305,76,1583,85,102,200,1532,270,0,405,1342,475,42,579,1123,636,220,712,904,747,434,791,671,805,3
565,0,835,4,1374,6,1103,22,309,45,1536,94,108,160,1485,273,0,361,1299,468,35,536,1085,619,206,671,872,724,413,755,644,775,3
1319,0,550,0,807,3,1062,17,304,46,1479,83,109,157,1435,255,0,351,1261,443,30,522,1057,595,195,656,850,702,399,737,625,756,3
547,0,783,6,1252,14,1016,25,316,40,1400,91,124,140,1371,258,0,327,1214,440,15,500,1021,594,166,646,818,705,365,738,593,761,3
403,0,630,5,1079,11,854,22,182,39,1222,84,1196,246,1044,428,853,583,0,638,651,695,197,731,424,755,-1,-1,-1,-1,-1,-1,3
534,0,753,5,969,21,320,37,1330,78,134,127,1311,237,3,300,1169,413,0,469,983,566,136,616,781,678,328,711,555,735,-1,-1,3
545,0,756,7,1174,19,965,25,336,33,1311,85,150,119,1295,239,12,287,1158,410,0,456,976,561,130,606,775,673,319,704,547,731,3
526,0,743,1,962,15,314,43,1325,67,132,137,1309,229,3,311,1166,409,0,479,979,568,134,626,775,683,322,720,548,745,-1,-1,3
525,0,745,2,1188,4,964,15,313,43,1333,70,130,136,1314,233,2,308,1166,411,0,475,976,568,133,620,773,679,320,713,545,738,3
533,0,753,6,1197,17,972,24,321,37,1342,88,137,126,1319,252,6,295,1166,428,0,462,971,582,129,610,763,688,313,709,536,740,3
1187,0,739,2,522,2,961,15,313,44,1336,68,135,133,1318,233,7,300,1167,414,0,464,972,573,125,609,761,684,307,707,531,738,3
740,0,521,0,959,11,312,43,1329,63,132,135,1312,227,5,306,1166,409,0,472,975,568,130,616,768,682,315,712,540,739,-1,-1,3
727,0,508,6,945,7,1315,51,300,53,123,150,1298,215,0,321,1155,399,0,485,967,560,131,625,765,675,318,714,540,736,-1,-1,3
1132,0,703,15,916,20,492,23,1275,59,289,71,116,167,1264,216,0,338,1130,395,3,499,952,554,136,634,759,671,320,718,540,734,3
1113,0,696,10,489,13,903,16,289,58,1253,59,118,149,1240,212,0,316,1108,385,1,474,934,538,131,609,743,651,313,693,529,711,3
687,0,485,3,888,10,288,44,1224,53,119,132,1212,201,1,295,1085,370,0,452,916,520,129,586,730,629,308,671,520,689,-1,-1,3
1077,0,481,0,681,0,878,12,286,38,1208,57,119,125,1195,204,1,286,1069,368,0,442,902,514,126,574,718,622,301,660,510,679,3
499,0,695,8,886,26,303,32,1195,80,129,113,1179,222,4,275,1058,377,0,433,898,516,129,570,721,619,308,656,518,672,-1,-1,3
478,0,666,4,848,20,287,31,1145,70,122,111,1131,203,2,263,1015,351,0,413,861,484,124,539,691,582,295,619,496,637,-1,-1,3
466,0,652,3,1008,6,831,16,280,35,1123,60,118,115,1111,192,2,268,999,340,0,416,849,474,124,541,683,574,294,618,492,632,3
460,0,642,6,997,16,821,21,276,30,1110,71,115,106,1095,202,1,257,982,346,0,404,833,476,120,529,669,571,285,607,479,624,3
420,0,579,8,887,21,258,23,734,23,986,70,114,87,977,182,6,216,879,307,0,346,750,420,105,460,602,505,255,529,431,551,3
418,0,576,7,881,18,728,21,257,24,976,65,114,87,968,175,7,217,872,300,0,346,744,413,105,459,599,498,253,531,429,546,3
401,0,554,7,854,19,703,21,247,24,950,65,110,85,940,176,8,208,841,298,0,332,712,408,96,442,568,489,236,513,402,532,3
393,0,547,5,695,19,241,23,940,62,106,87,928,174,7,209,828,295,0,333,700,403,97,439,558,484,234,509,397,526,-1,-1,3
377,0,525,5,671,13,229,27,908,50,99,90,3,212,809,279,0,333,689,388,97,436,553,469,235,501,396,515,-1,-1,-1,-1,3
802,0,515,4,367,5,659,11,219,37,896,41,91,103,891,147,0,228,803,270,0,348,685,382,99,448,552,467,237,509,397,516,3
371,0,518,3,805,5,662,13,224,27,897,49,95,90,889,155,2,213,797,274,0,331,677,383,95,433,542,463,230,496,387,509,3
377,0,523,5,811,14,667,19,229,24,901,59,98,86,890,165,3,207,797,283,0,325,675,388,95,428,540,465,229,493,386,507,3
379,0,523,9,232,20,803,24,664,25,890,69,100,76,879,172,5,193,786,283,0,309,666,383,93,411,533,455,226,477,381,493,3
762,0,487,3,350,5,623,9,213,33,849,36,93,94,846,137,5,208,761,253,0,320,647,359,88,416,517,439,215,475,368,485,3
758,0,484,8,347,11,620,12,848,36,211,42,92,104,846,137,4,218,760,254,0,329,646,362,87,423,516,443,214,481,366,491,3
745,0,606,19,467,21,330,30,840,33,196,67,82,134,843,136,0,249,759,258,1,359,646,371,91,449,518,457,219,504,369,509,3
744,0,603,21,465,27,840,31,326,39,193,78,845,134,79,148,761,259,0,266,2,376,650,375,94,464,521,464,222,516,374,519,3
854,0,605,4,461,16,321,36,189,82,858,109,76,156,774,242,0,276,658,365,5,385,527,459,97,470,377,518,224,519,-1,-1,3
827,0,541,12,685,14,393,17,920,35,246,53,112,121,922,139,9,245,837,263,0,368,719,382,97,470,579,475,241,531,413,535,3
851,0,555,6,406,8,701,11,946,36,257,42,120,107,945,143,13,229,856,268,0,352,730,387,94,459,584,478,237,524,412,534,3
707,0,550,3,396,13,973,15,244,54,109,125,977,130,7,254,883,266,0,379,751,396,97,484,599,495,243,549,422,554,-1,-1,3
883,0,723,20,565,25,993,31,406,37,250,81,999,148,113,157,908,287,8,290,0,418,778,421,103,524,625,526,257,590,443,593,3
888,0,730,22,571,27,998,32,412,40,255,83,1005,148,115,158,915,284,7,290,0,419,785,418,631,523,105,526,260,588,448,590,3
742,0,581,5,1018,7,419,19,260,66,1028,126,117,142,939,267,8,278,809,406,0,412,651,515,106,521,462,587,267,587,-1,-1,3
912,0,747,26,1029,29,581,34,418,51,257,101,1040,148,116,179,950,293,9,316,816,433,0,447,657,545,109,556,270,619,466,618,3
791,0,620,6,1082,7,450,21,285,70,1096,129,134,148,1002,278,15,288,0,427,861,426,691,543,108,545,277,616,486,619,-1,-1,3
808,0,1105,7,634,7,461,23,291,73,1115,130,1020,282,16,299,876,433,0,441,703,555,111,561,282,633,496,634,-1,-1,-1,-1,3
664,0,843,1,485,12,1152,19,309,56,149,132,1159,145,19,271,1056,298,0,416,904,444,109,541,720,561,283,622,503,631,-1,-1,3
1054,0,870,19,687,22,1182,34,503,35,321,83,154,163,1194,160,19,312,1095,316,0,462,944,471,117,590,759,595,304,671,534,675,3
1068,0,885,18,702,17,516,28,1196,36,331,73,161,151,1208,163,22,298,1110,316,0,450,958,469,119,581,772,591,309,664,544,670,3
1086,0,719,15,904,16,533,21,1214,38,344,67,170,145,1226,164,25,293,1126,316,0,447,973,469,119,580,783,591,312,666,551,672,3
771,0,576,5,966,4,1298,32,379,45,195,118,1308,167,38,263,1199,325,0,421,1029,482,115,566,820,606,311,664,565,682,-1,-1,3
779,0,975,4,581,8,1309,30,382,52,196,128,1324,160,37,277,1220,319,0,437,1053,480,121,582,845,610,326,679,588,691,-1,-1,3
1190,0,800,9,996,12,600,17,1328,39,397,61,205,138,1345,169,38,291,1246,328,0,458,1083,492,124,609,873,629,338,708,609,717,3
872,0,653,3,1085,10,1440,45,430,45,222,122,1459,185,40,280,1359,348,0,457,1187,518,142,619,965,655,382,728,681,742,-1,-1,3
684,0,908,2,1333,14,1124,16,454,39,1484,59,237,111,1504,199,46,269,1404,361,0,450,1231,530,147,621,1003,668,396,737,709,756,3
718,0,943,9,1160,27,484,34,1517,76,260,102,1537,215,56,256,1439,374,0,442,1264,542,146,621,1032,680,402,744,727,767,-1,-1,3
743,0,972,10,1194,30,505,31,1558,85,276,97,1578,228,64,250,1476,389,0,435,1296,555,143,622,1053,695,401,752,737,781,-1,-1,3
743,0,973,9,1411,32,1196,28,504,33,1567,79,275,99,1589,222,63,253,1487,384,0,440,1304,556,140,623,1059,698,401,756,739,785,3
750,0,981,12,1205,31,511,32,1578,87,281,96,1598,231,66,245,1493,391,0,431,1308,562,140,618,1060,700,398,750,737,783,-1,-1,3
740,0,973,7,1201,26,501,36,1581,76,273,104,1601,223,64,259,1495,387,0,441,1307,562,138,625,1057,704,395,758,733,789,-1,-1,3
752,0,986,10,511,31,1213,34,1594,89,280,97,1613,236,67,244,1505,398,0,428,1314,569,138,614,1062,706,396,752,736,787,-1,-1,3
753,0,987,13,512,30,1215,35,281,95,1596,92,1615,239,67,243,1507,402,0,426,1314,573,137,613,1059,710,394,751,733,788,-1,-1,3
748,0,984,9,1216,28,506,36,1603,81,278,107,1624,232,65,255,1512,397,0,439,1317,572,136,623,1060,712,393,760,732,795,-1,-1,3
752,0,995,10,1239,32,507,36,1636,88,277,103,67,250,1560,421,0,434,1350,603,129,622,1074,745,382,770,727,819,-1,-1,-1,-1,3
740,0,986,6,1233,26,1476,30,495,37,268,106,63,254,0,432,1354,600,130,617,1077,738,382,761,728,811,-1,-1,-1,-1,-1,-1,3
738,0,984,5,1473,29,1231,25,494,40,267,107,63,257,0,439,1353,598,133,626,1078,739,385,769,730,816,-1,-1,-1,-1,-1,-1,3
738,0,982,8,1227,30,1467,34,493,37,266,103,62,253,0,435,1348,600,132,621,1073,742,385,766,728,815,-1,-1,-1,-1,-1,-1,3
739,0,982,7,1226,27,1464,29,495,39,269,106,63,257,1553,413,0,440,1348,595,132,624,1074,739,385,768,730,814,-1,-1,-1,-1,3
746,0,994,10,499,32,1246,32,1495,40,273,97,67,243,0,421,128,611,1369,620,1082,758,376,763,725,824,-1,-1,-1,-1,-1,-1,3
766,0,1012,16,518,29,1259,45,1503,56,287,89,73,233,0,417,123,613,1368,637,373,775,1082,775,724,840,-1,-1,-1,-1,-1,-1,3
757,0,1004,10,510,33,1251,35,1494,42,281,98,69,244,0,427,1578,440,129,623,1371,623,1090,763,381,776,733,834,-1,-1,-1,-1,3
759,0,1008,7,1260,31,509,33,279,97,69,245,1578,431,0,429,130,623,1384,622,1097,765,383,777,736,835,-1,-1,-1,-1,-1,-1,3
762,0,1014,7,511,29,1269,31,1519,43,280,93,69,240,0,423,127,614,1393,627,1101,768,379,771,735,834,-1,-1,-1,-1,-1,-1,3
763,0,1017,10,1272,32,1523,40,512,39,280,104,69,254,0,438,1398,632,128,634,1106,776,382,788,740,848,-1,-1,-1,-1,-1,-1,3
772,0,1016,12,1257,34,522,34,1491,40,1663,95,285,100,1690,251,67,254,1585,422,0,445,1386,607,142,640,1118,753,412,790,770,835,3
774,0,1019,9,1489,35,1259,30,523,37,1660,86,285,106,1684,239,67,265,1577,411,0,457,1381,595,146,653,1118,741,418,794,775,830,3
792,0,1035,15,540,30,1272,39,1498,50,298,97,1663,105,71,252,1685,256,1579,425,0,447,1385,604,145,645,1123,748,419,794,780,835,3
799,0,1042,18,545,30,1279,44,1509,57,305,91,1672,110,73,248,1695,262,1587,430,0,442,1391,608,145,644,1127,751,418,791,782,834,3
812,0,1056,19,557,29,1294,47,1522,58,310,93,1688,115,78,246,1710,265,1602,434,0,440,1404,614,146,646,1138,757,421,798,788,842,3
790,0,1038,16,535,32,1280,43,293,98,1683,112,69,255,1703,268,1590,442,0,451,1386,624,144,652,1118,766,414,802,771,847,-1,-1,3
789,0,1034,20,537,27,1272,51,1502,63,295,89,1667,126,71,242,1684,277,0,435,1568,446,1365,622,142,637,1098,760,405,786,757,835,3
786,0,539,15,1022,27,301,67,1251,65,1473,85,1630,150,76,212,1641,302,0,401,1523,466,132,605,1322,631,1060,759,387,764,728,822,3
639,0,861,14,415,28,1082,41,211,96,1453,116,39,248,1452,270,0,422,1320,440,124,593,1123,599,885,715,333,721,607,770,-1,-1,3
857,0,412,4,1076,33,1432,112,36,226,1424,268,0,401,1291,430,126,572,1096,584,869,693,335,699,601,745,-1,-1,-1,-1,-1,-1,3
653,0,428,14,869,30,218,73,1078,71,1416,162,41,222,1399,311,0,399,1266,465,126,576,1075,606,333,704,854,708,593,753,-1,-1,3
637,0,407,12,854,27,1062,68,200,74,30,232,1378,307,0,410,1244,461,136,582,1056,602,843,702,341,704,593,748,-1,-1,-1,-1,3
645,0,421,3,855,43,212,56,1053,93,1246,120,1366,199,38,208,1338,343,0,386,1202,487,126,565,1017,617,324,692,808,707,567,745,3
632,0,410,1,843,40,204,55,1041,90,1236,119,1352,197,33,207,1322,341,0,383,1185,483,127,557,1000,610,320,681,794,698,558,733,3
409,0,628,1,832,44,205,51,1026,96,36,196,1331,200,1299,340,0,365,1163,478,122,537,980,600,311,660,777,683,544,714,-1,-1,3
394,0,601,4,797,44,201,46,984,95,1168,124,38,181,1282,202,1248,337,0,342,1111,471,106,506,928,586,281,629,728,661,502,686,3
384,0,588,3,781,44,196,46,966,95,1154,125,38,176,1264,202,0,332,1229,335,1089,466,103,492,906,578,270,613,706,650,485,671,3
516,0,333,3,689,32,164,51,853,71,1014,88,1113,155,26,179,1087,274,0,324,971,397,103,466,817,503,261,567,648,577,454,608,3
339,0,523,6,170,43,694,45,857,92,29,166,1114,189,0,310,961,426,97,456,803,525,249,563,631,591,438,612,-1,-1,-1,-1,3
332,0,522,2,704,40,164,45,162,50,878,85,25,174,1158,183,0,319,991,437,99,463,822,539,251,571,641,604,442,623,-1,-1,3
517,0,328,2,697,32,157,54,869,74,1039,92,1141,163,22,187,1110,288,0,332,985,413,105,473,822,519,261,574,648,591,453,618,3
497,0,300,14,691,24,878,56,1067,66,129,80,1178,137,7,223,0,366,1000,401,113,496,829,512,270,585,652,588,458,619,-1,-1,3
505,0,308,12,695,23,875,54,1054,62,134,79,1160,129,8,226,1128,254,0,374,999,387,838,502,119,507,667,584,283,593,475,622,3
510,0,314,9,700,25,881,60,1060,70,139,73,1167,140,10,218,1134,266,0,367,1002,398,117,501,839,510,666,589,279,592,473,625,3
504,0,699,8,1052,15,879,23,298,32,1155,72,118,122,0,294,1022,338,15,450,881,466,727,566,163,568,544,629,346,629,-1,-1,3
492,0,689,5,1047,10,871,20,289,32,1154,68,113,121,0,288,1016,338,14,442,871,466,158,560,715,565,337,623,532,624,-1,-1,3
498,0,697,7,1073,17,888,25,291,32,1185,80,115,120,0,284,1024,359,8,438,865,485,145,554,701,576,697,581,-1,-1,-1,-1,3
493,0,697,5,1079,11,891,21,286,34,1191,74,110,125,1159,206,0,292,1031,358,12,441,872,486,150,560,704,582,323,627,517,637,3
492,0,701,3,899,16,280,38,1211,69,105,135,1176,205,0,308,1044,362,19,460,882,495,158,576,714,594,333,643,526,651,-1,-1,3
500,0,709,5,910,21,287,36,1222,77,109,131,0,300,1045,367,16,451,879,495,154,567,708,590,327,634,520,644,-1,-1,-1,-1,3
496,0,705,6,1098,12,903,20,285,35,1214,75,109,128,1180,211,0,296,1046,363,18,446,882,492,156,563,713,586,331,629,524,638,3
498,0,705,5,1100,7,905,20,286,36,1217,73,109,129,1182,211,0,297,1047,364,14,447,882,493,154,563,711,587,327,631,521,640,3
493,0,704,1,906,14,282,39,1224,65,106,134,1189,202,0,303,1054,359,16,453,888,491,155,568,715,588,329,635,525,644,-1,-1,3
704,0,491,3,905,10,279,45,1224,56,105,143,1190,194,0,314,1057,354,19,464,892,489,160,577,720,588,335,641,530,647,-1,-1,3
703,0,490,3,909,8,277,47,1229,49,103,149,0,321,1060,347,21,470,896,485,164,581,726,586,340,643,536,645,-1,-1,-1,-1,3
1110,0,705,12,490,15,909,18,278,60,1233,64,103,160,1199,203,0,333,1064,365,20,483,898,502,162,595,726,604,339,657,535,662,3
1096,0,698,12,488,17,901,20,1215,60,276,61,102,161,0,335,1056,355,21,485,898,492,730,595,168,595,346,656,542,657,-1,-1,3
1075,0,689,16,885,21,483,22,1194,59,275,67,102,165,1167,192,0,340,1046,350,893,486,23,488,730,589,169,598,544,655,348,656,3
1077,0,696,6,491,7,889,16,282,47,1193,59,107,143,1165,192,0,315,1042,344,18,466,887,479,723,581,161,581,340,641,536,643,3
1081,0,699,8,493,10,893,17,283,50,1198,60,108,147,1168,193,0,321,1044,348,19,472,889,482,725,585,163,585,342,645,538,646,3
1088,0,700,7,493,9,896,15,281,51,1204,59,106,150,1175,194,0,324,1050,351,21,476,894,486,729,589,167,590,346,651,542,652,3
505,0,706,8,1073,15,893,23,295,31,1183,75,116,121,1155,201,0,292,1036,347,15,444,887,474,161,563,726,572,342,627,540,631,3
541,0,733,17,330,18,1069,42,907,42,137,99,1165,102,1142,220,0,270,1036,356,3,433,896,478,152,565,739,576,343,634,550,638,3
520,0,708,16,318,23,1039,39,879,39,1139,97,133,102,1120,220,0,272,1019,359,1,438,882,486,145,573,727,588,336,648,538,654,3
524,0,712,18,319,21,135,98,1149,108,2,265,1020,373,0,432,878,501,141,568,719,598,325,646,529,657,-1,-1,-1,-1,-1,-1,3
557,0,749,19,348,20,925,45,1089,48,156,98,1196,110,1181,237,10,273,1082,384,0,450,940,523,147,602,775,633,347,690,571,702,3
547,0,741,17,340,23,920,43,1089,45,152,99,1200,108,10,269,1083,390,0,444,937,528,142,595,767,639,337,687,560,703,-1,-1,3
528,0,722,12,324,26,901,35,1184,94,142,104,6,270,1076,374,0,440,932,514,143,587,765,623,338,675,560,689,-1,-1,-1,-1,3
519,0,714,9,1068,25,896,29,317,29,1184,84,139,107,1176,216,5,271,1077,366,0,439,933,507,140,583,764,617,335,670,557,684,3
529,0,723,13,324,27,905,36,1193,97,144,103,1181,229,8,266,1080,378,0,434,933,518,140,581,763,625,333,672,555,689,-1,-1,3
532,0,723,15,328,25,1060,40,897,39,1168,97,144,101,6,267,1070,368,0,439,934,505,147,586,773,612,347,671,570,680,-1,-1,3
566,0,359,13,751,25,916,57,1066,67,167,81,1165,126,1152,248,13,246,1064,383,0,426,932,512,150,580,777,616,355,671,577,682,3
548,0,344,17,731,22,896,51,1047,58,156,88,1147,117,1137,239,10,254,1050,375,0,432,920,507,149,584,766,613,350,673,569,682,3
550,0,343,18,738,22,904,53,156,90,1163,118,9,258,1071,387,0,443,943,526,155,604,790,638,362,699,588,710,-1,-1,-1,-1,3
547,0,340,17,731,23,895,53,152,91,1142,119,6,266,1064,387,0,458,946,527,162,622,799,644,375,715,602,721,-1,-1,-1,-1,3
552,0,351,6,726,30,876,67,161,71,1011,83,1097,142,10,243,1088,261,1019,393,0,438,906,524,158,605,768,632,367,698,586,705,3
548,0,350,2,716,35,161,63,860,75,10,230,1066,267,997,392,0,424,891,516,162,591,760,621,368,685,581,692,-1,-1,-1,-1,3
546,0,349,1,712,36,162,61,854,76,977,93,1062,152,11,229,1051,267,985,395,0,426,880,521,159,595,750,626,363,690,575,697,3
391,0,585,15,194,48,740,63,870,112,975,137,1052,199,24,221,984,433,0,439,886,557,169,632,766,664,382,734,596,739,-1,-1,3
390,0,582,18,197,45,736,70,862,122,973,150,1043,214,26,217,0,438,971,452,162,638,754,685,370,748,581,757,-1,-1,-1,-1,3
329,0,168,27,490,33,610,94,704,152,21,191,834,246,0,415,777,456,705,566,145,616,617,662,319,722,489,731,-1,-1,-1,-1,3
325,0,164,25,482,37,596,101,686,160,21,190,0,418,752,467,684,576,142,624,600,672,310,732,475,741,-1,-1,-1,-1,-1,-1,3
234,0,114,33,453,58,594,116,638,168,12,165,0,328,585,339,523,426,101,470,452,500,225,545,350,552,-1,-1,-1,-1,-1,-1,3
220,0,333,17,115,26,423,56,498,94,564,115,21,129,607,164,0,256,536,317,72,378,465,390,386,447,173,455,284,478,-1,-1,3
213,0,323,15,108,27,411,52,486,88,551,106,19,129,592,155,0,254,527,306,73,372,458,378,381,435,171,446,283,466,-1,-1,3
196,0,302,12,99,27,388,43,461,77,16,123,568,137,0,237,502,282,67,345,433,351,359,403,159,413,263,432,-1,-1,-1,-1,3
176,0,274,12,86,28,354,37,419,67,514,121,12,122,0,232,460,257,401,323,66,332,335,375,154,392,250,406,-1,-1,-1,-1,3
169,0,265,7,80,30,342,33,408,60,469,71,506,112,10,122,0,228,452,246,394,311,65,323,329,362,151,380,-1,-1,-1,-1,3
172,0,268,7,83,29,345,33,412,60,470,74,12,118,0,222,452,245,392,309,62,317,325,359,148,375,241,392,-1,-1,-1,-1,3
180,0,275,8,272,13,91,25,349,37,415,64,474,77,17,109,508,118,0,209,448,242,446,246,386,304,58,303,318,351,140,361,3
185,0,279,12,97,23,353,41,417,71,476,86,19,106,510,126,0,206,448,252,57,301,383,311,315,357,138,362,229,382,-1,-1,3
166,0,259,4,335,26,79,30,404,53,503,99,11,116,0,214,446,226,388,288,61,301,321,337,144,354,238,366,-1,-1,-1,-1,3
164,0,259,2,334,23,78,32,399,44,497,88,10,119,446,213,0,216,388,278,63,302,323,329,146,351,-1,-1,-1,-1,-1,-1,3
166,0,261,1,336,20,335,25,81,30,402,45,460,55,11,117,484,149,446,216,0,215,389,279,64,301,323,330,149,351,242,363,3
164,0,258,3,333,23,79,31,400,46,497,90,10,117,444,217,0,215,387,281,63,300,322,329,146,351,238,361,-1,-1,-1,-1,3
166,0,260,4,335,24,82,29,402,47,497,92,11,116,484,152,0,213,444,218,388,281,61,299,322,330,146,351,239,361,-1,-1,3
171,0,265,5,340,27,84,28,407,52,466,60,501,98,12,114,0,212,448,222,61,299,321,335,146,352,-1,-1,-1,-1,-1,-1,3
172,0,265,5,344,28,83,28,411,50,469,64,507,99,12,115,5,212,0,214,451,225,392,286,64,301,150,355,-1,-1,-1,-1,3
195,0,104,20,367,46,432,78,22,101,521,138,0,200,450,260,54,295,386,315,315,357,134,358,228,381,-1,-1,-1,-1,-1,-1,3
151,0,237,7,73,30,304,33,362,64,11,125,422,175,0,233,393,245,340,311,58,329,286,362,132,384,-1,-1,-1,-1,-1,-1,3
150,0,237,7,305,35,361,63,412,73,443,115,11,125,0,234,391,249,340,314,56,329,129,385,210,396,-1,-1,-1,-1,-1,-1,3
154,0,240,9,307,37,362,67,411,78,442,120,11,123,0,232,390,252,339,316,56,329,282,367,129,385,210,397,-1,-1,-1,-1,3
193,0,295,13,97,29,374,47,439,81,499,100,17,132,534,142,0,256,474,287,414,358,69,368,346,414,160,435,260,449,-1,-1,3
181,0,284,7,86,34,365,36,432,67,492,79,10,142,0,267,478,272,75,376,355,407,168,437,270,445,-1,-1,-1,-1,-1,-1,3
178,0,283,6,362,36,84,35,430,65,529,121,8,144,477,271,0,269,420,346,76,378,356,407,169,439,270,447,-1,-1,-1,-1,3
168,0,275,3,360,30,72,41,431,59,492,69,534,112,2,156,487,268,0,284,430,346,83,391,366,410,181,448,282,453,-1,-1,3
285,1,174,0,374,27,77,40,448,54,556,108,3,156,505,267,0,285,445,346,83,391,379,411,184,450,291,457,-1,-1,-1,-1,3
363,0,224,1,477,27,98,49,573,57,657,68,713,115,2,179,651,294,0,322,576,385,107,440,490,459,238,504,374,509,-1,-1,3
241,0,384,2,502,31,106,47,602,63,686,76,744,123,3,180,728,209,681,304,0,328,605,396,113,451,515,471,253,518,396,522,3
277,0,440,2,576,35,129,48,693,72,797,88,865,141,9,187,782,344,0,343,686,443,117,480,575,523,269,558,432,572,-1,-1,3
493,0,304,18,663,20,815,47,951,52,135,84,1048,106,1047,223,5,241,980,353,0,415,869,484,147,565,734,590,343,653,554,660,3
518,0,319,20,701,21,869,49,1023,60,142,88,1127,115,1126,238,7,247,1054,382,0,426,934,519,151,586,784,630,357,685,586,700,3
532,0,331,17,717,22,886,52,1044,61,150,84,1149,118,1147,241,9,243,1074,382,0,423,952,520,153,585,799,632,363,686,595,702,3
546,0,340,18,732,23,905,53,1062,61,155,86,1172,121,1171,247,11,245,1094,388,0,426,967,527,153,589,811,639,366,691,602,709,3
566,0,355,17,762,24,943,56,166,83,1227,129,15,245,1148,411,0,429,1014,556,154,603,846,672,371,716,622,741,-1,-1,-1,-1,3
624,0,399,15,832,28,1024,65,192,79,1198,80,1322,147,23,241,1235,431,0,435,1089,580,162,619,906,698,396,740,666,768,-1,-1,3
643,0,412,12,856,31,1055,72,201,76,1235,89,1367,156,26,242,0,444,1280,456,1129,611,162,637,939,735,405,770,688,805,-1,-1,3
727,0,477,2,956,45,244,54,1167,99,1365,131,1497,206,42,219,1490,358,0,428,1383,516,166,641,1211,669,997,785,420,792,720,843,3
719,0,479,15,939,28,1143,65,248,77,1331,80,1467,142,43,242,1482,283,1401,438,0,451,1253,603,175,656,1049,739,450,796,-1,-1,3
729,0,493,7,946,32,1149,74,1476,158,57,206,0,403,1390,449,1230,602,158,610,1018,726,419,755,734,797,-1,-1,-1,-1,-1,-1,3
713,0,482,6,928,33,258,53,1129,74,1451,158,55,197,1462,295,0,386,1376,440,154,584,1218,591,1010,709,413,730,726,775,-1,-1,3
721,0,489,6,935,34,265,52,1136,77,1323,100,1458,162,58,191,1468,299,0,381,1379,444,151,581,1221,593,1009,710,409,728,723,775,3
730,0,495,18,949,25,1157,57,269,70,1497,127,60,216,1519,263,0,404,1436,412,1279,571,158,600,1059,701,428,740,762,777,-1,-1,3
769,0,529,11,994,31,294,57,1206,71,1408,91,1554,151,73,194,1573,290,0,382,1481,437,146,584,1309,594,1076,719,417,738,760,788,3
785,0,539,9,1013,35,302,52,1230,77,1434,103,1584,165,75,185,1600,306,0,371,1503,451,146,578,1325,607,1087,727,417,736,764,793,3
717,0,469,6,949,34,230,49,1171,76,0,182,1548,309,1450,459,66,578,1269,614,1021,737,336,738,690,799,-1,-1,-1,-1,-1,-1,3
805,0,556,10,1037,32,313,53,1259,73,1623,158,81,184,1644,299,0,368,1549,447,146,574,1370,603,1122,728,424,734,785,793,-1,-1,3
732,0,480,12,971,32,236,56,1202,73,1423,98,1584,159,0,189,1606,307,1504,461,48,587,1313,625,1050,753,323,754,696,819,-1,-1,3
812,0,560,17,1053,26,1288,61,317,68,1675,144,83,202,1701,290,0,389,1601,446,139,593,1408,615,1144,746,417,757,789,815,-1,-1,3
806,0,1049,24,552,23,1287,57,309,77,1680,135,78,217,1704,283,0,408,1604,442,144,610,1412,613,1146,751,422,769,793,823,-1,-1,3
815,0,562,15,1058,28,316,62,1291,67,1513,89,1676,151,82,200,1699,298,0,387,1594,455,142,595,1402,620,1139,750,420,758,788,817,3
816,0,561,13,1057,28,314,61,1288,69,1669,153,80,200,1690,300,0,390,1588,453,145,598,1396,620,1137,747,423,759,790,815,-1,-1,3
826,0,572,10,1066,36,325,53,1297,79,1676,173,86,183,1692,319,0,370,1586,470,139,579,1390,630,414,747,1126,752,778,812,-1,-1,3
819,0,565,11,1060,34,319,55,1293,77,1516,105,1677,171,84,187,1695,319,0,374,1585,475,135,583,1387,636,405,752,1119,762,768,820,3
786,0,1032,18,528,20,1274,53,288,78,67,227,0,417,1573,459,143,619,1370,631,1101,763,410,774,760,829,-1,-1,-1,-1,-1,-1,3
759,0,1001,17,508,29,1236,44,271,95,1623,115,58,251,1640,267,1531,433,0,444,1340,606,152,638,1088,742,419,780,762,820,-1,-1,3
986,0,496,8,1217,29,262,74,1596,102,53,230,1612,250,1505,415,0,423,1317,584,156,616,1073,717,422,754,756,793,-1,-1,-1,-1,3
741,0,497,11,968,35,266,62,1186,77,58,207,1544,311,0,395,1439,464,150,594,1260,615,1025,733,406,740,725,792,-1,-1,-1,-1,3
732,0,494,2,954,40,265,50,1163,88,1360,116,1499,185,59,190,1498,329,0,377,1391,476,145,578,1214,621,392,728,989,731,699,784,3
489,0,725,4,261,39,941,50,1143,103,55,175,1459,345,0,360,1351,485,146,561,1180,620,388,710,963,722,686,769,-1,-1,-1,-1,3
491,0,725,9,264,35,938,57,1135,114,1320,148,58,172,1445,222,1436,357,0,355,1327,494,141,555,1154,625,378,704,940,722,668,764,3
470,0,697,2,253,41,906,43,1100,93,1288,123,55,179,1410,191,1400,328,0,358,1288,465,135,549,1116,598,360,689,905,697,638,742,3
666,0,444,6,875,35,234,53,1071,78,1263,104,1387,169,47,193,1379,306,0,369,1265,449,132,551,1092,585,349,684,882,685,620,733,3
644,0,427,11,852,28,225,61,1051,66,41,203,0,373,1247,434,126,552,1070,573,859,675,335,679,600,725,-1,-1,-1,-1,-1,-1,3
626,0,410,13,833,27,1034,62,210,68,1228,80,1362,146,39,208,1355,287,0,378,1239,433,126,550,1061,574,850,676,332,675,593,723,3
632,0,419,2,832,37,217,49,1020,82,1203,105,1324,173,42,185,1313,307,0,355,1199,444,128,531,1029,573,332,659,829,666,584,708,3
436,0,648,6,232,39,845,49,1031,98,50,171,1328,200,1309,332,0,339,1189,462,119,517,1015,584,317,648,811,669,566,704,-1,-1,3
439,0,652,8,235,39,849,53,1034,106,52,165,1329,213,0,330,1308,342,1186,472,115,510,1009,592,311,645,804,674,559,705,-1,-1,3
595,0,390,15,797,23,996,58,200,70,1328,139,40,204,1314,281,0,363,1179,428,106,522,993,561,291,643,778,655,531,695,-1,-1,3
579,0,377,16,778,23,975,55,194,71,1307,136,37,204,1295,274,0,359,1164,422,106,517,980,556,288,636,768,649,524,686,-1,-1,3
581,0,382,12,776,26,198,65,967,64,1161,79,1288,146,40,196,1270,284,0,350,1136,426,103,507,951,555,277,625,743,642,506,676,3
581,0,382,14,778,26,972,60,198,69,1300,144,40,199,1281,282,0,352,1143,427,101,508,953,556,274,626,740,644,501,678,-1,-1,3
576,0,777,17,377,21,979,46,195,80,1323,120,38,215,1308,266,0,370,1163,418,100,523,967,557,272,639,748,651,503,689,-1,-1,3
592,0,795,20,392,20,1000,51,1215,62,207,79,1356,132,45,213,1335,282,0,368,1179,439,90,527,969,579,257,650,740,672,488,706,3
1168,0,715,2,518,7,929,11,335,47,1330,56,171,119,1314,221,35,256,0,400,1138,405,74,540,910,562,219,651,672,664,427,701,3
839,0,625,18,442,47,285,107,143,193,30,331,1065,397,0,466,824,581,60,594,180,694,587,695,362,738,-1,-1,-1,-1,-1,-1,3
1023,0,790,35,597,46,430,65,281,116,147,194,1163,225,34,324,967,423,0,454,49,578,741,589,154,678,520,689,316,725,-1,-1,3
1040,0,804,30,610,35,439,49,1201,50,291,96,1177,231,37,298,0,427,973,428,45,554,739,589,144,658,513,683,306,711,-1,-1,3
1024,0,794,24,605,26,436,37,1179,50,290,83,154,157,1155,226,36,283,0,413,961,419,46,542,736,577,148,646,515,671,310,700,3
1027,0,799,26,607,26,440,38,1181,50,292,83,155,155,1157,226,38,282,0,412,961,418,45,539,734,574,147,643,513,667,308,696,3
1033,0,614,24,804,24,445,32,1187,55,298,76,160,147,1162,230,40,273,0,403,964,421,44,532,735,574,145,639,514,668,307,695,3
1037,0,615,23,806,23,446,34,1194,55,295,77,159,149,1168,231,40,275,0,406,967,423,45,535,736,578,144,641,513,671,306,697,3
1041,0,615,20,807,21,445,29,1198,54,296,72,158,143,1172,233,40,269,0,399,969,425,44,529,737,579,142,636,512,670,303,693,3
1044,0,617,19,811,22,449,28,1200,57,298,70,159,140,1172,236,41,265,0,394,968,425,45,525,734,578,143,631,509,667,303,689,3
444,0,608,3,1014,11,792,17,295,33,1152,74,157,97,38,221,1120,242,0,351,931,416,47,483,715,555,149,593,504,635,306,653,3
431,0,595,1,997,1,779,12,283,35,1143,66,150,101,36,224,1114,234,0,352,924,410,49,481,710,549,150,588,501,629,305,646,3
992,0,547,17,373,23,748,24,227,67,1156,74,102,148,1125,270,11,288,0,422,922,470,66,552,710,615,176,655,511,696,327,711,3
984,0,536,15,360,19,739,23,211,62,1152,80,89,144,1121,277,4,286,0,421,923,477,72,552,714,619,183,655,519,697,337,712,3
564,0,221,2,778,35,1040,43,92,77,1205,154,3,219,0,358,1149,355,73,497,926,530,185,611,707,641,335,684,512,692,-1,-1,3
357,0,544,16,203,26,762,48,1023,50,1195,159,0,248,1149,359,934,539,207,634,724,654,358,704,534,708,-1,-1,-1,-1,-1,-1,3
196,1,567,0,791,36,1046,41,67,82,1209,146,0,233,1171,328,24,375,983,494,133,508,273,608,791,604,612,662,437,666,-1,-1,3
357,0,558,16,192,26,1038,43,782,47,66,109,1208,147,0,260,1172,330,26,398,984,499,134,527,791,612,272,625,612,672,437,679,3
379,0,589,12,203,29,1075,30,818,37,68,116,1246,126,0,270,1216,305,27,413,1033,481,841,602,293,638,655,673,471,688,-1,-1,3
377,0,588,11,203,30,1075,26,816,35,69,118,1248,119,0,273,1218,301,29,415,1036,478,148,543,842,601,296,639,659,670,473,687,3
373,0,582,10,1075,22,197,32,814,32,66,120,1250,115,0,275,1220,297,31,417,1038,475,151,544,846,598,301,638,660,670,477,686,3
379,0,604,11,1110,25,185,33,847,35,1284,118,37,126,1251,296,0,441,1071,476,876,604,300,664,685,682,489,707,-1,-1,-1,-1,3
421,0,650,12,1156,26,224,34,893,35,1325,117,74,127,0,295,1293,297,34,445,1113,476,169,577,917,604,338,668,724,683,530,709,3
422,0,651,9,1157,17,893,30,224,36,1328,108,74,133,1295,285,0,302,38,452,1117,466,175,582,923,598,345,671,733,678,538,708,3
413,0,640,6,1148,9,882,25,218,37,1323,100,70,134,1290,279,0,301,36,449,1110,463,171,577,914,595,339,666,723,677,530,704,3
407,0,630,7,1136,12,870,26,215,36,1308,101,71,131,1277,280,0,296,34,443,1096,461,166,570,901,591,331,659,710,673,519,699,3
404,0,626,7,1124,13,863,26,214,37,1295,102,70,129,1263,278,0,292,33,439,1084,461,163,566,890,591,325,655,703,670,511,695,3
401,0,620,7,1110,16,854,28,214,34,1278,103,70,127,1248,278,0,289,35,433,1074,454,165,559,884,582,326,647,699,661,511,687,3
402,0,226,19,598,23,807,55,1036,60,82,93,1181,147,0,237,1148,302,15,375,984,455,126,504,803,565,272,597,625,631,444,645,3
402,0,227,17,598,24,806,58,1035,65,85,89,1179,153,0,230,1146,308,12,369,979,460,120,498,797,569,265,594,618,632,436,645,3
328,0,150,19,527,23,737,58,970,66,0,91,1116,158,1078,323,898,486,701,602,141,626,510,670,316,685,-1,-1,-1,-1,-1,-1,3
418,0,610,7,1046,19,814,26,249,32,1197,96,104,112,3,259,1170,267,0,403,996,446,94,538,799,582,233,640,605,665,410,690,3
422,0,610,5,1041,13,813,22,252,34,1190,87,108,113,6,260,1164,258,0,403,992,436,91,537,795,576,226,639,600,660,404,687,3
1017,0,601,7,417,9,797,16,251,48,1162,65,108,129,1144,232,7,275,983,410,0,417,90,548,793,555,227,644,600,648,405,684,3
1024,0,440,2,626,2,817,13,270,41,1157,61,117,124,1144,217,7,275,1000,388,0,423,824,535,101,555,639,634,251,648,438,680,3
463,0,648,5,1040,12,838,21,290,33,1171,75,1152,225,14,259,1007,392,0,406,829,533,96,542,639,630,246,639,435,673,-1,-1,3
596,0,421,5,774,5,1084,38,254,43,109,122,1076,175,4,265,954,329,0,404,799,468,105,524,629,568,256,602,441,620,-1,-1,3
1028,0,468,5,654,5,840,14,288,44,1154,53,127,125,1145,191,8,274,1022,350,0,423,861,493,112,552,681,597,278,636,479,655,3
475,0,664,0,290,38,1168,48,127,121,8,276,1038,355,0,428,874,501,116,561,693,607,285,646,489,665,-1,-1,-1,-1,-1,-1,3
511,0,704,11,313,26,893,30,138,99,1189,225,8,252,1064,372,0,409,903,505,125,546,723,604,304,635,515,657,-1,-1,-1,-1,3
414,0,851,25,1037,66,196,68,1211,83,1321,155,22,240,1299,286,1185,430,0,431,1026,565,157,602,842,670,372,705,618,731,-1,-1,3
443,0,673,10,217,51,869,59,1036,113,1186,139,1281,211,26,227,1260,336,0,437,1167,470,1026,599,171,629,861,702,400,743,647,765,3
355,0,543,21,174,30,697,74,830,128,943,160,19,171,1024,223,1018,333,0,364,965,446,870,559,156,557,749,650,362,677,576,706,3
366,0,189,20,548,29,699,88,827,148,32,145,938,185,1017,251,0,332,1007,359,952,470,143,531,853,577,729,663,342,666,552,708,3
363,0,186,17,544,33,694,94,30,142,819,156,0,332,999,369,148,533,850,580,729,664,346,667,555,709,-1,-1,-1,-1,-1,-1,3
230,0,405,10,576,68,58,98,711,150,825,228,924,281,0,282,992,356,969,460,117,506,909,559,803,653,297,671,677,721,499,744,3
231,0,404,16,573,77,59,94,704,161,815,242,0,273,913,296,979,373,955,476,110,499,891,573,788,664,285,668,660,728,485,746,3
230,0,400,15,567,78,60,91,699,162,809,244,0,268,910,302,972,376,946,480,108,492,884,575,775,665,278,662,649,727,475,742,3
219,0,394,11,567,71,53,98,705,157,822,240,0,276,925,299,991,376,963,481,112,494,893,577,283,657,782,665,653,724,479,736,3
209,0,384,6,562,60,46,104,704,143,823,224,929,278,0,284,1000,356,974,465,119,500,907,565,796,656,293,660,665,719,491,735,3
211,0,388,4,567,57,49,102,708,140,829,220,934,275,0,283,1006,352,981,460,117,499,914,561,800,653,293,659,669,717,491,733,3
223,0,399,10,576,68,52,99,716,154,834,235,0,277,939,291,1008,370,983,477,116,498,915,576,805,665,293,663,672,727,494,742,3
221,0,397,10,574,70,51,100,715,154,835,236,0,279,940,292,1010,372,986,480,114,500,917,579,805,669,290,666,671,731,493,745,3
218,0,395,8,575,64,52,101,716,148,839,228,949,286,0,282,1017,362,993,470,119,500,927,570,815,661,297,664,681,725,502,742,3
220,0,397,9,575,67,53,99,716,152,837,234,0,279,942,290,1014,369,988,478,115,500,919,578,807,669,291,667,673,732,494,746,3
222,0,397,10,576,66,54,100,717,151,841,232,0,278,948,288,1019,370,994,477,113,498,924,579,289,665,811,670,675,734,491,747,3
220,0,395,9,574,67,53,100,717,151,839,234,0,279,948,290,1021,371,996,480,114,498,928,581,291,667,814,673,677,736,495,750,3
218,0,395,8,575,65,50,101,720,149,840,232,947,288,0,283,1020,368,995,477,117,504,926,579,816,671,296,671,681,735,501,750,3
208,0,387,2,571,52,41,112,720,132,846,211,958,266,0,299,1030,342,1009,453,129,517,943,558,835,654,314,676,702,723,522,746,3
343,0,539,11,154,42,700,57,837,105,2,196,1040,297,1004,412,0,403,923,532,192,592,813,636,425,699,646,708,-1,-1,-1,-1,3
333,0,531,8,147,41,695,53,838,101,955,127,1046,185,0,197,1,402,1013,416,930,538,190,591,816,642,419,701,647,713,-1,-1,3
332,0,714,31,142,57,864,73,993,93,1089,150,0,222,1094,270,1047,395,6,425,954,526,195,603,832,634,424,703,652,710,-1,-1,3
342,0,547,2,723,43,151,49,872,89,1004,114,1093,173,1,210,1093,291,1043,413,0,411,943,541,182,594,817,645,407,701,634,714,3
554,0,348,8,729,31,880,66,152,70,1013,81,1103,133,1106,246,0,241,1056,371,5,439,962,500,197,607,839,611,659,692,430,694,3
525,0,328,9,691,30,834,64,141,71,954,77,1041,129,0,237,989,357,6,428,897,480,781,583,187,584,613,659,401,664,-1,-1,3
507,0,315,13,670,24,809,52,136,73,1010,110,1014,213,0,241,966,330,9,425,880,450,767,554,187,572,606,632,399,643,-1,-1,3
452,0,613,9,879,26,755,27,271,28,968,70,109,105,970,177,0,271,918,302,828,427,18,439,715,532,178,565,560,611,369,625,3
435,0,584,13,265,20,820,34,711,32,899,75,108,91,900,176,0,250,851,288,15,413,667,500,169,533,527,574,349,585,-1,-1,3
449,0,277,13,598,21,728,48,841,55,117,76,920,104,916,206,0,228,860,321,4,394,770,435,659,531,148,529,509,598,326,600,3
281,0,580,32,123,51,693,63,0,196,843,208,799,306,3,361,723,403,628,487,152,491,494,549,326,555,-1,-1,-1,-1,-1,-1,3
443,1,280,0,576,26,686,56,121,52,778,68,841,112,0,198,791,295,3,363,715,394,621,480,149,491,489,544,322,552,-1,-1,3
439,1,279,0,568,31,125,47,675,63,766,75,828,120,3,186,821,205,774,300,0,345,695,396,602,478,137,476,469,538,304,541,3
309,0,470,13,149,35,597,52,703,90,791,111,850,158,16,166,781,331,0,325,700,419,130,465,598,495,292,540,459,547,-1,-1,3
317,0,430,13,193,11,532,30,622,35,82,58,688,71,1,163,630,237,0,275,551,320,93,369,460,388,212,424,345,430,-1,-1,3
320,0,197,7,431,14,529,35,86,51,677,155,3,154,624,240,0,265,547,323,91,361,457,387,210,420,341,427,-1,-1,-1,-1,3
317,0,193,10,427,14,527,33,620,35,83,54,682,74,678,147,2,158,625,239,0,271,548,323,91,366,458,389,211,423,342,430,3
327,0,204,5,437,18,535,40,93,45,626,48,686,87,7,145,678,162,624,246,0,255,543,326,87,353,452,388,205,413,334,425,3
345,0,219,0,455,22,103,36,550,49,638,60,695,100,10,137,681,174,0,250,629,254,549,330,88,351,456,390,207,413,338,425,3
336,0,209,0,440,24,91,43,529,51,656,102,2,162,601,261,0,292,534,344,101,399,455,411,223,455,349,458,-1,-1,-1,-1,3
211,0,337,0,437,27,95,41,523,55,646,108,6,158,591,267,0,289,524,345,98,399,447,415,218,457,343,461,-1,-1,-1,-1,3
213,0,337,3,436,31,96,39,521,61,593,74,642,116,6,157,630,190,587,276,0,291,520,357,96,403,443,424,215,465,338,469,3
209,0,332,7,428,37,96,39,508,70,577,81,621,129,7,161,0,300,502,375,93,419,427,443,210,483,328,488,-1,-1,-1,-1,3
111,0,189,5,246,30,43,37,329,67,359,102,0,154,338,243,2,285,307,318,270,384,70,389,216,433,145,439,-1,-1,-1,-1,3
105,0,185,3,244,26,40,39,293,50,329,60,362,95,0,157,345,236,9,288,81,388,230,426,160,434,-1,-1,-1,-1,-1,-1,3
305,0,149,31,561,99,642,156,12,216,752,246,711,458,0,471,655,573,587,679,156,683,479,765,324,777,-1,-1,-1,-1,-1,-1,3
349,0,180,24,612,112,692,172,24,211,799,265,752,472,0,476,691,587,618,692,162,696,503,779,342,792,-1,-1,-1,-1,-1,-1,3
364,0,192,21,521,48,628,117,708,178,29,205,812,273,793,368,762,478,0,470,697,590,622,695,160,692,502,779,341,790,-1,-1,3
357,0,189,22,519,45,625,112,704,173,29,208,759,471,0,471,696,584,621,689,162,691,504,774,343,787,-1,-1,-1,-1,-1,-1,3
369,0,529,48,639,119,722,180,27,209,829,274,778,480,0,477,715,592,639,696,169,698,519,781,354,795,-1,-1,-1,-1,-1,-1,3
382,0,562,34,193,31,695,96,800,154,884,185,26,198,942,248,0,423,870,458,784,567,158,621,681,662,351,723,535,729,-1,-1,3
366,0,551,30,181,32,688,90,797,147,888,178,18,195,947,241,0,402,864,447,772,550,151,585,664,637,336,683,516,695,-1,-1,3
406,0,595,32,210,33,742,90,859,147,960,178,32,187,1023,242,0,394,933,452,830,558,150,580,710,647,345,687,544,704,-1,-1,3
393,0,582,26,199,35,733,81,855,136,960,166,30,189,1026,230,1003,334,0,390,935,444,830,551,149,575,706,641,340,679,540,698,3
367,0,557,18,184,39,713,69,848,121,970,147,28,182,1043,215,0,358,931,435,127,526,808,539,669,618,302,632,495,662,-1,-1,3
372,0,562,18,189,38,722,68,861,121,31,178,1064,217,0,353,947,440,124,522,820,545,676,624,299,631,496,666,-1,-1,-1,-1,3
370,0,563,15,186,42,729,64,871,117,1001,145,30,183,1084,213,1056,326,0,359,966,443,126,529,837,552,689,634,304,640,505,676,3
374,0,573,11,187,44,748,57,902,108,1045,137,29,187,1135,206,0,359,1006,445,124,527,864,555,704,638,303,639,510,677,-1,-1,3
540,0,342,4,723,33,161,60,893,73,1054,90,1156,158,19,202,1133,281,0,363,1024,410,123,516,875,527,706,613,299,618,506,654,3
501,0,687,18,306,19,865,46,136,85,1148,114,8,231,1029,376,0,386,879,505,125,526,711,599,301,620,509,647,-1,-1,-1,-1,3
519,0,327,11,698,24,862,57,1018,68,151,71,1118,128,14,217,1101,247,999,375,0,376,858,494,127,518,699,583,304,609,507,632,3
501,0,684,16,307,22,856,39,1020,41,134,92,1129,97,1118,219,5,244,1021,358,0,403,882,486,133,542,721,585,317,627,526,643,3
511,0,696,15,315,22,870,39,1034,41,139,92,1145,98,1135,222,7,247,1037,361,0,410,897,492,135,551,734,594,321,638,535,654,3
544,0,743,16,336,25,930,43,150,99,1227,108,9,265,1110,392,0,436,958,534,141,589,780,642,338,684,567,706,-1,-1,-1,-1,3
573,0,785,17,356,24,986,46,163,100,1309,117,15,263,1164,416,0,435,991,559,136,589,796,664,333,691,568,720,-1,-1,-1,-1,3
559,0,775,10,1191,29,986,31,341,31,152,111,1299,244,10,276,1190,408,0,446,1012,559,135,600,809,670,333,699,573,729,-1,-1,3
578,0,795,16,356,24,1218,51,165,100,17,259,0,430,1203,431,1016,577,132,589,809,684,328,699,569,736,-1,-1,-1,-1,-1,-1,3
569,0,791,10,345,32,1011,35,155,114,13,281,1228,435,0,454,1042,592,134,614,829,707,335,726,582,763,-1,-1,-1,-1,-1,-1,3
569,0,795,11,1218,33,344,33,1019,32,153,114,12,278,0,447,1049,586,135,605,831,700,334,715,582,753,-1,-1,-1,-1,-1,-1,3
590,0,817,17,363,28,1038,45,1252,49,164,109,15,277,1245,452,0,454,1054,607,136,619,838,720,338,735,588,774,-1,-1,-1,-1,3
593,0,822,14,364,30,1043,40,1260,42,163,113,14,283,1249,446,0,462,1058,602,139,626,844,717,345,737,596,773,-1,-1,-1,-1,3
590,0,823,11,1261,37,358,35,1051,35,158,120,12,294,1262,445,0,472,1071,607,142,635,853,722,348,746,600,781,-1,-1,-1,-1,3
595,0,815,12,1214,29,1020,33,364,35,1345,92,157,124,1337,239,4,312,1224,405,0,502,1062,564,165,663,873,689,389,757,641,767,3
607,0,830,11,1247,31,1042,33,372,35,1378,93,163,126,1367,244,6,314,1250,416,0,507,1081,577,164,671,884,704,388,768,645,782,3
601,0,828,7,1248,20,1044,25,366,38,1387,83,157,131,1379,236,3,322,1262,410,0,514,1093,575,165,677,894,706,392,775,652,786,3
625,0,851,16,389,30,1067,41,1412,109,175,117,1401,260,13,301,1281,433,0,496,1106,596,160,668,901,723,386,776,651,797,-1,-1,3
609,0,835,11,1052,32,377,34,1404,97,171,123,1390,250,13,308,1268,427,0,500,1090,594,155,668,885,722,377,774,637,795,-1,-1,3
591,0,816,10,1238,29,1030,31,362,36,1374,92,157,128,1365,245,6,312,1245,419,0,501,1072,583,156,666,872,710,376,767,630,786,3
569,0,793,4,1009,20,342,42,1352,75,143,137,2,323,1221,405,0,509,1049,570,156,663,851,697,370,759,617,773,-1,-1,-1,-1,3
774,1,552,0,987,12,327,47,1332,62,134,142,0,327,1199,392,2,506,1026,556,154,653,831,680,362,742,-1,-1,-1,-1,-1,-1,3
518,0,1083,4,718,2,907,13,310,40,1204,56,127,131,1202,190,0,305,1106,345,7,477,964,495,799,613,163,614,593,690,367,690,3
1061,0,706,2,512,3,890,12,306,43,1179,50,126,134,1178,179,0,308,1086,331,7,476,951,478,790,597,164,609,590,676,367,680,3
1045,0,688,9,494,14,871,15,1165,47,294,57,121,149,1166,179,0,320,1074,333,938,483,8,486,778,603,159,617,577,684,358,688,3
1050,0,685,9,871,15,490,14,1170,47,290,59,119,149,1169,180,0,317,1073,335,8,479,933,484,767,602,153,607,565,679,348,679,3
668,0,852,7,478,6,280,51,113,141,0,308,1062,322,9,469,926,471,766,589,157,596,566,667,350,667,-1,-1,-1,-1,-1,-1,3
479,0,659,3,978,6,825,15,289,35,1084,53,118,117,1084,173,0,280,1004,312,7,442,883,448,739,559,156,570,556,634,347,638,3
969,0,650,5,471,7,815,13,1076,44,283,45,116,130,1079,163,0,296,1001,303,884,442,9,456,742,555,159,580,559,634,352,644,3
652,2,474,0,976,3,819,13,285,37,1082,49,117,120,0,282,999,307,876,443,6,442,731,554,151,567,546,630,340,634,-1,-1,3
944,0,623,2,449,1,789,11,268,37,1052,46,109,117,1051,165,0,271,968,303,6,421,845,436,699,542,141,543,519,611,321,611,3
449,0,620,3,268,33,1036,50,110,112,0,258,946,298,4,404,823,424,136,523,680,525,504,590,310,589,-1,-1,-1,-1,-1,-1,3
434,0,603,2,760,12,259,33,1010,50,106,109,0,257,929,292,6,403,811,418,674,519,139,519,500,584,311,584,-1,-1,-1,-1,3
433,0,597,3,894,9,750,14,258,31,989,51,107,105,984,162,0,252,910,288,8,398,797,410,664,508,139,512,497,574,310,575,3
424,0,579,9,261,20,857,27,722,26,949,71,114,81,5,211,864,287,0,344,751,397,116,461,617,484,274,528,453,538,-1,-1,3
453,0,293,1,599,26,143,44,733,57,861,71,940,123,19,161,925,219,0,293,838,321,719,416,101,417,583,487,247,499,419,523,3
445,0,286,5,591,24,137,51,725,54,858,68,935,116,18,169,920,214,0,300,833,317,715,413,102,421,580,485,248,501,418,523,3
440,0,276,4,592,26,128,50,735,57,962,127,15,167,939,228,0,295,839,334,98,415,710,427,567,493,238,495,404,524,-1,-1,3
304,0,471,5,149,40,622,41,763,80,903,102,24,154,984,162,956,262,0,285,850,365,93,413,714,453,233,504,568,515,400,540,3
309,0,477,7,152,39,632,42,630,47,25,152,1002,173,0,283,858,379,90,411,716,466,227,504,566,525,395,545,-1,-1,-1,-1,3
304,0,472,5,631,40,148,42,779,82,926,103,21,158,1012,167,982,272,0,290,872,378,95,420,730,468,236,511,577,529,406,552,3
476,0,300,5,639,28,138,58,789,62,935,76,1022,135,14,188,992,241,0,329,892,356,758,457,109,457,610,530,262,540,438,568,3
494,0,305,9,670,25,835,59,996,70,136,70,1091,134,9,210,1060,250,0,356,942,374,793,481,114,484,633,558,271,568,454,596,3
527,0,325,6,715,33,148,65,895,75,1075,94,1178,167,15,204,0,350,996,419,109,486,825,524,264,581,647,594,454,622,-1,-1,3
502,0,705,13,297,25,1091,35,900,36,1203,101,121,103,1176,234,1,258,1044,384,0,409,874,510,125,539,696,601,295,622,495,647,3
501,0,698,16,297,21,884,43,120,96,1177,109,0,250,1011,374,2,400,849,494,129,526,679,578,297,602,490,623,-1,-1,-1,-1,3
520,0,308,20,721,23,906,52,124,97,1197,125,0,259,1021,392,4,413,857,508,136,540,687,593,306,617,498,638,-1,-1,-1,-1,3
519,0,307,18,719,22,908,53,1091,58,124,96,1199,128,1158,256,0,257,1023,397,5,411,857,513,135,541,687,598,305,619,498,640,3
516,0,717,19,306,20,905,46,123,99,1196,116,0,260,1023,383,5,411,859,500,138,538,690,586,309,613,502,631,-1,-1,-1,-1,3
516,0,306,19,717,21,905,51,1090,54,125,95,1199,123,0,252,1023,387,3,403,857,504,133,529,684,587,302,608,494,628,-1,-1,3
521,0,311,15,723,20,914,52,128,90,1213,129,2,245,1167,256,0,394,1026,396,854,512,679,593,484,632,-1,-1,-1,-1,-1,-1,3
522,0,312,14,724,25,917,57,1111,64,130,85,1218,138,2,239,1172,266,0,388,1026,405,851,518,122,519,673,597,478,633,-1,-1,3
517,0,305,16,721,23,917,56,1112,64,123,90,1226,139,0,244,1,393,1033,408,857,521,124,523,677,599,290,606,483,635,-1,-1,3
510,0,716,14,299,25,1103,35,912,37,1218,101,117,107,0,268,1043,375,10,418,876,495,144,540,703,584,316,613,511,631,-1,-1,3
512,0,718,13,299,24,1108,33,915,36,1225,100,119,106,1187,228,0,264,1049,374,7,412,879,494,139,535,703,581,311,610,508,628,3
513,0,718,13,302,24,1105,33,913,35,1219,99,121,106,1183,226,0,266,1046,371,6,417,880,492,140,539,706,581,314,613,512,629,3
511,0,715,9,1095,22,299,27,908,27,1209,84,117,113,0,279,1048,357,13,430,889,481,153,550,721,576,331,619,530,630,-1,-1,3
514,0,719,12,302,25,1100,28,911,32,1213,92,119,109,1179,219,0,272,1047,364,9,424,886,487,148,546,715,579,324,618,523,630,3
515,0,720,12,303,25,1102,30,914,33,1216,93,120,108,1181,221,0,271,1049,365,10,423,887,488,149,545,716,580,326,617,524,630,3
518,0,723,15,306,22,916,41,122,104,1217,107,0,267,1049,378,9,421,886,500,146,546,715,591,323,622,521,639,-1,-1,-1,-1,3
527,0,314,15,731,21,921,51,126,93,1215,125,1177,252,0,256,1043,393,6,412,880,511,142,544,708,598,315,624,516,643,-1,-1,3
527,0,314,18,726,22,912,51,1092,53,126,96,1200,123,0,261,1040,386,6,420,879,511,146,551,717,596,324,629,521,649,-1,-1,3
318,0,727,7,910,36,130,73,1192,107,0,236,1034,366,3,395,878,485,141,527,711,573,321,604,520,621,-1,-1,-1,-1,-1,-1,3
575,0,370,1,761,34,175,60,928,74,1087,90,1184,156,19,215,0,383,1047,403,899,521,132,538,731,611,317,633,530,660,-1,-1,3
559,0,357,9,741,25,907,59,166,74,1158,130,15,232,1042,378,0,401,904,502,139,550,743,599,330,640,544,656,-1,-1,-1,-1,3
546,0,345,12,730,24,895,54,1050,62,157,79,1149,122,1132,239,12,235,1032,370,0,403,895,492,140,549,736,589,331,635,542,648,3
576,0,374,2,757,32,179,60,918,70,1068,85,1162,147,21,214,1142,261,1043,388,0,383,904,506,138,539,744,599,330,633,546,653,3
563,0,367,3,738,32,179,57,896,69,1042,84,1137,145,23,207,0,377,1033,385,899,505,135,534,742,600,327,633,544,656,-1,-1,3
518,0,328,14,700,21,870,52,1036,64,155,72,1143,120,18,210,1128,244,0,364,1032,373,886,496,124,509,720,586,303,605,517,634,3
509,0,694,12,317,24,870,33,1036,36,1154,87,145,88,1159,211,12,231,1074,348,0,391,937,483,135,534,771,588,330,629,560,649,3
536,0,342,14,721,24,898,55,1066,67,165,68,1183,125,22,201,1178,249,0,357,1082,381,936,506,126,507,760,599,315,613,543,647,3
551,0,354,10,737,27,176,60,915,63,1087,82,1203,140,28,189,0,345,1096,390,121,500,943,514,762,604,309,609,539,648,-1,-1,3
560,0,364,2,746,33,184,46,922,74,1092,97,1208,160,32,170,1199,283,0,325,1096,410,118,483,941,528,304,600,759,611,535,648,3
609,0,814,16,395,26,1011,39,1198,47,1334,99,1350,231,30,237,1264,381,0,414,1114,532,148,584,918,655,379,701,661,728,-1,-1,3
639,0,419,17,850,23,1052,56,1245,69,215,72,1384,128,39,213,1393,264,0,389,1298,411,1135,560,142,565,927,674,373,694,658,735,3
661,0,437,13,875,24,1078,61,227,66,1273,77,1413,137,43,206,1424,273,0,386,1330,420,1166,569,145,569,955,685,384,704,678,747,3
697,0,466,12,912,31,247,63,1118,70,1312,92,1453,153,52,202,1460,290,0,385,1363,438,146,576,1194,588,979,701,391,716,694,763,3
719,0,950,22,480,21,1172,51,254,80,1539,124,53,229,1557,268,0,416,1460,428,1283,593,151,609,1047,724,411,751,738,796,-1,-1,3
777,0,524,20,1017,26,1248,60,1466,79,283,77,1627,141,63,229,1649,287,0,428,1551,449,1369,620,157,632,1123,757,437,787,794,833,3
788,0,533,19,1030,26,1261,64,288,76,1639,141,64,228,1658,290,0,428,1560,452,1378,621,160,634,1132,757,444,788,801,834,-1,-1,3
790,0,533,17,1031,29,1263,68,289,72,1481,88,1640,153,65,222,1660,301,0,422,1560,462,1375,630,159,632,1127,763,441,787,796,837,3
799,0,543,8,1041,35,297,55,1271,83,1648,181,70,197,1657,332,0,393,1545,491,148,606,1351,652,418,770,1096,773,766,832,-1,-1,3
794,0,540,9,1035,37,295,55,1265,84,1641,182,69,199,1649,331,0,394,1536,488,148,604,1341,647,416,764,1087,768,759,825,-1,-1,3
774,0,527,6,1010,37,291,52,1238,87,1459,117,1615,190,71,188,1619,340,0,375,1497,499,130,581,1291,656,379,747,1034,769,707,817,3
639,0,421,20,856,22,1074,58,221,76,1446,144,46,209,1435,293,0,371,1289,449,107,536,1078,593,300,667,835,689,560,725,1191,847,3
598,0,802,18,392,24,1009,44,43,213,1359,255,0,363,1218,405,100,516,1015,546,281,632,784,642,525,681,-1,-1,-1,-1,-1,-1,3
958,0,1089,24,774,34,597,47,428,71,268,129,1099,154,127,209,988,309,13,344,832,460,0,475,652,577,97,582,251,648,448,650,3
785,0,613,6,443,21,281,72,1099,130,136,145,19,271,979,276,0,399,816,419,89,507,631,524,235,577,429,587,-1,-1,-1,-1,3
760,0,1055,4,595,10,433,26,278,72,1061,120,137,143,957,260,21,267,0,392,806,400,89,500,631,509,236,568,430,575,-1,-1,3
925,0,756,23,1044,28,592,32,432,51,277,96,1053,142,135,166,952,282,19,290,0,416,806,419,92,522,635,526,243,589,437,594,3
925,0,758,22,1041,26,595,28,435,43,279,87,1049,140,136,156,947,275,20,279,0,403,802,409,92,507,632,513,243,574,436,578,3
766,0,605,1,447,10,1046,12,291,50,146,114,1052,124,25,234,953,254,0,359,807,387,92,470,637,487,241,541,438,550,-1,-1,3
942,0,616,8,776,12,457,13,1056,34,300,48,153,107,1060,144,29,224,955,274,0,348,806,401,87,462,630,497,235,538,429,555,3
944,0,621,7,463,12,779,12,1054,34,305,46,156,107,1057,142,29,224,955,271,0,349,808,397,86,462,635,494,237,538,433,552,3
940,0,619,6,778,10,461,13,1050,30,303,48,154,110,1054,140,28,228,954,268,0,356,810,396,88,468,638,494,239,542,438,555,3
950,1,627,0,468,2,785,7,309,32,1058,35,159,91,1060,144,29,205,957,270,0,332,809,394,86,448,635,488,236,525,433,543,3
483,0,642,4,968,17,802,18,322,27,1079,57,171,81,1075,168,37,192,963,293,0,317,806,414,79,438,625,503,223,524,419,550,3
487,0,649,6,812,20,326,26,1098,62,174,77,1093,178,39,187,972,303,0,311,808,424,75,431,621,509,217,520,413,551,-1,-1,3
479,0,644,1,988,3,812,10,318,29,1110,45,167,85,1106,162,36,197,987,294,0,321,821,420,80,441,632,510,223,527,420,556,3
486,0,652,3,821,17,323,27,1121,56,172,80,1115,174,38,190,992,304,0,314,822,428,77,436,630,515,219,526,417,557,-1,-1,3
486,0,653,3,1009,14,827,18,322,27,1133,57,170,81,1130,180,38,190,1005,314,0,315,77,438,832,438,637,526,220,531,419,566,3
663,0,839,13,324,23,1157,55,1150,184,39,193,0,319,1018,323,77,445,838,451,218,541,636,540,417,579,-1,-1,-1,-1,-1,-1,3
1045,0,659,2,480,4,846,10,309,40,1182,47,155,106,1175,184,28,231,1038,336,0,365,854,477,85,492,651,574,232,585,432,619,3
1031,0,645,17,833,18,462,24,1167,43,290,68,1162,183,17,282,1031,344,0,421,855,492,96,545,661,598,252,628,449,654,-1,-1,3
546,0,355,16,736,24,924,59,176,75,1237,141,29,212,1213,281,0,364,1068,421,99,511,885,547,687,632,467,668,-1,-1,-1,-1,3
552,0,358,12,745,27,935,66,178,70,1133,83,1255,153,31,205,1224,296,0,358,1071,438,96,506,882,559,255,616,681,638,462,665,3
511,0,706,13,320,26,907,36,1119,39,151,96,1257,106,20,238,1236,253,0,389,1085,412,100,532,892,550,260,635,687,642,467,679,3
515,0,712,14,324,25,913,39,1124,43,153,94,1262,112,22,234,1239,259,0,384,1086,416,102,527,893,550,262,631,688,640,468,675,3
508,0,707,14,317,28,1119,38,907,37,146,99,1255,107,16,246,1234,256,0,399,1083,415,105,542,893,553,266,644,691,646,473,685,3
503,0,703,10,311,30,905,30,1257,96,142,104,1234,248,15,250,0,400,1082,409,105,539,889,548,265,639,687,640,469,678,-1,-1,3
567,0,354,13,777,29,982,68,163,79,1190,85,1318,162,19,227,1282,308,0,388,1127,456,118,538,933,581,291,648,728,663,505,693,3
579,0,361,20,784,22,973,52,1154,59,161,95,1271,123,1254,259,10,265,1140,409,0,444,982,547,147,601,802,654,352,696,584,717,3
585,0,365,17,788,25,975,57,1150,66,163,89,1263,132,1246,265,9,262,1137,413,0,445,983,550,152,605,807,657,358,702,591,720,3
545,0,337,10,730,31,894,66,147,76,3,238,1124,260,1027,389,0,413,893,509,149,561,741,605,343,647,551,661,-1,-1,-1,-1,3
315,0,693,13,856,47,1008,59,138,65,1103,121,5,224,1079,243,977,371,0,387,838,490,134,527,685,580,307,613,503,631,-1,-1,3
303,0,671,10,828,41,975,51,129,67,1067,110,1046,227,3,221,949,353,0,381,816,469,133,516,670,558,304,596,494,610,-1,-1,3
440,0,602,6,881,15,748,20,262,30,972,59,105,108,0,265,893,292,784,413,10,415,660,511,149,529,502,580,321,587,-1,-1,3
876,2,428,0,589,1,737,11,252,35,965,44,99,119,955,155,0,276,887,283,781,409,15,426,657,510,153,536,501,581,323,591,3
586,0,422,1,736,6,246,40,95,125,897,277,0,284,791,403,19,433,667,507,159,541,510,580,330,592,-1,-1,-1,-1,-1,-1,3
425,0,579,10,842,25,717,27,256,25,928,70,106,96,920,174,0,247,853,296,5,398,751,414,630,510,137,516,476,576,300,579,3
412,0,562,6,696,20,247,27,100,101,0,252,834,281,738,399,9,401,625,496,140,516,476,564,304,573,-1,-1,-1,-1,-1,-1,3
338,0,206,8,447,20,88,54,686,89,0,170,625,254,0,292,550,337,100,393,464,405,223,447,352,450,-1,-1,-1,-1,-1,-1,3
362,0,229,4,477,20,577,45,669,52,104,52,726,96,708,171,9,169,647,266,0,294,92,396,462,415,213,454,344,464,-1,-1,3
368,0,231,2,485,15,105,51,739,97,8,169,653,266,0,293,563,351,91,396,464,418,212,454,344,461,-1,-1,-1,-1,-1,-1,3
375,0,231,11,493,18,597,40,692,43,102,67,748,87,5,195,663,264,0,322,574,353,98,421,476,425,355,473,222,472,-1,-1,3
375,0,231,10,495,17,599,38,694,42,100,68,752,85,732,167,3,197,666,263,0,325,577,352,479,425,99,424,359,474,224,474,3
394,0,244,10,517,17,624,38,719,43,107,71,775,88,4,207,681,269,0,339,588,360,488,434,103,438,365,484,231,487,-1,-1,3
376,0,501,9,705,20,229,19,608,23,765,61,95,88,0,230,679,248,591,345,2,361,494,425,108,454,375,485,237,495,-1,-1,3
397,0,528,6,745,16,641,19,242,25,100,102,721,255,0,255,630,359,5,395,531,449,121,491,405,514,260,531,-1,-1,-1,-1,3
403,0,538,8,758,18,652,21,243,24,821,60,101,100,800,152,0,255,731,264,637,370,4,397,535,459,120,495,406,524,260,538,3
403,0,539,9,762,19,656,23,244,23,825,62,101,99,803,154,0,254,733,267,638,372,2,395,534,460,117,492,403,523,257,536,3
403,0,541,8,763,19,657,23,243,24,829,62,101,101,805,155,0,255,736,267,640,372,4,396,535,460,119,494,404,523,259,537,3
402,0,537,6,761,14,655,19,241,25,827,56,100,103,807,149,738,262,0,259,644,369,5,398,539,459,122,497,409,524,262,538,3
397,0,534,6,757,11,651,17,238,27,825,53,97,106,804,145,738,259,0,261,643,366,6,401,540,456,123,498,412,523,264,538,3
396,0,533,6,756,9,649,17,237,26,824,53,97,104,0,259,643,366,7,399,541,456,124,494,411,521,265,536,-1,-1,-1,-1,3
400,0,537,7,761,11,654,20,240,25,826,56,99,103,0,257,736,262,641,368,4,396,537,457,119,492,407,521,259,535,-1,-1,3
401,0,539,7,763,15,656,20,242,24,830,58,101,101,808,150,0,254,738,263,642,369,4,394,536,457,119,492,405,522,258,535,3
398,0,536,5,762,8,654,17,239,26,829,53,98,105,809,147,740,261,0,260,645,369,6,400,541,460,121,497,409,525,262,540,3
395,0,531,4,755,10,649,16,238,27,823,52,97,106,804,144,738,257,0,260,644,364,7,399,542,454,124,495,411,520,265,536,3
396,0,533,7,754,11,649,20,238,24,821,56,98,101,0,253,733,260,641,365,6,393,538,454,123,490,409,518,261,532,-1,-1,3
398,0,535,6,758,10,650,19,241,25,824,55,98,101,0,254,735,260,640,365,3,393,535,454,119,491,405,519,259,533,-1,-1,3
401,0,536,8,763,17,656,21,240,25,830,59,100,100,809,151,0,251,739,264,641,369,2,387,535,456,116,485,403,519,255,530,3
393,0,530,6,650,16,236,25,825,53,97,102,0,253,739,258,645,365,6,392,540,454,122,489,410,518,262,533,-1,-1,-1,-1,3
397,0,533,8,755,17,649,21,241,23,822,60,99,97,802,148,0,247,734,261,639,365,2,385,534,453,115,483,402,516,256,528,3
403,0,537,10,757,20,245,20,653,26,822,66,104,92,800,152,1,240,729,264,634,366,0,378,529,451,113,477,398,512,251,523,3
404,0,536,10,246,20,757,24,653,26,820,66,104,91,799,156,0,240,729,265,634,367,0,379,529,453,112,480,396,513,251,524,3
401,0,536,9,756,21,245,20,651,24,821,64,103,92,801,154,0,240,731,263,635,365,1,378,531,452,113,477,399,514,251,523,3
404,0,540,10,248,18,759,25,655,26,823,68,106,89,802,158,1,237,732,267,635,369,0,376,528,454,112,477,397,515,250,524,3
400,0,535,8,759,20,244,21,653,23,823,63,101,94,803,150,0,243,735,264,638,367,2,380,532,453,114,479,401,514,253,525,3
412,0,545,12,252,20,832,71,108,91,4,238,737,271,637,372,0,375,529,456,112,477,396,518,248,522,-1,-1,-1,-1,-1,-1,3
404,0,540,10,248,19,760,23,656,26,826,67,105,90,803,156,2,239,733,266,636,368,0,376,529,454,111,476,398,514,250,523,3
397,0,533,8,756,14,650,22,241,24,822,59,100,98,0,248,732,260,636,363,3,386,532,451,117,482,402,514,254,526,-1,-1,3
408,0,543,12,251,17,761,25,654,30,825,71,108,89,801,160,3,236,727,267,630,368,0,373,524,451,109,472,245,518,-1,-1,3
415,0,545,13,256,17,762,30,660,31,823,73,111,86,798,158,4,235,726,268,629,366,0,372,522,448,111,470,392,507,247,516,3
407,0,540,11,248,20,757,23,654,26,819,67,103,92,794,155,0,241,723,261,628,361,0,379,523,444,113,475,395,505,250,516,3
399,0,534,9,756,20,243,22,651,25,820,65,101,95,796,154,0,243,723,264,625,364,2,378,519,448,110,472,390,508,246,515,3
395,0,529,10,239,20,754,24,647,26,820,68,102,89,797,159,2,232,724,268,0,366,625,369,516,452,107,465,385,510,240,514,3
390,0,239,14,522,16,636,36,105,75,810,84,4,207,715,278,0,339,615,375,99,443,507,452,230,500,376,504,-1,-1,-1,-1,3
224,0,356,0,468,25,101,41,565,52,653,63,710,106,7,153,696,184,639,269,0,277,559,349,96,383,468,413,-1,-1,-1,-1,3
356,0,223,5,469,26,101,47,564,53,652,64,709,109,5,160,695,183,638,269,0,284,558,350,97,388,467,414,220,448,352,457,3
224,2,358,0,469,26,101,42,566,53,653,65,710,108,7,154,692,185,638,270,0,278,558,350,96,383,466,413,218,443,350,453,3
239,0,376,5,115,34,491,39,594,74,747,142,15,139,0,259,653,311,82,371,194,439,197,446,325,463,-1,-1,-1,-1,-1,-1,3
210,0,454,24,89,40,555,52,649,65,707,109,4,146,691,185,0,262,627,273,542,350,89,364,447,407,205,425,331,440,-1,-1,3
301,0,416,3,624,7,523,13,177,22,691,39,71,74,0,179,635,208,7,283,555,295,464,363,100,365,348,409,219,410,-1,-1,3
614,0,619,1,408,4,293,5,516,9,689,29,171,30,67,86,691,107,0,191,640,199,564,289,11,293,473,360,106,371,357,410,3
598,0,398,3,286,5,502,8,664,28,166,31,64,87,665,104,619,192,0,194,549,279,15,296,466,349,114,371,358,399,233,407,3
402,2,290,0,505,8,170,23,666,31,67,77,0,182,618,192,548,277,12,283,461,345,109,359,352,393,227,399,-1,-1,-1,-1,3
322,0,197,5,434,18,536,40,86,44,634,48,692,88,2,141,617,243,0,245,533,318,86,336,438,372,197,392,322,404,-1,-1,3
212,0,338,0,448,25,99,33,548,52,640,67,701,108,10,124,0,227,616,260,79,322,527,328,523,330,427,378,187,384,311,404,3
218,0,343,5,454,31,103,31,553,61,650,77,707,121,12,123,689,194,0,227,618,273,78,324,525,341,426,389,184,389,306,411,3
223,0,349,6,106,28,459,35,560,68,656,85,14,119,713,131,688,207,0,223,619,281,75,322,524,347,181,388,423,393,304,413,3
235,0,362,12,117,25,473,46,573,83,671,105,19,111,726,155,0,215,700,230,621,303,70,318,521,365,172,389,414,407,294,421,3
239,0,366,15,121,23,477,52,576,91,21,108,674,113,728,164,0,211,620,310,69,315,519,370,170,388,413,409,291,421,-1,-1,3
247,0,126,18,371,21,479,62,25,98,576,104,673,129,722,183,0,200,66,307,613,322,512,379,406,414,286,422,-1,-1,-1,-1,3
247,0,127,17,372,21,480,63,24,99,577,106,721,185,0,203,65,311,612,326,511,382,164,389,405,418,285,426,-1,-1,-1,-1,3
130,0,384,11,490,57,25,83,585,104,677,134,727,187,0,191,67,304,615,326,516,382,511,385,169,384,412,416,407,419,288,424,3
258,0,385,25,492,72,27,92,586,120,675,150,0,198,723,204,67,311,611,339,166,393,406,427,286,434,-1,-1,-1,-1,-1,-1,3
255,0,131,15,381,25,487,69,25,97,582,116,672,145,720,198,0,205,68,316,610,336,511,392,168,396,407,427,291,433,286,437,3
254,0,130,13,382,24,489,69,25,97,580,116,717,199,0,205,689,268,68,318,610,337,512,393,169,399,408,429,-1,-1,-1,-1,3
252,0,130,17,379,23,486,63,25,99,578,110,719,190,0,204,67,314,610,328,608,333,509,386,411,419,405,424,285,432,-1,-1,3
238,0,366,12,118,25,478,47,578,86,677,108,20,113,731,158,0,219,707,234,628,309,70,324,528,372,173,398,420,415,298,430,3
259,0,136,17,388,23,494,68,27,107,587,115,675,141,723,196,0,220,68,337,616,342,516,403,171,419,412,443,292,453,294,458,3
234,0,364,9,113,33,475,40,574,71,661,92,15,134,717,139,698,217,0,254,634,300,82,366,545,375,446,430,197,438,326,459,3
245,0,376,12,486,46,581,83,671,103,19,134,724,152,702,230,0,256,637,313,82,372,548,389,446,443,195,448,325,472,-1,-1,3
248,0,381,12,123,30,491,48,587,86,674,107,19,134,728,156,706,236,0,259,640,318,83,378,549,394,450,450,197,454,328,479,3
233,0,365,7,474,40,567,75,652,94,12,156,0,294,627,315,545,400,91,416,454,468,210,489,341,507,-1,-1,-1,-1,-1,-1,3
340,0,208,1,447,27,89,47,538,56,619,66,674,113,1,172,617,287,0,312,546,376,101,428,463,449,225,493,354,498,-1,-1,3
220,0,460,34,99,42,547,66,680,128,4,170,622,302,0,316,550,391,102,438,468,463,228,505,359,511,-1,-1,-1,-1,-1,-1,3
239,0,376,9,111,39,485,44,576,81,655,99,709,148,8,165,692,232,0,314,643,322,565,410,102,442,480,481,230,515,364,526,3
236,0,375,9,487,38,105,42,582,73,665,89,721,137,5,173,707,221,659,316,0,323,583,407,109,452,496,481,242,523,382,530,3
232,0,371,5,484,36,103,43,579,70,661,85,718,131,2,173,659,309,0,322,584,399,110,447,499,472,244,516,382,523,-1,-1,3
364,0,225,0,480,28,96,47,576,60,660,73,717,119,0,178,702,204,659,300,0,327,586,392,111,451,500,469,246,517,384,520,3
384,4,239,0,500,30,105,46,600,62,3,179,682,302,0,329,607,395,115,453,515,471,254,520,397,523,-1,-1,-1,-1,-1,-1,3
386,0,236,4,511,25,618,55,101,56,712,66,776,112,0,190,765,202,712,301,0,337,630,398,116,459,535,476,258,525,408,532,3
293,0,460,6,595,40,132,46,708,76,871,143,5,185,798,332,0,349,709,428,135,484,605,507,299,557,466,561,-1,-1,-1,-1,3
302,0,471,5,609,40,138,46,726,76,894,144,8,186,819,334,0,348,726,432,135,485,617,512,303,559,473,565,-1,-1,-1,-1,3
315,0,486,5,628,40,149,47,14,185,838,340,0,348,741,436,132,488,626,519,303,561,299,567,476,576,-1,-1,-1,-1,-1,-1,3
475,1,302,0,620,32,137,51,746,67,857,82,931,134,8,193,915,230,849,337,0,355,747,439,133,492,633,522,302,568,479,577,3
494,0,310,3,651,30,136,59,786,65,905,79,983,133,3,210,969,234,898,346,0,377,794,454,144,517,671,542,323,594,510,600,3
505,0,318,9,666,26,804,57,141,69,1008,120,5,225,925,337,0,393,147,534,694,544,690,550,333,607,525,612,-1,-1,-1,-1,3
497,0,308,14,662,20,807,47,939,54,130,85,1023,103,1016,210,0,247,948,332,5,419,844,452,717,553,160,557,550,623,352,626,3
549,0,340,18,737,21,907,50,1065,57,148,90,1168,116,1156,239,4,257,1063,375,0,434,927,507,153,583,771,612,354,669,574,678,3
542,0,734,17,334,23,912,43,1076,48,146,98,1185,105,1173,232,4,266,1076,375,0,440,935,511,149,588,772,618,349,674,570,685,3
540,0,732,17,330,24,911,43,1075,46,1080,48,142,99,1188,105,1177,232,3,267,1080,375,0,441,939,511,150,588,776,619,350,675,3
547,0,742,18,336,21,921,47,1089,52,147,94,1201,113,1186,242,6,260,1086,385,0,434,939,521,147,584,773,626,345,675,567,690,3
547,0,743,19,335,22,926,47,1096,53,147,96,1211,114,1198,245,7,259,1095,390,0,432,945,527,144,583,776,633,341,676,566,694,3
557,0,760,19,342,22,949,49,1128,55,152,96,1218,256,11,259,1121,404,0,433,963,544,142,586,784,650,338,685,566,709,-1,-1,3
553,0,753,20,340,20,940,49,1117,59,150,93,1231,120,1215,252,8,257,1110,400,0,432,957,537,144,585,782,643,342,682,569,703,3
632,0,404,5,834,37,187,70,1013,81,1178,99,1284,168,17,239,1264,297,0,430,1159,436,1009,568,162,602,836,670,378,707,617,728,3
634,0,400,12,842,32,1027,68,1199,84,180,87,1305,147,1291,280,8,273,1192,426,0,474,1046,568,176,646,875,682,407,744,655,755,3
642,0,867,21,401,24,1075,52,180,107,1399,128,1386,274,11,296,1272,439,0,497,1105,597,170,673,911,721,403,779,667,797,-1,-1,3
655,0,412,21,883,24,1095,58,1293,66,188,101,1425,139,1410,287,15,289,1290,453,0,492,1117,610,167,672,915,733,400,782,667,805,3
654,0,410,21,884,24,1097,59,1298,69,187,103,1433,140,1416,290,13,291,1296,458,0,495,1122,616,167,674,919,739,402,788,669,810,3
642,0,869,24,399,24,1081,57,1282,65,179,104,1414,135,1401,284,11,289,1277,449,0,488,1103,604,166,662,902,724,396,771,657,793,3
619,0,841,20,385,25,1048,51,1245,55,173,106,1376,124,1360,272,11,288,1239,435,0,481,1067,588,159,650,870,706,380,753,633,774,3
592,0,809,16,364,27,1014,43,159,109,1336,111,1323,254,6,288,1207,416,0,475,1042,566,158,636,853,683,375,735,621,751,-1,-1,3
538,0,740,9,1123,26,934,29,329,32,1249,84,142,112,4,279,1133,377,0,451,976,525,143,598,795,638,344,690,574,708,-1,-1,3
522,0,727,3,926,13,313,39,1249,59,132,127,1,296,1125,358,0,463,965,509,143,603,784,626,340,687,567,697,-1,-1,-1,-1,3
510,0,714,4,913,20,304,36,1241,67,127,119,0,282,1119,367,0,446,957,515,139,586,774,627,332,673,557,692,-1,-1,-1,-1,3
535,0,731,11,1094,29,330,28,916,31,1213,86,145,107,1205,215,7,269,1098,364,0,436,947,505,142,580,774,614,338,667,563,680,3
532,0,728,10,1090,25,913,29,328,28,1210,81,143,108,1202,211,5,272,1097,361,0,440,949,502,142,584,776,613,340,669,565,680,3
536,0,731,12,332,26,1089,31,914,33,1207,87,146,103,1199,215,6,266,1095,360,0,435,948,500,143,578,776,609,340,665,566,676,3
538,0,731,11,335,26,1087,32,912,32,1200,85,147,102,1194,214,7,268,1093,360,0,438,947,499,143,583,777,611,342,669,568,680,3
543,0,744,14,340,25,943,38,1139,41,163,91,22,231,0,387,1156,391,984,534,120,538,782,635,308,647,545,686,-1,-1,-1,-1,3
538,0,741,10,335,28,943,31,1145,36,158,97,19,240,1165,388,0,400,995,533,123,551,794,642,315,660,555,696,-1,-1,-1,-1,3
1109,0,721,6,516,10,919,12,1247,48,310,55,130,141,1254,185,1,303,1153,343,0,468,1000,499,147,605,815,620,352,689,591,696,3
1100,0,905,24,704,28,1244,37,501,46,299,101,1261,173,125,192,1171,339,0,354,1024,505,0,515,840,639,150,649,610,726,362,727,3
1111,0,909,24,1253,34,703,33,496,55,295,114,122,209,1185,339,0,373,1036,509,0,536,846,650,148,669,611,742,360,746,-1,-1,3
1109,0,911,20,707,24,1253,40,501,38,299,92,126,181,1184,338,0,340,1,504,1035,503,847,637,149,638,360,720,613,724,-1,-1,3
1090,0,715,14,907,15,519,19,1226,37,320,66,143,149,1245,166,6,310,1163,322,0,477,1023,484,846,614,148,618,617,703,365,703,3
1111,0,732,1,535,2,925,9,335,41,1247,43,155,118,1259,171,14,269,1168,324,0,432,1020,477,140,575,833,598,349,666,599,676,3
1112,0,735,2,539,3,927,9,1247,41,340,43,159,119,1261,169,16,270,1172,320,0,433,1022,475,139,575,837,597,349,665,602,675,3
1112,0,734,2,539,4,926,9,1249,41,340,44,160,119,1265,168,17,270,1176,321,0,435,1029,476,139,579,842,600,350,670,605,679,3
612,0,806,7,1156,22,987,23,405,29,1279,63,205,97,1295,181,31,250,1217,319,0,425,1083,468,150,583,903,593,386,680,659,682,3
608,0,809,2,999,12,398,38,1309,46,198,111,1328,168,28,265,1246,314,0,440,1104,468,152,593,916,597,389,687,666,688,-1,-1,3
668,0,879,12,445,29,1079,30,1269,35,1408,81,232,92,1425,208,43,243,1334,352,0,421,1178,506,150,589,971,634,398,701,697,717,3
733,0,950,19,501,21,1155,48,1347,61,274,74,1489,111,61,218,1508,239,1419,384,0,404,1259,538,151,592,1040,669,415,723,743,751,3
738,0,966,8,1394,32,1186,26,500,34,1552,74,270,100,1583,209,59,251,1496,364,0,442,1330,537,157,628,1099,680,432,755,781,776,3
780,0,1015,13,532,28,1240,35,1612,89,291,92,1644,223,66,239,1560,376,0,431,1392,546,162,623,1153,691,453,760,821,784,-1,-1,3
791,0,1028,15,541,28,1254,38,1466,50,297,89,1627,95,1660,230,68,235,1574,384,0,429,1405,553,162,625,1164,695,457,762,829,790,3
800,0,1039,14,548,27,1268,39,1482,51,302,86,1646,98,71,232,1680,235,1595,388,0,425,1424,559,162,622,1180,703,459,765,838,796,3
794,0,1033,14,542,28,1262,38,1478,49,298,90,1642,94,1676,232,69,237,1593,386,0,430,1423,558,163,627,1179,703,461,767,838,797,3
707,0,944,7,1385,26,1172,23,460,38,1548,69,222,111,1585,203,0,265,1503,360,1338,539,105,649,1101,690,399,778,769,794,-1,-1,3
984,1,748,0,1210,12,504,43,270,119,1621,185,56,278,1537,346,0,473,1372,525,167,658,1139,680,455,778,815,787,-1,-1,-1,-1,3
1171,0,942,0,706,11,1558,17,467,67,242,152,1600,155,44,321,1518,323,1356,513,0,514,1125,675,168,686,806,793,452,794,-1,-1,3
908,0,1137,0,675,11,1528,20,440,65,223,148,1566,160,38,314,1483,332,0,503,1319,518,164,676,1087,681,435,785,774,790,-1,-1,3
893,0,1118,6,664,6,1495,35,431,55,217,136,1528,172,35,300,1441,339,0,487,1277,521,161,655,1053,672,426,766,752,774,-1,-1,3
664,0,883,11,1294,32,1093,29,438,32,226,100,1466,216,41,253,1377,374,0,437,1217,537,153,614,1002,673,406,735,716,758,-1,-1,3
661,0,879,11,1090,30,433,31,218,104,1453,220,38,256,1357,376,0,441,1192,539,152,614,976,672,399,731,698,754,-1,-1,-1,-1,3
804,0,584,1,1020,11,362,45,1381,51,169,125,15,288,1291,360,0,462,1122,525,148,615,911,655,374,717,648,734,-1,-1,-1,-1,3
762,0,554,1,1163,3,965,10,343,42,1306,50,157,121,1319,188,12,277,1219,347,0,445,1058,506,143,594,861,631,358,690,616,705,3
538,0,733,12,334,27,919,33,1221,87,151,97,1219,216,10,250,1122,358,0,415,973,497,143,560,795,605,344,652,578,668,-1,-1,3
554,0,753,18,347,21,941,45,159,88,1244,112,14,240,1233,240,1122,385,0,404,964,519,137,553,781,619,332,650,562,674,-1,-1,3
565,0,358,17,763,22,951,53,1133,64,169,81,1255,125,19,230,0,393,1124,398,962,529,131,547,775,626,324,647,554,676,-1,-1,3
549,0,758,15,337,25,961,42,1162,44,150,101,1294,113,1274,256,12,258,1141,413,0,424,961,553,130,574,765,655,316,675,541,705,3
533,0,750,7,1164,20,958,26,318,36,1301,85,132,122,1,288,1151,400,0,455,973,548,137,598,776,657,328,691,553,714,-1,-1,3
531,0,746,3,1160,8,956,19,314,40,1298,70,129,127,1283,219,0,298,1154,384,2,464,980,535,143,604,786,647,338,693,565,709,3
535,0,752,5,1166,14,961,23,318,37,1302,77,130,128,1285,225,0,301,1156,392,3,472,982,544,147,616,791,657,343,703,570,721,3
539,0,757,9,1178,23,969,30,320,34,1314,91,131,121,1293,240,0,293,1156,404,2,463,977,552,144,607,784,660,336,697,562,718,3
1195,0,756,17,978,23,528,25,1336,63,303,77,115,185,1312,219,0,373,1173,400,20,542,995,560,173,672,805,678,369,745,591,749,3
1172,0,968,28,753,28,1304,57,300,94,109,207,1153,370,0,399,990,522,33,562,817,641,201,677,617,719,401,729,-1,-1,-1,-1,3
955,0,743,4,518,20,1287,25,289,76,1265,165,102,196,1144,337,0,392,989,490,39,556,823,612,213,665,629,695,416,713,-1,-1,3
1280,0,726,11,494,41,263,117,1260,141,80,253,1145,320,0,458,998,482,841,611,59,616,655,704,244,707,448,735,-1,-1,-1,-1,3
1162,0,961,31,752,37,1289,52,527,54,295,112,1270,189,105,232,1151,361,0,429,997,514,39,594,833,637,217,699,637,723,422,744,3
1157,0,956,36,742,43,1290,51,518,63,290,123,103,244,1149,364,0,439,993,519,40,599,826,642,213,704,631,728,416,747,-1,-1,3
1154,0,952,33,739,40,1286,51,514,60,286,120,1267,190,101,239,1148,364,0,435,994,519,41,595,826,643,213,702,631,727,417,746,3
1155,0,952,37,738,46,1289,50,512,67,285,129,1269,190,100,251,1149,367,0,445,993,524,40,605,825,648,212,709,628,733,415,754,3
1153,0,949,36,735,46,1287,49,509,69,283,130,1268,189,99,252,1149,367,0,445,994,525,41,607,826,649,214,711,629,735,416,756,3
1153,0,948,36,734,45,1286,50,508,68,281,130,1267,191,98,252,1147,367,0,447,992,525,40,608,824,649,213,711,628,735,415,756,3
1155,0,949,38,735,45,1287,51,509,67,282,128,1269,192,99,249,1147,367,0,443,993,524,41,603,825,648,213,707,629,733,415,753,3
1289,0,730,4,506,28,279,94,99,219,1148,319,0,413,991,477,41,568,822,603,212,670,626,691,412,711,-1,-1,-1,-1,-1,-1,3
1154,0,745,24,954,24,524,33,1284,56,299,86,1270,199,111,198,1155,372,0,393,997,527,32,564,828,650,202,684,626,734,406,742,3
751,0,959,6,531,6,1288,42,305,58,116,165,1150,361,0,363,991,517,25,535,817,640,190,662,613,719,394,726,-1,-1,-1,-1,3
715,0,515,1,903,7,305,44,121,138,0,317,1100,323,963,470,17,487,804,587,181,613,606,668,385,677,-1,-1,-1,-1,-1,-1,3
512,0,702,9,1054,22,881,27,314,29,1168,75,136,106,1160,201,3,266,1056,344,0,428,910,481,137,564,744,587,327,644,542,653,3
508,0,696,9,1049,25,875,27,311,28,1164,77,135,104,1155,202,3,262,1050,346,0,423,904,482,135,559,737,586,322,640,536,650,3
510,0,699,14,314,23,879,37,1055,38,139,94,1171,96,1158,224,8,245,1044,364,0,403,891,493,128,539,720,591,309,626,518,645,3
507,0,319,15,692,21,873,52,1055,61,150,74,1174,124,18,209,1153,251,0,354,1027,387,109,491,860,506,272,588,679,589,474,624,3
503,0,318,11,684,24,862,58,151,66,1042,70,1159,135,20,196,1138,259,0,341,1012,392,102,480,845,508,261,580,663,588,460,620,3
470,0,650,15,294,20,831,39,1018,43,137,80,1142,104,18,206,1125,232,0,341,994,371,96,471,824,491,246,564,640,571,439,604,3
603,0,790,1,421,11,1119,26,248,54,102,135,1115,162,0,275,992,320,1,411,830,462,109,527,652,564,265,602,457,619,-1,-1,3
991,0,793,24,602,26,420,39,1129,44,248,85,102,168,1122,183,0,310,993,346,0,445,827,491,108,560,647,595,261,633,450,650,3
610,0,799,4,427,6,1134,36,255,47,107,125,1123,175,2,263,989,332,0,398,819,472,102,515,637,569,253,595,441,617,-1,-1,3
1001,0,612,8,428,12,799,13,257,51,1133,50,109,128,1121,188,4,265,987,346,0,402,816,483,101,521,634,579,250,601,438,626,3
992,0,608,7,427,11,796,15,256,50,1125,51,110,126,1114,190,5,263,980,345,0,399,810,483,101,518,630,577,250,599,435,623,3
592,0,418,3,771,7,252,39,1091,43,109,112,1078,178,6,244,946,329,0,375,780,460,95,491,605,551,238,570,418,595,-1,-1,3
943,0,574,13,753,17,402,18,1072,47,243,56,105,130,1060,182,6,261,928,335,0,389,762,467,93,502,589,559,231,579,404,603,3
403,0,560,11,250,20,717,30,880,30,113,80,985,84,10,199,969,201,0,323,850,326,705,434,88,435,550,508,220,514,382,541,3
385,0,533,13,238,19,681,32,834,34,107,72,932,85,9,185,917,194,0,301,805,311,84,409,668,411,521,480,209,483,362,510,3
384,0,529,11,239,17,673,33,818,36,107,71,909,83,8,183,896,187,795,300,0,301,667,399,88,407,526,468,215,479,371,502,3
388,0,532,15,244,15,673,36,818,41,113,66,907,90,13,175,891,192,0,291,788,303,84,397,657,399,516,465,207,471,360,496,3
368,0,517,9,223,22,817,25,664,26,914,74,97,79,897,184,5,195,788,304,0,312,655,406,88,415,515,475,212,485,361,508,3
387,0,540,8,855,20,694,23,237,24,959,69,105,85,946,184,7,203,834,311,0,324,694,419,89,432,544,495,219,506,379,531,3
394,0,550,8,242,22,707,24,977,72,108,84,964,189,8,203,849,317,0,326,706,428,90,437,552,504,221,513,383,539,-1,-1,3
404,0,572,3,917,7,741,16,242,30,1031,59,101,101,1017,185,1,233,896,326,0,363,745,447,100,476,586,531,242,551,412,573,3
399,0,571,3,919,8,742,16,237,30,1037,60,94,100,1025,187,0,234,904,329,2,365,754,450,104,479,594,534,248,554,420,576,3
409,0,584,8,946,19,761,25,241,27,1065,78,98,99,1048,209,0,236,920,354,2,371,764,473,107,489,601,556,252,568,425,595,3
413,0,593,11,970,26,777,30,1096,88,1077,223,943,370,0,382,783,490,109,498,614,573,258,580,434,609,-1,-1,-1,-1,-1,-1,3
424,0,623,7,1047,17,828,25,241,32,1188,87,91,114,1157,236,0,263,1001,398,13,404,127,526,822,524,645,606,279,609,459,641,3
430,0,635,9,849,25,237,33,1223,91,85,120,0,271,1026,398,23,410,845,521,147,528,668,601,304,604,484,633,-1,-1,-1,-1,3
426,0,629,9,1055,20,240,27,836,28,1197,90,88,108,1171,232,0,256,1020,389,19,396,846,510,141,515,670,590,299,595,483,624,3
430,0,633,7,1061,15,841,24,242,29,1203,84,89,112,1177,228,0,263,1027,386,21,403,854,511,147,522,678,595,306,602,491,630,3
1079,0,636,21,853,25,423,28,1229,61,228,71,77,168,1207,209,0,328,1062,380,34,470,893,516,174,579,720,610,343,645,533,659,3
1064,0,834,34,616,38,404,52,1221,58,215,102,69,202,1206,207,0,364,1064,386,40,502,896,528,180,608,725,628,350,671,539,681,3
1066,0,835,36,616,42,404,58,1223,57,216,109,1208,210,71,210,0,372,1064,389,39,509,894,533,176,615,721,633,345,678,534,687,3
1062,0,829,37,610,45,1221,55,398,63,211,115,1208,208,69,217,0,378,1063,388,39,514,893,533,177,618,721,634,346,680,534,688,3
1060,0,827,37,607,45,1219,54,396,62,210,116,1207,208,67,218,0,380,1063,388,40,516,894,534,179,620,722,636,348,681,536,691,3
1062,0,828,40,607,50,1223,56,394,69,207,123,1208,210,67,226,0,389,1064,393,41,524,893,539,180,627,721,640,347,688,535,697,3
1061,0,827,40,606,49,1221,56,394,70,206,124,1207,211,66,227,0,389,1063,393,39,527,893,540,179,629,721,642,348,690,536,698,3
1058,0,825,39,605,50,1217,53,394,70,206,124,1206,209,65,228,0,391,1063,389,42,526,895,535,181,629,724,638,351,687,539,694,3
1053,0,820,43,1215,52,600,56,389,80,203,136,64,240,1062,391,0,401,42,536,895,541,182,638,724,644,350,695,539,701,-1,-1,3
1052,0,820,43,1213,51,600,56,390,79,203,136,1203,205,63,242,1063,389,0,405,42,539,896,538,182,640,725,644,352,697,541,702,3
816,0,1211,5,595,15,386,40,201,97,1203,159,63,202,1064,343,0,363,897,493,41,498,182,598,726,600,352,654,541,659,-1,-1,3
1051,0,820,44,1213,54,600,57,390,79,203,135,1203,206,63,240,1063,390,0,400,41,536,896,539,181,638,725,644,351,696,540,701,3
1054,0,822,42,1215,53,603,55,393,77,206,132,1203,202,66,237,1064,388,0,398,41,533,897,536,181,635,726,641,352,693,540,700,3
1053,0,820,42,1214,50,601,55,392,78,205,134,1204,204,65,238,1064,387,0,399,40,536,896,537,180,636,725,642,351,694,539,700,3
1049,0,818,42,1211,50,599,55,390,77,204,133,1202,203,65,236,1064,386,0,398,40,533,898,534,182,634,727,640,352,692,541,698,3
813,0,1205,9,596,14,389,36,205,92,66,198,1066,346,0,359,41,495,901,498,181,598,730,604,352,658,543,663,-1,-1,-1,-1,3
1049,0,820,40,1208,49,603,52,396,73,210,129,1201,199,69,232,1065,381,0,392,39,528,900,530,178,631,728,638,349,691,541,695,3
1053,0,824,38,607,47,1213,54,398,65,211,119,1203,205,69,221,0,384,1065,389,38,523,898,538,178,629,726,644,348,693,539,700,3
1050,0,824,39,608,47,1208,54,401,65,214,119,1200,205,72,221,0,384,1063,386,39,522,899,534,178,628,728,638,350,689,541,696,3
1044,0,823,36,610,43,1197,51,404,60,217,114,1192,201,72,215,0,380,1061,379,38,520,901,528,178,627,731,634,352,688,544,695,3
1043,0,618,25,826,25,417,32,1191,55,229,80,77,173,1179,209,1039,385,0,484,868,534,127,604,689,640,297,680,493,696,-1,-1,3
839,0,634,2,434,17,1198,22,248,68,96,165,1194,174,0,329,1062,355,17,478,894,511,145,598,715,623,316,673,516,685,-1,-1,3
1024,0,828,24,636,26,444,37,1160,45,262,85,105,177,1160,185,0,337,1042,353,9,487,886,506,136,610,713,621,310,682,514,689,3
1029,0,831,24,638,25,448,34,1168,47,266,80,110,169,1168,187,0,325,1048,356,3,475,886,509,125,600,706,623,295,677,500,689,3
1047,0,841,23,643,23,449,31,1192,51,267,76,110,164,1190,196,0,322,1065,372,3,476,897,529,119,608,711,645,291,692,500,711,3
1056,0,852,27,655,29,458,42,1200,48,274,91,113,184,1200,193,0,346,1076,369,3,501,909,529,128,629,725,649,304,708,514,719,3
1056,0,854,25,655,26,459,38,1198,46,272,87,111,181,1200,189,0,342,1080,364,4,498,917,523,132,627,735,644,312,706,525,715,3
1059,0,855,28,657,33,461,47,1205,46,276,98,114,192,1207,189,0,354,1087,370,3,511,922,534,127,643,736,657,305,719,522,731,3
1078,0,870,24,668,27,467,41,1219,45,276,91,111,186,1218,191,0,352,1098,368,6,511,934,530,139,641,750,654,322,718,538,726,3
1134,0,706,13,919,19,496,20,1285,55,294,64,123,153,1280,205,2,319,1149,384,0,482,970,545,131,621,771,665,318,711,544,730,3
534,0,739,2,1123,2,935,13,324,39,1254,55,136,129,1253,191,0,306,1148,354,0,482,996,511,152,628,817,635,360,711,596,715,3
552,0,756,11,1135,28,949,30,339,31,1259,85,148,115,1251,222,5,284,1139,378,0,460,985,524,148,609,804,640,353,698,586,710,3
546,0,747,9,1113,22,935,27,334,32,1234,77,142,116,1228,208,1,289,1128,361,0,466,982,507,156,614,810,625,364,696,597,701,3
498,0,680,10,306,25,1004,29,846,30,1112,79,132,96,1111,197,2,252,1024,332,0,413,896,464,143,550,743,569,335,629,549,636,3
480,0,661,6,990,15,830,20,291,31,1101,63,123,105,1099,182,0,258,1012,321,0,414,880,455,136,544,725,560,322,620,534,628,3
498,0,311,16,672,19,832,45,984,51,141,78,1086,104,1079,218,9,220,988,344,0,376,858,465,131,513,706,558,311,598,517,614,3
498,0,313,9,676,25,848,57,148,60,1011,71,1126,133,20,187,0,336,1027,381,116,484,883,502,713,590,292,591,507,631,-1,-1,3
512,0,320,14,697,23,876,55,152,68,21,192,0,337,1047,382,112,479,897,503,287,584,717,588,504,627,-1,-1,-1,-1,-1,-1,3
460,0,631,5,948,15,795,18,283,28,1061,58,125,93,1071,169,6,228,997,297,0,375,875,427,131,504,724,529,317,585,531,594,3
983,1,639,0,459,1,814,8,277,38,119,109,4,245,1034,297,0,391,902,435,130,519,741,546,318,599,537,613,-1,-1,-1,-1,3
621,0,446,7,263,40,108,106,112,112,0,245,1028,294,2,389,906,427,138,513,749,535,328,592,549,603,-1,-1,-1,-1,-1,-1,3
957,0,627,0,451,2,796,8,1077,36,273,37,117,106,1091,150,1,244,1017,285,0,391,897,420,135,516,742,529,325,593,545,599,3
976,0,635,8,809,12,453,16,1101,35,272,56,114,132,1118,152,0,275,1046,293,1,424,922,436,139,550,766,551,334,625,561,627,3
988,0,642,15,820,15,459,22,1116,36,276,65,116,142,1137,153,0,285,1065,298,1,436,942,442,783,560,142,562,343,638,575,639,3
652,0,832,1,466,8,1133,22,280,51,119,129,1156,140,0,274,1085,284,0,426,960,432,797,552,143,554,347,632,583,634,-1,-1,3
684,0,496,5,866,6,1169,33,306,44,137,119,1188,154,7,266,1115,296,0,425,986,446,145,563,819,568,355,646,600,650,-1,-1,3
613,0,819,18,396,20,1014,46,1197,56,195,80,1333,109,28,228,1346,239,1258,383,0,405,1109,531,154,576,918,648,388,691,665,718,3
622,0,405,17,827,23,1021,54,1203,68,203,75,1335,123,32,219,1344,252,1254,395,0,396,1103,540,149,569,910,654,381,689,656,721,3
621,0,405,16,826,23,1021,55,203,72,1336,126,32,215,1344,256,0,393,1253,400,1102,544,146,567,907,658,378,689,654,722,-1,-1,3
622,0,405,15,828,24,1023,58,203,71,1342,131,33,212,1350,262,0,389,1259,405,1103,549,144,563,906,661,374,687,650,723,-1,-1,3
624,0,407,14,830,24,1027,60,205,68,1213,76,1347,135,34,211,1355,266,0,388,1261,412,1105,557,144,564,907,668,373,690,650,728,3
622,0,405,15,829,26,1026,60,203,70,1349,135,34,212,1357,265,0,388,1264,411,1108,557,144,564,909,668,373,689,650,728,-1,-1,3
622,0,406,15,826,24,1020,57,1202,71,204,72,1335,129,33,214,1345,259,0,391,1257,402,1106,547,150,567,912,660,381,689,659,724,3
631,0,415,11,833,29,211,65,1023,65,1333,141,36,205,1341,268,0,386,1252,410,1102,553,147,564,911,663,379,691,656,727,-1,-1,3
657,0,430,7,870,32,220,60,1074,74,1265,96,1402,164,40,203,0,389,1316,452,147,582,1155,601,947,717,385,724,678,773,-1,-1,3
652,0,427,3,858,37,215,54,1051,80,34,197,0,388,1278,444,157,581,1129,588,937,700,399,718,684,761,-1,-1,-1,-1,-1,-1,3
457,0,678,17,240,32,872,71,1045,130,1204,165,45,169,1313,236,1306,360,0,365,1219,487,155,570,1078,613,899,710,390,712,661,760,3
387,0,594,12,188,42,774,59,930,111,1071,140,23,189,1164,208,1147,325,0,374,1059,445,149,549,926,560,773,647,352,662,573,695,3
393,0,600,14,195,40,777,64,931,117,1076,146,27,185,1162,215,0,371,1052,450,145,549,919,564,763,650,344,663,564,697,-1,-1,3
381,0,591,11,181,45,769,60,926,113,1068,141,19,197,1159,211,0,384,1048,450,148,560,914,566,760,654,347,671,565,701,-1,-1,3
384,0,590,13,186,43,769,61,924,114,1066,144,23,189,1159,212,1137,329,0,374,1045,450,143,549,911,564,754,650,340,661,557,695,3
409,0,204,8,591,32,14,67,754,70,902,86,1002,149,904,399,773,526,0,563,620,625,199,660,421,682,-1,-1,-1,-1,-1,-1,3
553,0,347,6,738,31,159,67,905,69,1054,84,1159,148,13,223,1147,270,1060,404,0,403,927,533,146,568,771,634,346,670,570,693,3
368,0,570,4,747,43,176,52,904,89,1048,111,1146,176,22,200,1129,294,0,382,1043,421,910,543,141,552,757,638,338,661,557,690,3
378,0,581,9,186,47,755,55,911,105,1054,130,1148,198,27,194,1128,315,0,378,1037,440,137,552,903,558,746,650,330,666,548,699,3
383,0,586,11,189,45,763,59,920,111,1063,140,29,190,1157,209,1134,328,0,371,1038,451,134,546,900,567,740,655,324,662,541,700,3
379,0,583,7,187,48,762,51,922,100,1067,125,1163,194,26,197,1140,313,0,379,1046,441,135,550,906,559,746,651,325,664,545,698,3
384,0,601,3,792,44,181,59,961,93,1114,119,1212,190,21,220,1181,315,0,405,1076,450,926,573,142,575,759,666,335,684,555,715,3
387,0,609,2,802,44,180,60,973,93,1130,116,1229,189,18,227,1201,315,0,419,1096,452,946,578,148,590,778,674,347,699,570,727,3
413,0,637,12,199,54,829,61,997,116,1150,145,1245,220,25,219,0,415,1103,476,950,597,147,595,781,690,348,707,573,740,-1,-1,3
426,0,657,9,854,58,208,59,1026,112,1184,136,1279,216,26,231,1237,342,0,430,1126,480,966,605,147,609,791,701,350,721,578,753,3
422,0,657,6,859,53,200,63,1037,107,1199,133,1296,210,23,239,1257,341,0,437,1138,481,974,608,149,615,797,705,353,726,582,757,3
649,0,412,2,856,39,188,76,1036,85,1199,103,1297,178,16,262,1258,307,1138,453,0,460,976,584,155,628,801,687,360,728,589,747,3
646,0,403,10,858,33,1040,73,1208,85,176,94,1304,157,1259,285,8,288,1132,433,0,485,969,566,161,641,794,670,365,725,587,734,3
679,0,494,11,870,27,309,44,135,100,1046,106,16,221,1140,249,0,409,1134,433,87,578,1026,596,857,708,235,709,657,778,438,782,4
698,0,511,2,322,26,889,37,145,75,1062,125,22,191,1146,273,0,378,1130,456,83,550,1014,611,226,684,840,713,424,765,639,771,4
698,0,510,1,322,25,889,38,146,72,1063,129,23,186,1144,280,0,372,1123,465,77,542,1000,619,215,676,823,718,408,760,621,771,4
696,0,509,3,321,26,889,38,146,74,1064,128,24,188,1147,280,0,372,1127,466,76,541,1004,621,212,676,823,721,405,761,619,773,4
690,0,502,6,885,33,314,34,139,86,1064,119,18,203,1154,270,0,389,1140,457,82,558,1023,617,225,692,845,721,423,773,641,780,4
699,0,507,10,897,32,315,42,137,100,1079,119,15,224,1169,272,0,419,1157,465,87,593,1040,630,235,727,862,742,438,806,658,807,4
714,0,517,12,917,31,322,45,140,103,1105,117,17,229,1197,273,0,422,1182,467,88,594,1059,633,237,728,875,744,442,807,666,809,4
708,0,508,19,915,22,311,62,1109,102,129,128,1212,255,8,262,1210,453,0,462,1096,629,99,637,917,753,260,769,705,832,475,841,4
722,0,519,18,932,25,317,59,1129,108,131,126,8,260,1233,264,0,464,1230,465,100,643,1113,644,930,768,262,779,715,846,481,854,4
733,0,529,20,945,24,326,62,1143,105,135,130,1249,261,9,268,1248,463,0,473,1133,644,102,654,950,772,269,790,732,853,493,864,4
738,0,531,19,953,25,325,62,1154,108,134,131,1262,267,7,271,1263,473,0,480,1147,659,103,665,962,788,272,804,742,871,500,881,4
741,0,959,21,531,24,322,73,1163,101,129,147,1271,262,3,295,1273,471,0,511,1159,660,111,695,977,795,286,831,758,884,516,901,4
758,0,983,23,539,24,323,74,1189,112,124,155,1289,279,0,312,1278,492,5,533,1155,678,122,718,970,809,298,849,757,896,522,914,4
748,0,977,19,527,27,311,81,1189,107,116,164,1294,276,0,319,1285,490,13,535,1162,675,134,713,978,805,310,841,765,889,533,905,4
756,0,987,20,533,27,314,81,1198,110,116,167,1301,279,0,328,1289,494,18,547,1168,678,144,727,986,808,324,852,777,894,547,913,4
770,0,547,12,997,36,325,51,123,124,1198,139,0,276,1287,312,10,492,1261,518,127,673,1129,688,944,800,297,804,736,871,512,876,4
770,0,547,16,998,34,326,56,123,129,1200,133,0,282,1290,304,10,497,1266,510,128,676,1136,679,951,795,300,806,742,868,517,876,4
770,0,547,20,999,30,325,63,1205,125,123,141,1299,297,0,297,1278,506,10,513,1149,681,129,693,962,801,302,822,752,879,523,889,4
768,0,545,20,999,28,324,64,1208,126,122,144,1305,298,0,302,1288,511,11,521,1160,690,130,704,972,813,306,834,759,893,528,903,4
779,0,554,15,1011,35,329,57,124,132,1217,137,0,289,1310,313,8,510,1286,525,127,696,1154,701,966,820,302,830,753,895,522,903,4
783,0,555,16,1015,35,331,56,125,131,1223,137,0,286,1316,313,8,505,1289,523,126,688,1155,698,964,815,299,821,750,888,519,894,4
786,0,559,12,1018,39,334,49,127,121,1222,144,0,275,1312,322,5,495,1283,533,120,681,1145,705,291,817,954,820,740,891,509,893,4
780,0,554,18,1011,32,329,61,1216,131,123,139,0,298,1310,306,1286,516,12,517,1155,691,134,699,969,811,309,829,758,888,529,898,4
775,0,549,19,1007,30,325,63,1213,127,122,142,1306,300,0,299,1282,508,12,515,1150,683,132,695,963,802,306,822,753,879,525,889,4
779,0,552,11,1011,38,328,46,126,115,1218,146,0,267,1304,326,0,481,1269,538,108,667,1125,709,271,804,928,821,484,884,712,887,4
773,0,544,17,1008,36,321,59,120,135,1217,141,0,291,1307,323,9,508,1276,537,124,690,1137,711,292,822,945,826,732,895,506,897,4
776,0,546,17,1013,35,321,59,119,134,1223,140,0,287,1311,321,8,501,1276,534,122,680,1132,706,287,810,937,817,498,883,723,884,4
767,0,539,18,1002,33,316,61,1213,136,117,138,0,292,1303,315,12,504,1272,527,127,680,1131,698,293,809,939,811,727,879,504,880,4
769,0,542,13,1004,38,319,51,120,123,1212,145,0,272,1298,324,5,483,1262,536,116,662,1118,703,279,794,924,812,488,871,711,875,4
752,0,525,22,993,29,305,68,1212,131,112,144,0,293,1310,312,10,498,1279,529,118,672,1130,703,276,801,929,816,484,877,710,880,4
769,0,538,15,1008,36,316,56,117,131,1220,145,0,286,1310,326,12,500,1277,540,126,680,1134,711,292,810,940,821,503,885,728,885,4
336,0,1037,4,131,69,1241,120,4,220,1312,309,0,434,1253,522,100,617,1092,686,253,752,890,788,455,834,675,843,-1,-1,-1,-1,4
763,0,534,12,1004,34,317,46,122,111,1221,136,2,246,1310,309,0,438,1265,509,98,603,1105,667,250,728,897,763,453,804,676,814,4
624,0,825,9,438,30,1015,77,259,80,97,157,1118,223,0,293,1119,412,13,476,1017,579,116,629,855,699,268,739,665,763,-1,-1,4
628,0,443,20,825,20,264,60,1010,100,102,127,1105,254,0,258,5,440,1098,446,98,599,989,609,241,718,822,719,630,770,-1,-1,4
615,0,432,17,811,23,256,52,993,105,98,114,0,237,1081,254,2,410,1062,439,89,561,946,590,223,674,779,688,400,741,593,744,4
639,0,455,8,832,32,278,36,115,90,1009,123,8,211,1090,278,0,389,1065,462,79,548,943,611,210,670,772,705,387,747,582,756,4
629,0,446,12,824,29,269,44,109,102,1004,115,5,225,1089,269,0,402,1070,456,83,560,950,609,215,680,780,707,393,755,589,762,4
626,0,443,13,822,28,267,45,108,103,1002,115,4,225,1088,270,0,400,1067,457,81,557,945,611,212,677,774,708,387,753,583,761,4
619,0,436,15,816,27,260,50,103,110,998,112,2,232,1086,268,0,407,1066,457,83,562,947,611,214,681,775,709,391,754,585,762,4
628,0,444,18,822,23,266,55,1001,102,103,118,0,245,1089,250,0,423,1077,434,91,578,965,590,230,694,800,695,612,759,414,761,4
621,0,438,18,815,22,263,56,996,103,102,119,0,245,1088,255,0,425,1077,443,88,582,964,603,226,700,797,708,607,754,408,754,4
622,0,438,19,818,23,260,57,1000,105,100,123,0,251,1088,259,4,432,1074,447,95,588,961,605,234,704,797,709,611,771,415,772,4
623,0,437,19,822,22,258,59,1005,104,97,124,0,254,1093,257,9,433,1077,443,102,585,964,598,243,697,801,699,616,760,423,762,4
618,0,818,17,431,25,253,69,1002,94,94,139,1095,243,0,270,1086,430,12,448,976,588,111,597,815,693,254,707,631,759,437,766,4
618,0,818,14,431,26,254,72,1005,90,94,145,1100,239,0,277,1091,428,13,457,982,588,111,607,819,697,255,715,634,765,439,774,4
620,0,821,14,432,27,255,73,1011,91,96,147,1106,244,0,278,1094,436,11,457,980,598,106,608,813,707,247,718,625,774,430,779,4
613,0,818,15,426,26,250,71,1012,93,94,141,1111,249,0,270,7,446,1098,444,99,597,980,608,237,710,807,714,616,776,418,776,4
618,0,824,18,429,25,253,68,1021,98,96,137,1121,258,0,266,6,444,1107,457,96,598,985,623,232,716,809,729,413,787,613,790,4
623,0,830,20,434,23,258,65,1026,102,98,134,0,263,1125,262,5,442,1111,464,93,598,988,629,230,717,810,735,412,790,614,794,4
623,0,830,16,434,26,255,72,1026,95,97,143,1128,254,0,275,10,455,1119,455,103,611,1002,622,245,728,827,732,431,797,632,797,4
636,0,843,18,444,24,263,68,1038,100,100,140,1137,260,0,274,9,458,1125,459,105,617,1007,626,249,735,834,735,639,801,436,803,4
641,0,850,18,447,24,266,68,1046,102,100,139,1144,261,0,272,6,456,1130,462,99,614,1009,630,242,733,831,739,634,804,428,803,4
644,0,857,19,450,23,266,68,1057,104,103,138,1156,270,0,272,5,458,1139,476,96,618,1012,646,237,740,830,754,424,814,629,817,4
657,0,456,21,878,27,269,62,1084,122,102,131,0,265,1180,298,4,452,1153,510,93,615,1015,678,231,742,825,780,414,822,621,833,4
666,0,462,18,889,29,271,57,104,124,1096,127,0,257,1190,305,4,444,1160,517,93,608,1018,682,230,735,825,781,414,817,620,832,4
673,0,467,16,896,30,276,55,106,120,1103,131,0,253,1198,310,1,440,1165,522,89,605,1020,688,226,734,825,785,410,818,618,834,4
690,0,481,14,918,35,289,50,117,114,1131,140,7,244,1224,327,0,433,1185,546,80,603,1030,714,214,738,825,810,398,829,609,853,4
689,0,475,19,925,30,279,60,109,128,1151,136,2,261,1253,328,0,450,1215,557,83,620,1054,731,217,755,841,830,403,849,619,873,4
690,0,475,20,930,29,279,63,109,132,1159,134,3,265,1263,329,0,453,1224,560,82,623,1061,735,217,759,845,835,403,853,620,879,4
671,0,909,22,461,25,270,71,1140,120,103,142,0,277,1253,310,1,465,1227,542,87,634,1073,724,224,768,860,830,415,860,635,881,4
671,0,903,19,465,26,275,73,1127,110,107,145,2,280,1241,293,0,469,1221,520,85,638,1073,705,225,773,865,818,640,871,418,861,4
685,0,918,22,475,25,285,70,1144,116,117,140,7,272,1255,303,0,461,1228,536,80,632,1072,722,215,770,858,832,406,864,629,885,4
666,0,893,18,464,27,279,75,1114,102,116,144,9,271,1230,280,0,455,1213,509,77,621,1064,697,210,757,852,810,400,848,623,866,4
656,0,875,19,460,25,281,69,1088,102,120,136,12,257,1201,274,0,436,1186,495,70,600,1041,679,200,735,832,792,386,827,606,845,4
622,0,826,14,439,26,269,70,1026,89,117,134,14,247,1131,247,0,416,1118,453,67,569,983,629,189,695,788,737,366,778,574,792,4
593,0,424,18,777,19,262,55,953,90,113,111,12,220,1046,231,0,385,1039,414,71,533,926,573,193,652,755,675,367,726,563,732,4
594,0,427,14,773,22,265,47,940,93,116,100,14,206,1027,230,0,369,1018,405,70,516,909,556,193,633,744,655,363,704,557,710,4
602,0,436,10,776,26,273,40,121,90,937,99,16,195,1017,234,0,359,1006,405,69,508,900,551,192,625,739,646,364,696,555,701,4
606,0,442,9,778,26,279,37,126,87,934,99,19,190,1012,230,0,353,999,396,68,501,894,540,190,617,735,636,361,687,552,690,4
602,0,438,8,771,23,278,36,126,84,927,95,19,188,1005,225,0,349,993,389,67,495,888,532,187,610,730,628,356,679,547,682,4
594,0,433,9,763,24,275,37,125,86,918,96,19,189,995,227,0,349,983,393,64,496,878,536,182,611,720,631,350,682,539,685,4
580,0,422,12,748,23,267,41,123,92,903,93,20,193,981,223,0,350,969,391,61,494,863,536,174,608,703,631,337,678,523,684,4
562,0,406,14,729,21,255,45,885,89,114,96,16,197,964,220,0,351,952,387,61,491,847,531,173,602,690,626,331,671,513,678,4
548,0,395,12,711,20,248,41,111,90,864,88,15,188,942,216,0,339,931,380,60,476,828,520,168,585,674,611,323,653,500,660,4
565,0,411,8,727,27,261,33,120,78,876,98,20,173,949,227,0,324,933,389,58,463,828,525,166,576,673,612,321,647,498,657,4
589,0,432,4,279,27,751,29,132,70,897,103,26,167,966,232,0,321,947,393,57,465,840,529,165,580,683,616,324,654,505,663,4
581,0,426,8,743,27,275,32,131,77,891,98,26,174,960,228,0,327,940,391,52,469,830,529,156,583,671,618,312,656,492,665,4
561,0,407,11,723,23,261,39,122,86,874,93,22,182,947,224,0,333,928,390,52,471,819,530,154,582,660,619,306,654,483,665,4
503,0,670,7,354,25,219,65,834,64,96,122,923,196,11,220,0,362,914,371,54,490,804,524,152,594,642,620,295,661,467,670,4
483,0,649,3,337,30,813,57,205,74,85,134,903,184,6,234,899,361,0,376,57,501,795,514,158,602,640,614,301,664,469,667,4
473,0,637,1,328,32,800,53,198,76,79,137,891,178,3,238,887,352,0,378,58,500,785,505,158,596,632,603,300,655,465,657,4
632,0,468,2,325,35,796,50,195,80,79,141,888,177,4,241,884,350,0,378,60,500,782,502,158,595,628,601,298,653,462,655,4
645,0,474,3,325,38,817,52,192,87,74,151,912,184,0,255,908,365,0,396,62,519,801,523,162,616,642,624,305,675,471,678,4
650,0,472,9,319,50,834,49,185,104,70,173,940,187,0,281,941,378,7,423,73,547,832,543,179,644,669,649,324,703,493,706,4
675,0,481,9,319,53,876,55,181,110,64,183,989,207,0,298,986,412,15,444,90,570,869,581,200,668,700,684,350,730,522,736,4
685,0,484,7,321,51,894,62,181,106,65,178,1010,218,0,292,1003,426,16,437,90,563,880,594,199,663,704,693,348,730,522,741,4
684,0,484,3,318,43,892,65,179,95,63,164,1009,226,0,276,18,420,1002,434,91,545,877,596,200,647,699,690,346,716,518,733,4
687,0,486,1,322,39,895,68,181,90,64,158,1007,229,0,270,14,414,995,435,87,539,868,594,194,640,692,685,341,710,510,727,4
495,0,696,3,327,35,904,76,186,82,67,149,1014,244,0,261,12,408,997,454,81,537,865,613,186,643,685,701,330,718,502,739,4
488,1,693,0,318,40,903,72,175,93,58,166,1019,238,0,284,28,432,1013,447,112,559,894,607,228,658,724,699,378,725,548,741,4
520,0,731,13,345,31,195,76,939,98,70,142,0,258,1038,274,13,408,1006,482,85,539,864,633,191,645,683,713,335,719,503,744,4
534,0,746,22,355,24,203,63,952,116,74,124,0,236,1041,295,7,386,996,502,72,521,173,630,848,645,315,709,663,717,481,739,4
530,0,747,18,350,27,197,68,962,113,70,130,0,243,1060,297,10,391,1020,509,77,524,180,632,868,654,322,714,678,725,492,746,4
527,0,743,13,347,30,196,73,962,102,71,136,0,249,1065,282,12,395,1029,491,80,525,186,632,880,640,331,710,690,716,503,740,4
532,0,757,14,347,29,195,71,986,109,69,134,0,246,1083,296,11,395,1060,516,81,528,187,640,906,667,334,725,707,740,512,762,4
509,0,724,7,332,33,184,80,946,90,63,148,0,264,1063,265,22,413,1044,481,101,544,909,634,215,649,726,715,365,725,540,749,4
505,0,715,7,331,35,184,82,930,86,62,151,1045,259,0,268,23,420,1033,467,105,551,904,623,221,655,727,709,373,728,546,748,4
511,0,719,11,336,31,189,76,929,93,65,144,0,263,1041,265,23,417,1028,470,106,551,901,624,224,656,728,710,377,730,549,749,4
517,0,725,12,342,30,192,75,932,96,66,142,0,261,1041,266,22,416,1026,470,107,551,901,624,224,658,729,710,376,731,550,749,4
520,0,728,11,345,32,195,78,937,93,68,148,0,270,1048,266,24,426,1033,473,108,562,908,628,226,669,734,718,381,741,554,758,4
511,0,720,6,336,35,189,83,935,84,64,154,1052,256,0,276,25,433,1044,468,110,569,920,629,231,675,747,720,388,748,564,764,4
511,0,719,6,337,34,188,82,932,84,64,153,1050,254,0,275,23,431,1042,464,109,567,920,624,230,673,746,717,387,745,565,760,4
512,0,723,5,339,34,190,82,938,82,67,151,1055,253,0,271,21,425,1045,465,102,560,917,626,220,668,737,718,376,742,554,759,4
517,0,733,2,339,38,959,79,190,89,66,161,1083,257,0,282,21,437,1071,478,100,574,935,649,218,684,748,741,375,761,555,784,4
724,0,509,7,332,52,952,67,185,110,63,188,1087,236,0,313,1092,457,30,468,118,602,966,635,242,707,784,738,406,777,592,790,4
774,0,554,11,371,61,1003,63,213,125,78,206,1132,233,0,331,1127,465,11,495,90,637,987,660,212,751,788,777,381,825,579,836,4
785,0,570,2,387,44,1004,66,227,100,88,174,1125,232,2,293,0,456,1113,455,69,600,970,643,187,717,768,754,356,795,555,809,4
795,0,569,15,1034,55,381,67,223,133,87,214,1173,228,2,337,1170,475,0,503,67,650,1016,685,182,773,793,810,353,856,565,870,4
827,0,594,11,405,61,1073,61,245,124,105,200,1206,246,14,318,0,482,1194,506,57,634,1026,722,166,763,787,841,334,858,546,888,4
783,0,549,26,1041,45,365,90,212,165,1213,224,80,251,0,378,1235,500,4,548,74,701,1087,743,194,831,846,887,372,926,599,947,4
832,0,603,19,1076,54,415,77,256,149,111,235,1224,232,14,365,1224,500,0,545,58,709,1061,740,172,846,822,887,350,940,575,954,4
837,0,605,16,1083,58,416,74,258,146,117,230,1227,252,18,359,0,539,1212,535,50,703,1034,777,153,845,785,916,319,948,537,975,4
419,0,1081,2,260,68,118,151,1214,199,19,278,0,457,1189,483,48,621,1004,716,146,761,757,845,306,863,515,894,-1,-1,-1,-1,4
839,0,615,4,429,41,1074,61,269,103,127,180,1199,254,24,301,0,476,1167,525,43,637,981,747,138,775,737,867,293,877,499,912,4
632,2,851,0,446,44,1076,72,286,103,141,177,1193,260,31,296,0,469,1159,525,38,631,978,743,132,771,735,864,288,876,496,910,4
641,0,861,3,458,40,1090,80,302,96,156,166,43,284,1212,278,0,462,1178,561,25,635,106,790,984,795,256,890,-1,-1,-1,-1,4
878,0,632,17,1137,68,441,81,284,156,144,241,1273,296,38,369,0,553,1222,628,22,726,98,884,996,899,238,1009,711,1027,-1,-1,4
666,0,880,19,477,48,327,126,1027,184,207,212,97,307,15,437,1047,477,0,611,37,770,907,762,682,927,120,904,-1,-1,-1,-1,4
685,0,889,21,494,39,341,114,1014,186,217,199,104,293,17,420,1007,463,0,590,858,723,34,740,117,868,646,884,250,954,432,963,4
626,0,814,13,453,45,317,116,934,157,206,196,101,282,21,398,936,416,0,554,797,666,25,693,95,812,592,824,386,895,214,889,4
611,0,799,9,442,50,305,124,919,151,199,207,96,295,19,413,919,411,0,568,783,666,25,706,95,824,580,828,210,903,377,906,4
595,0,785,9,426,52,292,129,903,152,187,213,88,303,15,421,905,414,0,575,770,667,29,711,100,826,572,827,217,902,379,906,4
590,0,777,10,420,50,288,124,895,151,182,204,84,291,13,405,893,406,0,555,758,651,30,686,98,795,563,802,212,869,370,875,4
617,0,795,20,452,38,317,102,207,175,901,167,106,255,26,365,884,417,0,514,21,649,739,653,81,764,540,795,189,846,346,859,4
621,0,802,24,455,37,321,101,212,173,903,170,108,253,28,361,883,419,0,509,19,642,734,651,78,757,535,791,185,839,339,853,4
621,0,799,21,454,36,321,99,213,171,903,167,110,250,30,358,885,416,0,506,18,640,737,652,76,756,536,792,183,838,340,855,4
610,0,791,16,445,41,311,108,900,163,205,183,104,264,25,375,886,418,0,524,19,659,739,660,78,776,538,806,186,858,343,873,4
607,0,791,18,440,43,309,111,902,169,203,187,103,269,25,380,889,430,0,530,18,666,742,677,78,785,537,824,184,870,339,885,4
589,0,775,13,422,48,291,120,890,163,188,200,92,286,18,400,885,430,0,551,24,685,743,681,88,802,541,830,195,883,350,897,4
587,0,775,13,415,49,283,125,891,169,182,208,86,295,15,412,882,441,0,563,28,698,738,693,92,813,540,842,200,894,352,909,4
615,0,805,27,443,38,308,104,201,177,916,193,103,257,26,367,890,466,0,517,19,654,730,710,72,774,523,843,175,865,327,892,4
616,0,806,28,443,37,307,102,202,174,919,195,103,254,25,364,897,475,0,514,16,653,735,721,72,777,524,855,173,872,325,896,4
612,0,815,28,434,41,298,110,193,184,934,208,96,266,23,378,907,505,0,529,19,668,736,759,72,792,172,891,519,888,320,928,4
604,0,809,29,428,43,292,113,189,188,931,212,94,271,21,382,906,515,0,533,17,673,735,773,71,799,169,900,516,901,318,933,4
597,0,801,24,418,47,286,120,181,196,89,280,19,393,907,513,0,543,19,682,737,774,75,806,175,906,518,905,321,940,-1,-1,4
592,0,799,23,413,48,280,122,179,200,927,206,87,285,17,398,907,516,0,548,21,688,739,780,75,812,175,912,519,911,322,944,4
589,0,792,22,410,46,276,120,178,197,921,206,86,281,16,394,902,516,0,545,19,683,735,779,75,808,173,908,517,908,-1,-1,4
582,0,787,22,405,49,273,124,173,203,917,205,83,288,16,403,901,514,0,553,22,692,737,779,80,816,179,915,520,912,324,945,4
579,0,784,18,400,51,267,130,168,212,78,300,12,417,896,514,0,569,24,707,732,779,84,829,521,914,183,924,329,959,-1,-1,4
578,0,787,15,399,55,267,134,922,198,167,217,78,305,12,421,907,511,0,572,25,708,739,778,84,830,526,915,184,924,330,959,4
577,0,786,15,396,55,265,136,921,198,165,218,77,308,11,424,908,513,0,576,24,713,742,784,82,835,527,922,184,932,333,967,4
582,0,793,16,402,55,269,135,932,198,169,217,79,305,13,422,921,514,0,573,25,713,754,788,83,837,536,928,186,936,336,967,4
583,0,795,15,402,57,270,138,935,198,169,222,80,311,13,429,926,517,0,582,26,723,760,794,86,849,541,937,190,947,-1,-1,4
592,0,805,10,406,58,272,142,949,194,172,228,81,318,13,437,940,515,0,591,29,731,774,795,89,856,551,940,194,954,347,983,4
600,0,822,9,411,59,275,142,972,191,172,228,79,318,12,436,968,513,0,589,28,730,795,794,90,854,200,953,356,979,-1,-1,4
889,0,297,121,1056,165,182,214,80,311,9,438,1051,493,0,599,35,744,869,783,108,871,628,939,230,968,406,997,-1,-1,-1,-1,4
754,0,1012,22,529,51,355,129,1181,202,220,216,101,309,16,434,1182,517,0,601,39,753,989,802,124,887,721,959,265,988,469,1016,4
810,0,592,11,410,61,1038,57,253,126,113,205,1174,231,16,328,1171,487,0,503,53,662,1012,713,158,797,780,851,326,893,541,914,4
807,0,594,8,411,56,1030,56,252,119,109,198,1161,219,11,319,1159,457,0,490,63,645,1013,669,177,772,795,801,350,856,566,867,4
820,0,608,9,1034,53,424,56,259,121,108,203,1161,208,7,329,1167,435,0,507,1036,643,72,662,831,782,200,787,606,859,386,861,4
835,0,624,3,438,47,1047,58,268,109,114,188,1171,212,9,315,1177,433,0,496,1050,635,74,655,848,772,206,781,623,852,400,855,4
638,0,852,4,448,37,1062,70,274,94,116,170,1179,228,10,295,1176,448,0,475,76,636,1043,642,208,762,842,769,398,840,619,841,4
639,0,850,8,450,33,1057,77,277,83,120,153,1171,237,14,272,0,448,1162,451,70,605,1025,638,197,732,822,757,382,812,600,821,4
637,0,849,11,447,31,272,80,1058,84,115,149,1170,244,12,268,0,441,1159,458,70,597,1020,642,196,724,817,758,379,806,596,817,4
649,0,863,14,456,28,281,74,1072,92,122,139,16,256,1181,253,0,428,1165,465,70,584,1022,645,194,712,816,756,377,795,593,811,4
655,0,867,20,463,23,283,65,1072,99,123,126,16,241,1179,260,0,413,1165,468,72,572,1028,642,200,701,826,750,386,787,605,803,4
665,0,475,18,873,24,293,55,1071,107,129,113,18,227,1172,265,0,402,1156,467,70,562,1020,637,199,693,823,742,386,779,605,795,4
677,0,487,10,881,30,304,40,137,92,1074,118,22,203,1172,277,0,380,1156,474,70,545,1025,640,202,680,829,742,392,772,612,792,4
700,0,508,3,320,26,902,41,147,73,1089,139,26,184,1177,301,0,367,1152,501,70,539,1017,661,200,681,822,758,389,777,607,802,4
538,0,734,7,345,15,165,55,936,57,1118,163,36,163,1194,330,0,347,63,522,1154,523,186,668,1007,677,808,763,373,769,590,800,4
541,0,737,10,349,11,169,47,939,63,40,151,1120,171,0,332,1196,337,58,509,1153,531,178,658,1003,681,362,764,801,765,581,799,4
536,0,731,5,343,15,165,56,933,55,1117,160,37,163,1196,329,0,345,61,523,1161,528,186,673,1016,686,816,775,375,779,596,812,4
720,0,521,2,327,28,928,42,149,77,1120,143,27,193,1207,313,0,380,1177,516,70,555,1035,679,201,700,835,777,394,798,616,823,4
524,0,724,0,327,22,932,46,147,69,1122,150,25,184,1208,318,0,372,1178,518,75,548,1037,676,209,692,839,772,402,789,623,815,4
535,0,736,2,336,21,941,50,152,67,1127,154,26,183,1210,321,0,373,1179,519,76,551,1040,677,213,695,846,771,409,792,630,816,4
732,0,530,0,330,24,939,44,144,74,1128,145,21,193,1215,311,0,387,1190,510,82,565,1057,671,225,708,865,771,426,801,650,820,4
559,0,758,8,353,14,157,58,955,60,1130,163,23,180,1210,324,0,387,1190,515,92,579,1069,673,248,730,892,776,460,821,685,832,4
569,0,767,9,361,17,962,59,160,61,1134,159,22,187,1214,317,0,398,1195,504,97,592,1079,663,259,740,907,768,476,826,702,830,4
566,0,765,4,357,22,961,49,157,71,1135,145,20,200,1216,301,0,414,1200,489,100,607,1086,651,265,753,916,762,713,831,485,834,4
755,0,555,1,345,27,953,42,145,82,1130,134,12,217,1218,288,0,433,1210,476,109,625,1102,642,936,758,282,767,735,833,506,842,4
561,0,761,4,348,22,957,50,143,75,1132,146,9,211,1220,300,0,434,1214,488,117,631,1111,652,950,768,295,777,752,843,523,852,4
581,0,782,7,366,19,976,56,156,68,1147,154,15,202,1230,308,0,427,1221,495,114,629,1115,657,954,771,293,776,754,846,523,855,4
612,0,820,10,386,17,1021,63,167,68,1197,168,19,208,1280,332,0,448,1266,528,114,663,1153,697,982,817,298,820,775,895,536,903,4
628,0,395,7,835,14,164,52,1031,73,1199,181,8,202,1279,343,0,456,1270,534,136,684,1171,701,1017,823,340,845,822,907,586,923,4
645,0,415,12,849,15,183,60,1039,72,1201,178,21,208,1277,336,0,465,1266,526,1166,693,128,691,1009,816,328,850,815,904,576,925,4
630,0,833,11,402,15,1022,64,173,67,1186,166,17,218,1264,321,0,473,1257,507,1160,674,132,696,1008,799,335,849,816,890,581,917,4
617,0,820,11,390,15,1010,65,166,66,1177,168,14,216,1260,326,0,468,1254,516,1156,686,130,691,1001,811,328,847,808,899,573,921,4
632,0,836,11,403,14,1028,66,174,65,1191,170,16,219,1270,329,0,475,1261,520,1165,690,133,702,1012,818,337,861,820,910,584,932,4
631,0,838,7,400,19,1036,59,170,77,1205,163,16,233,1288,326,0,492,1280,523,1178,700,130,718,1018,831,330,877,821,922,582,932,4
645,0,860,8,410,18,1062,65,178,73,1236,176,21,232,1316,346,0,493,1302,550,125,723,1190,728,1021,859,322,887,817,930,-1,-1,4
672,0,899,10,426,19,1112,70,183,79,1291,190,20,245,1367,371,0,513,1343,583,127,747,1219,765,1039,894,323,912,-1,-1,-1,-1,4
691,0,922,12,438,15,190,73,1139,76,1318,199,23,240,1390,382,0,509,1358,594,125,743,1226,772,1041,895,321,905,-1,-1,-1,-1,4
717,0,445,9,962,17,183,71,1179,88,1345,224,14,252,1383,416,0,521,1327,622,125,747,1174,787,983,899,309,899,771,973,537,977,4
699,0,934,14,437,15,1142,81,176,81,1304,206,9,266,1353,385,0,540,1303,583,1168,747,139,760,993,862,332,901,794,945,565,965,4
698,0,930,13,434,14,1135,79,175,77,1295,204,6,264,1344,382,0,537,1293,581,1160,745,137,758,986,862,330,901,788,945,562,965,4
684,0,915,13,428,16,1123,78,172,81,1282,201,8,265,1332,379,0,535,1283,578,1150,742,134,753,977,858,325,895,779,941,552,959,4
689,0,433,10,916,16,179,70,1120,83,1275,207,13,246,1322,382,0,510,1270,576,129,729,1136,735,961,847,315,873,765,925,541,940,4
693,0,438,8,918,18,184,66,1120,86,1274,210,16,242,1319,385,0,509,1268,579,127,728,1135,738,961,851,312,874,763,927,539,943,4
695,0,441,8,921,18,187,64,1121,86,1277,213,19,238,1321,389,0,503,1268,584,124,724,1132,742,956,852,306,870,758,929,533,941,4
692,0,440,8,919,19,187,64,1121,89,1275,214,19,238,1322,390,0,501,1268,585,124,722,1134,744,957,854,307,871,758,930,532,942,4
696,0,441,7,921,19,187,62,1121,88,1274,214,20,235,1321,392,0,500,1268,587,123,722,1131,744,955,855,305,869,756,931,532,943,4
694,0,441,6,921,19,187,62,1120,87,1275,213,18,234,1321,389,0,500,1268,583,124,721,1133,741,958,852,308,868,759,928,534,940,4
699,0,443,6,924,19,190,60,1124,89,1276,215,19,235,1321,391,0,500,1268,585,124,721,1132,743,956,853,306,869,758,930,533,942,4
699,0,445,5,926,20,190,60,1126,91,1280,219,20,233,1322,396,0,498,1266,591,120,720,1127,748,951,858,302,870,751,932,526,944,4
696,0,443,7,924,21,189,63,1126,92,1280,220,21,236,1323,398,0,501,1267,594,121,722,1128,752,950,861,302,870,751,936,526,945,4
692,0,438,9,922,19,184,67,1125,89,1280,216,18,240,1324,396,0,504,1266,591,121,723,1126,749,948,859,301,871,748,934,524,943,4
694,0,436,9,923,19,184,66,1127,88,1284,216,18,241,1327,396,0,504,1270,594,121,722,1129,752,949,861,300,870,748,934,524,942,4
690,0,434,11,920,18,181,69,1126,86,1283,214,16,244,1328,392,0,507,1271,588,124,725,1132,748,953,858,303,870,752,932,527,943,4
691,0,436,9,922,18,184,66,1127,87,1284,214,16,241,1330,393,0,503,1274,590,123,722,1134,748,955,857,305,868,755,931,529,941,4
692,0,437,10,923,18,184,68,1127,87,1284,214,18,243,1328,392,0,505,1272,589,123,725,1133,748,954,858,303,871,754,934,528,944,4
691,0,437,10,922,18,184,68,1126,86,1284,213,18,243,1329,391,0,506,1273,588,122,722,1134,747,954,856,304,869,754,932,529,942,4
688,0,433,10,917,16,180,69,1122,84,1281,210,16,243,1328,389,0,505,1274,585,123,723,1135,745,956,855,305,869,755,931,529,941,4
692,0,437,9,921,18,185,66,1124,86,1283,214,18,240,1329,392,0,502,1273,590,122,722,1134,749,955,859,303,870,753,934,527,943,4
692,0,436,10,920,18,183,68,1126,87,1282,213,17,242,1329,392,0,504,1274,589,122,724,1135,749,956,859,303,871,754,934,529,945,4
695,0,440,8,924,18,187,64,1127,86,1284,214,19,237,1330,391,0,500,1275,588,122,720,1135,746,957,857,303,868,756,932,529,942,4
696,0,441,7,925,19,189,62,1129,88,1284,215,20,235,1329,393,0,498,1274,590,121,718,1134,748,955,859,302,868,754,933,526,941,4
699,0,443,7,929,19,189,63,1131,89,1286,217,21,236,1332,397,0,500,1274,595,121,722,1134,754,954,864,301,871,752,938,525,947,4
700,0,445,6,932,21,189,61,1135,93,1292,223,21,233,1335,403,0,496,1275,599,121,716,1133,755,952,863,300,865,750,934,524,941,4
698,0,440,7,929,20,187,63,1134,92,1291,221,19,236,1334,402,0,499,1275,598,120,717,1132,756,950,863,299,866,748,935,522,942,4
695,0,439,9,927,19,185,67,1133,89,1290,219,18,242,1335,399,0,504,1275,597,121,723,1132,755,952,864,300,871,749,937,524,945,4
696,0,439,8,928,20,185,64,1134,91,1290,219,18,238,1335,399,0,500,1274,595,122,719,1133,753,952,861,302,865,750,932,525,940,4
707,0,449,4,937,23,194,56,1143,97,1298,228,23,228,1338,408,0,490,1276,604,119,712,1132,760,296,862,949,866,745,936,520,940,4
703,0,446,6,937,23,192,59,1142,96,1299,228,22,232,1339,410,0,495,1278,607,119,716,1133,765,296,867,950,871,746,941,519,945,4
701,0,443,6,934,21,188,61,1141,92,1298,223,20,233,1342,404,0,495,1280,602,120,714,1136,759,952,866,299,865,748,937,521,942,4
700,0,443,7,933,19,189,62,1141,91,1300,222,19,235,1342,403,0,497,1282,602,120,718,1138,759,953,866,298,867,750,937,523,944,4
703,0,446,5,936,21,192,59,1142,93,1300,224,22,231,1343,404,0,494,1283,601,120,714,1139,759,955,866,300,865,751,937,524,942,4
716,0,457,0,949,27,201,48,1154,104,27,216,1309,237,1348,418,0,479,1283,614,116,702,1135,768,292,856,949,871,743,937,515,938,4
699,0,440,10,937,18,188,67,1151,88,1318,221,21,238,1368,408,0,498,1308,613,118,717,1159,774,297,871,969,882,758,950,525,952,4
1049,0,360,22,1252,70,134,107,1362,233,0,277,1373,442,21,526,1273,634,175,731,1107,780,392,868,899,886,650,923,-1,-1,-1,-1,4
814,0,1034,9,590,13,356,70,1235,90,132,163,1349,249,0,341,1369,459,27,595,1282,656,190,800,1126,810,925,927,413,931,677,977,4
825,0,1044,16,602,31,1244,89,364,94,134,194,1359,237,0,380,1385,436,1311,627,37,637,1167,784,219,835,976,910,459,952,731,977,4
1048,0,808,5,577,59,1281,61,344,142,1423,219,128,252,0,437,1460,446,1368,674,22,690,1194,858,177,893,966,1000,405,1024,691,1053,4
304,0,179,1,413,15,63,24,520,57,0,109,619,128,673,233,5,268,684,354,89,413,641,459,204,522,566,533,468,580,342,581,4
180,0,298,4,64,18,399,22,497,64,0,99,584,134,631,230,4,252,637,341,84,393,597,438,193,497,526,505,437,548,321,550,4
180,0,293,5,68,15,390,23,481,64,2,93,563,130,606,222,0,242,610,329,74,381,571,422,180,483,505,488,418,531,304,536,4
174,0,287,5,64,16,383,24,474,65,0,96,553,132,596,224,3,247,602,330,79,388,565,424,500,491,184,489,418,534,307,540,4
190,0,77,9,304,12,399,36,488,83,6,85,565,155,0,237,601,250,598,357,69,381,554,447,169,488,485,508,398,547,288,546,4
191,0,78,9,305,12,400,37,490,84,8,85,565,156,0,237,601,251,599,358,68,381,554,448,167,488,484,509,398,547,287,546,4
195,0,82,8,308,14,405,39,493,88,10,84,569,161,0,234,604,256,600,363,66,378,552,452,162,486,480,513,281,545,392,549,4
192,0,79,9,309,12,405,36,494,84,10,84,569,157,0,234,606,252,601,359,66,377,554,448,164,484,482,509,283,542,394,545,4
195,0,81,9,311,13,407,38,496,86,10,83,574,159,0,234,610,254,606,362,67,378,557,451,165,485,485,512,284,545,396,549,4
196,0,81,9,312,12,409,37,498,84,10,85,575,157,0,235,610,253,606,360,65,379,558,450,163,486,486,511,283,544,396,548,4
195,0,311,10,80,12,409,33,501,79,10,88,577,152,0,239,615,248,611,356,67,382,564,447,166,488,491,509,288,546,401,547,4
195,0,311,9,79,13,411,31,505,78,8,93,584,151,621,249,0,246,616,358,70,389,569,451,169,495,495,514,290,552,405,553,4
199,0,323,7,77,17,428,29,524,76,5,104,607,151,645,253,0,268,638,368,75,416,589,465,180,523,514,532,421,575,304,577,4
197,0,322,6,77,18,429,26,527,71,2,108,609,145,647,246,0,271,642,360,77,417,593,456,184,521,518,524,426,569,309,573,4
199,0,322,4,77,19,429,23,526,68,4,108,610,141,649,240,0,270,646,353,78,415,597,450,522,518,185,518,430,563,312,569,4
311,0,186,6,413,12,67,35,512,50,596,118,0,134,639,217,5,301,642,332,598,436,88,445,529,512,200,541,442,567,327,583,4
305,0,411,6,181,10,510,40,63,45,596,106,0,147,642,204,8,315,646,322,604,427,96,455,535,507,208,548,449,565,336,585,4
406,0,299,0,176,18,508,29,60,60,597,91,0,167,647,187,653,306,16,333,614,414,105,468,546,498,219,554,461,560,347,585,4
403,0,299,2,174,22,504,26,58,67,595,85,0,176,644,181,652,300,17,340,614,408,106,473,547,493,461,557,222,556,350,585,4
402,0,294,5,502,24,172,30,57,80,644,177,0,192,653,297,19,359,615,408,111,489,551,495,466,563,226,570,354,594,-1,-1,4
414,0,306,3,181,23,513,28,63,70,600,89,641,189,0,184,639,315,7,352,594,418,89,485,522,503,435,568,198,567,322,596,4
418,0,310,4,518,26,184,25,65,74,603,88,645,187,0,189,641,309,5,356,592,419,84,488,518,505,427,570,190,570,314,599,4
417,0,309,4,518,26,183,26,63,75,604,87,644,188,0,191,641,310,6,358,593,421,87,492,519,508,430,574,192,574,315,602,4
416,0,311,2,185,20,515,28,66,67,599,90,0,181,638,190,633,312,2,349,583,421,78,483,508,506,180,568,418,571,304,598,4
413,0,308,3,183,23,512,26,65,72,594,89,634,189,0,188,629,310,2,358,580,421,81,492,506,507,419,574,185,576,306,603,4
416,0,309,2,184,22,512,27,66,70,593,88,629,187,0,187,623,306,1,355,573,415,78,488,500,500,412,566,181,569,303,596,4
417,0,310,4,513,26,185,25,65,75,594,89,630,188,0,194,623,309,3,363,572,418,80,494,498,503,411,570,181,574,300,599,4
419,0,312,4,186,24,515,27,66,76,597,90,633,191,0,195,623,312,3,365,572,421,79,497,498,507,410,573,180,577,301,603,4
419,0,313,4,186,24,516,28,67,74,598,91,0,194,623,314,3,364,571,423,77,496,498,508,408,574,180,576,298,602,-1,-1,4
421,0,315,3,187,24,518,28,67,74,598,91,632,191,0,193,622,313,1,362,568,422,76,494,494,506,405,571,175,574,295,600,4
418,0,312,4,515,26,186,26,65,77,596,88,630,189,0,198,620,309,2,368,569,419,78,499,495,504,407,571,179,577,297,601,4
421,0,313,4,517,26,186,26,67,78,597,88,632,189,0,198,622,310,1,367,568,419,77,498,493,504,405,571,177,577,295,600,4
420,0,312,5,517,24,186,28,67,81,598,86,633,186,0,201,623,308,2,370,569,417,79,499,495,503,406,569,178,576,297,600,4
426,0,318,4,191,24,523,28,72,74,602,91,633,192,3,194,621,313,0,362,564,421,72,493,488,505,397,569,170,572,289,598,4
422,0,317,2,192,22,516,28,72,71,593,90,623,190,3,191,609,308,0,358,555,414,73,488,480,497,393,561,170,565,285,590,4
422,0,318,1,193,19,515,28,72,67,590,91,619,189,2,186,606,307,0,355,551,412,74,485,477,493,391,557,168,562,284,586,4
425,0,322,1,197,18,518,31,75,66,593,96,2,189,620,196,604,315,0,361,549,421,73,493,476,503,390,567,169,571,284,595,4
424,0,319,3,518,27,191,24,68,77,594,90,623,191,0,201,606,312,0,372,551,418,476,501,73,500,389,566,170,575,283,596,4
417,0,310,7,513,26,184,30,590,89,65,86,620,190,0,213,608,310,2,383,553,417,481,502,77,510,395,569,175,582,290,601,4
422,0,316,7,516,24,188,34,594,85,66,91,624,185,0,217,611,305,3,387,556,413,482,498,79,512,395,566,176,582,290,600,4
421,0,312,9,515,24,186,36,593,84,64,94,625,183,0,221,613,303,4,390,559,411,486,496,82,513,401,564,181,583,295,599,4
420,0,313,9,516,22,186,37,594,84,65,96,625,184,0,225,614,305,5,397,558,415,487,502,83,522,402,572,183,591,297,607,4
418,0,312,8,513,22,185,35,591,81,63,94,623,184,0,221,611,300,5,391,558,409,486,496,82,516,403,565,182,585,296,601,4
419,0,311,9,513,22,185,37,591,82,65,96,623,181,0,224,610,300,6,393,559,409,487,496,84,518,402,565,182,587,297,602,4
416,0,310,10,511,22,183,38,590,82,64,98,623,181,0,226,611,301,6,396,560,410,487,497,83,519,404,567,183,589,297,603,4
421,0,312,9,518,22,185,38,598,84,64,99,629,184,0,230,618,306,7,402,565,417,493,505,86,527,408,575,187,596,301,611,4
422,0,316,8,520,23,187,36,600,84,63,97,0,226,621,307,7,399,568,417,495,505,87,524,410,574,188,594,303,610,-1,-1,4
424,0,315,9,521,23,186,37,600,84,64,97,635,184,0,228,625,306,8,403,576,418,503,507,90,531,419,579,196,602,312,616,4
429,0,320,6,525,24,190,32,604,86,66,91,637,187,0,222,626,310,6,398,574,420,502,509,87,527,415,579,190,600,308,616,4
430,0,323,6,526,26,192,30,606,88,68,87,640,190,0,216,626,311,3,391,574,421,501,507,83,521,413,577,186,595,306,613,4
430,0,322,8,529,26,192,34,607,87,67,92,642,189,0,222,630,311,5,400,579,423,506,512,87,531,420,584,191,605,310,621,4
433,0,325,7,530,26,193,32,609,88,68,89,643,189,0,221,630,311,4,399,581,423,507,511,88,530,422,583,193,604,313,620,4
439,0,331,3,535,29,199,25,72,79,613,94,644,196,0,210,631,319,1,390,577,429,502,516,81,525,415,587,185,602,305,621,4
438,0,329,4,535,28,199,25,73,78,612,93,645,194,0,208,632,317,0,388,580,428,506,516,81,524,417,587,185,602,307,622,4
432,0,324,4,530,28,194,26,69,79,612,91,650,192,0,208,646,315,9,392,601,428,531,518,97,531,446,592,208,610,334,630,4
343,0,454,5,208,14,553,40,74,61,636,111,0,188,674,217,670,343,5,384,623,458,96,537,552,548,462,620,215,628,347,655,4
354,0,468,6,215,13,571,44,76,59,657,116,0,190,695,352,8,390,648,469,105,548,576,562,485,635,228,642,365,669,-1,-1,4
363,0,478,9,221,11,582,48,81,54,668,122,0,183,709,230,705,359,4,385,658,476,102,547,584,568,490,640,228,644,368,674,4
370,0,227,8,488,11,84,47,593,53,680,129,0,176,721,240,720,370,4,383,672,488,103,550,597,581,502,654,231,653,376,686,4
378,0,233,6,499,11,87,45,604,55,694,132,0,176,737,243,735,376,5,386,686,495,107,557,610,589,515,663,239,661,386,695,4
399,0,248,3,519,16,93,38,628,62,715,142,0,167,759,254,757,386,1,384,709,507,107,564,632,600,532,676,245,673,399,709,4
419,0,266,2,543,17,107,36,652,65,741,146,6,169,782,260,778,395,0,392,726,517,107,577,646,614,544,691,247,690,405,726,4
435,0,275,5,563,15,107,46,677,62,772,144,2,191,817,264,816,405,0,434,766,536,120,631,687,643,583,731,271,745,441,776,4
440,0,274,9,572,13,102,56,687,60,786,143,0,208,832,265,836,409,9,457,788,544,710,654,136,654,607,745,295,767,466,794,4
442,0,577,10,274,14,699,54,99,65,800,136,0,221,852,258,857,404,15,471,811,541,734,654,148,666,630,749,311,776,487,801,4
455,0,593,12,283,11,716,59,819,144,0,219,870,270,874,421,10,476,824,561,743,676,143,679,636,772,307,795,487,823,-1,-1,4
481,0,302,8,625,15,114,56,750,67,855,158,0,221,908,289,911,447,8,495,860,593,776,714,146,713,665,815,320,838,507,868,4
503,0,318,3,647,20,121,48,773,76,878,171,0,215,932,304,935,462,11,500,886,609,801,729,158,726,690,830,340,855,532,884,4
511,0,323,2,658,20,123,46,784,78,889,174,0,214,945,309,947,470,8,505,895,619,808,742,155,737,694,845,337,869,533,901,4
511,0,325,2,658,20,126,45,785,75,893,169,0,209,948,303,953,463,3,498,905,613,818,739,151,733,703,844,340,867,542,891,4
78,0,210,51,0,53,334,117,426,188,511,278,0,283,588,386,116,553,659,645,645,762,265,768,422,885,538,896,-1,-1,-1,-1,4
215,2,2,0,342,71,435,145,520,236,0,234,597,348,645,476,117,509,666,608,653,727,267,728,608,812,424,849,542,861,-1,-1,4
32,0,308,24,451,111,551,196,0,264,638,297,712,416,751,551,120,582,759,686,733,810,283,827,460,952,594,959,-1,-1,-1,-1,4
264,0,396,9,134,12,521,31,640,80,36,78,740,161,0,207,773,269,37,336,741,387,120,443,648,477,244,519,524,527,387,545,4
378,0,245,0,504,14,117,19,629,56,26,93,735,131,0,223,778,238,47,349,751,360,136,451,663,455,543,512,264,519,407,537,4
267,0,411,3,125,17,545,23,672,70,24,97,777,148,0,239,817,256,793,376,60,374,709,470,166,480,592,529,308,545,457,558,4
387,0,250,6,520,10,117,31,647,46,23,111,757,117,801,222,0,246,778,344,54,371,691,444,152,470,571,506,287,530,434,539,4
373,0,507,4,235,11,641,38,106,42,759,108,18,125,810,217,0,260,790,345,56,384,702,451,153,482,578,517,289,543,438,552,4
497,0,361,1,222,17,636,29,93,53,760,97,10,139,818,207,0,276,804,339,64,400,720,449,168,496,598,520,308,553,458,559,4
501,1,364,0,224,16,639,31,92,52,763,99,8,138,820,209,0,278,808,340,66,403,725,450,173,500,605,522,316,557,466,561,4
504,0,365,2,223,20,644,28,91,58,770,95,7,149,829,205,0,290,817,339,69,416,735,451,177,511,613,525,321,566,473,568,4
535,0,388,2,239,22,682,29,99,61,814,99,9,156,874,214,0,304,860,353,71,435,772,470,185,534,643,548,336,591,496,593,4
545,0,396,2,244,20,697,30,103,60,833,102,12,154,896,219,0,301,880,362,69,435,789,481,184,538,654,559,337,598,502,603,4
561,0,407,2,251,22,719,30,106,64,861,104,12,162,927,228,0,315,912,378,71,454,816,503,188,561,677,584,346,625,517,630,4
577,0,419,2,259,22,737,32,111,64,882,109,14,162,948,235,0,318,930,387,70,459,830,514,188,569,686,597,349,636,523,642,4
584,0,422,4,259,26,749,31,109,70,899,107,12,171,972,236,0,330,958,394,74,474,858,525,196,586,711,611,363,653,543,659,4
592,0,427,7,761,29,261,33,107,81,917,105,9,188,994,236,0,354,985,399,80,503,886,539,209,617,739,631,383,683,568,685,4
624,0,451,7,802,30,276,34,115,83,966,110,11,194,1047,247,0,366,1037,417,82,522,934,562,217,642,778,659,400,713,597,715,4
642,0,463,9,827,30,284,40,119,93,998,110,12,208,1084,253,0,387,1074,432,84,548,967,586,223,674,805,689,412,747,616,750,4
678,0,488,11,876,30,299,42,125,98,1059,114,12,217,1152,264,0,404,1142,451,87,571,1026,612,233,702,852,720,433,779,649,783,4
730,0,530,5,329,33,934,39,142,87,1121,133,17,211,1216,293,0,414,1206,494,93,600,1087,665,249,747,906,778,463,836,693,843,4
758,0,554,3,347,30,965,40,153,83,1154,136,21,209,1248,296,0,416,1237,495,95,605,1114,665,257,753,930,778,477,840,714,844,4
776,0,568,5,358,34,988,37,160,89,1184,132,23,220,1284,295,0,431,1276,500,95,625,1153,677,261,777,962,797,491,867,738,869,4
798,0,583,6,367,36,1020,40,166,92,1227,141,26,224,1334,316,0,440,1324,535,91,642,1191,723,257,805,988,847,748,914,490,905,4
825,0,598,13,1059,32,374,54,165,121,1280,129,21,264,1396,307,0,491,1393,536,102,699,1258,739,280,862,1047,876,798,959,527,959,4
827,0,601,13,1060,35,377,52,167,117,1279,133,22,260,1395,312,0,487,1389,539,101,694,1254,739,277,856,1043,875,525,954,795,956,4
810,0,593,9,1032,35,373,45,166,106,1238,130,22,247,1346,300,0,471,1341,517,103,675,1216,708,279,833,1019,839,783,921,522,924,4
793,0,580,8,1010,37,364,41,161,101,1210,131,20,240,1313,298,0,462,1307,508,101,663,1186,694,275,818,994,823,766,903,512,906,4
731,0,528,16,941,29,325,55,1136,115,136,120,12,252,1237,274,0,459,1231,477,98,643,1114,656,932,779,260,782,717,855,481,860,4
695,0,497,18,903,22,302,58,1100,99,124,120,9,245,1203,250,0,433,1199,445,92,601,1081,615,246,730,897,733,684,802,455,805,4
666,0,476,18,868,23,288,57,1059,101,117,118,8,241,1162,251,0,427,1160,444,92,593,1049,612,241,722,872,727,667,796,446,797,4
655,0,472,12,846,29,288,45,119,100,1023,110,9,219,1114,254,0,402,1107,436,88,565,998,595,232,690,832,701,637,764,427,763,4
618,0,448,5,276,29,792,31,115,77,951,109,10,186,1030,241,0,358,1021,407,83,512,921,548,219,630,771,643,401,698,595,699,4
609,0,444,1,277,21,775,33,119,63,925,111,14,169,998,242,0,338,986,401,78,490,888,538,208,608,742,628,384,678,571,681,4
594,0,435,1,271,20,755,33,117,61,900,110,14,164,970,237,0,328,957,392,76,477,862,524,201,592,720,611,372,659,553,663,4
548,0,396,7,704,25,243,30,100,76,847,93,8,175,919,212,0,329,913,362,76,467,826,491,198,573,691,578,534,631,361,633,4
529,0,384,5,678,26,236,26,97,68,813,92,9,162,880,206,0,308,871,346,72,438,786,466,187,537,656,548,506,595,342,595,4
503,0,368,3,230,21,640,26,100,57,764,89,14,145,825,196,0,282,815,328,62,405,733,442,168,502,611,517,312,559,467,561,4
475,0,346,4,607,22,215,23,91,60,728,79,10,144,790,180,0,275,784,306,62,393,709,416,166,484,593,490,456,534,306,536,4
464,0,337,4,594,23,209,22,89,58,714,81,10,139,774,181,0,267,768,306,60,383,693,414,160,473,577,486,296,526,442,527,4
454,0,330,5,583,20,204,25,86,62,701,76,9,141,762,174,0,267,757,298,60,381,684,405,158,468,571,477,438,519,294,519,4
448,0,324,6,574,19,200,27,83,64,690,73,7,146,750,168,0,272,746,289,62,384,677,396,568,469,163,469,439,513,297,516,4
443,0,321,5,569,21,196,24,80,60,684,77,5,141,742,174,0,267,736,296,61,378,665,400,159,464,556,470,428,511,290,512,4
451,0,328,1,203,18,574,23,85,51,686,79,8,129,740,175,0,253,731,292,60,364,660,391,158,449,552,458,288,497,426,498,4
458,1,336,0,211,13,580,28,92,43,688,87,12,120,739,182,0,243,728,297,58,354,656,393,154,440,547,458,284,491,421,494,4
453,0,331,1,206,14,575,25,87,46,683,82,9,125,735,176,0,248,726,291,59,359,656,388,158,444,550,453,424,492,287,492,4
454,0,332,2,207,17,575,24,87,50,683,80,9,128,734,171,0,252,726,284,62,362,658,381,162,445,553,447,430,487,293,489,4
453,0,331,1,207,16,574,24,86,50,681,80,8,127,732,173,0,250,724,285,62,361,656,381,162,443,551,447,428,486,292,488,4
453,0,332,0,207,12,574,26,88,43,681,83,9,121,732,175,0,245,722,288,61,356,653,383,159,439,548,447,425,485,289,485,4
338,0,458,5,214,9,94,36,578,35,681,96,13,110,727,190,0,232,712,300,56,343,639,392,150,428,533,451,276,479,410,484,4
341,0,461,7,217,6,96,30,579,39,682,101,15,102,726,195,0,223,710,305,54,334,637,395,147,421,530,451,272,475,406,481,4
339,0,217,5,457,8,100,28,574,41,18,99,674,106,716,202,0,219,696,313,48,331,619,403,135,419,510,458,255,475,386,485,4
334,0,213,6,452,7,96,30,570,40,16,99,671,103,714,199,0,218,695,309,49,327,618,398,136,415,510,453,256,470,387,480,4
333,0,451,8,213,6,97,29,569,40,16,99,670,103,713,199,0,217,694,309,49,327,617,398,135,414,509,453,255,469,386,480,4
331,0,448,7,210,8,95,32,566,38,669,99,16,102,713,194,0,218,695,303,50,326,619,393,136,412,510,448,257,466,387,476,4
333,0,451,6,212,8,97,33,569,37,671,100,18,103,714,196,0,220,695,308,48,329,617,398,133,416,508,454,252,471,383,482,4
331,0,450,6,211,7,97,32,569,37,672,100,18,102,717,197,0,219,698,310,48,328,619,401,133,415,508,456,252,471,383,483,4
327,0,445,4,206,10,565,34,93,36,670,94,14,108,717,191,0,225,699,304,49,333,622,397,135,419,511,454,255,473,386,483,4
330,0,450,5,209,8,95,33,570,35,675,98,16,104,720,195,0,222,702,310,48,331,623,402,134,418,512,458,253,474,386,485,4
332,0,454,4,210,11,576,35,95,39,684,99,16,112,730,200,0,233,710,319,48,344,629,415,134,434,514,473,254,490,387,502,4
339,0,464,3,213,11,590,34,95,40,701,101,15,116,747,204,0,240,725,325,51,353,640,423,139,442,523,482,260,499,394,510,4
349,0,477,7,220,8,99,34,606,42,17,108,718,112,763,219,0,233,739,341,50,349,650,437,137,442,529,493,260,502,396,518,4
364,0,233,5,495,9,109,27,625,47,22,101,737,120,0,226,781,229,46,344,751,352,132,441,658,448,532,501,256,506,396,524,4
373,0,240,2,505,12,115,22,636,54,25,94,749,129,0,219,793,239,46,340,764,362,132,440,669,458,258,509,541,510,401,531,4
374,0,240,5,507,10,114,28,640,48,24,102,756,122,0,228,804,232,46,350,777,358,135,450,682,458,553,514,264,517,410,538,4
389,0,252,5,525,10,124,27,664,50,30,101,785,129,0,231,834,246,42,357,803,381,128,463,699,484,258,537,561,542,409,563,4
388,0,251,7,526,8,122,31,668,46,28,106,793,124,0,236,844,242,42,359,813,378,128,464,708,483,259,537,566,541,412,562,4
390,0,530,7,252,9,123,35,675,45,29,110,805,122,0,240,858,243,41,365,829,383,128,472,720,492,260,548,574,551,416,573,4
390,0,532,5,251,11,122,39,680,41,27,116,814,117,870,240,0,246,42,372,840,383,129,478,729,495,261,554,580,556,419,579,4
391,0,535,2,251,13,686,36,121,44,823,112,27,121,882,237,0,253,42,378,851,382,130,484,738,497,263,559,586,559,423,583,4
395,0,540,5,256,12,124,41,690,42,29,119,826,122,883,249,0,252,40,380,850,398,126,490,735,513,258,569,581,575,417,597,4
532,0,387,0,248,16,684,31,118,49,823,104,25,129,884,229,0,262,857,377,44,387,134,492,746,494,594,561,270,565,430,588,4
532,0,387,3,248,23,684,29,118,58,823,101,26,141,885,227,0,276,858,377,46,403,748,498,137,508,596,568,272,579,433,599,4
527,0,382,4,245,24,680,28,117,61,820,100,25,143,883,225,0,276,856,378,44,401,744,500,132,506,590,570,266,579,426,599,4
507,0,365,8,660,24,233,33,110,72,803,91,22,153,868,216,0,282,843,368,42,403,730,493,126,504,576,564,256,574,412,594,4
501,0,360,11,654,22,229,37,108,78,798,89,21,160,863,214,0,289,836,370,40,409,722,496,123,510,567,568,250,579,405,598,4
504,0,362,10,659,24,232,35,110,75,803,93,24,157,867,221,0,285,836,378,37,405,717,503,117,506,559,572,241,577,395,599,4
505,0,364,9,661,27,232,31,111,70,806,99,25,150,869,227,0,278,836,386,37,398,116,500,716,509,238,574,556,576,392,600,4
526,0,379,4,245,26,686,30,121,62,834,109,30,142,895,247,0,272,33,397,853,413,107,504,722,537,228,585,553,600,383,618,4
530,0,382,7,245,29,695,30,121,67,848,109,30,147,911,248,0,276,31,400,867,416,104,506,728,543,225,588,555,606,381,622,4
532,0,381,7,244,29,698,29,120,66,855,110,29,148,919,252,0,277,30,401,874,424,103,510,734,551,224,593,557,613,381,628,4
534,0,384,6,246,26,701,31,121,63,859,115,31,145,924,263,0,275,31,401,879,437,105,512,738,565,225,599,560,626,383,638,4
530,0,379,5,243,26,698,30,120,64,856,114,30,146,923,261,0,277,33,403,880,434,108,514,741,563,230,599,564,624,388,638,4
523,0,365,15,705,24,225,43,101,91,881,108,16,184,958,266,0,322,43,451,918,455,127,561,777,593,255,646,596,662,417,681,4
527,0,368,8,228,32,708,33,103,75,880,126,17,168,953,289,0,308,43,439,910,476,125,553,769,606,252,641,590,667,412,681,4
382,0,537,4,243,13,116,48,709,47,25,134,869,149,0,271,931,312,35,404,879,491,112,521,735,610,232,614,559,659,386,663,4
377,0,532,5,238,12,114,44,703,49,24,128,863,148,0,263,910,305,36,395,874,483,113,511,734,601,232,606,559,650,386,653,4
374,0,530,0,236,17,705,39,111,55,22,144,872,141,941,292,0,282,33,417,875,493,109,536,743,623,230,633,563,677,386,683,4
525,0,367,4,226,24,706,38,103,65,879,138,19,155,0,294,951,307,40,428,899,495,120,545,756,624,242,639,575,680,399,686,4
538,0,375,1,231,18,722,41,104,56,18,148,895,145,0,288,963,315,41,422,910,502,121,540,760,628,245,634,579,680,401,683,4
375,1,537,0,231,18,722,42,105,56,18,146,895,144,0,285,964,312,42,418,911,498,123,535,763,620,249,628,583,671,406,676,4
527,0,365,6,220,28,712,35,95,72,888,134,13,167,960,302,0,308,48,442,914,491,134,555,771,619,261,645,594,676,419,686,4
528,0,364,6,218,28,715,35,93,73,892,133,11,169,963,299,0,311,50,443,914,485,138,554,771,611,265,641,595,668,421,681,4
531,0,365,5,219,27,719,39,91,71,895,142,9,170,0,313,964,313,50,447,912,499,137,559,768,623,264,647,592,678,420,688,4
542,0,374,3,225,22,734,42,95,65,911,150,10,164,0,306,975,322,47,441,917,507,133,555,768,628,259,644,590,680,416,687,4
383,0,555,3,231,16,748,50,99,57,13,154,925,164,0,299,986,342,48,434,921,529,131,551,255,643,767,645,585,690,411,691,4
385,0,558,7,232,13,99,51,750,59,12,148,924,177,0,295,981,356,48,432,914,540,132,549,255,642,760,650,408,692,580,694,4
255,0,408,0,579,14,116,19,763,79,21,111,921,211,0,259,960,387,41,402,121,524,881,560,238,623,726,658,386,679,552,689,4
262,0,416,8,124,21,583,36,27,110,761,111,912,245,0,258,37,403,945,422,112,529,865,589,228,631,711,681,373,693,538,707,4
256,0,407,6,121,22,571,31,749,102,25,108,903,231,0,250,37,391,942,404,113,513,867,570,229,615,714,663,376,676,541,690,4
237,0,387,1,552,21,104,26,732,84,13,114,894,206,0,257,950,377,47,396,132,518,891,546,256,617,747,647,409,673,576,681,4
246,0,396,2,110,27,560,23,739,89,18,118,896,214,0,266,945,386,44,411,128,535,882,556,251,636,738,658,402,690,569,695,4
399,0,248,1,563,18,113,29,744,81,20,121,903,204,0,268,951,377,44,411,126,534,886,548,248,633,738,654,399,687,567,691,4
391,0,242,2,559,16,109,31,742,76,17,121,906,197,0,265,958,370,44,404,128,525,894,543,250,623,746,646,403,678,573,683,4
387,0,237,8,553,10,103,42,736,64,13,138,903,179,0,286,963,349,49,426,908,528,138,546,267,641,766,641,594,687,424,689,4
382,0,231,10,551,8,98,45,737,59,10,142,908,173,0,289,972,344,53,430,920,522,145,549,779,637,276,644,607,686,435,691,4
384,0,554,8,231,11,96,49,745,59,8,148,920,175,0,298,987,351,54,439,932,535,147,560,788,651,279,655,612,698,439,702,4
560,0,379,4,223,25,768,45,88,72,963,161,4,177,0,329,1038,348,58,470,980,546,152,590,823,673,290,684,637,725,453,732,4
573,0,386,4,225,26,789,47,88,74,994,170,3,182,0,337,1070,366,57,481,1005,572,152,603,289,701,839,699,644,750,455,753,4
588,0,393,5,228,30,816,47,89,80,1032,175,4,190,0,347,1110,381,55,492,1038,596,149,617,286,718,859,726,458,774,653,774,4
593,0,392,10,224,37,831,43,85,91,1063,174,1,204,0,362,1134,388,60,509,1079,611,158,634,300,738,894,745,477,794,679,796,4
599,0,395,14,225,45,845,41,85,101,1083,169,0,216,3,375,63,522,1101,618,164,648,310,750,913,757,489,807,694,809,-1,-1,4
592,0,390,15,838,39,220,47,80,105,1079,167,0,222,6,381,1161,383,71,529,1112,614,176,654,325,754,928,753,710,808,504,809,4
591,0,389,16,832,37,220,49,81,107,1069,162,0,225,1166,373,6,385,74,532,1105,599,180,655,924,743,329,754,712,800,509,805,4
595,0,392,19,841,35,223,53,82,113,1083,157,0,231,1179,371,6,391,74,538,1117,601,182,661,934,744,329,760,718,803,512,810,4
598,0,393,23,847,30,220,63,80,127,1094,149,0,250,1201,364,12,415,88,563,1145,598,200,687,966,750,356,783,751,817,543,830,4
601,0,393,25,850,27,221,66,78,133,1098,143,0,259,1207,358,15,426,92,576,1153,596,208,699,976,751,366,793,761,821,554,836,4
603,0,396,26,854,27,221,69,80,137,1101,141,0,265,1211,356,18,433,98,584,1160,590,218,706,987,747,379,799,775,820,567,840,4
609,0,401,26,858,27,226,69,80,138,1102,142,0,268,1212,352,18,440,1163,584,103,593,226,716,995,743,389,807,786,820,581,844,4
616,0,405,27,869,27,226,71,80,141,1118,143,0,272,1229,358,19,445,103,598,1178,595,226,723,1005,754,391,815,792,832,584,853,4
627,0,413,24,887,31,231,65,83,133,1141,153,0,264,1250,373,17,437,99,592,1193,611,221,719,1012,767,385,816,792,841,580,858,4
632,0,414,23,893,34,232,62,83,130,1149,158,0,261,1260,382,16,436,99,593,1203,625,222,722,1019,781,387,822,798,852,583,868,4
634,0,418,19,894,37,238,56,87,120,1150,164,0,247,1258,388,9,422,84,581,1195,632,200,713,1005,787,364,817,778,854,561,866,4
479,0,691,5,296,19,137,64,940,69,26,176,1179,221,0,353,1271,461,45,529,138,688,1187,720,290,825,973,873,487,892,-1,-1,4
722,0,516,2,337,25,958,52,173,70,49,174,1185,183,0,346,1276,407,25,520,1194,667,110,680,259,817,975,838,713,897,466,892,4
703,0,495,17,944,29,317,56,160,112,1188,142,42,220,1283,360,0,392,31,560,1236,630,118,714,1020,824,274,843,749,894,491,894,4
688,0,940,9,476,35,298,92,1190,101,142,163,31,283,0,459,39,625,134,771,1037,817,293,888,768,918,511,942,-1,-1,-1,-1,4
584,0,774,5,422,35,966,71,284,85,155,145,48,249,1062,249,0,406,1015,500,13,558,74,695,831,707,194,803,599,814,375,847,4
751,0,566,5,411,46,941,60,280,102,152,168,1037,235,48,274,0,435,996,494,8,588,820,718,66,729,587,831,184,829,-1,-1,4
701,0,517,21,897,46,366,75,242,142,125,218,1008,218,33,330,0,489,982,483,22,637,817,716,87,768,596,846,208,867,380,894,4
657,0,475,28,851,37,330,88,210,158,965,203,101,238,19,353,948,461,0,510,28,651,798,691,101,773,593,824,220,861,389,882,4
650,0,471,30,845,39,325,91,207,162,958,207,99,243,18,359,940,468,0,515,32,657,792,697,106,778,588,829,226,865,391,886,4
663,0,481,20,855,48,335,75,217,141,108,217,960,224,23,328,0,483,929,486,23,625,768,708,88,749,560,828,202,842,361,872,4
664,0,480,20,860,51,334,75,217,140,109,215,963,233,26,326,0,479,926,504,21,621,756,727,82,747,190,843,544,841,346,879,4
670,0,484,14,868,51,334,66,216,133,108,208,968,242,26,320,0,474,922,517,25,618,84,743,749,738,190,840,537,846,344,879,4
685,0,497,11,345,59,883,63,225,120,115,191,977,257,30,299,0,452,924,532,19,595,75,721,742,743,179,822,525,842,331,867,4
692,0,502,10,350,57,891,64,229,117,119,188,987,263,30,295,0,448,928,541,16,592,70,721,741,755,169,825,520,852,322,873,4
696,0,502,12,352,62,899,63,230,122,119,193,1000,263,32,301,0,454,943,549,16,598,68,727,753,767,170,833,527,865,324,885,4
687,0,492,21,901,57,339,78,219,145,109,221,1012,261,26,333,0,489,962,556,18,634,76,764,769,788,178,870,541,895,337,920,4
498,0,913,30,342,59,219,129,109,207,1029,235,26,321,0,479,978,535,22,624,82,754,785,769,188,859,555,879,347,905,-1,-1,4
503,0,929,32,346,60,222,129,110,206,1047,236,26,319,0,474,996,538,20,619,79,749,797,771,187,854,560,879,348,903,-1,-1,4
721,0,514,25,950,56,351,85,227,155,114,234,1074,263,29,348,0,505,1026,572,21,653,80,785,821,813,192,895,576,923,358,947,4
726,0,514,26,957,50,353,89,225,160,112,240,1087,259,26,354,0,513,1040,570,21,661,84,795,834,816,194,903,585,929,364,955,4
727,0,514,26,963,50,351,91,224,164,110,244,1098,259,25,361,0,521,1058,573,24,670,88,805,852,823,204,915,601,939,375,966,4
488,0,347,7,633,22,205,32,75,75,767,85,0,166,838,195,0,306,836,332,74,430,758,450,188,524,637,529,495,576,337,577,4
473,0,338,8,610,23,201,32,74,75,737,83,0,168,802,189,2,308,799,321,76,430,727,436,615,515,188,520,481,563,333,568,4
472,0,341,2,204,21,602,27,77,58,718,89,0,148,775,191,0,288,770,315,75,410,700,422,595,495,186,498,468,541,326,546,4
351,0,481,2,212,14,610,32,81,51,724,97,1,141,779,200,0,286,773,323,78,412,705,430,602,501,192,503,477,548,335,553,4
392,0,243,5,527,12,97,34,657,52,765,124,3,126,816,227,0,279,806,347,85,415,739,447,209,513,635,517,509,560,361,564,4
418,0,262,1,559,15,107,26,689,60,6,118,800,134,849,239,0,277,839,358,89,420,770,458,221,522,665,527,535,571,382,575,4
279,0,440,3,118,22,582,22,714,70,11,115,822,149,869,256,0,279,856,376,89,428,785,476,224,535,678,545,545,589,388,591,4
275,0,434,0,574,19,117,23,704,65,11,117,811,142,857,248,0,279,844,368,87,426,773,469,219,531,666,538,536,583,381,586,4
402,0,250,8,537,10,102,39,665,48,773,120,6,134,823,224,0,294,813,347,85,434,745,452,642,525,211,533,515,574,366,582,4
380,0,512,6,232,12,641,39,89,47,751,107,0,144,803,210,0,300,796,332,86,434,731,438,630,513,211,528,508,564,362,573,4
379,0,516,6,230,11,642,39,87,46,752,110,0,148,805,217,5,311,801,343,737,452,96,450,639,529,223,547,518,582,374,593,4
487,0,356,13,615,16,211,44,729,66,74,98,794,157,0,207,806,275,25,363,762,386,678,474,135,482,570,542,275,556,431,575,4
481,0,353,12,607,17,209,44,721,69,73,99,787,162,0,211,802,282,26,371,758,396,678,487,135,496,570,557,275,572,432,592,4
488,0,359,9,612,19,216,37,724,71,77,88,787,164,0,198,799,282,19,356,753,394,669,482,125,482,561,550,264,560,420,583,4
485,0,359,8,609,21,216,35,719,74,78,84,780,168,0,191,788,287,13,349,740,399,114,477,654,487,544,554,248,558,403,584,4
481,0,354,6,603,22,214,30,713,79,79,77,772,175,0,184,778,297,12,344,728,409,108,473,640,496,239,558,530,561,389,587,4
355,0,483,1,215,16,605,31,81,54,713,96,0,154,766,198,3,311,765,321,705,430,88,445,611,510,210,538,495,566,356,580,4
356,0,484,4,216,12,606,38,82,48,712,106,1,146,760,212,0,304,754,337,81,440,690,445,593,522,197,535,477,572,338,582,4
356,0,483,5,216,12,605,40,82,48,710,109,0,146,759,215,0,303,751,339,80,439,686,446,590,522,195,534,474,572,336,581,4
369,0,227,6,497,10,89,36,618,49,722,122,4,129,769,228,0,286,759,351,79,424,693,455,194,524,594,527,475,572,336,576,4
379,0,236,5,508,10,97,34,631,49,737,120,8,125,786,225,0,281,777,348,76,419,709,453,193,520,607,524,483,570,339,573,4
273,0,425,4,125,21,569,23,706,75,25,107,821,165,0,263,864,287,61,412,836,423,741,529,168,529,612,592,313,604,469,622,4
419,0,261,7,567,10,109,36,712,53,837,130,11,128,894,247,0,287,881,381,81,431,798,493,205,541,675,566,366,603,530,608,4
309,0,471,2,148,22,619,20,760,69,32,110,882,152,932,272,0,271,911,410,65,426,818,523,185,549,685,596,352,625,528,637,4
465,0,623,2,299,15,778,36,137,53,914,109,24,154,980,230,0,323,970,379,77,478,880,510,212,598,743,602,579,660,391,663,4
481,0,644,11,310,9,142,42,807,55,958,142,25,145,1038,280,0,329,1039,450,78,506,951,597,219,650,802,682,-1,-1,-1,-1,4
547,0,361,8,718,13,174,41,884,60,1031,150,37,152,1105,287,0,351,1100,456,82,541,1006,606,234,692,854,710,-1,-1,-1,-1,4
611,1,399,0,809,22,189,28,999,84,37,140,1165,192,1242,348,0,350,1222,532,93,556,1105,685,258,719,930,783,484,822,720,838,4
648,0,855,8,425,16,1055,58,200,61,1233,155,38,191,1321,313,0,423,1318,506,107,639,1209,681,1033,808,299,808,814,890,555,899,4
847,0,617,20,1083,30,380,70,1306,123,158,147,1437,304,12,303,1458,545,0,554,1345,768,126,781,1148,929,332,956,900,1033,610,1048,4
151,0,55,6,249,13,331,35,1,73,405,78,468,143,0,204,499,310,65,328,466,384,152,418,412,434,343,465,254,465,-1,-1,4
159,0,60,5,259,14,341,38,2,71,416,81,480,145,0,204,510,227,509,316,65,330,473,390,153,422,418,441,255,471,346,472,4
156,0,56,8,257,11,342,32,419,74,0,77,486,137,0,213,519,218,69,339,485,385,161,429,428,439,358,472,266,474,-1,-1,4
158,0,58,8,259,12,342,34,420,77,0,78,485,141,1,215,518,222,518,314,69,341,483,390,160,432,428,443,357,476,264,478,4
155,0,57,7,256,11,338,34,414,77,1,76,481,141,0,211,510,314,65,337,474,390,155,427,419,441,348,474,258,474,-1,-1,4
152,0,58,7,247,10,327,31,402,72,3,74,465,133,0,204,496,213,493,302,62,325,458,376,146,413,403,428,334,459,245,459,4
153,0,60,7,247,12,324,33,397,73,5,71,457,134,0,196,485,212,481,298,56,314,444,370,136,400,388,419,231,447,319,448,4
143,0,233,7,52,10,313,27,383,65,1,74,444,124,475,200,0,197,58,311,437,358,137,394,383,407,316,438,231,438,-1,-1,4
137,0,227,7,49,11,304,23,376,59,0,75,437,116,468,189,0,195,468,273,59,305,434,344,139,385,383,393,317,424,233,426,4
136,0,225,6,49,13,301,21,373,54,0,77,434,109,465,182,1,195,465,266,60,304,434,337,139,382,383,386,316,418,233,421,4
136,0,227,5,48,14,374,54,0,77,435,108,466,182,1,195,468,263,61,302,435,334,141,379,384,384,318,415,233,419,-1,-1,4
144,0,235,7,55,11,312,23,383,58,3,74,444,116,472,190,0,192,471,271,56,302,437,341,135,381,383,390,315,422,228,423,4
179,0,76,8,282,10,369,30,447,69,9,73,515,127,0,197,544,205,539,292,59,314,497,364,146,400,432,415,352,446,252,446,4
190,0,81,9,298,10,390,29,472,68,11,75,540,128,572,206,0,204,567,296,61,326,524,371,155,414,456,425,372,459,267,460,4
200,0,90,8,310,12,402,33,485,74,15,75,554,135,0,206,584,216,577,306,60,330,530,382,152,422,461,435,373,470,266,470,4
200,0,89,7,308,12,401,34,486,76,16,73,555,139,0,202,585,221,575,313,56,326,525,389,145,418,453,441,257,469,365,472,4
205,0,94,3,314,16,407,42,19,65,492,87,561,154,0,193,589,238,53,317,576,330,524,405,140,413,449,452,250,470,358,479,4
202,0,318,8,87,11,418,28,510,70,12,79,587,135,0,208,621,221,612,317,61,332,561,397,155,425,483,450,273,477,387,481,4
212,0,337,3,89,16,445,19,547,58,8,93,632,122,673,210,0,232,669,312,71,360,616,400,179,454,536,460,434,500,310,502,4
223,0,351,4,95,16,464,21,569,62,12,92,658,129,699,221,0,232,691,326,70,363,635,415,178,460,548,475,442,513,312,513,4
229,0,360,6,97,16,475,25,583,67,11,91,673,135,715,228,0,232,707,333,72,365,649,422,183,463,560,482,319,517,451,518,4
237,0,370,6,103,14,487,26,595,70,14,89,686,139,725,233,0,231,716,339,70,365,655,427,181,464,565,486,318,519,453,522,4
241,0,373,8,108,13,491,29,599,74,18,87,689,145,0,228,726,240,715,346,67,363,652,434,175,464,558,493,312,522,445,526,4
230,0,361,4,101,16,476,22,586,64,14,91,678,134,718,230,0,231,707,338,66,362,644,428,171,462,551,488,305,518,437,522,4
353,0,223,0,469,16,96,19,579,55,13,96,673,122,716,218,0,236,707,328,68,365,644,421,173,463,552,482,307,517,439,519,4
343,0,213,0,461,14,85,20,573,55,6,99,671,123,717,221,0,243,713,333,72,375,653,429,182,474,563,492,317,529,450,530,4
234,0,371,7,98,15,490,28,601,76,9,97,696,150,738,250,0,251,730,363,78,393,669,457,192,497,579,520,332,555,467,558,4
248,0,112,10,384,10,501,35,611,84,18,88,700,161,0,239,737,261,724,373,69,383,659,465,178,492,565,525,317,553,452,559,4
238,0,373,7,104,14,490,28,600,74,15,94,693,149,734,250,0,246,725,364,71,390,663,460,182,497,569,524,321,558,457,562,4
235,0,370,6,100,17,489,25,600,71,13,98,696,146,740,248,0,252,732,365,72,397,671,463,185,506,577,529,327,566,463,569,4
241,0,378,5,104,16,499,25,613,72,15,99,710,148,755,253,0,256,747,373,74,406,684,474,188,517,589,542,331,580,472,583,4
254,0,395,9,113,14,520,31,637,81,19,98,737,160,0,260,783,269,773,393,74,416,707,497,192,533,608,566,340,601,487,606,4
266,0,410,11,122,12,537,36,655,89,24,95,756,172,0,261,800,285,789,412,70,422,720,517,187,546,617,587,340,619,490,627,4
264,0,416,5,114,18,551,28,678,82,17,110,790,168,845,289,0,290,841,428,83,462,774,546,213,594,669,626,377,669,539,674,4
271,0,429,7,116,17,565,33,696,88,14,110,808,177,864,299,0,294,858,439,87,470,791,557,221,604,684,637,390,680,552,685,4
307,0,140,7,471,19,611,55,26,99,742,120,852,218,0,299,904,347,898,492,86,498,827,616,226,652,716,699,405,741,577,749,4
321,0,152,4,490,22,630,61,33,96,762,129,874,231,0,300,926,363,918,512,85,506,845,637,228,666,731,721,411,760,590,770,4
339,0,158,3,516,22,664,62,30,104,801,133,918,238,0,328,976,376,975,534,101,552,907,670,261,724,794,764,462,820,650,824,4
354,0,165,5,537,23,691,64,33,105,833,137,955,245,0,335,1016,386,1015,548,104,567,945,687,273,746,830,785,483,844,679,847,4
366,0,171,3,554,23,710,66,32,107,856,140,983,249,0,345,1047,392,1050,558,110,586,982,702,287,770,864,805,712,871,508,870,4
590,0,755,37,36,75,906,120,1033,241,0,328,1092,394,1082,567,110,577,999,713,286,765,871,813,505,869,710,875,-1,-1,-1,-1,4
381,0,174,12,584,16,759,55,915,133,30,130,1049,249,0,380,1111,403,1104,579,114,621,1019,730,292,802,889,835,725,903,514,901,4
376,0,579,14,172,16,748,51,905,125,31,135,1043,238,1110,392,0,384,1109,570,113,627,1028,725,293,811,899,835,732,908,520,910,4
387,0,181,8,586,24,754,68,36,123,908,147,1041,266,0,376,1104,421,1101,599,108,628,1020,752,287,820,892,860,726,928,513,925,4
191,0,401,3,602,35,768,88,38,112,917,175,1038,298,0,371,1093,454,1080,628,110,631,998,775,286,826,872,876,504,933,711,941,4
648,0,51,24,811,64,949,160,1062,286,0,292,1107,436,114,565,1087,599,1004,733,297,767,879,827,518,876,723,885,-1,-1,-1,-1,4
414,0,271,5,547,9,127,31,673,44,780,109,24,113,827,206,0,252,812,320,64,382,737,419,176,479,623,488,484,531,327,532,4
395,0,257,4,524,10,120,29,647,45,22,108,752,111,798,209,0,245,784,324,60,372,709,422,167,469,596,488,311,525,462,528,4
382,0,247,6,509,8,115,31,631,42,736,107,21,110,783,204,0,243,769,318,59,367,695,416,163,463,583,481,303,517,451,520,4
377,0,505,7,242,6,109,33,629,39,736,102,17,112,785,200,0,246,774,316,63,370,701,415,169,465,591,481,311,519,458,521,4
371,0,498,6,238,8,107,35,622,38,729,101,17,114,778,198,0,247,765,315,61,370,692,414,165,464,582,480,305,518,451,520,4
372,0,498,7,238,8,108,35,621,39,728,103,18,114,777,202,0,248,764,318,61,371,690,417,164,465,580,483,303,520,449,522,4
359,0,485,5,229,9,104,36,609,36,719,100,18,113,768,199,0,242,753,318,56,362,676,417,153,455,562,482,286,511,430,517,4
367,0,493,7,234,8,107,34,619,41,730,106,18,112,780,208,0,244,767,329,57,367,689,429,158,464,575,494,294,523,440,530,4
374,0,504,7,238,8,107,35,632,41,745,110,17,115,796,214,0,251,781,337,60,378,703,439,163,476,587,506,303,536,451,543,4
379,0,511,5,240,10,107,38,641,39,756,106,16,121,808,210,0,260,795,334,63,387,717,439,170,485,600,507,313,543,464,547,4
379,0,512,4,238,12,645,35,104,43,762,102,13,129,818,208,0,270,808,334,66,399,731,442,176,497,614,514,323,554,476,556,4
380,0,515,2,238,13,649,33,103,45,768,99,12,132,825,204,0,275,815,331,69,404,739,440,181,502,622,514,484,558,330,558,4
515,1,379,0,236,15,650,30,100,49,772,95,11,137,830,201,0,281,823,329,71,410,747,440,186,508,631,516,492,561,336,562,4
387,0,525,2,242,13,661,34,105,47,783,101,13,135,841,210,0,281,832,341,69,413,753,453,183,514,633,529,334,572,491,573,4
396,0,540,0,246,16,684,30,104,52,812,98,10,145,874,209,0,295,866,344,76,429,787,459,196,530,664,538,518,585,354,587,4
405,0,553,0,253,15,700,31,107,52,831,100,10,146,896,213,0,298,889,350,77,436,807,468,200,540,680,548,530,597,362,598,4
421,0,570,2,265,16,719,34,115,52,852,106,15,146,917,221,0,300,906,362,74,442,821,483,197,551,690,564,535,612,362,611,4
460,0,617,7,294,10,133,43,772,47,910,126,21,140,975,248,0,306,965,396,77,461,875,521,209,580,737,605,386,650,571,655,4
483,0,312,7,645,12,145,36,802,57,26,132,941,140,1004,267,0,301,986,416,74,460,890,542,206,586,746,623,385,662,574,670,4
489,0,318,7,654,11,151,37,815,56,30,131,956,141,1020,269,0,300,1003,421,71,460,903,548,202,587,754,631,384,666,578,677,4
485,0,651,7,313,12,145,47,816,48,963,130,27,146,1033,260,0,317,1018,418,74,478,918,551,206,603,766,638,389,680,586,688,4
479,0,646,3,307,17,815,40,143,54,966,121,26,156,1038,254,0,325,1025,415,73,484,922,552,203,609,766,643,386,686,584,693,4
473,0,641,1,302,20,812,36,140,59,966,116,25,160,1040,249,0,328,1025,412,70,484,919,551,198,609,759,643,377,684,575,693,4
639,0,470,4,300,28,813,32,139,73,971,108,24,175,1047,242,0,343,1032,407,70,496,923,549,197,618,762,643,377,691,576,696,4
646,0,474,0,302,20,821,36,140,62,981,118,24,163,1058,256,0,333,1044,425,70,492,934,569,198,619,769,661,379,699,580,710,4
652,0,475,15,834,23,300,49,1003,96,134,105,18,218,1087,231,0,393,1076,406,77,550,967,561,802,667,213,670,608,732,401,736,4
623,0,811,15,447,22,277,64,988,83,119,125,1082,222,12,239,1074,406,0,411,75,562,962,569,206,679,790,679,594,744,389,747,4
617,0,809,13,440,25,272,69,992,80,118,131,1088,221,13,243,1079,408,0,412,71,560,960,574,198,676,782,684,378,746,582,746,4
607,0,800,10,431,28,986,74,266,75,114,139,1086,216,12,251,1078,406,0,417,70,564,958,576,195,679,777,687,372,749,576,750,4
595,0,787,8,422,28,974,72,260,74,112,137,1076,213,12,246,1072,404,0,409,68,554,952,574,190,670,770,684,365,741,568,744,4
605,0,795,13,433,25,272,68,980,81,124,127,1075,227,20,234,0,397,1061,422,58,545,933,591,172,666,745,698,340,743,540,753,4
603,0,796,12,429,27,269,71,983,80,122,131,1081,228,19,239,0,402,1066,425,59,550,936,597,171,670,745,704,338,748,539,759,4
610,0,807,8,434,31,1001,73,273,78,125,141,1106,223,20,252,0,417,1095,429,60,567,961,608,173,689,765,721,345,768,552,778,4
620,0,817,7,442,31,1010,70,279,81,129,147,1117,220,21,261,0,431,1111,429,61,586,981,615,177,712,784,735,355,793,567,799,4
630,0,829,7,452,32,1025,72,287,83,136,151,1131,225,25,266,0,439,1122,438,57,598,989,629,173,728,787,752,350,810,566,819,4
628,0,831,3,448,34,1030,67,287,88,136,156,1140,224,25,272,0,444,1129,444,55,602,989,639,167,733,782,764,341,819,557,829,4
616,0,819,1,437,39,1022,61,278,96,130,168,1137,219,22,285,1128,442,0,458,57,616,988,643,168,745,781,772,342,830,555,838,4
671,0,488,20,875,22,323,61,1070,105,165,117,42,226,1165,278,0,400,1132,505,39,564,971,693,137,708,748,801,301,812,513,844,4
655,0,860,8,471,30,306,79,1063,82,152,146,1168,250,34,260,0,436,1144,480,43,599,988,679,148,738,767,799,317,835,533,855,4
652,0,860,5,468,36,1065,72,303,90,149,160,1176,240,31,279,0,458,1159,475,48,623,1006,682,154,763,785,812,328,859,547,875,4
846,0,635,5,449,49,1058,58,287,112,135,190,1178,224,23,313,1168,465,0,494,53,658,1020,680,167,794,800,819,344,883,563,891,4
832,0,619,13,1050,49,436,66,275,135,126,219,1180,212,18,346,1178,455,0,527,1034,681,57,689,174,821,814,828,352,905,576,908,4
814,0,599,23,1039,43,417,83,260,159,1179,202,116,248,13,379,1190,452,0,561,1050,689,61,722,829,847,180,854,589,935,363,936,4
808,0,592,32,1037,34,409,99,252,182,1183,191,108,276,8,413,1202,445,0,598,1068,691,68,759,850,859,194,888,610,956,378,965,4
807,0,590,32,1039,35,408,100,251,184,1187,191,108,280,8,416,1208,445,0,602,1074,693,67,765,854,863,193,895,612,962,380,972,4
801,0,584,33,1031,33,403,101,248,185,1180,189,106,282,5,419,1203,442,0,604,1070,691,68,767,851,864,193,897,609,963,379,973,4
800,0,1031,31,581,31,401,103,247,188,1178,189,106,285,8,421,1193,447,0,605,1053,697,63,764,831,865,185,893,590,961,366,969,4
801,0,1032,32,582,33,401,103,248,188,1180,193,107,284,7,419,1193,451,0,602,1051,700,60,762,827,867,181,891,586,962,361,968,4
795,0,1030,32,579,37,398,109,246,194,1178,188,106,291,9,426,1197,446,0,608,1057,698,65,767,832,868,183,895,592,964,365,971,4
787,0,1022,29,568,37,390,112,1175,186,238,199,100,297,4,435,1198,447,0,618,1061,703,67,778,838,877,185,906,595,975,369,984,4
813,0,594,19,1054,20,408,88,252,172,1201,186,110,266,12,402,1207,451,0,585,1054,703,61,746,822,868,177,877,353,958,578,957,4
295,0,435,4,154,17,565,20,689,63,43,91,792,136,0,230,832,241,806,362,41,367,716,464,135,478,588,529,278,550,438,564,4
280,0,414,5,146,15,541,23,662,66,41,87,763,142,0,220,802,247,38,352,774,368,127,462,684,466,558,525,261,536,413,554,4
261,0,391,3,132,16,516,19,636,60,34,87,738,132,0,214,776,235,41,340,751,352,127,443,662,447,540,503,256,511,402,530,4
376,0,247,1,499,12,122,20,621,51,29,92,725,121,0,218,767,224,43,340,744,343,658,438,130,439,537,496,257,506,401,522,4
359,0,483,8,232,7,110,31,606,41,22,105,714,106,762,207,0,231,744,327,49,349,664,425,139,445,546,486,268,506,411,517,4
357,0,481,7,230,8,108,33,605,39,713,104,21,107,762,205,0,233,745,324,49,351,664,423,140,446,547,485,270,507,412,517,4
358,0,482,7,231,7,108,32,606,39,715,106,22,106,762,207,0,232,746,327,49,351,664,426,140,446,546,487,270,508,412,519,4
363,0,235,6,488,8,112,29,612,42,23,104,721,110,769,213,0,231,749,334,49,351,666,432,139,447,547,493,269,510,411,523,4
365,0,498,2,231,12,633,32,104,43,755,99,17,123,812,207,0,256,798,338,55,379,713,446,154,478,588,514,292,541,444,551,4
376,0,511,4,239,12,648,37,110,40,771,106,20,122,829,216,0,257,813,349,56,383,726,459,155,485,598,526,296,551,451,562,4
389,0,527,6,249,10,116,39,666,40,791,113,23,121,848,227,0,258,830,363,54,388,738,474,154,494,605,543,297,563,456,577,4
392,0,535,3,249,13,679,36,114,44,810,110,21,129,870,227,0,270,852,367,57,402,758,483,159,509,621,554,305,578,467,591,4
540,0,394,0,248,17,691,30,111,53,828,102,19,140,893,221,0,282,878,366,60,414,782,486,167,521,642,561,317,588,484,600,4
553,0,403,1,253,18,707,31,112,56,847,104,18,145,916,224,0,292,901,374,63,427,804,497,172,536,661,575,328,605,499,616,4
569,0,416,0,261,18,727,33,116,55,871,108,18,147,940,232,0,299,926,384,65,441,828,511,179,553,682,591,340,624,516,634,4
586,0,427,3,267,24,749,31,117,65,897,106,16,163,969,234,0,321,955,392,68,466,854,525,188,581,705,610,354,650,535,658,4
601,0,437,4,273,26,769,31,120,67,924,108,17,167,1000,238,0,328,987,399,71,475,884,536,194,591,730,623,366,663,554,671,4
623,0,454,1,285,22,796,33,128,64,955,113,20,163,1033,248,0,328,1019,414,71,480,912,553,197,603,752,642,374,679,569,690,4
652,0,477,0,301,21,830,36,137,63,994,120,22,167,1074,261,0,342,1060,434,73,504,949,580,204,633,783,674,389,714,593,725,4
496,0,677,1,314,20,864,40,144,59,1034,127,25,164,1119,272,0,340,1104,449,75,505,986,598,209,638,812,691,400,724,612,739,4
518,0,705,1,331,19,898,42,155,60,1076,132,30,166,1165,283,0,348,1150,470,73,521,1029,624,211,663,845,723,411,756,634,773,4
540,0,735,1,344,22,935,43,161,66,1121,138,30,178,1214,296,0,371,1201,493,77,555,1075,659,221,705,884,765,431,804,665,820,4
792,0,581,1,370,26,1010,43,173,75,1211,144,33,194,1313,315,0,397,1299,525,81,592,1161,704,235,751,953,817,460,856,714,875,4
814,0,597,3,383,31,1039,41,181,82,1250,141,36,203,1360,315,0,413,1352,534,83,614,1214,723,243,781,998,845,479,890,746,909,4
813,0,597,3,381,31,1038,41,179,84,1250,141,34,206,1361,314,0,417,1356,532,84,619,1219,724,247,787,1004,847,485,895,754,912,4
617,0,829,6,401,21,1043,53,192,67,1240,153,40,188,1342,320,0,403,1334,527,86,609,1205,707,254,777,1002,828,495,884,761,896,4
623,0,837,3,408,22,1054,49,201,68,1253,152,47,190,1352,321,0,403,1336,533,77,608,1198,716,236,777,987,836,473,886,740,901,4
835,0,611,3,393,34,1071,41,189,88,1290,149,40,214,1395,338,0,426,1369,569,72,629,1207,764,222,800,974,883,448,915,713,941,4
827,0,603,6,384,37,1064,43,182,90,1285,149,36,216,1396,334,0,427,1379,563,80,628,1223,757,234,796,992,876,464,908,731,934,4
821,0,598,7,1054,37,381,40,180,96,1273,140,35,224,1382,322,0,435,1362,550,79,635,1208,743,232,799,981,865,460,908,724,928,4
795,0,575,14,1028,32,361,54,165,115,1249,128,28,243,1363,305,0,450,1350,531,83,643,1204,725,239,801,981,851,466,903,728,917,4
775,0,560,12,1003,35,351,48,159,107,1219,131,26,230,1332,303,0,433,1322,524,82,621,1179,714,235,777,962,834,458,879,715,897,4
759,0,547,11,981,32,343,46,155,103,1193,127,25,225,1301,298,0,421,1288,515,81,604,1148,698,229,755,934,814,446,855,694,873,4
741,0,535,11,958,34,335,44,152,100,1164,127,25,217,1268,294,0,411,1256,503,78,590,1117,682,223,738,910,795,434,835,676,853,4
734,0,533,4,337,31,945,38,155,80,1142,134,28,195,1241,299,0,384,1225,503,75,564,1089,674,216,713,887,780,423,812,660,832,4
541,0,740,2,345,21,945,46,161,65,1135,146,31,177,1230,310,0,369,1212,510,75,551,1079,676,216,702,881,777,423,804,656,827,4
751,0,545,6,342,34,965,40,155,89,1162,139,25,212,1254,310,0,412,1230,518,81,597,1091,692,226,746,891,801,432,842,666,858,4
758,0,545,8,979,40,337,40,148,99,1181,142,20,228,1275,319,0,430,1248,532,86,615,1105,706,234,763,902,816,442,858,676,873,4
762,0,544,10,989,37,331,45,139,108,1195,143,14,244,1288,323,0,451,1259,540,92,637,1113,718,245,781,910,828,454,873,686,886,4
757,0,535,12,988,39,320,49,127,114,1197,143,5,253,1290,324,0,459,1258,538,96,641,1111,713,251,781,909,821,458,868,687,879,4
750,0,528,17,984,33,313,58,121,128,1198,135,2,271,1291,314,0,475,1258,531,100,653,1110,706,254,788,907,817,460,871,687,878,4
760,0,536,12,993,38,321,48,129,114,1204,146,7,253,1294,329,0,457,1255,545,94,637,1103,715,245,775,898,820,449,862,675,876,4
762,0,539,6,322,37,993,44,128,100,1199,157,5,240,1286,340,0,448,1246,552,98,631,1097,720,251,770,897,821,455,859,679,874,4
771,0,550,3,332,31,1000,46,136,88,1202,159,10,224,1285,342,0,429,1242,550,93,611,1090,712,244,751,888,810,446,842,669,860,4
558,0,781,1,341,23,1011,52,145,78,1214,173,17,212,1294,361,0,416,1244,572,86,601,1085,734,230,748,877,828,428,847,653,872,4
563,0,790,4,342,20,1022,61,142,74,1225,189,14,211,1298,380,0,418,1243,591,89,604,1080,748,233,750,872,837,431,848,651,876,4
567,0,799,1,342,9,1039,56,139,59,1244,188,12,196,1313,384,0,402,87,587,1246,595,228,731,1072,748,420,830,860,829,638,861,4
796,0,563,3,333,31,1031,49,126,94,1232,166,0,244,1307,350,5,457,1257,554,115,639,1106,711,276,772,911,809,481,852,700,862,4
799,0,567,6,337,37,1035,48,126,106,1235,164,0,259,1311,347,8,476,1264,552,122,658,1117,712,287,791,925,814,496,867,716,871,4
799,0,562,10,1038,36,330,46,120,124,1244,149,0,282,1325,333,19,499,1281,544,140,679,1136,708,309,807,946,814,738,877,519,877,4
801,0,564,13,1041,40,331,52,121,126,1249,150,0,284,1329,333,17,500,1287,542,139,677,1140,702,309,803,949,808,740,871,520,872,4
805,0,570,8,337,41,1045,45,126,109,1249,158,0,263,1328,343,8,479,1281,550,123,660,1130,710,289,791,935,812,499,867,722,872,4
818,0,574,9,337,44,1069,45,125,115,1283,166,0,271,1362,357,9,488,1308,572,123,669,1147,735,287,803,941,836,497,883,722,892,4
823,0,576,8,339,41,1076,49,126,111,1294,172,0,267,1373,370,6,483,1314,587,117,667,1148,750,279,805,939,850,488,889,716,903,4
833,0,577,10,333,46,1100,48,122,120,1330,177,0,277,1407,380,11,491,1344,606,122,673,1166,769,281,809,946,865,489,894,716,913,4
834,0,578,10,334,46,1100,50,122,118,1330,179,0,276,1409,383,10,491,1345,607,122,674,1167,772,283,810,949,868,491,897,720,915,4
835,0,581,10,338,46,1098,49,123,120,1324,175,0,278,1406,377,14,494,1345,598,128,678,1173,764,293,814,959,862,504,899,733,912,4
834,0,580,12,1097,47,338,48,123,122,1322,170,0,281,1404,371,12,500,1347,593,129,683,1177,758,296,818,964,859,508,901,738,913,4
848,0,593,7,348,39,1111,51,130,109,1336,180,0,269,1414,382,8,489,1353,606,121,679,1180,771,287,818,964,871,501,907,734,923,4
857,0,599,7,351,39,1123,53,131,110,1350,185,0,269,1427,390,6,491,1362,614,119,680,1184,778,285,821,965,877,500,910,733,928,4
854,0,595,9,345,45,1124,50,127,118,1356,181,0,278,1437,387,10,500,1374,613,126,687,1197,782,292,828,975,881,508,916,743,932,4
855,0,595,9,346,45,1124,49,127,119,1354,179,0,280,1436,384,11,502,1374,611,126,690,1199,779,295,830,979,880,511,917,747,934,4
852,0,593,9,346,44,1118,49,127,116,1347,179,0,276,1428,383,8,499,1366,609,123,687,1191,778,290,828,972,878,506,916,741,930,4
835,0,587,6,345,38,1086,50,128,108,1304,175,0,267,1384,370,11,489,1332,589,129,677,1171,754,298,815,965,856,513,899,742,912,4
530,0,281,10,766,16,39,60,989,81,1174,203,1248,379,1215,579,0,688,1085,743,194,845,900,853,683,926,438,929,-1,-1,-1,-1,4
650,0,474,0,322,31,826,51,185,76,67,135,925,174,0,229,928,343,4,359,71,473,830,489,178,564,671,580,326,622,497,628,4
469,0,626,12,327,19,196,52,777,71,79,100,5,188,855,190,0,317,844,343,56,432,744,471,152,523,599,550,286,582,441,591,4
464,0,615,13,326,18,198,49,759,70,82,95,7,182,831,184,0,309,818,331,55,421,722,455,148,510,583,532,280,566,431,573,4
458,0,605,13,323,16,196,46,745,70,80,92,6,178,815,184,0,305,803,329,55,418,711,451,149,506,576,527,280,562,428,568,4
459,0,606,14,325,17,198,47,743,69,82,93,7,179,812,182,0,305,799,325,55,417,706,446,147,504,572,523,277,558,425,564,4
464,0,330,13,608,16,202,40,741,76,85,84,7,171,808,187,0,300,797,328,57,415,709,447,154,505,579,523,286,560,434,564,4
477,0,343,11,621,19,212,38,92,80,753,79,11,166,817,190,0,297,803,330,54,414,712,449,149,504,580,524,283,560,433,565,4
476,0,340,15,622,16,210,43,757,73,90,89,9,178,824,187,0,310,812,332,55,427,720,456,151,520,586,537,286,576,437,580,4
470,0,619,10,332,20,203,53,762,65,85,103,835,182,7,194,0,326,825,332,57,443,731,462,152,534,593,546,287,589,441,592,4
468,0,621,6,328,22,200,59,770,61,82,112,847,179,5,205,839,335,0,338,57,454,744,470,154,546,602,557,290,602,447,604,4
464,0,621,2,322,27,775,55,192,68,76,124,859,174,2,219,852,334,0,353,60,470,756,474,159,560,612,565,296,614,454,615,4
467,0,625,2,324,29,781,52,194,72,77,130,866,173,2,228,862,337,0,364,61,482,765,480,162,573,620,574,460,627,301,628,4
476,0,641,1,329,31,805,52,195,77,75,137,898,177,0,238,898,349,2,379,67,501,801,499,172,595,651,597,484,652,318,652,4
655,0,485,2,335,36,824,51,198,84,76,148,919,176,0,252,919,350,2,395,820,504,70,519,668,607,179,614,499,666,329,670,4
678,0,504,4,350,41,852,48,209,93,82,162,952,175,0,272,957,358,1,424,859,521,71,554,702,635,187,654,525,702,345,710,4
695,0,513,5,355,44,876,50,212,98,82,168,982,185,0,280,987,376,1,435,883,547,70,569,717,663,186,673,533,730,348,734,4
716,0,529,5,366,45,904,52,219,100,87,171,1013,191,2,285,1017,389,0,442,904,567,69,580,730,685,185,688,540,751,349,753,4
734,0,543,2,377,42,927,53,226,97,91,169,1039,196,3,283,1043,396,0,444,928,578,70,585,189,696,749,697,552,763,357,764,4
760,0,566,1,396,39,955,57,242,92,103,162,1067,203,8,278,1067,409,0,441,66,588,946,594,183,705,760,714,354,778,555,780,4
772,0,575,3,402,44,971,56,247,101,104,174,1088,206,7,294,1092,421,0,466,68,618,972,615,189,740,782,744,364,815,572,816,4
805,0,601,8,421,53,1012,54,258,117,109,197,1137,206,7,326,1150,428,0,508,1031,636,74,668,837,779,206,794,617,858,395,860,4
825,0,615,7,432,54,1038,55,269,118,119,199,1164,212,14,328,1170,444,0,511,1040,657,67,675,833,801,194,807,604,880,380,882,4
821,0,604,11,1045,56,419,63,257,131,110,213,1180,223,10,344,1184,469,0,525,67,688,1045,691,189,821,828,834,373,906,595,911,4
807,0,589,19,1037,51,405,76,248,149,1176,217,106,236,8,366,1183,472,0,548,63,709,1039,703,182,840,818,853,362,926,583,931,4
802,0,585,19,1030,51,404,77,246,149,1168,219,104,236,7,369,1176,472,0,551,1037,703,66,712,188,845,821,851,368,928,589,932,4
813,0,597,15,1038,56,414,69,255,140,111,227,1169,224,9,359,1174,478,0,543,64,708,1033,706,184,842,818,853,365,927,586,931,4
817,0,601,12,1039,55,418,65,260,134,114,218,1170,226,11,349,1172,478,0,533,60,697,1028,706,178,833,809,851,355,921,575,927,4
830,0,615,8,429,56,1050,63,268,122,119,203,1178,236,14,335,1173,487,0,520,59,688,1027,712,175,826,806,854,353,917,572,928,4
639,0,857,0,448,42,1077,69,283,105,131,184,1200,250,19,313,0,501,1188,504,56,673,1034,725,171,817,809,862,349,914,571,930,4
680,0,907,6,478,39,1134,86,301,102,137,183,1256,276,19,322,0,524,1243,539,64,708,1086,767,188,860,856,908,377,961,609,979,4
719,0,955,13,453,13,1162,73,183,75,1321,190,6,254,1371,357,0,521,1321,545,1189,700,145,734,1016,814,348,868,816,897,586,923,4
472,0,731,4,960,32,210,44,1159,107,28,212,1305,236,1339,408,0,474,1273,592,118,693,1129,737,949,837,298,839,747,903,522,909,4
485,0,735,20,229,24,957,62,1145,146,45,170,1282,280,0,415,1303,447,1225,618,99,629,1073,747,262,779,889,828,472,867,689,877,4
474,0,719,18,227,28,936,58,1125,143,48,174,1260,281,0,413,1278,454,1196,630,89,626,1040,760,239,778,855,840,441,869,655,882,4
461,0,708,15,217,31,931,54,1124,141,44,181,1260,281,0,419,1275,459,85,629,1187,638,1027,770,231,781,838,849,427,873,638,892,4
441,0,689,9,917,40,197,40,1116,122,32,193,1258,261,0,427,1274,436,1189,619,93,629,1027,749,240,771,840,828,435,856,643,873,4
430,0,680,1,910,28,189,46,1112,106,28,202,1258,241,1273,415,0,432,1189,598,94,627,1028,730,242,766,840,813,435,847,642,859,4
655,0,406,6,880,18,167,59,1078,87,1222,214,14,222,1248,387,0,454,1171,568,105,646,1020,702,259,774,845,792,453,844,655,846,4
638,0,858,12,396,13,1053,74,159,72,1195,192,10,239,1225,358,0,473,1158,535,111,658,1019,676,850,769,270,780,666,832,466,840,4
634,0,850,10,392,13,1040,68,155,74,1182,183,8,241,1215,345,0,475,1153,520,1019,661,116,661,855,758,278,781,674,825,476,838,4
632,0,847,10,392,15,1034,68,156,75,1174,182,7,244,1207,342,0,481,1147,517,1016,658,118,669,855,756,281,788,677,826,479,841,4
633,0,841,9,393,14,1027,66,157,74,1164,177,6,245,1198,335,0,485,1143,509,1016,649,120,672,859,750,287,790,685,822,486,841,4
630,0,838,7,393,16,1020,61,156,79,1157,170,7,251,1193,326,0,489,1137,497,1014,639,120,676,858,741,287,791,685,817,487,838,4
631,0,838,10,395,14,1019,67,161,74,1155,178,10,243,1187,336,0,482,1130,507,1005,648,116,669,849,748,280,788,674,821,477,839,4
628,0,836,9,394,14,1017,65,160,74,1153,174,10,241,1186,330,0,479,1130,502,1004,642,117,666,848,742,281,783,674,814,477,832,4
624,0,843,6,381,20,1037,60,147,86,1185,174,3,255,1222,338,0,489,1162,518,1027,662,118,673,861,762,282,792,680,831,480,846,4
626,0,848,4,381,23,1045,57,144,92,1194,171,0,267,1233,336,3,503,1174,518,1040,665,126,687,875,768,293,803,693,839,493,855,4
866,0,637,2,385,26,1071,46,143,104,1225,160,0,287,1266,330,1206,516,9,531,1073,666,141,714,906,775,315,828,724,852,520,874,4
864,0,635,1,1077,33,381,28,139,111,1235,142,0,299,1279,311,1224,501,16,540,1090,655,153,721,926,767,330,831,742,847,538,873,4
862,0,630,2,1079,27,376,36,134,125,1243,133,1293,302,0,312,1239,493,20,552,1107,650,160,730,939,763,340,836,755,846,549,876,4
858,0,625,14,1072,32,371,60,1242,135,132,153,1299,303,0,344,1252,496,27,584,1126,658,173,761,962,778,779,866,358,865,571,901,4
854,0,624,16,1067,37,374,60,1233,139,136,151,1292,306,0,340,1249,497,21,580,1124,658,164,759,960,777,776,867,350,865,566,901,4
847,0,612,22,1065,32,361,73,1241,133,128,168,1304,301,0,356,1261,497,26,593,1133,663,169,766,966,785,352,871,779,875,567,909,4
847,0,612,24,1067,31,361,77,1243,130,126,175,1307,297,0,367,1268,494,31,606,1144,661,178,780,979,786,793,879,366,882,582,916,4
851,0,1069,29,613,25,361,82,1244,125,125,184,1310,292,0,380,1274,488,36,621,1154,657,993,784,189,794,810,881,381,893,600,923,4
858,0,1088,18,615,32,358,97,1276,115,121,208,1347,284,0,405,1310,488,41,646,1185,663,1018,795,197,814,829,895,392,911,614,938,4
872,0,1110,21,624,27,362,89,1299,118,124,198,1366,293,0,398,1323,500,37,639,1190,675,1016,805,191,810,822,902,383,911,606,943,4
874,0,1111,25,624,30,364,90,1305,123,126,192,1376,296,0,384,1337,502,36,623,1204,675,189,795,1027,804,831,899,383,899,609,935,4
943,0,681,10,1183,46,411,50,157,136,1372,162,0,325,1415,349,1370,554,1,574,1217,725,138,769,1021,846,331,892,-1,-1,-1,-1,4
399,0,1214,3,139,67,1430,117,0,247,1504,307,35,487,1450,519,193,674,1292,682,1088,791,392,799,866,858,628,864,-1,-1,-1,-1,4
668,0,936,2,399,25,1200,66,156,93,1409,202,7,261,1445,408,0,501,1382,623,111,703,1196,786,280,849,974,890,500,935,739,947,4
919,0,647,2,375,33,1186,54,134,110,1403,191,0,285,1450,397,18,515,1391,611,148,702,1213,769,324,833,999,866,542,911,774,920,4
916,0,650,2,382,33,1173,57,139,108,1379,190,0,281,1438,388,14,517,1367,600,143,707,1197,759,321,838,990,859,540,913,770,917,4
899,0,636,10,1154,48,371,49,133,129,1363,172,0,306,1429,363,24,538,1366,574,160,724,1206,737,1007,843,343,848,791,909,564,914,4
891,0,632,13,1145,43,369,54,131,138,1354,163,0,315,1423,352,26,547,1365,562,1209,727,164,731,1012,835,348,851,798,906,570,915,4
887,0,628,16,1143,41,367,60,130,146,1354,157,0,325,1426,345,1371,555,28,555,1217,720,169,735,1021,831,356,855,808,904,580,916,4
886,0,626,17,1142,40,365,61,128,150,1356,157,0,330,1431,345,1380,558,31,562,1228,725,174,745,1033,838,363,864,818,911,589,924,4
890,0,629,18,1148,39,366,64,1361,153,127,155,0,338,1440,342,1391,553,36,572,1241,721,184,753,1048,836,377,871,835,912,606,928,4
895,0,634,21,1154,37,369,69,1369,148,129,161,1449,331,0,346,1404,542,37,582,1259,713,191,763,1068,831,390,879,855,912,622,932,4
894,0,631,20,1157,38,369,67,1376,154,131,158,0,343,1453,345,1402,563,31,578,1247,734,177,761,1049,852,369,884,832,928,598,942,4
879,0,607,24,1160,39,345,75,1397,161,119,166,0,342,1480,366,33,567,1415,592,168,744,1242,764,348,869,1027,871,801,936,569,937,4
877,0,604,23,1160,39,344,73,120,162,1400,162,0,338,1482,368,32,560,1418,596,166,739,1242,768,345,864,1026,875,565,935,799,937,4
874,0,600,22,1157,36,339,74,117,163,1401,161,0,339,1486,368,33,559,1422,599,168,737,1245,769,346,863,1028,877,566,936,799,939,4
869,0,594,24,1156,38,336,74,115,163,1403,163,0,337,1490,373,31,557,1425,604,164,735,1245,776,341,861,1024,881,560,934,794,939,4
866,0,593,26,1154,35,335,78,1402,159,114,169,0,344,1491,367,34,565,1429,600,169,742,1251,773,348,867,1033,881,569,939,803,941,4
865,0,591,29,1152,33,334,82,1401,155,112,177,0,353,1492,362,37,573,1432,594,174,751,1258,769,355,873,1040,879,577,943,811,942,4
861,0,1149,30,588,31,331,88,1400,149,112,183,1493,355,0,360,41,581,1439,587,182,757,1267,764,1052,876,366,879,825,944,590,946,4
855,0,1143,27,583,34,327,94,1396,142,109,190,1493,347,0,369,1441,579,43,590,1273,759,186,763,1059,873,372,883,832,943,597,947,4
853,0,1142,25,581,37,326,98,1395,139,108,197,1495,342,0,380,1448,576,49,601,1282,756,197,774,1071,872,385,890,846,945,612,952,4
852,0,1141,22,579,38,322,102,1397,136,105,203,1500,342,0,385,1451,577,47,608,1286,761,194,781,1073,880,384,899,846,952,611,960,4
852,0,1142,21,580,40,323,106,1400,131,106,210,1505,335,0,394,1460,569,52,614,1297,753,203,786,1087,874,395,902,861,949,624,961,4
879,0,606,22,1163,40,344,71,117,161,1408,163,0,342,1501,367,43,573,1451,594,192,755,1287,766,1076,877,384,880,850,945,613,947,4
919,0,644,4,374,36,1192,55,131,117,1421,190,0,296,1499,396,33,536,1439,618,180,730,1274,784,370,867,1064,889,600,945,838,949,4
680,0,952,8,397,24,1213,76,134,99,1419,216,0,291,1483,418,2,548,1419,634,140,758,1258,798,340,899,1052,905,826,975,581,977,4
786,1,578,0,366,24,994,45,164,75,1181,143,24,202,1271,305,0,413,1255,504,95,607,1131,672,260,757,944,786,485,847,725,852,4
762,0,559,0,351,23,963,43,152,73,1145,137,17,200,1235,294,0,412,1227,485,102,602,1113,650,270,748,938,763,729,831,494,831,4
581,0,779,7,371,18,972,53,166,62,1145,144,22,186,1232,291,0,397,1226,470,105,589,1122,628,280,735,954,739,749,810,512,815,4
980,0,554,1,345,40,1178,73,149,113,1273,234,17,253,1258,444,0,466,1130,633,94,651,938,766,256,790,717,850,478,863,-1,-1,4
142,0,242,10,328,33,411,79,0,78,487,151,2,217,535,352,66,353,499,440,155,459,438,498,263,521,362,530,-1,-1,-1,-1,4
143,0,238,10,318,31,391,74,3,78,458,140,0,215,491,227,493,326,58,344,457,409,141,441,400,465,241,495,331,498,-1,-1,4
128,0,221,3,298,18,371,55,0,82,438,113,475,193,8,213,484,286,76,332,457,366,162,418,409,422,346,458,259,462,-1,-1,4
136,0,225,7,47,10,305,24,377,63,0,78,441,123,477,203,5,207,483,295,69,328,453,373,154,416,403,428,337,461,252,462,4
140,0,236,4,48,15,318,19,394,56,0,84,463,114,500,195,8,216,506,288,76,337,477,368,425,425,166,423,357,462,268,466,4
251,1,150,0,336,15,52,18,419,49,0,90,492,107,8,224,540,283,80,344,509,366,453,426,175,430,380,465,284,472,-1,-1,4
164,0,273,2,365,17,58,18,452,54,0,96,529,115,572,201,9,240,581,299,90,368,548,387,490,450,193,459,414,493,311,501,4
175,0,286,6,63,15,382,24,470,64,0,92,548,128,591,215,4,238,595,315,83,372,559,402,496,465,189,466,416,506,309,512,4
187,0,307,2,69,18,409,18,505,58,0,98,590,122,634,212,4,247,639,316,87,383,599,407,531,473,199,479,443,517,328,525,4
194,0,318,1,424,16,71,19,524,56,0,103,611,121,659,213,5,257,664,321,93,395,624,415,554,483,208,493,462,529,342,538,4
228,0,366,8,89,16,483,30,592,78,3,102,685,152,731,254,0,269,731,369,89,422,680,468,214,533,599,538,495,583,361,588,4
241,0,382,7,99,14,502,30,614,79,7,101,709,156,756,259,0,269,753,377,87,425,699,478,214,539,612,549,502,595,364,598,4
423,0,110,5,556,13,681,65,9,92,787,150,837,265,0,276,831,395,93,444,767,505,228,567,667,582,544,629,391,631,-1,-1,4
269,0,427,3,110,23,563,23,691,72,9,120,804,153,861,268,0,305,862,403,98,478,802,521,703,605,241,604,575,661,414,667,4
279,0,444,6,109,22,585,29,718,82,3,127,835,167,898,286,0,331,906,427,113,523,853,553,758,645,274,658,632,710,461,723,4
159,0,339,3,512,31,651,76,29,97,776,148,880,250,0,320,930,378,923,522,103,542,858,646,261,706,758,733,624,791,451,792,4
164,0,347,2,519,31,660,74,32,98,785,146,890,247,0,325,940,376,936,521,104,550,872,647,267,715,769,737,638,797,460,800,4
361,0,167,4,549,24,702,67,31,113,842,142,959,251,0,354,1015,393,1008,554,108,589,935,692,274,764,820,790,672,855,482,856,4
364,0,165,8,554,22,709,64,28,123,851,140,970,251,0,373,1025,395,1020,559,114,611,948,700,287,786,835,801,686,871,495,875,4
364,0,165,8,557,21,713,63,26,126,854,139,973,250,0,378,1028,396,1021,561,115,618,949,703,288,791,833,805,688,873,496,878,4
362,0,163,9,557,19,716,60,858,136,23,134,974,247,1029,392,0,390,1019,557,117,629,946,699,833,801,291,798,685,872,496,881,4
167,2,566,0,726,29,868,101,21,117,984,210,1034,353,0,371,1020,514,120,603,943,652,827,752,293,762,682,823,497,836,-1,-1,4
361,0,557,14,158,18,717,48,860,116,19,148,977,223,1033,364,0,403,1023,527,121,633,949,668,835,773,296,792,690,848,505,865,4
357,0,552,9,151,26,716,38,859,104,13,162,979,208,1034,350,0,420,1029,513,128,650,957,657,846,766,308,804,702,847,517,870,4
364,0,562,10,159,24,724,42,868,109,19,158,988,215,1042,358,0,418,1032,522,123,649,958,666,842,774,301,805,698,853,510,875,4
372,0,572,10,165,25,738,42,885,111,25,159,1007,221,1061,369,0,418,1046,539,115,653,966,687,845,796,289,815,691,874,499,891,4
373,0,577,8,167,26,747,40,900,109,24,164,1025,221,1078,373,0,422,1062,546,115,654,976,695,851,804,287,817,693,880,498,895,4
376,0,583,9,167,27,755,41,909,112,24,165,1038,225,1092,379,0,426,1077,555,116,660,990,706,862,815,291,825,701,892,503,905,4
377,0,580,11,167,23,750,44,902,116,22,162,1029,227,1084,379,0,423,1071,552,119,659,988,701,862,811,295,824,705,888,508,902,4
390,0,593,18,176,17,761,55,909,129,26,152,1028,241,1081,389,0,416,1067,556,121,658,986,701,864,808,300,824,711,885,515,901,4
222,0,438,5,632,40,784,89,54,118,916,167,1024,276,0,392,1074,416,1065,577,115,663,996,721,886,825,307,836,-1,-1,-1,-1,4
602,0,431,8,764,43,276,51,131,111,853,163,0,187,857,332,771,491,0,596,630,610,125,684,466,692,290,721,-1,-1,-1,-1,4
615,0,797,6,444,46,919,110,300,120,175,204,954,293,62,299,0,424,879,480,26,571,739,626,112,683,574,730,238,755,399,776,4
674,0,876,16,484,42,327,115,1011,141,191,198,73,294,1042,350,0,422,950,561,17,583,100,714,782,716,227,807,592,818,399,849,4
721,0,524,25,930,36,358,84,214,155,1064,182,85,240,0,364,1080,406,0,530,963,617,71,674,772,761,189,786,562,844,360,852,4
776,0,578,11,976,51,408,59,256,123,115,202,1096,206,14,327,1101,434,0,504,976,647,59,662,174,791,777,789,557,867,345,867,4
774,0,576,11,976,51,404,59,254,124,113,204,1096,203,12,328,1102,429,0,503,977,639,62,658,779,780,180,784,562,859,352,861,4
775,0,573,12,982,51,401,63,248,129,111,209,1102,208,14,332,1100,440,0,504,966,652,61,658,172,783,764,790,340,861,546,863,4
776,0,571,11,986,54,396,60,245,125,105,204,1108,214,10,326,1105,447,0,498,58,650,968,657,171,774,762,791,337,855,543,860,4
809,0,603,1,426,43,1015,61,269,101,124,175,1131,224,20,295,1120,457,0,469,55,628,978,663,165,758,767,792,334,845,543,857,4
612,0,819,1,433,38,1024,66,274,95,128,167,1137,233,21,286,0,462,1124,465,53,622,978,670,161,755,765,797,329,845,540,860,4
618,0,824,1,437,38,1029,66,277,94,130,166,1141,231,22,285,0,462,1127,467,51,622,979,672,159,757,764,800,326,847,539,862,4
825,0,617,1,437,41,1035,65,277,99,130,172,1149,230,23,291,0,467,1137,466,53,627,988,675,161,761,774,803,331,851,545,866,4
621,0,829,0,440,40,1041,63,280,97,132,170,1159,228,23,288,0,464,1151,463,51,625,1003,671,162,760,785,802,335,851,553,866,4
649,0,857,4,466,36,1065,69,300,91,146,163,1184,233,28,284,0,467,1179,467,51,636,1036,679,167,779,817,816,-1,-1,-1,-1,4
550,0,729,7,389,59,264,147,849,168,170,241,78,344,860,459,7,479,0,653,742,744,34,805,106,931,561,925,-1,-1,-1,-1,4
740,0,412,26,285,109,847,151,187,199,92,299,16,430,832,439,0,600,703,709,26,748,88,871,520,877,193,954,340,960,-1,-1,4
740,0,291,78,193,159,839,150,100,249,22,367,811,432,0,526,16,668,668,686,69,788,480,831,163,875,302,894,-1,-1,-1,-1,4
613,0,778,28,452,37,323,104,222,181,862,194,120,266,32,382,823,469,0,544,8,690,670,720,54,816,476,867,148,909,292,931,4
617,0,462,35,781,32,333,98,863,200,129,253,39,366,820,478,1,526,0,674,660,731,41,805,456,874,129,903,-1,-1,-1,-1,4
594,0,761,27,438,39,313,108,849,195,117,268,35,383,809,477,0,541,6,685,653,732,48,812,457,876,137,907,273,933,-1,-1,4
586,0,755,25,429,41,304,111,208,189,844,194,114,273,33,386,807,478,0,542,6,684,649,733,47,808,451,874,133,902,269,930,4
570,0,741,19,412,47,291,121,837,184,195,201,103,288,27,403,807,470,0,559,11,699,656,730,57,821,465,876,146,911,284,936,4
572,0,745,16,412,49,289,125,844,182,194,205,103,292,28,407,812,470,0,561,11,700,656,731,56,821,459,877,143,911,280,936,4
584,0,761,16,423,50,297,126,860,184,201,207,109,293,30,408,825,482,0,563,6,705,661,753,48,831,457,901,134,928,-1,-1,4
469,0,613,12,339,19,217,49,750,67,102,96,824,181,20,182,0,313,815,336,41,434,720,472,127,533,575,559,-1,-1,-1,-1,4
449,0,599,5,317,22,196,57,749,57,87,106,832,176,13,191,0,316,827,335,46,432,727,476,132,529,578,562,260,593,416,604,4
420,0,565,4,292,25,710,50,174,62,70,113,795,161,3,200,799,314,0,324,55,436,715,450,147,526,579,538,278,582,430,586,4
415,0,552,1,291,24,688,44,176,62,71,113,768,147,3,201,774,292,0,326,696,424,54,436,571,515,147,522,427,568,279,572,4
545,0,410,2,288,29,679,40,174,69,71,123,758,140,3,212,765,282,0,337,691,415,57,446,569,508,151,529,428,565,282,574,4
394,0,527,3,276,24,657,44,165,59,64,109,734,144,0,193,741,282,0,313,670,407,55,419,551,493,147,500,414,545,274,548,4
402,0,533,3,283,22,663,44,172,57,71,105,739,144,4,188,745,281,0,307,671,407,53,413,549,492,142,496,410,541,268,543,4
412,0,541,7,293,20,181,51,668,53,78,97,740,154,9,180,743,292,0,301,50,412,668,415,139,498,547,499,-1,-1,-1,-1,4
406,0,534,7,288,18,178,49,658,54,75,94,725,156,7,175,722,291,0,294,47,400,644,410,133,483,525,489,253,533,390,534,4
397,0,526,6,279,21,651,49,170,54,69,100,720,148,4,182,719,281,0,298,644,399,52,400,526,478,138,479,393,524,258,525,4
405,0,535,9,286,17,175,47,659,57,75,90,724,158,7,169,0,283,716,290,48,385,635,404,130,466,513,477,246,514,379,517,4
405,0,536,10,287,18,176,47,661,58,75,90,726,159,8,169,0,283,718,292,48,385,636,407,130,466,514,480,247,515,381,519,4
407,0,538,10,289,16,178,45,663,59,76,87,728,161,8,165,0,280,720,294,47,382,638,408,130,464,516,480,246,515,381,520,4
409,0,539,11,289,17,178,44,664,60,76,86,730,162,7,164,0,279,723,296,47,382,641,411,129,464,518,483,246,515,382,522,4
413,0,544,11,292,17,180,45,670,60,77,88,736,163,9,166,0,281,728,298,46,386,645,415,128,469,520,489,247,522,383,527,4
419,0,554,10,297,17,182,46,684,59,78,90,752,164,7,170,0,288,746,301,49,393,661,420,134,478,535,495,255,530,395,536,4
426,0,567,7,300,22,704,54,183,56,75,104,778,161,6,188,775,305,0,310,51,419,690,432,140,505,559,515,267,559,414,561,4
430,0,574,2,301,26,716,47,181,65,74,117,796,157,4,205,795,307,0,330,56,440,709,440,148,526,576,529,428,578,279,578,4
577,0,428,2,296,33,726,42,176,76,68,133,813,152,0,225,817,307,1,352,732,446,61,462,597,539,158,547,445,593,293,597,4
624,0,458,11,791,37,315,54,186,108,891,153,71,175,0,277,901,322,6,414,811,481,73,530,663,591,182,618,498,656,330,667,4
629,0,835,6,444,32,1040,69,273,84,116,153,1162,220,10,273,1175,432,0,452,78,614,1060,624,217,744,865,754,414,824,641,827,4
672,0,887,6,478,33,1102,74,299,86,134,157,1227,235,18,281,1234,459,0,469,74,641,1103,661,211,781,891,798,414,869,654,873,4
749,0,980,13,538,32,340,85,1209,91,157,158,1338,264,26,287,0,490,1338,503,74,676,1191,719,220,830,962,859,440,928,702,936,4
773,0,1012,10,554,36,1250,86,349,93,161,169,1387,259,26,302,1389,501,0,507,80,696,1241,722,233,849,1003,869,463,946,735,951,4
823,0,1066,12,598,32,1304,86,383,89,180,166,1447,257,32,305,1466,498,0,526,89,731,1330,730,1095,893,262,898,815,985,519,986,4
841,0,1083,15,615,27,398,82,1322,93,191,155,1463,266,38,293,1480,509,0,516,82,725,1341,740,253,898,1101,904,-1,-1,-1,-1,4
825,0,1072,13,598,33,383,90,1316,91,181,167,1459,268,33,305,1471,518,0,526,80,730,1323,752,244,899,1078,912,792,1004,495,1002,4
803,0,1054,2,576,19,1302,70,363,80,165,162,1449,251,26,303,1458,505,0,521,86,722,1308,739,249,884,1062,898,493,985,781,988,4
805,0,1061,1,577,20,1316,73,366,79,170,156,1460,254,31,291,0,500,1456,507,75,694,1288,736,227,854,1029,887,459,956,743,967,4
1025,0,561,6,352,56,1261,85,161,126,25,257,1392,264,0,464,1388,504,79,655,1234,717,231,811,995,855,459,913,727,927,-1,-1,4
778,0,563,19,1009,26,356,61,1231,114,165,125,28,250,1351,288,0,453,1346,514,80,643,1201,713,232,798,975,843,457,898,719,911,4
778,0,568,8,999,37,364,39,173,92,1209,132,35,209,1317,305,0,409,1304,524,73,600,1161,709,218,759,941,828,437,867,693,887,4
764,0,560,7,359,37,979,35,172,88,1182,131,36,204,1286,297,0,399,1271,510,71,586,1131,692,213,742,919,807,427,845,677,865,4
741,0,541,10,952,34,345,41,163,92,1152,125,32,207,1255,287,0,398,1240,495,71,578,1103,674,210,727,896,787,419,826,661,845,4
708,0,512,12,915,29,324,46,148,100,1112,114,26,212,1217,273,0,396,1209,478,74,570,1079,654,212,712,878,766,416,806,652,823,4
673,0,484,17,875,25,299,53,131,109,1067,105,18,222,1168,257,0,401,1160,454,78,565,1037,623,215,698,848,733,411,781,634,791,4
660,0,475,10,854,28,293,42,124,95,1036,110,14,209,1131,258,0,389,1124,446,82,553,1010,607,221,683,835,713,416,763,632,771,4
677,0,492,5,309,30,868,34,139,76,1044,121,24,183,1131,267,0,359,1117,448,75,523,996,602,208,655,818,699,400,739,614,752,4
665,0,482,2,299,26,857,35,131,71,1036,123,20,175,1130,271,0,352,1122,454,77,517,1006,608,213,652,828,706,407,740,624,755,4
671,0,489,3,306,25,859,37,137,69,1034,124,23,174,1122,268,0,350,1112,448,77,516,999,598,214,650,826,696,409,736,625,748,4
504,0,686,4,320,17,871,47,147,56,1041,138,28,159,1123,286,0,338,1107,465,73,509,991,614,208,650,818,709,403,740,618,757,4
681,0,498,0,312,22,868,38,139,66,1039,126,22,174,1125,271,0,357,1116,449,82,527,1006,601,224,663,838,700,423,747,639,756,4
519,0,334,5,693,16,156,33,863,68,30,133,1015,164,1088,305,0,319,1075,472,79,499,973,611,223,644,817,701,420,734,629,749,4
518,0,332,4,690,16,152,33,858,68,27,136,1007,162,1077,302,0,327,1064,467,84,508,964,605,231,652,813,696,427,738,633,748,4
523,0,336,5,697,16,154,35,865,67,26,142,1013,161,1083,302,0,337,1071,467,88,520,973,607,238,663,824,700,438,747,644,754,4
548,0,355,7,728,12,163,41,901,62,1054,154,29,152,1126,294,0,350,1114,461,91,537,1013,606,249,681,859,705,458,763,673,765,4
553,0,743,10,355,11,165,49,931,61,1101,162,32,163,1182,317,0,364,1165,504,84,557,1050,661,235,711,877,763,446,807,673,820,4
556,0,755,5,354,17,955,53,164,58,1138,154,31,173,1225,315,0,371,1207,509,81,559,1082,671,231,713,895,775,444,811,678,829,4
660,0,410,12,894,15,173,67,1107,81,21,228,0,462,1242,589,103,664,1090,740,262,808,899,838,693,886,472,888,-1,-1,-1,-1,4
643,0,876,8,394,19,1086,67,157,81,1250,190,10,246,1289,365,0,478,1223,556,111,668,1075,706,274,799,891,805,693,867,479,869,4
631,0,860,3,384,24,1067,57,149,92,1229,173,3,261,1276,344,0,498,1218,536,1078,687,119,687,902,792,288,813,709,862,497,874,4
630,0,857,1,384,24,1063,53,149,92,1223,166,4,261,1271,334,0,497,1216,523,1078,676,120,687,905,784,291,812,713,857,501,871,4
857,2,630,0,385,25,1062,55,151,92,1223,168,5,261,1271,337,0,499,1218,527,1080,680,119,688,907,788,290,815,713,861,500,875,4
628,0,853,1,384,25,1058,53,150,91,1218,165,4,261,1269,334,0,500,1218,524,1085,679,122,692,912,788,294,820,720,864,506,879,4
643,0,871,4,398,22,1078,58,163,87,1239,174,12,255,1284,343,0,493,1225,534,1086,690,115,687,908,796,283,817,710,869,494,881,4
608,0,348,59,1300,69,109,177,1402,247,0,390,1398,465,69,648,1291,657,1128,802,253,831,938,913,470,935,712,964,-1,-1,-1,-1,4
544,0,402,9,699,26,274,34,151,74,845,106,47,156,901,255,0,293,11,429,850,444,67,551,702,592,177,646,517,666,333,686,4
485,0,656,3,339,34,826,68,214,83,101,145,906,227,18,249,0,395,872,440,35,528,735,611,110,639,557,705,228,718,382,742,4
501,0,673,10,355,28,229,71,839,83,112,128,24,228,914,248,0,376,872,462,28,511,98,629,728,631,213,716,545,718,366,748,4
515,0,689,17,364,22,237,61,857,101,118,114,29,212,925,273,0,358,873,489,25,496,91,616,719,650,202,708,533,727,353,747,4
525,0,377,14,697,28,251,44,130,88,861,119,36,178,926,295,0,320,17,459,866,509,75,584,705,662,181,684,512,727,331,735,4
523,0,375,13,694,24,249,44,131,89,862,114,37,178,934,291,0,321,15,460,878,510,71,586,714,669,178,690,518,737,328,744,4
522,0,373,14,695,26,248,44,129,89,865,119,37,181,936,301,0,325,14,467,879,524,72,597,716,685,179,704,517,753,330,759,4
517,0,369,16,691,25,241,47,124,95,862,116,33,189,933,296,0,334,20,474,878,515,82,599,719,674,190,701,526,743,342,752,4
523,0,375,14,696,26,247,44,128,91,863,118,36,183,932,298,0,329,19,469,875,516,78,596,715,674,186,700,521,742,338,751,4
706,0,906,28,514,30,350,93,1034,158,206,171,77,263,1057,362,0,396,6,556,958,565,87,693,787,713,216,792,592,809,393,838,4
744,0,552,11,938,44,385,59,233,122,1056,179,95,200,7,332,1071,385,0,488,962,579,72,633,782,714,195,744,578,796,374,807,4
605,0,801,6,431,35,993,69,272,85,125,154,1098,219,24,266,1089,429,0,440,59,594,960,616,173,720,766,738,345,799,553,804,4
634,0,831,15,456,25,295,70,1022,87,144,132,30,241,1121,246,0,412,1100,460,47,571,957,644,155,704,752,758,324,795,532,812,4
634,0,835,11,455,27,294,73,1033,86,143,135,31,245,1136,249,0,415,1114,471,46,573,964,660,149,708,750,773,315,803,525,825,4
645,0,853,12,463,31,302,80,1056,87,151,145,36,256,1157,260,0,428,1124,492,41,589,961,689,138,727,738,803,299,825,508,851,4
698,0,920,10,505,36,334,89,1145,91,176,158,49,276,1260,282,0,462,1224,548,29,639,1034,774,122,797,777,903,287,915,515,952,4
706,0,939,5,507,39,1176,83,337,98,176,168,1301,280,47,288,0,476,1264,561,27,654,1061,799,117,814,788,930,283,936,514,978,4
900,0,667,23,1154,54,476,85,316,159,169,243,1301,256,50,368,0,552,1271,573,18,727,1053,850,97,888,757,999,246,1005,-1,-1,4
780,0,1029,20,561,52,392,134,1187,206,257,222,133,314,33,440,1174,533,0,615,19,778,967,837,91,924,687,1003,223,1024,-1,-1,4
739,0,983,10,530,61,369,148,1147,190,240,239,125,334,31,460,1143,521,0,633,20,793,944,836,87,936,667,1003,-1,-1,-1,-1,4
914,0,675,12,474,89,1086,161,323,187,206,287,100,391,1108,489,18,522,0,693,938,817,30,848,106,984,680,1009,-1,-1,-1,-1,4
863,0,495,10,351,77,237,155,967,150,130,235,40,342,918,429,0,491,3,627,727,679,48,747,498,815,141,837,292,865,-1,-1,4
856,0,487,17,346,87,235,163,954,163,129,245,39,353,903,447,0,506,2,644,714,705,43,768,485,843,133,863,281,893,-1,-1,4
667,0,352,84,241,160,954,178,133,241,43,348,894,465,1,501,0,640,701,716,39,764,472,848,126,859,272,892,-1,-1,-1,-1,4
853,0,490,5,351,70,239,144,945,168,132,221,43,327,889,450,0,476,1,613,697,696,39,736,471,824,125,831,273,867,-1,-1,4
688,0,514,28,871,39,374,86,262,154,955,212,152,228,57,330,8,479,888,492,0,620,691,733,34,748,114,850,459,854,259,890,4
704,0,532,23,883,43,392,78,277,141,166,211,961,217,69,311,14,458,885,493,0,596,27,724,682,729,106,829,448,844,245,874,4
699,0,527,23,876,40,388,77,276,141,166,211,956,212,67,309,14,457,884,487,0,596,28,725,684,725,106,829,451,843,247,875,4
677,0,507,28,855,37,370,84,260,151,941,208,155,223,62,325,10,473,880,487,0,613,28,742,683,732,109,848,455,856,251,891,4
655,0,836,26,486,37,352,103,243,174,931,196,140,253,49,359,877,482,6,511,0,652,689,739,35,782,464,876,119,883,260,917,4
647,0,829,26,476,37,342,103,236,177,925,196,135,255,47,362,875,483,3,513,0,653,689,740,37,780,462,873,121,881,261,915,4
643,0,828,29,468,37,333,104,229,178,924,207,127,256,41,364,1,515,870,502,0,656,680,758,36,782,119,885,457,887,260,926,4
643,0,832,30,472,40,334,106,228,180,928,209,127,257,42,364,1,516,873,506,0,656,682,762,36,783,119,885,454,890,257,927,4
642,0,830,27,467,39,332,108,225,181,928,207,125,261,40,368,0,520,872,507,0,660,680,766,36,787,117,889,454,894,-1,-1,4
138,0,266,8,391,36,40,59,497,74,592,132,0,193,664,213,682,309,40,331,651,407,123,442,575,480,241,516,478,523,366,539,4
132,0,258,3,379,25,486,58,38,58,581,112,656,189,0,185,678,283,41,316,651,381,125,422,577,455,242,493,480,498,367,515,4
125,0,249,0,370,18,477,48,33,58,574,98,653,172,0,182,679,264,43,309,653,362,128,412,580,438,246,480,483,481,371,500,4
128,0,248,2,367,21,472,51,37,57,569,103,646,179,0,179,669,273,36,303,640,373,113,407,563,447,226,478,463,488,349,502,4
240,0,121,2,358,15,464,42,33,62,563,90,643,165,0,185,669,260,39,308,642,361,117,409,566,438,230,478,467,482,353,499,4
239,0,119,3,358,17,464,44,32,61,563,93,644,167,0,182,670,261,39,305,644,361,120,406,569,437,234,474,470,479,357,495,4
127,0,246,3,365,19,471,49,38,56,569,102,646,178,0,176,669,273,35,301,639,373,111,404,561,446,223,475,460,486,345,501,4
129,0,367,23,473,55,38,56,570,108,0,176,647,186,669,282,33,302,637,382,108,406,558,455,219,479,456,494,341,507,-1,-1,4
237,0,118,4,357,14,466,40,31,64,566,89,648,162,0,186,675,258,40,309,649,360,121,408,574,437,236,476,474,480,359,497,4
233,0,113,7,354,12,463,35,28,69,566,82,650,154,0,191,680,249,44,312,654,351,126,411,580,430,480,475,242,475,365,494,4
218,0,339,3,100,17,451,17,558,55,19,84,649,120,0,205,686,213,668,317,51,321,597,400,140,412,499,452,259,468,385,479,4
221,0,342,3,103,16,455,18,562,57,21,85,653,124,0,210,689,218,670,324,50,328,598,409,138,421,499,462,257,478,383,489,4
230,0,352,5,111,12,463,23,570,64,26,77,659,133,0,196,692,227,45,313,669,330,129,407,593,412,491,460,247,467,373,482,4
232,0,354,7,466,27,574,70,28,75,664,142,0,196,697,239,42,315,672,345,124,413,594,427,488,475,240,477,368,496,-1,-1,4
225,0,349,3,105,16,465,19,576,59,21,85,673,129,0,212,711,228,50,334,693,340,618,428,139,432,514,483,262,494,394,508,4
351,1,226,0,467,14,104,18,578,53,20,88,674,120,715,217,0,216,700,326,53,338,627,416,146,433,525,473,273,492,405,503,4
353,0,227,1,469,13,103,19,579,50,18,93,676,115,722,209,0,226,714,320,60,354,651,414,161,452,552,477,297,509,433,513,4
350,0,218,3,467,13,90,26,580,50,8,105,678,117,725,215,0,250,720,329,71,382,661,426,180,481,567,493,453,534,318,534,4
237,0,370,6,105,14,488,26,599,71,16,92,693,144,0,240,735,245,726,358,68,381,662,453,177,488,568,516,316,548,453,553,4
243,0,110,8,376,11,491,35,600,82,18,80,692,154,0,222,734,250,725,358,68,362,663,448,178,468,569,506,318,531,454,539,4
261,0,123,2,396,17,510,47,26,71,615,99,702,175,0,219,739,272,66,366,728,379,667,467,177,481,573,526,320,548,459,558,4
258,0,121,2,391,17,505,47,25,73,608,100,693,178,0,225,728,276,67,376,716,385,655,475,176,492,566,534,316,559,453,568,4
248,0,113,1,379,20,488,51,21,69,590,104,674,181,0,220,711,278,69,369,702,385,644,473,180,485,558,531,319,553,450,563,4
118,0,248,6,373,33,28,64,478,69,574,128,651,211,0,214,682,311,60,367,668,418,159,489,608,503,520,555,288,564,415,581,4
120,0,244,10,367,40,31,62,467,81,558,142,0,212,632,226,659,326,54,366,641,432,148,490,580,515,495,564,271,567,393,587,4
120,0,241,16,358,51,34,57,454,95,540,161,0,204,608,247,632,348,47,359,611,452,133,486,548,532,248,569,464,577,366,595,4
131,0,246,24,43,51,359,65,449,115,527,184,0,195,588,273,36,352,605,374,579,476,113,484,515,552,221,573,431,593,334,605,4
122,0,236,18,346,55,39,55,435,102,515,168,0,202,576,256,596,358,39,359,573,463,117,489,512,541,225,575,429,587,336,603,4
115,0,228,9,341,46,33,51,432,93,512,162,0,205,575,254,595,360,43,368,573,469,121,500,512,551,230,587,431,597,339,615,4
41,0,349,7,438,57,512,128,0,149,569,219,35,309,579,322,550,425,107,439,485,500,207,525,404,541,313,555,-1,-1,-1,-1,4
114,0,228,14,339,48,34,62,430,92,508,158,0,214,569,246,587,348,45,373,564,455,122,499,504,536,228,580,426,583,335,603,4
105,0,220,8,335,35,26,69,427,74,510,135,576,220,0,226,599,322,51,383,581,432,135,506,523,517,447,570,247,581,355,597,4
104,0,220,5,337,31,431,69,25,72,516,130,584,216,0,233,608,322,50,394,591,435,137,519,533,525,455,581,251,595,363,610,4
212,0,90,8,335,15,439,44,15,93,531,100,610,183,0,264,644,291,635,411,69,426,581,511,167,547,503,578,292,614,410,618,4
205,0,329,11,84,12,432,36,525,86,8,102,605,165,642,271,0,274,637,389,72,434,589,489,178,549,516,559,424,606,306,609,4
206,0,331,6,82,19,435,27,531,75,8,114,612,154,652,261,0,293,647,385,74,455,597,491,522,568,183,570,430,620,311,627,4
335,0,204,0,443,17,79,27,543,62,6,130,629,140,0,314,665,378,77,476,614,490,539,571,189,588,443,629,322,641,-1,-1,4
345,0,210,4,454,13,82,36,556,56,642,134,6,145,683,245,0,332,678,375,626,490,80,494,547,576,193,605,452,638,328,655,4
351,0,466,9,214,8,82,46,570,50,657,127,6,162,699,240,0,353,692,375,637,494,82,517,557,584,195,626,456,651,332,672,4
357,0,472,10,217,9,84,48,576,50,666,128,6,168,706,242,0,363,701,379,646,500,83,529,565,593,199,639,465,662,338,685,4
363,0,224,5,479,13,90,39,582,57,672,138,11,157,715,255,0,356,709,393,654,516,81,530,573,609,199,648,469,678,339,697,4
170,0,343,21,499,66,41,88,619,120,720,197,801,298,0,310,834,418,85,536,819,550,757,663,222,705,664,743,391,793,547,796,4
503,0,629,46,34,48,735,125,814,231,0,294,845,356,830,492,95,530,770,609,680,695,241,694,566,757,413,768,-1,-1,-1,-1,4
394,0,243,9,542,11,105,46,690,56,822,137,14,145,877,260,0,289,852,402,62,420,754,512,166,524,616,578,307,593,464,610,4
394,0,245,9,542,12,105,47,691,57,822,137,14,145,877,260,0,289,852,403,62,420,754,513,166,525,616,578,307,594,464,610,4
394,0,244,9,542,12,105,48,691,56,823,137,15,145,878,261,0,289,853,403,63,421,754,512,166,525,616,578,308,594,464,610,4
394,0,245,9,542,12,105,48,691,56,822,137,15,145,878,260,0,289,853,403,63,421,754,513,166,525,616,579,308,594,465,610,4
393,0,243,9,541,11,104,47,691,56,822,137,14,144,877,260,0,288,852,402,62,420,753,512,166,525,616,578,307,594,464,610,4
412,0,258,5,563,16,114,40,712,67,19,138,841,153,891,279,0,286,61,421,862,422,759,530,165,530,619,592,307,602,465,621,4
475,0,646,12,302,13,139,53,820,62,980,151,27,159,1060,292,0,328,1046,466,67,489,935,606,193,623,768,693,373,714,575,735,4
484,0,309,11,655,14,146,49,829,66,989,157,30,155,1067,301,0,324,1051,474,65,487,937,614,188,623,766,701,368,717,571,741,4
661,0,477,4,296,33,857,37,132,87,1043,118,20,202,1146,266,0,377,1144,458,73,539,1028,620,209,674,842,724,405,764,627,780,4
471,0,648,2,295,24,836,42,134,72,1011,126,24,182,1104,270,0,351,1095,453,70,508,980,604,198,641,801,700,384,729,596,748,4
501,0,320,5,680,21,151,40,861,82,33,146,1023,185,0,318,1094,338,62,483,1064,517,182,624,937,652,356,725,756,729,559,758,4
512,0,315,12,707,15,135,62,904,76,1077,185,18,188,1145,347,0,372,1105,532,78,541,969,671,209,675,788,753,389,766,590,791,4
495,0,698,10,294,17,905,66,114,74,1086,175,6,205,1157,339,0,387,1114,523,87,548,976,660,221,674,794,740,400,757,598,778,4
495,0,701,2,289,26,910,51,105,93,1092,152,0,237,1164,313,6,424,1125,497,105,581,994,638,250,698,819,727,433,769,630,777,4
721,0,506,5,292,36,938,46,104,111,1126,145,0,262,1200,306,14,454,1165,492,124,610,1033,636,278,722,859,731,468,786,668,787,4
493,0,683,6,299,23,873,53,119,81,1045,146,7,217,1127,298,0,412,1114,482,96,585,1005,635,247,717,842,737,444,795,652,798,4
500,0,682,13,308,14,129,65,861,67,1019,161,13,192,1091,307,0,384,1073,479,91,555,965,620,237,686,809,714,426,762,626,768,4
499,0,309,12,677,15,131,59,853,69,1006,162,14,184,1074,304,0,371,1056,471,90,540,950,608,233,669,796,698,420,744,616,751,4
478,0,305,2,641,21,139,37,800,77,25,145,940,167,1002,302,0,318,983,457,74,481,883,583,203,610,735,662,377,691,565,706,4
475,1,307,0,633,24,144,30,787,82,30,131,922,172,0,300,981,305,960,459,66,462,860,583,188,594,713,660,357,680,542,699,4
449,0,287,4,602,19,134,35,754,71,26,134,889,155,953,284,0,296,940,435,66,452,845,559,187,578,703,636,354,660,535,677,4
530,1,384,0,233,21,682,32,96,66,825,97,8,164,905,211,0,314,913,357,75,450,835,486,199,558,704,573,367,623,544,625,4
370,0,508,5,227,16,648,39,94,54,779,103,9,145,850,210,0,288,854,345,72,418,781,462,189,521,659,539,345,582,511,585,4
379,0,236,9,514,10,101,42,648,49,770,114,11,130,833,218,0,271,832,344,72,401,761,453,191,503,646,524,345,563,505,567,4
388,0,248,2,518,18,114,26,646,61,21,106,760,130,814,233,0,241,806,355,61,369,730,456,168,474,612,518,315,540,471,552,4
257,0,395,4,123,18,522,25,646,74,28,94,755,145,0,227,804,250,53,357,790,370,155,466,711,468,591,527,297,537,451,555,4
263,0,400,9,129,14,527,36,649,88,31,87,756,164,0,220,802,271,49,354,786,392,148,467,704,487,583,543,288,543,441,566,4
257,0,393,4,124,17,519,27,642,74,29,91,750,147,0,223,799,250,52,353,786,370,153,462,706,467,587,525,293,534,446,553,4
265,0,137,4,393,17,509,50,40,66,619,106,712,183,0,186,747,283,38,310,722,392,121,420,639,473,247,498,522,516,387,529,4
257,0,132,9,383,14,500,43,37,72,611,96,707,171,0,192,745,271,38,316,723,382,122,425,641,467,248,501,524,512,390,529,4
260,0,134,9,387,13,505,41,38,74,617,93,713,168,0,195,751,269,38,320,729,381,123,428,647,467,250,504,529,516,393,532,4
545,0,392,9,714,25,248,38,116,85,879,92,25,177,964,222,0,313,948,393,45,439,827,534,139,549,650,616,283,627,462,650,4
551,0,393,15,730,22,249,49,908,88,118,100,27,194,1001,232,0,330,981,418,39,459,125,572,844,571,265,656,648,657,448,686,4
575,0,781,9,401,31,993,78,248,85,111,157,1111,247,18,275,0,435,1096,482,51,582,941,677,149,708,722,786,301,800,500,829,4
585,0,793,14,409,29,253,81,1003,83,114,151,1119,254,20,269,0,430,1099,485,48,577,941,676,146,704,720,784,301,797,499,826,4
586,0,794,13,409,29,255,81,1008,84,115,152,1123,259,19,272,0,436,1102,499,48,587,942,694,144,717,720,802,299,813,498,844,4
587,0,796,13,410,30,253,83,1009,86,112,156,1123,263,17,279,0,445,1103,502,50,596,946,697,150,726,726,807,306,821,504,850,4
598,0,423,18,797,25,265,59,994,108,122,125,23,243,1095,279,0,409,1070,505,49,563,919,685,148,694,712,784,302,790,497,822,4
619,0,444,6,284,37,811,38,134,93,997,127,28,205,1086,294,0,371,1057,507,46,527,147,662,912,672,302,761,709,763,497,797,4
595,0,425,8,786,33,270,42,127,98,972,121,27,209,1063,287,0,369,1033,497,47,520,141,649,886,662,291,746,685,749,480,781,4
589,0,419,8,783,37,262,39,120,95,968,126,22,208,1059,295,0,368,1028,507,48,519,146,650,883,668,295,747,684,754,481,784,4
570,0,382,20,792,28,220,64,1018,124,83,135,0,260,1131,317,0,425,1100,556,64,575,172,703,940,728,327,801,728,814,517,841,4
564,0,374,23,792,27,211,69,1024,124,76,143,0,273,1143,319,13,438,1119,553,87,587,205,710,965,723,362,803,759,808,553,838,4
604,0,405,1,233,29,833,53,86,92,1056,177,0,220,4,391,1152,386,73,548,1101,613,185,681,935,761,338,786,727,825,522,837,4
432,0,647,3,246,27,895,64,90,90,1135,201,0,224,6,403,1234,422,81,566,1175,657,198,706,994,803,362,815,773,865,558,871,4
463,1,688,0,264,31,942,57,96,100,1184,185,0,240,1285,399,5,425,88,593,1230,634,218,731,1050,790,394,836,827,862,602,883,4
616,0,422,22,837,24,250,69,1056,109,99,143,5,272,1171,291,0,446,1154,522,70,602,1003,707,190,733,791,811,363,827,571,854,4
602,0,423,14,800,27,256,52,992,106,105,117,9,239,1094,264,0,408,1084,468,71,560,957,634,192,685,769,736,364,769,566,786,4
559,0,399,12,732,26,246,45,897,94,105,104,12,216,983,231,0,372,975,407,66,512,868,555,179,623,705,651,340,694,523,703,4
525,0,370,19,697,20,225,57,864,83,94,117,954,217,9,227,0,376,947,396,60,507,839,548,167,615,675,644,319,685,496,694,4
486,0,652,11,338,22,202,63,819,65,81,123,914,191,4,228,916,364,0,368,60,491,816,513,165,592,658,610,313,656,484,662,4
448,0,609,0,308,29,774,41,180,76,68,141,876,156,0,244,892,322,4,377,805,473,70,492,657,576,176,583,490,635,322,638,4
431,0,581,4,299,24,731,48,177,65,70,124,817,158,3,217,817,313,0,341,54,449,726,449,146,534,584,539,277,587,429,588,4
554,0,408,1,282,29,701,35,166,73,63,132,792,139,0,225,803,288,1,346,723,425,58,449,587,520,152,531,435,574,283,579,4
517,0,386,3,269,30,648,30,161,73,729,120,63,130,2,218,741,255,0,333,671,384,54,431,551,476,143,505,411,534,269,545,4
397,0,524,3,282,22,648,36,173,60,72,113,722,123,6,196,729,252,0,310,659,372,51,407,540,458,139,481,402,512,262,521,4
391,0,518,2,275,24,641,33,166,65,65,119,713,120,2,205,719,247,0,319,650,366,54,413,536,452,143,483,403,507,266,519,4
390,0,518,2,275,24,641,35,165,63,66,118,713,121,2,203,720,247,0,316,652,365,56,411,537,451,144,481,404,506,267,518,4
395,0,523,2,279,23,646,35,169,62,68,117,718,122,3,202,724,250,0,317,654,369,53,412,537,455,142,484,402,509,264,521,4
398,0,527,0,280,25,652,32,169,66,67,122,726,121,2,211,733,250,0,328,665,373,56,425,548,462,147,497,413,520,272,534,4
539,0,401,12,679,24,278,49,164,102,765,111,62,168,781,249,0,264,5,383,713,386,67,480,591,488,166,549,448,558,300,580,4
152,0,327,1,505,32,653,87,28,106,788,173,909,285,0,335,973,429,105,573,981,594,919,734,272,764,811,831,480,876,668,889,4
335,0,154,4,517,30,670,83,30,110,813,168,938,281,0,337,1005,428,103,574,1011,597,946,739,271,766,832,837,484,881,682,896,4
145,0,323,0,501,33,646,90,24,109,777,178,893,291,0,347,953,435,109,586,957,598,896,735,275,773,793,830,474,880,658,889,4
229,0,109,4,347,22,449,59,26,76,539,118,611,195,0,214,638,291,51,350,617,394,137,458,555,474,469,521,251,527,367,544,4
218,0,103,10,337,13,440,41,23,80,538,91,619,163,0,208,653,256,51,333,638,359,139,434,575,440,485,489,256,498,378,514,4
229,0,111,5,347,18,448,51,27,73,540,104,615,176,0,203,644,267,50,332,628,367,137,435,566,444,478,492,254,500,374,516,4
223,0,106,7,340,17,441,48,25,75,534,100,610,171,0,204,640,263,50,331,624,363,137,433,563,441,475,489,253,498,372,513,4
216,0,105,6,330,15,428,45,26,72,518,96,595,166,0,196,625,257,45,321,610,357,128,423,549,435,461,483,241,488,357,506,4
206,0,322,9,97,13,428,34,23,81,529,84,617,156,0,200,651,253,43,317,633,359,122,414,561,440,232,482,462,486,351,504,4
213,0,102,13,329,12,434,40,27,80,533,92,617,166,0,200,647,265,40,318,624,371,116,417,550,450,223,486,452,494,341,510,4
219,0,108,8,334,16,437,47,29,75,531,103,610,179,0,197,636,277,38,318,610,381,111,420,537,458,216,490,440,501,332,516,4
129,0,239,5,351,35,42,59,448,78,534,144,0,180,601,228,26,308,617,327,90,418,581,428,503,497,187,499,405,530,299,534,4
244,0,123,6,367,20,477,56,36,72,582,116,674,201,0,204,711,310,41,344,694,428,126,465,619,519,252,552,512,566,388,580,4
197,0,316,3,86,19,426,22,533,66,13,94,630,133,0,224,679,230,679,344,58,350,620,438,155,453,528,499,284,519,414,531,4
293,0,176,1,398,18,68,24,499,62,5,105,591,129,639,227,0,242,641,341,65,371,592,437,163,472,509,501,287,532,409,539,4
180,0,79,12,289,12,382,39,16,84,469,90,546,161,0,214,580,256,51,342,572,362,519,445,133,444,441,497,241,509,349,523,4
177,0,78,11,283,14,373,43,16,83,458,95,531,168,0,214,49,342,554,369,126,445,499,451,423,502,229,511,333,527,-1,-1,4
170,0,275,7,73,18,367,29,451,76,13,92,524,143,0,219,555,234,544,337,49,338,492,418,126,431,415,470,227,488,328,498,4
164,0,262,12,73,14,344,36,421,83,15,84,485,149,0,207,510,236,43,324,497,333,447,409,113,414,377,457,204,470,297,482,4
268,0,163,0,357,15,69,26,441,56,11,109,513,119,543,209,0,239,532,314,49,356,479,400,126,443,406,458,223,492,322,494,4
215,0,320,10,112,19,405,34,478,80,36,101,531,147,0,226,535,234,497,328,28,339,430,403,85,422,349,450,169,471,262,478,4
213,0,315,11,113,18,398,35,467,81,37,100,526,232,0,226,517,240,485,329,25,340,417,402,80,424,339,450,162,472,252,478,4
193,0,294,2,375,18,97,28,445,57,27,119,508,204,0,251,479,302,33,364,420,381,347,438,95,442,268,476,179,481,-1,-1,4
292,2,191,0,375,17,95,30,445,56,497,117,27,123,0,256,481,301,34,369,421,382,349,439,96,446,268,479,180,484,-1,-1,4
194,0,295,1,378,16,97,27,448,54,502,115,29,119,514,200,0,249,488,297,38,363,429,377,356,434,100,441,276,474,186,480,4
206,0,308,6,107,24,391,25,461,68,34,112,514,134,523,223,0,245,492,322,30,363,426,401,89,446,349,456,267,492,175,492,4
194,0,299,10,95,19,383,35,456,83,27,103,517,154,0,239,533,248,510,352,35,365,449,434,101,460,373,489,192,515,288,521,4
161,0,259,10,71,12,344,34,424,80,13,80,493,146,0,199,44,313,514,332,117,406,465,408,392,456,211,465,309,479,-1,-1,4
146,0,240,7,60,14,320,28,395,69,7,80,460,128,0,195,491,208,486,297,49,303,444,370,124,387,382,417,216,436,307,444,4
147,0,240,8,61,13,319,30,394,72,8,79,460,131,0,195,490,210,485,300,49,304,443,373,123,388,380,420,215,438,305,446,4
163,0,263,6,69,15,350,26,432,68,10,84,502,129,0,204,535,211,528,305,53,315,482,381,131,401,412,430,230,451,328,458,4
169,0,271,8,72,15,359,30,441,73,10,84,511,135,0,204,543,218,534,312,51,317,486,387,130,404,414,437,229,456,330,464,4
183,0,287,11,82,14,379,35,463,80,16,83,534,145,0,204,563,231,48,321,550,326,497,403,127,411,422,451,229,466,332,477,4
211,0,102,8,325,14,423,43,24,77,514,95,589,166,0,203,619,258,45,327,601,360,126,427,539,439,451,486,235,492,349,508,4
227,0,106,3,355,20,467,56,24,72,575,118,672,201,0,211,717,309,56,355,711,428,155,479,646,521,289,567,546,575,428,595,4
128,0,263,1,405,26,530,71,33,69,649,141,0,220,755,236,805,357,57,381,794,490,164,524,721,591,315,627,608,647,473,665,4
154,0,302,14,455,52,44,68,587,110,712,195,0,233,823,304,57,419,874,438,863,582,174,588,784,690,339,713,661,748,513,764,4
466,0,303,2,619,20,145,30,770,72,32,125,903,158,964,283,0,286,949,432,62,440,851,554,180,566,705,630,349,650,534,668,4
426,0,598,6,252,15,771,53,94,66,919,141,1,183,975,275,0,341,940,427,80,477,829,543,199,580,680,615,353,644,520,654,4
444,0,621,8,265,15,797,57,103,66,945,150,6,185,995,288,0,345,952,444,76,483,831,560,192,587,677,630,345,654,512,666,4
470,0,657,6,277,20,841,55,103,78,995,148,2,210,1050,291,0,383,1010,454,88,528,889,577,218,635,733,657,385,698,562,704,4
637,0,802,15,464,26,940,71,272,81,91,178,1006,185,1003,335,0,348,930,474,30,544,815,590,161,674,678,688,326,741,511,745,4
513,0,685,6,319,17,845,52,130,77,973,136,11,223,1021,267,990,420,0,417,890,548,97,573,753,642,240,678,595,704,-1,-1,4
663,0,487,0,295,24,826,39,111,92,959,120,2,240,1011,250,982,404,0,430,884,534,101,578,749,629,245,678,594,699,419,719,4
637,0,453,17,816,25,261,62,968,97,89,146,1035,229,0,299,1018,393,19,481,921,534,130,620,785,640,278,708,629,716,453,742,4
638,0,456,17,815,25,264,60,964,97,90,144,1028,229,0,297,1009,391,18,480,912,531,127,618,777,635,273,706,622,712,449,740,4
630,0,810,23,447,22,256,69,963,91,86,156,1031,221,0,309,1016,384,23,491,923,526,136,627,789,633,636,713,285,712,462,742,4
667,0,469,15,870,30,269,56,1046,112,93,134,1123,258,0,280,1098,434,15,462,983,579,122,607,824,682,271,707,646,748,455,759,4
554,0,397,13,710,22,233,50,851,83,83,119,923,197,0,250,927,344,16,420,855,476,120,554,739,577,261,642,597,651,431,677,4
433,0,594,10,262,14,751,56,104,63,884,139,6,181,940,269,0,349,916,418,82,494,819,537,206,600,683,616,365,662,531,664,4
557,0,397,10,720,27,232,43,866,95,83,108,942,219,0,234,940,375,9,402,857,510,103,541,729,607,238,639,577,674,406,687,4
576,0,414,1,245,25,737,36,91,82,878,112,0,206,945,239,5,374,932,391,97,515,843,518,711,606,228,616,560,663,392,669,4
571,0,409,1,240,24,734,39,89,80,877,117,0,198,941,245,0,362,923,398,83,501,827,524,208,603,690,609,535,660,367,661,4
560,0,398,0,237,22,728,37,94,70,884,114,8,173,960,244,0,320,946,399,70,453,841,524,186,559,690,601,344,628,520,640,4
536,0,384,0,230,20,694,33,91,66,840,104,6,167,916,224,0,316,912,373,74,450,823,497,194,555,686,579,354,620,526,626,4
399,0,546,7,246,12,696,48,104,52,831,124,13,153,897,246,0,305,887,393,69,445,798,515,185,556,665,593,341,626,509,636,4
248,0,376,10,123,13,496,35,32,83,613,87,714,163,0,207,753,269,39,332,728,387,123,438,642,476,246,514,522,525,386,542,4
246,0,372,10,123,12,490,36,33,79,604,88,703,164,0,200,741,268,37,322,715,383,118,427,630,469,238,502,510,516,377,530,4
254,0,132,4,378,19,493,53,40,64,603,113,0,182,695,196,725,301,29,306,692,414,102,416,602,493,216,499,481,530,349,536,4
351,0,226,5,472,12,106,31,593,50,22,108,700,114,750,214,0,231,736,332,48,347,658,428,139,443,542,489,267,505,409,518,4
465,0,332,10,606,19,200,39,740,71,79,88,813,175,5,182,816,312,0,314,66,430,740,432,616,516,173,519,471,567,316,570,4
630,0,432,13,842,32,245,50,1034,119,85,121,0,253,1118,274,15,417,1087,456,108,556,957,596,241,659,785,683,412,724,600,731,4
626,0,427,17,841,28,239,58,1039,110,81,132,0,265,1129,265,17,430,1104,449,114,566,976,594,251,668,802,685,425,731,614,737,4
592,0,803,14,401,27,222,77,1001,84,72,159,1101,230,0,297,1091,413,28,459,979,564,132,591,816,667,274,685,637,730,450,736,4
638,0,449,3,262,29,835,42,98,91,1013,134,0,221,1092,286,4,395,1066,465,94,546,945,605,229,660,777,693,403,731,593,741,4
644,0,453,3,265,32,846,42,98,95,1027,136,0,225,1108,294,1,402,1079,478,89,556,954,623,224,674,782,712,400,748,593,760,4
665,0,453,5,261,37,900,47,97,103,1122,158,1,233,1218,351,0,409,78,568,1172,569,203,698,1008,723,376,795,796,804,580,833,4
715,0,475,27,986,32,258,79,1238,135,82,172,0,333,1352,329,41,521,1319,554,162,677,1162,719,324,791,955,820,523,863,739,872,4
598,0,794,14,418,27,982,78,245,79,91,158,1087,221,0,293,1094,413,7,471,992,585,100,621,826,705,243,732,633,781,430,792,4
684,0,343,20,867,34,199,74,73,146,969,165,0,257,968,344,5,399,858,502,75,519,692,607,185,611,512,665,337,666,-1,-1,4
597,0,442,5,753,33,306,40,181,92,849,137,68,159,0,261,866,293,4,393,787,440,72,502,649,546,180,585,489,613,326,628,4
589,0,433,8,746,34,297,46,175,101,841,141,65,172,0,276,851,303,5,408,765,455,68,516,624,561,170,598,466,628,308,641,4
596,0,437,9,757,35,299,48,175,104,853,146,64,176,0,283,862,312,6,416,774,467,70,526,631,575,173,608,471,641,312,653,4
487,0,663,8,335,28,837,64,197,76,76,142,932,199,3,248,923,385,0,388,57,510,806,540,154,609,638,636,294,673,462,683,4
527,0,720,2,361,15,212,62,910,61,81,132,1010,213,3,247,0,397,993,413,63,528,862,575,167,633,680,672,314,704,491,718,4
529,0,726,14,359,27,208,75,921,81,77,146,1026,237,0,264,3,416,1012,440,72,550,884,605,180,657,702,700,332,730,512,745,4
557,0,383,15,753,27,230,52,93,114,945,110,7,226,1041,277,0,380,1013,481,57,520,159,637,874,635,683,720,308,722,488,752,4
597,0,844,21,388,29,208,80,1087,114,65,163,0,301,1205,302,32,464,1176,520,132,601,1026,677,265,708,828,763,437,781,628,802,4
842,0,593,5,381,58,1088,62,197,131,1228,228,50,239,0,397,1234,440,65,566,1119,613,198,696,945,733,362,785,755,811,556,826,4
580,0,416,14,754,22,258,50,921,86,111,108,1011,214,13,218,0,377,1010,385,71,517,908,535,194,627,746,636,366,695,559,696,4
588,0,419,17,770,20,255,58,945,80,105,120,1046,210,8,237,1054,388,0,402,78,547,956,548,792,658,210,661,599,725,395,728,4
486,0,313,3,653,20,148,36,819,76,32,136,968,168,0,305,1037,307,66,468,1019,471,911,603,190,605,750,683,367,697,565,721,4
492,0,313,1,663,23,145,33,831,84,28,138,980,182,0,313,1044,328,69,480,1019,495,194,617,906,625,746,701,369,710,563,736,4
496,0,311,8,673,17,137,49,847,74,21,164,999,169,1063,314,0,343,1038,481,77,509,925,613,209,640,764,696,388,723,583,738,4
