Filename,x1,y1,x2,y2,x3,y3,x4,y4,x5,y5,x6,y6,x7,y7,x8,y8,x9,y9,x10,y10,x11,y11,x12,y12,x13,y13,x14,y14,x15,y15,x16,y16
frame_0000.jpg,408,0,554,4,261,8,120,29,703,30,849,80,12,112,917,178,0,236,890,303,84,348,783,401,208,421,645,452,351,465,500,474
frame_0001.jpg,408,0,554,4,261,8,120,28,703,31,849,79,12,112,916,178,0,236,890,304,84,348,783,401,208,421,645,452,351,465,500,474
frame_0002.jpg,408,0,555,4,261,8,120,28,704,30,849,80,12,112,916,178,0,236,890,304,84,348,783,400,208,421,645,452,351,465,500,474
frame_0003.jpg,408,0,555,5,261,8,120,29,703,30,849,80,12,112,916,178,0,236,890,304,84,348,783,401,208,421,645,452,351,465,500,474
frame_0004.jpg,409,0,555,5,261,8,120,28,704,30,849,80,12,112,916,178,0,235,891,304,84,348,783,401,208,421,645,452,351,465,500,474
frame_0005.jpg,408,0,555,4,262,8,120,28,703,30,849,80,12,112,916,178,0,236,891,304,84,348,783,401,208,421,645,452,351,464,500,474
frame_0006.jpg,408,0,554,4,261,8,120,28,703,30,849,79,12,112,916,178,0,236,890,304,84,348,783,400,208,421,645,452,351,464,500,474
frame_0007.jpg,409,0,554,4,261,8,120,28,704,30,849,80,11,113,916,178,0,236,890,304,84,348,783,400,208,421,645,452,351,465,500,474
frame_0009.jpg,408,0,555,5,261,7,120,28,703,30,849,80,11,112,916,178,0,236,890,303,84,348,783,400,208,421,645,452,351,464,500,474
frame_0010.jpg,408,0,554,4,262,8,120,28,703,30,849,80,12,112,917,179,0,236,890,304,84,348,783,400,208,421,645,452,351,464,500,474
frame_0012.jpg,408,0,555,4,261,8,120,28,704,31,849,80,12,112,917,178,0,236,890,304,85,347,783,401,208,421,645,452,351,465,500,474
frame_0013.jpg,409,0,555,4,261,8,120,28,704,31,849,80,12,112,916,178,0,236,891,304,84,348,783,401,208,421,645,452,351,465,500,474
frame_0014.jpg,408,0,555,4,261,8,120,28,703,30,849,80,12,112,916,178,0,236,890,304,84,348,783,400,208,421,645,452,351,465,500,474
frame_0015.jpg,408,0,554,4,261,8,120,28,703,30,849,80,12,112,916,178,0,236,890,304,84,348,783,400,208,421,645,452,351,465,500,474
frame_0016.jpg,408,0,555,4,261,8,120,27,704,30,849,80,12,112,916,178,0,236,891,304,84,348,783,400,208,421,645,452,351,465,500,475
frame_0018.jpg,408,0,555,4,261,7,119,29,704,30,849,79,11,112,916,178,0,236,891,304,84,348,783,400,208,421,645,452,351,465,500,474
frame_0019.jpg,409,0,554,4,261,8,120,29,704,31,849,80,12,112,916,179,0,236,891,304,84,348,783,400,208,421,645,452,351,465,500,474
frame_0020.jpg,409,0,554,4,261,8,120,28,704,30,849,80,12,112,916,178,0,236,890,304,84,348,783,400,208,421,645,452,351,464,500,474
frame_0022.jpg,408,0,555,4,261,7,121,28,704,30,850,79,12,112,916,179,0,236,891,304,85,347,783,401,208,421,645,452,351,465,500,474
frame_0023.jpg,407,0,554,4,260,8,120,29,704,30,849,79,12,112,917,178,0,236,891,304,84,348,783,400,208,421,645,452,351,465,500,474
frame_0024.jpg,408,0,555,4,261,8,120,29,703,30,849,80,12,112,916,178,0,236,891,303,84,348,783,401,208,421,645,452,351,465,500,474
frame_0027.jpg,408,0,554,4,261,8,120,28,703,30,849,80,12,112,916,178,0,236,890,304,84,348,783,401,208,421,645,452,351,464,500,475
frame_0028.jpg,409,0,555,4,261,8,120,29,703,30,849,80,11,112,916,178,0,236,891,304,84,348,783,401,208,421,645,452,351,465,500,474
frame_0029.jpg,408,0,554,4,262,8,120,28,704,30,849,80,12,112,916,178,0,236,890,304,84,348,783,401,208,421,645,452,351,465,500,474
frame_0030.jpg,408,0,555,4,261,8,120,28,703,30,849,80,12,112,916,178,0,236,890,304,84,348,783,401,208,421,645,452,351,464,500,474
frame_0031.jpg,408,0,555,4,261,8,120,27,703,30,849,80,11,112,916,178,0,236,890,304,84,348,783,401,208,421,645,452,351,464,500,474
frame_0032.jpg,408,0,554,5,261,8,119,29,703,30,849,80,12,112,916,178,0,236,890,304,84,348,783,401,208,421,645,452,351,465,500,474
frame_0034.jpg,408,0,554,4,261,8,120,29,703,31,849,80,12,112,916,178,0,236,890,304,84,348,783,401,208,421,645,452,351,465,500,474
frame_0035.jpg,408,0,554,4,261,8,120,28,703,30,849,79,12,112,916,178,0,236,890,303,84,348,783,401,208,421,645,452,351,465,500,474
frame_0036.jpg,408,0,555,4,261,8,120,28,704,30,849,79,12,112,917,178,0,236,890,303,84,348,783,401,208,421,645,452,351,465,500,475
frame_0037.jpg,409,0,555,5,261,9,120,30,703,31,849,81,12,113,917,179,0,237,891,305,84,349,783,402,208,422,645,453,351,465,500,476
frame_0038.jpg,408,0,555,4,261,8,120,28,704,30,849,79,11,112,916,178,0,236,890,304,84,348,783,401,208,421,645,452,351,464,500,474
frame_0039.jpg,407,0,555,4,261,8,120,29,703,30,849,80,12,112,916,178,0,236,890,304,84,348,783,401,208,421,645,452,351,465,500,474
frame_0041.jpg,409,0,555,5,261,8,120,28,703,30,849,79,12,112,917,178,0,236,890,303,84,348,783,401,208,421,645,452,351,465,500,474
frame_0042.jpg,408,0,554,4,261,8,120,28,704,31,849,80,12,112,917,178,0,236,891,304,84,348,783,400,208,421,645,452,351,465,500,475
frame_0043.jpg,409,0,555,4,262,8,121,28,705,30,850,80,13,112,917,179,0,236,891,303,85,348,784,400,209,421,646,452,352,465,501,474
frame_0044.jpg,408,0,554,4,261,8,120,29,703,30,849,79,12,112,916,179,0,236,890,303,85,347,783,401,208,421,645,452,351,465,500,475
frame_0045.jpg,408,0,555,4,262,7,120,29,703,30,849,80,11,112,916,178,0,235,890,304,84,348,783,400,208,421,645,452,351,465,500,475
frame_0046.jpg,408,0,555,4,261,8,119,29,703,30,849,80,11,112,916,178,0,236,890,304,84,348,783,400,208,421,645,452,351,465,500,474
frame_0047.jpg,408,0,555,4,261,8,120,29,704,30,849,80,12,112,916,179,0,236,891,304,84,348,783,401,208,421,645,452,351,465,500,474
frame_0048.jpg,409,0,554,4,261,8,120,28,704,31,849,80,12,112,916,178,0,236,891,304,84,348,783,401,208,421,645,452,351,465,500,474
frame_0050.jpg,408,0,555,4,261,8,120,28,704,31,849,80,11,112,916,179,0,236,891,303,84,348,783,401,208,421,645,452,351,465,500,475
frame_0051.jpg,408,0,555,4,261,8,120,28,703,30,849,80,12,112,916,178,0,235,890,304,84,348,783,400,208,421,645,452,351,465,500,475
frame_0053.jpg,409,0,554,5,261,8,120,28,704,30,849,79,12,112,916,178,0,236,890,304,84,348,783,401,208,421,645,452,351,465,500,474
frame_0054.jpg,408,0,555,4,261,7,121,28,704,31,849,80,12,112,916,178,0,236,890,304,85,347,783,401,208,421,645,452,351,465,500,475
frame_0055.jpg,409,0,556,4,262,8,121,28,704,30,850,80,13,112,917,178,0,236,891,304,85,348,784,401,209,421,646,452,352,465,501,475
frame_0056.jpg,408,0,555,4,261,8,120,28,703,30,849,80,12,112,916,178,0,235,890,304,84,348,783,401,208,421,645,452,351,464,500,474
frame_0057.jpg,409,0,556,4,262,8,121,28,705,30,850,80,13,112,916,178,0,236,891,304,85,348,784,401,209,421,646,452,352,465,501,475
frame_0058.jpg,408,0,555,4,261,7,120,28,704,30,849,80,12,112,916,178,0,236,890,304,84,348,783,401,208,421,645,452,351,465,500,474
frame_0059.jpg,409,0,556,4,262,8,121,28,704,30,850,80,13,112,917,178,0,236,891,304,85,348,784,400,209,421,646,452,352,464,501,474
frame_0062.jpg,408,0,554,5,261,8,120,29,704,31,849,81,12,113,916,179,0,237,890,305,84,349,783,401,208,422,645,453,351,466,500,476
frame_0063.jpg,408,0,555,4,261,8,119,29,703,30,849,80,12,112,916,178,0,236,890,303,84,348,783,400,208,421,645,452,351,465,500,474
frame_0064.jpg,408,0,554,5,262,9,119,30,704,31,849,81,12,113,915,179,0,237,891,305,84,349,783,402,208,422,645,453,351,466,500,475
frame_0065.jpg,408,0,555,4,261,8,120,29,703,31,849,80,12,111,916,178,0,236,891,304,84,348,783,401,208,421,645,452,351,465,500,474
frame_0066.jpg,408,0,555,4,261,8,121,27,703,30,849,80,12,112,916,178,0,236,890,304,84,348,783,400,208,421,645,452,351,465,500,474
frame_0069.jpg,408,0,555,4,261,8,120,29,704,30,849,80,11,112,916,178,0,236,890,304,84,348,783,400,208,421,645,452,351,465,500,474
frame_0071.jpg,409,0,555,4,261,8,120,28,703,30,849,80,11,112,916,178,0,236,890,304,84,348,783,401,208,421,645,452,351,465,500,475
frame_0072.jpg,408,0,555,4,261,8,120,29,704,30,849,79,12,112,916,178,0,236,890,304,85,348,783,401,208,421,645,452,351,465,500,474
frame_0073.jpg,408,0,555,4,261,8,119,29,704,30,849,80,11,112,916,178,0,236,891,304,84,348,783,400,208,421,645,452,351,465,500,474
frame_0074.jpg,408,0,555,5,261,9,120,30,703,31,849,81,12,113,916,179,0,237,891,305,84,349,783,402,208,422,645,453,351,466,500,475
frame_0076.jpg,408,0,555,4,261,8,120,28,703,30,849,80,12,112,915,178,0,236,891,304,84,348,783,401,208,421,645,452,351,464,500,474
frame_0078.jpg,408,0,554,4,261,8,120,28,704,30,849,80,11,112,916,178,0,236,890,304,84,348,783,400,208,421,645,452,351,465,500,474
frame_0079.jpg,408,0,555,4,261,8,119,29,704,30,849,80,13,111,916,178,0,236,890,304,84,348,783,400,208,421,645,452,351,465,500,475
frame_0080.jpg,408,0,555,4,261,8,120,28,704,30,849,80,12,112,916,178,0,236,890,304,84,348,783,401,208,421,645,452,351,465,500,475
frame_0081.jpg,408,0,555,4,261,7,120,28,703,30,849,80,12,112,916,178,0,236,890,304,85,348,783,401,208,421,645,452,351,465,500,475
frame_0084.jpg,408,0,554,4,261,8,121,28,703,30,850,80,12,111,916,179,0,236,890,304,84,348,783,401,208,421,645,452,351,465,500,475
frame_0085.jpg,408,0,555,5,261,8,120,29,703,30,849,80,12,112,916,178,0,236,891,304,84,348,783,401,208,421,645,452,351,465,500,475
frame_0086.jpg,408,0,555,4,261,8,120,29,704,30,849,80,12,111,916,178,0,236,891,304,84,348,783,401,208,421,645,452,351,465,500,474
frame_0087.jpg,408,0,555,4,261,8,120,28,703,30,849,80,11,112,917,178,0,235,891,304,84,348,783,401,208,421,645,452,351,465,500,474
frame_0090.jpg,408,0,555,6,261,8,121,29,703,31,849,81,12,113,916,180,0,237,890,305,84,349,783,402,208,422,645,453,351,466,500,475
frame_0092.jpg,409,0,554,5,261,9,120,29,703,31,849,80,12,112,916,179,0,236,891,305,84,348,783,401,208,421,645,453,351,465,500,475
frame_0093.jpg,407,0,554,4,261,7,120,28,703,30,849,80,12,111,916,178,0,235,890,303,84,347,782,400,208,420,644,452,350,464,499,474
frame_0094.jpg,409,0,555,5,262,8,121,28,704,30,850,79,12,112,916,178,0,235,891,303,84,346,783,399,208,420,645,451,350,464,500,473
frame_0097.jpg,414,0,267,5,559,6,126,23,706,34,850,86,16,105,915,183,0,229,889,307,83,342,782,402,206,417,643,452,349,462,498,473
frame_0098.jpg,410,0,556,6,263,8,123,26,703,33,847,82,14,110,913,179,0,233,888,304,83,345,782,400,206,420,644,452,349,464,499,474
frame_0099.jpg,409,0,554,4,263,8,122,29,703,30,847,77,13,112,915,175,0,235,890,300,83,347,783,397,207,420,645,449,350,463,500,472
frame_0100.jpg,410,0,555,4,264,8,124,27,704,30,849,78,15,109,917,176,0,231,891,301,82,342,782,397,204,416,643,449,346,460,496,470
frame_0102.jpg,406,0,551,4,260,9,700,29,121,29,846,76,13,112,916,173,0,233,893,298,82,344,786,395,205,417,646,447,349,460,499,470
frame_0104.jpg,410,0,555,4,263,9,123,28,703,29,848,77,14,111,917,173,0,233,893,298,82,344,786,396,205,417,646,447,349,460,500,470
frame_0105.jpg,409,0,554,3,264,8,125,28,703,27,850,75,16,109,919,173,0,229,895,299,81,340,785,395,202,413,643,447,345,458,495,469
frame_0106.jpg,408,0,554,3,262,9,703,27,124,30,852,74,16,111,923,172,0,233,898,300,81,344,788,399,202,418,645,451,345,463,497,474
frame_0107.jpg,409,0,556,3,263,9,707,27,124,29,856,76,16,112,926,175,0,233,901,302,80,345,790,400,202,419,646,453,345,464,497,475
frame_0108.jpg,412,0,559,5,265,9,125,29,712,30,862,80,16,110,933,180,0,232,906,309,79,345,792,407,200,420,646,459,343,467,496,480
frame_0112.jpg,582,0,425,1,270,15,747,22,126,40,914,71,16,127,994,177,0,253,967,317,81,367,843,425,206,444,684,482,357,493,520,505
frame_0113.jpg,594,0,434,0,277,14,763,24,131,38,933,74,17,125,1014,183,0,253,985,325,81,371,856,435,207,450,694,492,360,501,526,514
frame_0114.jpg,447,0,612,2,286,11,785,30,136,34,961,84,20,120,1044,197,0,249,1011,344,80,369,207,453,876,454,362,508,705,508,532,526
frame_0116.jpg,452,0,621,0,288,14,797,25,134,39,975,76,16,131,1063,189,0,267,1038,338,90,390,909,453,226,474,740,514,389,526,565,539
frame_0117.jpg,630,0,461,1,294,16,807,23,138,43,985,73,16,138,1075,186,0,276,1051,336,92,401,923,454,232,485,754,518,399,535,577,546
frame_0120.jpg,505,0,329,8,684,6,161,29,868,38,1053,99,25,123,1142,219,0,268,1112,372,92,405,972,491,238,500,792,553,414,560,604,577
frame_0121.jpg,513,0,337,8,690,9,169,26,875,43,1061,104,30,118,1153,225,0,264,1125,383,88,403,233,502,985,503,800,566,412,566,607,588
frame_0122.jpg,521,0,343,5,700,11,175,21,886,50,34,111,1073,115,1164,242,0,259,1134,403,85,405,231,509,991,526,411,579,803,585,608,604
frame_0123.jpg,527,0,347,4,708,12,177,20,896,52,35,109,1085,119,1175,248,0,257,85,403,1142,411,229,509,994,534,408,580,803,591,605,608
frame_0124.jpg,525,0,345,7,709,10,175,24,901,48,1096,115,34,113,1190,244,0,260,85,404,1157,408,229,509,1006,532,409,580,811,591,609,608
frame_0126.jpg,529,0,345,8,718,9,175,26,919,48,35,114,1124,117,1224,253,0,260,80,404,1188,424,222,511,1026,551,403,588,819,609,608,621
frame_0127.jpg,537,0,351,6,729,13,180,22,932,56,38,109,1139,128,0,255,1237,267,79,402,1196,441,219,512,1029,566,399,591,817,620,604,629
frame_0128.jpg,536,0,350,6,729,11,178,22,933,55,37,110,1142,128,0,255,1242,267,80,402,1202,442,221,512,1034,568,402,591,823,621,609,630
frame_0129.jpg,534,0,348,7,726,11,176,24,929,53,34,115,1135,124,0,264,1235,264,85,412,1198,439,230,522,1035,567,412,599,829,622,618,633
frame_0130.jpg,534,0,350,3,175,16,719,15,909,58,30,106,1099,127,1192,255,0,257,93,406,1163,418,246,513,1019,539,431,585,830,597,631,612
frame_0132.jpg,383,0,574,3,195,9,756,24,934,71,36,99,1106,142,0,261,1185,264,1155,416,103,419,268,527,1025,532,851,592,462,594,662,615
frame_0133.jpg,210,0,391,3,576,17,755,49,48,79,928,106,1095,188,0,234,1163,315,84,393,1118,464,232,510,975,570,413,590,795,617,607,625
frame_0179.jpg,436,1,255,0,62,17,609,24,768,68,844,164,830,295,726,409,576,486,0,520,401,535,202,549,-1,-1,-1,-1,-1,-1,-1,-1
frame_0181.jpg,772,0,602,5,941,21,436,33,269,76,1033,110,111,131,1030,250,0,250,931,380,10,392,790,471,130,495,633,531,289,546,462,558
frame_0182.jpg,595,0,767,4,429,12,939,35,263,43,105,88,1032,133,0,200,1026,274,13,342,924,397,133,455,781,476,288,515,625,525,457,539
frame_0184.jpg,627,0,795,11,460,12,289,39,958,48,122,80,1043,145,0,193,1037,282,3,339,938,402,124,457,796,481,286,521,638,531,463,546
frame_0185.jpg,635,0,467,8,802,15,295,30,964,54,126,68,1047,153,0,178,1038,289,0,327,939,407,119,449,797,483,283,515,637,531,461,544
frame_0187.jpg,630,0,462,9,798,14,291,34,964,53,125,72,1048,153,1,182,1037,293,0,328,933,413,116,450,786,490,274,517,625,536,451,547
frame_0188.jpg,629,0,461,9,797,15,290,33,963,54,125,70,1048,154,1,180,1037,294,0,326,933,414,115,447,786,490,274,516,625,536,450,546
frame_0189.jpg,624,0,457,12,793,13,287,36,960,51,123,75,1046,150,1,185,1037,291,0,332,933,413,115,451,785,491,272,520,623,538,448,549
frame_0190.jpg,621,0,791,11,454,13,283,41,960,47,120,82,1049,148,0,193,1040,291,0,339,935,415,115,459,787,495,273,526,625,543,449,555
frame_0191.jpg,626,0,798,10,456,15,285,45,969,46,120,87,1059,146,0,200,1052,291,2,349,947,417,119,469,798,499,280,536,635,550,458,564
frame_0192.jpg,633,0,809,8,462,17,981,42,288,49,120,94,1073,143,0,211,1066,289,3,362,962,419,125,482,813,503,288,547,648,556,469,572
frame_0193.jpg,641,0,817,5,468,19,993,38,291,54,122,102,1086,139,0,221,1082,287,6,374,978,419,131,494,829,506,298,558,663,562,482,582
frame_0194.jpg,654,0,830,9,478,17,1007,44,298,50,126,95,1100,146,0,214,1093,295,2,369,986,427,126,492,834,513,295,559,665,568,481,585
frame_0195.jpg,667,0,490,12,845,14,309,40,1021,52,133,81,1112,156,2,197,1104,303,0,353,994,432,124,481,840,516,293,552,668,568,481,582
frame_0196.jpg,680,0,501,7,858,17,318,31,1034,61,140,68,1125,168,6,183,1114,318,0,342,1002,447,122,474,845,529,291,551,670,578,481,587
frame_0198.jpg,696,0,513,8,881,17,325,33,1066,62,144,71,1161,174,7,189,1149,330,0,351,1031,463,124,487,866,547,296,567,686,596,490,604
frame_0199.jpg,713,0,525,9,901,18,334,34,1087,64,150,74,1182,179,8,194,1167,339,0,359,1046,476,124,499,877,561,298,581,693,611,495,620
frame_0201.jpg,732,0,538,8,927,18,342,34,1122,66,154,74,1221,185,10,195,1206,350,0,363,1078,490,125,505,902,577,303,591,710,626,505,633
frame_0202.jpg,739,0,544,7,936,20,346,34,1133,69,157,71,1235,189,11,192,1220,355,0,361,1091,497,125,506,913,583,304,594,718,632,509,638
frame_0203.jpg,751,0,553,7,951,21,354,31,162,72,1151,72,13,193,1253,194,0,364,1237,365,1104,509,124,512,921,597,303,603,722,646,510,649
frame_0205.jpg,764,0,562,12,970,18,357,41,1176,65,161,84,1286,188,11,211,1275,363,0,386,1144,512,132,536,957,607,320,625,754,661,535,669
frame_0207.jpg,787,0,999,14,577,16,366,51,1212,58,161,102,1327,184,6,239,1321,365,0,425,1191,525,142,579,1003,628,342,667,795,691,568,706
frame_0208.jpg,796,0,1012,13,582,20,1230,55,364,60,157,112,1347,182,2,254,1342,366,0,444,1211,530,147,599,1022,637,352,686,812,704,582,723
frame_0209.jpg,814,0,1031,15,598,15,377,51,1249,61,165,102,1367,189,5,244,1361,373,0,437,1230,535,151,597,1040,641,360,686,827,707,594,725
frame_0210.jpg,837,0,618,11,1057,22,393,44,1275,72,177,91,1391,204,10,231,1381,390,0,427,1245,552,148,593,1050,657,358,689,833,720,595,733
frame_0211.jpg,872,0,647,6,1094,27,417,34,192,78,1315,83,1428,221,16,219,1413,412,0,422,1272,575,150,596,1074,679,365,699,851,739,608,749
frame_0212.jpg,895,0,665,6,1123,28,429,35,198,80,1348,86,17,222,1461,227,1446,421,0,429,1300,587,153,605,1095,691,372,710,869,752,621,761
frame_0213.jpg,911,0,677,5,1144,29,438,32,204,75,1373,91,18,220,1489,234,1472,432,0,430,1322,599,153,611,1111,704,374,719,879,765,626,772
frame_0215.jpg,922,0,681,8,1164,28,437,39,203,86,1407,88,19,231,1534,238,0,443,1518,446,1361,621,152,625,1140,730,375,738,895,791,633,796
frame_0216.jpg,931,0,688,9,1177,27,441,41,204,88,1422,87,1550,238,18,237,1535,449,0,450,1377,627,154,635,1153,739,380,748,906,801,641,807
frame_0217.jpg,940,0,695,12,1186,25,445,47,1431,82,204,95,1562,231,14,249,1554,441,0,468,1403,622,164,656,1184,739,401,766,938,807,668,819
frame_0219.jpg,986,0,734,9,1235,27,474,43,1482,89,221,93,1611,241,19,253,1600,454,0,483,1446,640,171,680,1224,760,418,794,974,833,697,849
frame_0221.jpg,993,0,740,8,1243,28,479,41,223,91,1492,90,1622,243,20,250,1612,457,0,481,1457,642,172,680,1233,763,420,795,980,836,700,850
frame_0224.jpg,994,0,741,7,1245,31,480,37,225,86,1494,95,21,244,1624,251,1611,466,0,476,1453,652,169,676,1228,771,414,795,973,842,694,853
frame_0225.jpg,994,0,742,5,1244,32,479,36,225,81,1492,98,21,238,1620,253,1606,467,0,469,1449,651,169,669,1225,767,415,789,973,837,694,847
frame_0226.jpg,992,0,740,5,1240,32,480,35,225,82,1486,97,22,239,1612,251,1597,464,0,467,1439,647,167,665,1216,763,411,783,964,831,688,841
frame_0227.jpg,974,0,723,7,1222,30,466,39,218,87,1470,92,20,242,1597,247,1581,461,0,468,1421,644,163,662,1196,759,401,779,946,826,672,836
frame_0228.jpg,952,0,702,10,1200,27,450,44,1450,89,207,93,1578,243,17,247,1562,456,0,467,1402,638,159,656,1175,753,391,769,927,819,657,826
frame_0229.jpg,931,0,687,11,1179,25,438,46,1426,84,201,95,1555,236,16,246,1540,447,0,461,1381,627,157,645,1158,740,385,756,911,805,646,813
frame_0230.jpg,918,0,676,10,1161,26,432,43,1403,84,197,92,1530,233,15,241,1517,440,0,454,1362,618,157,636,1143,729,382,746,901,793,640,800
frame_0231.jpg,905,0,669,10,1144,26,427,43,1380,84,195,92,1504,230,14,238,1491,433,0,448,1339,606,154,627,1124,717,376,735,887,780,630,788
frame_0234.jpg,849,0,627,14,1070,18,396,52,1290,66,175,102,1407,199,6,248,1399,386,0,450,1264,552,157,615,1072,660,374,707,855,728,616,746
frame_0235.jpg,826,0,609,14,1044,19,385,50,1259,67,170,98,1374,196,6,241,1366,380,0,437,1233,542,150,599,1043,648,361,690,830,713,596,730
frame_0236.jpg,821,0,608,9,1034,22,386,40,1244,74,173,85,1354,203,10,223,1343,385,0,418,1210,543,147,581,1022,644,353,675,813,705,583,717
frame_0237.jpg,819,0,608,5,1028,26,388,30,176,70,1234,83,13,203,1338,214,1321,393,0,394,1187,544,141,558,1000,639,341,654,792,694,567,702
frame_0238.jpg,804,0,595,4,1010,27,380,27,171,67,1215,84,12,196,1317,214,0,383,1299,391,1164,539,138,544,978,631,332,640,773,683,553,688
frame_0239.jpg,786,0,580,3,369,26,990,28,166,65,1192,84,12,190,1292,214,0,373,1273,389,132,531,1136,535,952,623,320,626,750,672,534,675
frame_0240.jpg,762,0,562,4,961,24,357,27,160,65,1161,78,11,187,1261,203,0,363,1243,373,1111,515,129,515,930,602,313,606,733,650,522,653
frame_0242.jpg,742,0,549,2,351,22,931,26,161,56,1120,79,15,171,1215,200,0,341,1196,363,123,490,1069,498,895,581,299,580,705,626,501,627
frame_0247.jpg,528,0,705,3,340,15,880,30,158,42,1053,82,16,152,1138,195,0,314,1121,345,117,457,1005,469,286,544,845,545,669,588,478,589
frame_0248.jpg,527,0,704,2,340,13,879,30,159,40,1051,83,18,148,1135,196,0,308,1117,346,114,450,999,469,280,538,837,544,661,585,469,584
frame_0249.jpg,522,0,700,1,335,15,877,28,158,43,1052,82,19,150,1138,196,0,310,1117,349,109,451,994,475,270,539,828,550,458,587,649,589
frame_0251.jpg,701,1,517,0,330,14,886,27,154,45,1071,82,18,151,1158,201,0,307,1133,360,105,447,1000,487,262,536,826,560,448,589,641,596
frame_0253.jpg,681,0,501,11,864,13,316,38,1048,57,140,79,1142,170,10,198,1130,330,0,358,1009,467,115,493,844,554,280,574,663,605,469,612
frame_0274.jpg,129,0,1033,0,1106,110,0,110,1071,262,1,273,947,384,123,402,792,458,282,475,630,502,456,508,-1,-1,-1,-1,-1,-1,-1,-1
frame_0275.jpg,673,0,492,5,851,14,305,26,1021,62,125,67,1098,173,0,190,1070,320,5,348,951,442,129,473,799,518,289,542,637,564,464,573
frame_0276.jpg,673,0,495,8,848,17,307,31,1014,65,127,72,1090,174,0,195,1065,320,3,357,949,442,128,482,800,520,290,551,641,568,467,580
frame_0277.jpg,679,0,499,7,852,18,311,29,1019,65,129,68,1094,174,0,192,1067,318,3,350,953,438,129,477,804,514,293,544,644,561,470,574
frame_0278.jpg,673,0,497,8,845,16,308,31,1012,61,129,70,1088,167,0,192,1065,310,3,350,952,430,129,474,805,507,293,540,645,555,471,568
frame_0280.jpg,664,0,835,5,487,20,1003,41,301,55,121,108,1086,144,0,240,1071,291,12,400,967,421,825,509,145,519,668,569,313,576,494,594
frame_0281.jpg,667,0,839,3,489,20,1007,38,302,57,121,111,1090,142,0,246,1075,288,12,408,970,418,827,508,146,526,671,570,316,582,497,597
frame_0282.jpg,662,0,832,4,486,21,999,37,299,57,120,111,1082,138,0,244,1072,280,14,404,972,408,833,497,152,521,679,560,323,574,506,588
frame_0283.jpg,661,0,830,4,486,20,997,37,299,55,120,107,1082,135,0,238,1074,276,16,397,976,402,838,490,156,512,684,552,328,566,511,580
frame_0284.jpg,685,0,853,9,509,16,318,47,1016,49,132,98,1094,153,0,237,1077,300,6,408,974,429,835,519,144,534,681,582,319,594,505,610
frame_0285.jpg,689,0,859,9,510,15,315,47,1024,48,128,97,1103,150,0,233,1088,293,15,401,986,419,846,505,159,522,692,566,335,578,520,594
frame_0286.jpg,687,0,856,8,510,18,1017,46,317,51,131,102,1095,149,0,240,1077,294,8,405,972,420,832,509,146,528,678,571,320,584,504,599
frame_0287.jpg,839,0,670,0,495,26,1004,30,305,68,123,128,1087,130,0,269,1077,276,978,408,17,435,841,503,159,550,690,571,333,599,518,606
frame_0288.jpg,840,0,668,2,1008,30,490,30,299,75,1091,131,118,138,1080,279,0,280,979,413,18,445,840,510,159,560,687,579,331,608,514,615
frame_0289.jpg,841,0,667,4,1010,29,488,34,296,81,1095,130,116,144,1084,280,0,290,982,417,20,454,843,515,161,567,689,585,333,615,517,621
frame_0290.jpg,836,0,663,7,1005,26,487,40,296,89,1090,127,115,158,1082,277,0,307,985,415,24,472,848,516,168,582,697,589,343,628,526,629
frame_0293.jpg,845,0,680,2,1005,30,505,28,312,71,1086,127,125,134,1077,270,0,284,984,402,22,455,855,499,709,572,174,570,540,614,354,613
frame_0295.jpg,851,0,686,0,509,26,1012,30,315,69,1090,128,126,133,1081,273,0,284,985,405,20,456,854,503,171,572,708,577,537,617,351,617
frame_0298.jpg,850,0,683,2,1013,30,506,28,312,73,1094,129,124,136,1085,274,0,287,988,407,21,457,857,505,172,573,707,577,350,616,536,618
frame_0299.jpg,851,0,684,1,1012,30,506,28,312,72,1092,127,125,135,1082,272,0,285,987,405,18,456,855,502,168,572,706,576,348,616,534,617
frame_0301.jpg,851,0,684,2,1011,29,508,30,315,75,1091,126,125,140,1082,269,0,292,990,402,23,465,861,501,715,575,177,579,545,618,358,620
frame_0302.jpg,850,0,685,2,1009,28,510,30,316,74,1089,125,125,141,1081,268,0,293,989,400,22,465,861,499,715,575,176,579,544,618,358,621
frame_0306.jpg,854,0,685,8,1016,24,506,42,311,93,1101,119,121,166,1097,265,0,325,1006,402,30,497,878,505,733,585,190,607,562,634,375,642
frame_0307.jpg,853,0,683,10,1017,22,505,47,309,102,1102,117,120,176,1100,263,0,338,1012,402,885,507,32,509,740,589,194,617,569,640,380,650
frame_0309.jpg,852,0,680,14,1020,19,501,54,305,113,1108,113,116,192,1109,260,0,354,1022,400,896,508,37,524,751,593,202,629,579,647,389,659
frame_0311.jpg,864,0,692,15,1031,18,511,56,1119,110,312,117,118,199,1122,255,0,366,1037,396,912,505,40,541,768,593,212,643,597,652,404,669
frame_0313.jpg,902,0,730,5,1065,26,546,37,338,89,1149,121,132,164,1146,265,0,332,1060,400,936,505,35,515,790,589,214,626,614,644,415,657
frame_0314.jpg,909,0,738,2,1072,29,553,32,344,79,1154,127,136,153,1149,270,0,321,1062,406,935,509,34,507,789,592,211,622,612,645,413,657
frame_0316.jpg,915,0,741,0,1079,32,554,28,342,76,1159,133,134,148,1150,281,0,316,1058,417,34,505,930,520,783,601,211,623,607,651,409,659
frame_0317.jpg,920,1,747,0,560,25,1082,35,348,69,1161,137,137,139,1151,282,0,304,1060,417,33,492,931,517,784,595,210,611,608,643,409,649
frame_0318.jpg,747,0,917,3,562,24,1076,36,351,67,1153,136,142,131,1144,279,0,295,1052,411,27,482,923,510,776,589,202,601,600,636,401,642
frame_0319.jpg,740,0,909,2,558,24,1068,36,349,66,1144,136,141,131,1133,281,0,294,1039,414,23,482,910,514,762,593,191,603,586,640,387,644
frame_0320.jpg,897,2,724,0,542,25,1058,36,336,69,135,134,1136,138,1125,285,0,292,1029,420,24,476,895,520,747,596,187,597,571,639,378,641
frame_0321.jpg,897,2,726,0,543,25,1060,37,337,68,135,133,1138,140,1125,287,0,291,1027,422,24,475,894,522,744,597,186,596,569,640,376,641
frame_0322.jpg,897,2,727,0,543,23,1058,38,337,66,136,129,1136,141,1122,289,0,289,1024,424,22,472,890,523,741,598,184,595,566,641,372,640
frame_0324.jpg,874,0,700,4,1041,28,518,35,318,85,1123,129,124,154,1114,278,0,312,1018,416,28,487,885,517,735,595,186,601,561,639,372,642
frame_0329.jpg,840,0,666,13,1012,21,487,51,294,107,1102,118,113,181,1095,269,0,335,999,410,29,500,864,515,714,594,181,607,542,640,357,644
frame_0332.jpg,842,0,1018,14,661,19,479,64,1115,109,286,128,105,209,1117,259,0,368,1027,404,894,513,42,532,746,598,203,630,574,649,387,661
frame_0333.jpg,845,0,1023,12,666,23,484,70,1119,106,291,136,107,222,1122,256,0,384,1033,401,903,513,42,548,755,600,207,646,582,657,394,673
frame_0334.jpg,847,0,1026,11,666,23,482,73,1123,105,289,140,106,227,1126,257,0,387,1034,403,902,516,42,553,752,604,204,649,578,659,389,675
frame_0335.jpg,851,0,1035,12,668,23,482,72,1133,108,288,138,106,222,1134,263,0,381,1039,411,902,523,42,545,748,609,201,644,573,662,384,674
frame_0336.jpg,853,0,1037,12,668,21,481,69,1137,108,287,136,105,218,1139,261,0,377,1045,408,908,519,43,541,754,604,204,640,578,657,389,669
frame_0337.jpg,870,0,1061,15,677,20,485,66,1161,118,289,129,108,210,1154,277,0,365,1047,427,35,527,899,536,736,617,187,630,556,663,367,667
frame_0338.jpg,878,0,683,14,1072,22,490,56,293,112,1170,126,109,188,1160,288,0,340,1049,434,33,502,898,539,183,608,733,615,362,651,551,654
frame_0341.jpg,901,0,712,8,1084,24,519,43,316,94,1178,126,121,167,1171,278,0,323,1069,418,35,491,926,520,766,596,197,599,583,639,387,641
frame_0343.jpg,944,0,728,2,522,32,1161,37,316,76,130,135,1265,159,0,275,1241,336,5,440,1097,487,135,568,911,585,311,635,716,646,510,664
frame_0346.jpg,743,0,540,3,336,19,951,25,147,53,1154,86,9,172,1242,214,0,331,1199,378,115,467,1047,505,278,553,859,575,467,603,666,610
frame_0347.jpg,733,0,532,4,330,21,936,22,141,57,1136,81,5,179,1225,207,0,340,1190,369,120,476,1047,497,288,560,865,571,478,607,675,610
frame_0350.jpg,724,0,923,12,527,14,325,42,1117,59,134,88,1208,177,0,221,1183,337,5,387,1052,471,138,517,881,555,313,588,700,609,506,620
frame_0351.jpg,728,0,929,13,528,14,327,40,1125,62,136,86,1214,182,0,218,1183,345,2,382,1047,478,130,514,872,562,302,586,688,612,494,622
frame_0352.jpg,719,0,923,7,518,18,317,51,1125,50,130,101,1221,170,0,234,1194,336,7,395,1057,474,137,523,881,561,309,593,696,613,501,625
frame_0353.jpg,715,0,922,3,514,23,1127,42,313,61,127,114,1228,160,0,249,1204,326,9,410,1068,465,140,534,892,557,314,600,705,614,508,630
frame_0354.jpg,716,0,922,5,515,22,1128,45,315,58,128,112,1229,163,0,246,1209,331,8,410,1075,474,140,538,898,566,316,607,710,622,512,638
frame_0358.jpg,733,0,934,11,533,16,329,46,1135,56,138,94,1231,176,0,227,1208,342,2,395,1074,481,135,529,899,570,313,604,712,626,512,637
frame_0360.jpg,727,0,928,13,529,14,327,43,1129,58,136,91,1227,177,0,223,1207,343,1,391,1076,483,133,527,901,573,312,603,712,627,511,639
frame_0361.jpg,723,0,925,11,525,15,324,45,1129,57,135,93,1231,178,0,225,1215,348,3,395,1085,489,135,532,908,581,314,610,718,636,515,647
frame_0362.jpg,741,0,540,10,946,15,338,35,1150,67,145,80,1250,192,4,208,1225,362,0,378,1087,501,129,518,905,587,306,600,711,637,507,643
frame_0363.jpg,744,0,952,15,540,13,336,40,1160,65,143,86,1259,190,2,217,1235,364,0,386,1095,505,130,527,911,592,309,608,716,643,510,650
frame_0364.jpg,739,0,950,14,535,15,331,45,1161,63,139,92,1267,189,0,224,1245,365,1,395,1106,509,132,536,921,599,313,617,724,651,516,658
frame_0365.jpg,739,0,952,11,533,17,330,50,1166,57,138,99,1274,183,0,233,1254,359,2,403,1114,506,135,541,927,598,315,621,728,652,519,661
frame_0366.jpg,741,0,956,13,534,16,330,47,1173,63,139,93,1282,192,0,226,1261,370,1,398,1119,518,132,539,930,609,313,622,728,660,517,666
frame_0367.jpg,752,0,543,14,969,17,337,42,1185,68,141,89,1292,198,0,222,1271,378,0,397,1128,525,134,541,938,615,317,627,736,666,524,671
frame_0368.jpg,766,0,554,12,984,17,344,40,1201,69,147,84,1308,201,0,219,1285,381,1,396,1141,528,136,542,950,618,322,629,746,669,531,674
frame_0369.jpg,762,0,985,15,549,16,341,46,1207,64,145,95,1319,197,0,229,1296,380,0,403,1148,531,133,547,952,622,317,634,743,674,527,678
frame_0370.jpg,760,0,986,17,545,14,339,45,1216,69,146,91,1333,207,3,224,1309,396,0,398,127,546,1154,548,308,637,950,639,736,688,516,688
frame_0371.jpg,775,0,557,9,1004,22,347,35,152,79,1237,83,6,209,1351,227,0,387,1321,422,126,541,1159,574,305,638,951,660,513,696,734,702
frame_0372.jpg,785,0,564,7,1019,25,353,31,155,73,1254,88,8,202,1366,237,0,379,1331,432,124,534,1162,583,302,632,949,665,509,693,730,703
frame_0373.jpg,782,0,560,10,1019,24,348,36,153,80,1259,87,7,209,1374,236,0,385,1336,435,122,538,1163,587,300,636,947,669,505,697,726,707
frame_0374.jpg,764,0,542,13,1007,19,336,42,1256,79,147,87,7,214,1379,233,0,383,1340,436,117,532,1159,591,286,630,934,672,487,693,708,707
frame_0376.jpg,742,0,519,15,990,17,319,46,1249,80,136,94,4,220,1376,239,0,387,1333,450,112,533,1145,607,275,632,913,687,469,698,686,717
frame_0378.jpg,711,0,960,11,494,22,298,58,1222,66,123,109,1357,224,0,235,1,398,1319,438,111,539,1131,599,271,633,899,680,460,696,674,713
frame_0379.jpg,700,0,947,8,484,23,293,60,1211,60,121,112,1351,215,0,237,2,396,1316,429,111,535,1129,590,269,628,897,673,457,689,670,706
frame_0380.jpg,702,0,949,10,488,22,297,58,1212,60,126,108,1350,218,2,231,0,388,1313,431,105,528,1123,591,262,621,889,672,449,684,662,703
frame_0381.jpg,694,0,945,7,478,25,289,63,1217,58,121,114,1364,218,1,236,0,394,1329,440,104,535,1136,606,258,632,895,688,447,696,663,718
frame_0382.jpg,694,0,946,7,478,26,289,64,1220,58,121,116,1368,220,0,241,1,401,1335,446,105,543,1141,615,260,640,899,698,449,707,666,728
frame_0383.jpg,695,0,951,6,478,27,1228,55,289,67,121,122,1379,218,0,249,0,411,1347,448,106,553,1150,621,262,651,906,705,452,717,671,737
frame_0384.jpg,692,0,947,4,476,28,1226,53,289,68,120,124,1377,217,0,251,2,413,1345,448,108,556,1149,621,264,654,905,709,453,720,671,740
frame_0385.jpg,697,0,953,9,480,23,293,61,1230,62,125,112,2,237,1378,230,0,398,1340,462,102,543,1138,631,255,644,441,714,893,711,658,738
frame_0386.jpg,686,0,944,11,470,22,287,58,1229,69,123,108,5,229,1381,243,0,389,1340,479,98,534,245,638,1130,649,427,713,879,724,642,745
frame_0389.jpg,658,0,915,2,444,30,1198,51,267,73,110,130,1355,228,0,258,5,419,1316,474,108,560,1112,648,254,659,431,728,866,729,638,754
frame_0391.jpg,890,0,636,0,429,32,1178,46,258,74,107,132,1343,219,0,256,5,412,1310,468,101,551,243,650,1104,646,417,721,855,726,624,749
frame_0393.jpg,656,0,913,10,446,23,273,60,1200,70,117,112,1,236,1359,258,0,398,1317,512,93,547,236,655,1104,687,409,737,851,759,617,775
frame_0394.jpg,649,0,911,5,438,28,266,68,1207,61,114,122,1,247,1371,251,0,406,1325,512,91,552,228,660,1102,691,399,741,843,764,606,778
frame_0395.jpg,672,0,931,13,458,21,283,55,1219,76,124,107,6,229,1373,266,0,393,1324,518,94,543,236,654,1108,689,411,735,854,760,620,773
frame_0396.jpg,672,0,928,11,457,23,281,59,1211,71,119,113,1,242,1368,256,0,409,1330,508,101,561,250,669,1125,683,429,749,876,761,642,781
frame_0398.jpg,668,0,927,7,457,26,282,66,1216,64,123,121,4,249,1376,250,0,415,1336,511,92,567,236,677,1122,693,413,758,864,773,626,792
frame_0399.jpg,661,0,923,1,447,33,1217,50,272,78,116,137,1386,239,0,267,1,434,1349,503,97,583,240,691,1133,694,420,769,875,777,634,801
frame_0402.jpg,901,0,645,18,1195,25,439,64,270,120,118,187,1374,198,1,319,1351,466,0,482,93,627,1139,676,238,727,878,779,416,797,634,816
frame_0404.jpg,899,0,1205,20,635,25,428,77,264,138,114,208,1395,193,4,341,1372,478,0,503,88,646,1148,700,226,748,872,807,403,819,621,843
frame_0405.jpg,886,0,1193,19,624,24,419,77,255,138,1387,190,109,208,0,340,1372,469,2,501,91,644,1152,691,231,745,876,799,408,814,625,836
frame_0406.jpg,893,0,1192,19,633,22,428,72,265,132,115,202,1381,188,3,334,1366,463,0,496,92,639,1151,683,233,740,881,791,411,810,630,830
frame_0408.jpg,886,0,1181,13,632,28,429,82,265,146,1370,176,115,219,1,356,1364,454,0,523,94,669,1160,681,239,769,895,800,423,835,647,848
frame_0409.jpg,885,0,1179,11,629,28,425,85,262,151,1371,172,113,227,0,366,1371,449,1,535,99,682,1172,681,249,781,909,804,435,846,659,856
frame_0410.jpg,1171,0,874,3,617,43,417,109,1373,159,254,182,108,264,0,408,1383,446,7,578,1187,689,108,723,258,819,923,822,446,879,672,883
frame_0413.jpg,838,0,569,62,1415,109,371,149,223,236,91,328,1435,435,0,472,13,634,1215,717,107,770,250,862,919,866,431,920,654,927,-1,-1
frame_0414.jpg,1161,0,833,17,565,83,1408,132,369,169,222,256,92,346,1429,461,0,490,13,651,1207,745,105,788,246,881,910,892,423,942,645,952
frame_0415.jpg,1144,0,819,25,555,91,1387,147,363,175,219,259,91,348,1409,472,0,490,11,651,1188,752,104,788,240,883,896,898,415,945,635,956
frame_0416.jpg,1116,0,803,28,548,90,1348,156,361,170,219,251,92,338,0,479,1372,470,10,640,1160,742,100,777,235,871,880,883,407,933,624,942
frame_0417.jpg,1100,0,795,21,548,75,362,149,1319,155,222,226,94,310,0,449,1338,463,5,610,1131,728,92,749,223,846,858,864,395,909,606,922
frame_0419.jpg,1079,0,773,23,526,82,348,159,1296,156,213,237,90,320,0,456,1306,471,5,612,84,748,1089,738,209,842,817,870,367,907,573,921
frame_0420.jpg,760,0,514,64,1294,129,338,143,206,221,87,305,0,438,1305,449,6,592,82,724,1082,720,201,818,805,851,358,884,559,900,-1,-1
frame_0422.jpg,1057,0,751,23,507,80,333,154,1280,163,203,229,87,309,0,438,1290,483,1,590,75,723,1067,748,191,820,786,873,345,889,541,913
frame_0423.jpg,1041,0,750,19,512,71,339,142,1254,156,209,214,89,293,0,423,1267,461,2,576,78,709,1057,720,197,805,788,845,352,871,549,890
frame_0424.jpg,1037,0,751,22,519,76,344,147,1247,151,214,221,93,301,0,434,1266,456,1,591,76,727,1065,719,199,823,799,853,357,889,560,903
frame_0425.jpg,1059,0,772,22,536,75,359,148,1269,153,226,223,101,305,3,440,1287,459,0,601,1084,727,75,741,199,840,815,865,567,914,359,904
frame_0426.jpg,1074,0,779,25,540,85,359,162,1289,154,223,243,99,330,0,471,1310,472,3,637,1106,751,82,780,211,880,835,895,376,945,588,955
frame_0429.jpg,1078,0,785,25,543,83,362,160,1289,154,228,241,99,328,0,470,1305,469,1,636,1101,745,80,779,208,878,832,890,372,942,583,951
frame_0430.jpg,1065,0,777,19,540,73,362,148,1267,158,227,227,101,313,0,454,1277,474,0,621,1075,745,78,766,202,867,812,886,363,933,568,945
frame_0432.jpg,993,0,719,12,496,58,332,125,1184,169,211,191,99,271,6,398,1176,486,0,553,61,691,966,741,164,792,708,857,300,866,481,893
frame_0434.jpg,929,0,675,8,464,50,310,113,1106,163,90,252,4,377,1102,465,0,527,61,661,911,708,162,758,675,819,291,829,461,855,-1,-1
frame_0435.jpg,921,0,673,3,467,43,315,103,202,164,1092,161,96,238,6,360,1084,457,0,509,57,643,896,694,154,741,660,804,282,812,451,838
frame_0437.jpg,897,0,653,6,451,48,301,109,1063,163,89,247,5,370,1054,464,0,518,57,651,869,703,153,748,642,811,276,818,440,844,-1,-1
frame_0439.jpg,877,0,634,7,436,51,292,113,1045,161,87,251,5,373,1036,464,0,519,56,650,853,703,148,746,267,816,625,810,427,843,-1,-1
frame_0440.jpg,875,0,633,10,434,54,289,118,1042,161,184,180,86,256,4,378,1031,465,0,524,55,655,844,706,145,750,264,820,619,814,420,847
frame_0442.jpg,885,0,638,8,438,51,293,113,1054,167,88,249,7,370,1040,475,0,516,52,647,848,716,142,745,259,817,617,820,417,848,-1,-1
frame_0443.jpg,902,0,651,9,445,53,298,116,190,177,1076,170,92,252,9,373,1058,485,0,519,52,650,855,729,141,750,257,825,619,831,417,857
frame_0444.jpg,916,0,655,5,449,49,191,173,1092,174,91,248,8,370,1072,495,0,517,52,651,143,751,867,739,259,827,626,839,421,863,-1,-1
frame_0445.jpg,933,0,671,6,456,47,305,110,1112,179,93,246,8,368,0,515,1085,501,51,649,139,750,872,745,258,828,627,843,419,865,-1,-1
frame_0446.jpg,935,0,670,5,457,47,305,108,1118,180,94,244,8,364,0,511,1092,504,51,644,140,745,876,747,256,825,626,843,418,862,-1,-1
frame_0447.jpg,920,0,664,4,454,43,306,102,196,161,1099,174,94,234,8,353,0,498,1081,491,51,631,142,732,873,730,259,810,627,827,420,848
frame_0449.jpg,880,0,637,5,441,45,296,105,189,165,1047,163,90,237,7,355,1033,461,0,499,52,629,844,697,143,726,259,797,618,798,418,827
frame_0450.jpg,868,0,634,3,438,41,295,98,191,156,1029,161,92,228,10,346,1015,455,0,490,53,619,832,685,141,716,258,786,610,787,414,815
frame_0451.jpg,631,1,864,0,438,38,297,94,193,151,1020,160,95,222,10,338,1003,447,0,479,51,608,821,674,139,703,253,773,600,774,409,801
frame_0452.jpg,847,0,619,1,430,37,291,93,188,149,1001,155,90,220,7,335,990,438,0,476,50,604,815,664,137,698,253,767,599,764,407,794
frame_0453.jpg,835,0,614,3,429,40,290,96,187,152,987,152,90,225,7,341,981,432,0,483,52,611,814,659,142,705,602,764,257,772,411,797
frame_0455.jpg,826,0,611,3,427,40,291,96,188,154,974,146,89,225,5,343,971,416,0,487,52,614,813,641,145,706,607,750,264,770,419,789
frame_0457.jpg,617,0,832,0,434,34,297,88,194,143,976,149,96,214,10,330,964,422,0,472,49,601,799,646,137,695,591,750,251,761,403,784
frame_0458.jpg,834,0,617,2,432,37,297,92,195,148,977,151,98,219,12,333,963,428,0,474,46,602,793,651,132,695,582,755,245,762,395,787
frame_0459.jpg,828,0,607,4,425,42,288,98,188,155,976,150,94,224,12,337,963,430,0,476,46,601,786,656,129,694,239,762,574,757,386,787
frame_0460.jpg,821,0,599,6,417,45,284,102,185,159,974,152,91,230,12,344,962,437,0,483,45,609,789,667,127,703,237,772,575,770,384,799
frame_0462.jpg,830,0,607,5,422,41,285,98,188,154,980,155,93,225,12,339,965,442,0,479,45,606,788,671,127,701,237,771,573,772,385,800
frame_0463.jpg,831,0,610,3,426,40,289,95,979,158,97,221,13,334,961,448,0,475,41,603,783,677,122,699,231,771,566,776,377,803,-1,-1
frame_0464.jpg,826,0,606,2,422,37,289,93,194,148,975,160,100,218,15,331,953,452,0,471,41,600,772,682,118,697,223,770,555,779,369,803
frame_0465.jpg,604,1,823,0,422,37,289,92,192,147,968,163,100,217,17,329,0,470,943,460,38,599,116,699,759,691,216,773,544,786,359,808
frame_0466.jpg,598,1,816,0,415,36,285,91,192,145,961,167,100,214,17,326,0,466,932,468,36,596,107,695,747,700,206,773,529,792,346,810
frame_0467.jpg,590,0,810,0,409,36,278,91,186,145,956,171,97,214,15,327,0,467,926,481,36,597,104,698,735,714,201,776,520,803,337,818
frame_0468.jpg,587,0,810,0,404,36,276,92,97,217,16,329,0,469,922,489,34,599,727,723,192,780,510,810,330,822,-1,-1,-1,-1,-1,-1
frame_0469.jpg,805,0,582,5,402,45,184,158,952,174,98,228,18,338,0,476,915,494,30,604,93,704,715,731,494,817,315,828,-1,-1,-1,-1
frame_0470.jpg,791,0,569,7,392,49,266,107,179,163,936,173,96,234,17,345,0,481,902,498,28,609,93,710,705,739,486,826,308,836,-1,-1
frame_0471.jpg,768,0,551,10,380,54,258,114,94,242,18,352,0,489,877,501,27,616,682,744,171,795,469,831,296,840,-1,-1,-1,-1,-1,-1
frame_0474.jpg,711,0,505,18,344,69,234,133,848,171,85,264,16,375,0,507,813,508,24,632,627,756,151,808,425,844,264,852,-1,-1,-1,-1
frame_0475.jpg,677,0,477,21,319,73,211,138,814,171,68,270,0,380,779,509,60,733,597,759,399,847,242,855,-1,-1,-1,-1,-1,-1,-1,-1
frame_0476.jpg,673,0,478,24,323,78,220,144,808,170,148,202,81,277,13,387,0,519,776,508,23,642,74,739,597,760,143,816,406,850,252,859
frame_0477.jpg,465,0,311,57,211,124,790,137,78,259,13,369,0,501,763,479,22,623,74,720,590,736,142,796,399,827,247,838,-1,-1,-1,-1
frame_0478.jpg,440,0,290,60,192,129,765,132,62,266,0,377,744,479,10,629,59,725,569,739,127,798,381,832,230,843,-1,-1,-1,-1,-1,-1
frame_0479.jpg,639,0,448,35,298,97,200,169,776,165,73,308,11,420,753,514,0,550,583,779,142,844,396,874,245,886,-1,-1,-1,-1,-1,-1
frame_0480.jpg,446,0,299,63,199,135,71,275,11,387,751,474,0,519,23,639,25,640,584,741,144,810,397,838,248,851,-1,-1,-1,-1,-1,-1
frame_0481.jpg,619,0,433,38,282,101,186,174,758,161,60,313,0,425,742,507,16,676,66,771,136,846,390,872,238,886,-1,-1,-1,-1,-1,-1
frame_0484.jpg,628,0,441,35,293,96,196,167,69,305,8,416,743,505,0,545,22,669,580,769,395,866,247,880,-1,-1,-1,-1,-1,-1,-1,-1
frame_0487.jpg,457,0,302,60,203,132,790,137,73,270,11,382,0,510,762,489,23,636,587,753,397,844,246,854,-1,-1,-1,-1,-1,-1,-1,-1
frame_0491.jpg,632,0,455,20,312,68,214,130,752,159,82,258,16,366,2,494,0,500,728,481,571,729,389,821,243,834,-1,-1,-1,-1,-1,-1
frame_0494.jpg,616,0,445,19,300,68,204,131,734,158,74,262,11,371,712,472,0,502,560,716,388,810,244,827,-1,-1,-1,-1,-1,-1,-1,-1
frame_0496.jpg,617,0,446,14,302,61,205,124,727,159,73,254,10,366,707,467,0,498,562,703,394,796,254,816,-1,-1,-1,-1,-1,-1,-1,-1
frame_0500.jpg,613,0,452,5,308,41,208,95,140,146,714,159,71,216,0,323,679,451,530,672,363,759,222,775,-1,-1,-1,-1,-1,-1,-1,-1
frame_0503.jpg,459,0,315,38,219,93,721,154,83,213,16,318,0,445,683,447,531,666,133,724,366,749,230,762,-1,-1,-1,-1,-1,-1,-1,-1
frame_0504.jpg,622,0,459,4,319,40,221,93,719,157,85,210,16,314,0,438,680,447,531,664,363,747,228,759,-1,-1,-1,-1,-1,-1,-1,-1
frame_0505.jpg,628,0,466,2,327,37,228,88,722,159,90,205,19,307,0,435,679,446,528,662,361,745,224,756,-1,-1,-1,-1,-1,-1,-1,-1
frame_0507.jpg,619,0,459,2,321,37,223,89,155,136,713,156,87,205,17,307,0,435,677,442,20,553,531,656,366,738,229,751,-1,-1,-1,-1
frame_0509.jpg,475,0,635,0,332,32,232,84,729,161,92,199,21,303,0,432,687,450,533,665,364,746,227,757,-1,-1,-1,-1,-1,-1,-1,-1
frame_0513.jpg,501,0,350,33,243,85,784,172,96,201,21,305,0,434,733,477,16,557,561,698,378,773,232,778,-1,-1,-1,-1,-1,-1,-1,-1
frame_0514.jpg,524,0,709,2,365,32,253,83,818,177,103,199,25,303,0,434,760,487,577,710,234,786,387,784,-1,-1,-1,-1,-1,-1,-1,-1
frame_0516.jpg,530,0,739,1,363,35,244,89,862,177,80,208,0,314,807,500,46,675,608,730,120,758,236,807,398,806,-1,-1,-1,-1,-1,-1
frame_0518.jpg,815,0,590,4,410,42,284,100,957,182,109,224,25,333,0,470,904,519,21,601,77,706,685,761,158,792,282,842,460,841,-1,-1
frame_0521.jpg,884,0,630,12,429,58,291,121,1055,189,106,251,22,363,0,502,1003,546,25,634,87,739,762,801,178,827,312,880,509,882,-1,-1
frame_0522.jpg,887,0,631,11,430,56,291,119,196,178,1061,189,104,249,20,362,0,502,1012,545,28,635,93,741,774,801,185,829,324,882,521,883
frame_0523.jpg,895,0,641,9,440,51,299,111,1069,190,108,240,22,352,0,492,1019,543,27,625,93,732,777,795,185,821,325,875,525,876,-1,-1
frame_0524.jpg,660,3,923,0,452,42,308,101,113,228,24,341,0,483,1038,556,27,619,91,729,789,807,183,820,325,878,527,883,-1,-1,-1,-1
frame_0525.jpg,682,0,953,2,470,37,321,93,219,151,119,218,1127,207,28,330,0,473,1060,569,24,611,89,722,182,817,798,816,324,878,529,887
frame_0527.jpg,710,0,975,12,496,26,344,76,134,194,1144,219,33,304,0,450,20,594,1077,579,83,712,177,813,812,825,324,879,537,890,-1,-1
frame_0528.jpg,733,0,515,23,1004,19,360,72,142,189,1171,232,38,300,0,450,18,598,1094,598,81,721,173,826,820,847,323,896,-1,-1,-1,-1
frame_0529.jpg,749,0,527,24,1030,17,368,75,146,193,1204,239,40,304,0,455,17,603,1120,615,78,729,171,835,830,866,320,909,-1,-1,-1,-1
frame_0532.jpg,793,0,1104,1,547,35,373,96,137,230,31,350,0,505,1241,608,30,656,107,779,217,881,938,878,388,950,627,956,-1,-1,-1,-1
frame_0533.jpg,556,0,377,70,247,137,1377,157,130,214,27,339,0,496,1327,564,39,646,124,768,1011,849,244,869,428,934,682,936,-1,-1,-1,-1
frame_0535.jpg,1247,0,878,10,594,56,258,194,132,267,25,388,0,543,46,691,144,812,1131,889,284,913,771,975,488,971,-1,-1,-1,-1,-1,-1
frame_0552.jpg,385,0,519,2,254,10,661,24,126,31,798,67,29,112,863,162,0,220,838,283,67,324,732,378,175,394,594,429,306,438,450,449
frame_0553.jpg,359,0,488,1,235,9,627,22,116,30,764,66,19,101,829,160,0,208,803,282,61,308,695,374,160,377,558,420,283,422,418,436
frame_0554.jpg,472,0,344,2,223,15,612,17,108,37,752,58,15,110,821,151,0,215,798,276,63,312,692,371,161,379,555,419,282,423,416,436
frame_0555.jpg,463,0,335,5,603,14,216,20,103,45,745,51,14,117,818,143,0,221,797,269,61,316,690,367,159,382,551,416,278,423,412,435
frame_0556.jpg,465,0,337,5,606,15,217,18,104,43,750,53,15,116,823,147,0,220,801,273,62,316,693,371,160,382,555,420,280,425,414,438
frame_0557.jpg,461,0,333,4,602,15,214,18,102,43,746,54,14,115,820,147,0,219,801,275,62,315,694,372,160,382,555,421,280,426,415,439
frame_0558.jpg,470,0,342,1,220,12,611,19,107,33,752,61,15,105,823,157,0,210,801,283,61,309,160,378,693,378,280,424,555,425,415,440
frame_0559.jpg,353,0,482,3,231,7,114,26,622,26,761,73,19,95,829,169,0,200,803,293,59,301,158,373,694,385,278,422,554,429,414,441
frame_0560.jpg,353,0,484,2,232,7,115,26,624,26,763,71,18,96,831,167,0,201,807,292,60,303,159,375,698,384,281,423,559,428,417,441
frame_0562.jpg,356,0,487,0,234,9,628,21,116,30,769,65,19,102,840,160,0,209,818,287,62,310,162,381,709,382,287,429,569,430,425,445
frame_0563.jpg,482,0,351,2,227,15,626,17,109,39,770,58,14,114,843,154,0,223,823,283,64,324,716,383,167,394,575,434,292,439,432,453
frame_0564.jpg,479,0,346,5,624,14,223,20,106,47,771,54,13,123,848,151,0,232,829,282,66,332,719,384,168,400,577,436,294,444,433,457
frame_0565.jpg,477,0,344,7,626,14,221,24,104,51,776,52,12,129,854,150,0,239,834,283,67,338,723,387,169,406,580,440,294,449,434,461
frame_0566.jpg,476,0,342,8,626,13,219,25,779,51,102,54,11,133,859,149,0,242,840,283,69,341,729,387,171,409,585,442,298,452,438,463
frame_0567.jpg,477,0,343,6,626,15,219,21,103,49,779,54,11,126,859,153,0,236,841,288,67,336,731,391,172,405,586,444,298,450,440,463
frame_0568.jpg,483,0,349,2,226,15,631,17,108,40,781,59,13,116,859,158,0,225,838,292,64,327,726,393,168,398,581,443,293,445,434,461
frame_0569.jpg,478,0,345,5,626,15,222,19,103,47,775,54,11,125,853,152,0,235,836,284,69,336,728,387,174,405,587,440,301,449,442,461
frame_0570.jpg,479,0,346,6,625,15,221,21,103,47,771,53,10,126,848,148,0,236,832,277,71,336,728,378,178,403,589,432,305,445,446,455
frame_0572.jpg,353,0,482,1,230,7,623,22,112,28,762,66,17,100,832,161,0,207,810,285,63,308,164,379,704,379,566,425,288,425,425,441
frame_0573.jpg,346,0,474,0,224,9,612,21,110,29,751,64,16,100,820,158,0,205,798,281,61,303,160,373,692,374,281,418,555,419,416,434
frame_0574.jpg,458,0,330,4,210,17,597,16,97,42,738,54,10,117,812,147,0,222,796,271,66,319,694,368,168,385,561,418,290,427,424,438
frame_0576.jpg,461,0,334,3,215,15,597,16,101,38,733,54,11,111,804,143,0,215,790,261,67,310,692,354,170,374,562,403,293,414,427,425
frame_0577.jpg,463,0,337,2,218,14,597,16,104,36,732,55,12,109,801,143,0,213,784,261,65,308,688,354,167,374,558,403,289,414,423,424
frame_0579.jpg,454,0,331,1,214,12,587,17,103,33,720,56,14,103,787,144,0,204,768,261,62,298,669,352,159,363,540,399,277,404,407,416
frame_0580.jpg,439,0,317,3,203,15,571,16,96,37,707,53,11,105,777,141,0,204,760,259,61,295,662,349,157,358,533,395,272,399,401,411
frame_0585.jpg,437,0,320,2,209,13,562,15,100,34,687,50,13,102,752,130,0,201,740,240,62,291,651,328,159,352,530,376,276,389,403,397
frame_0588.jpg,434,0,318,2,557,13,208,15,102,36,680,46,15,105,745,127,0,202,730,238,59,291,640,327,153,352,518,375,267,388,392,396
frame_0589.jpg,428,0,314,3,205,13,553,14,99,35,677,49,14,102,741,130,0,198,727,241,58,287,636,329,150,348,514,376,263,386,389,395
frame_0591.jpg,423,0,309,2,200,13,546,14,97,35,672,48,15,101,738,130,0,196,724,242,57,285,633,331,148,346,511,378,260,386,383,396
frame_0596.jpg,315,0,430,0,206,8,552,18,100,26,674,56,15,90,735,138,0,186,718,246,57,275,627,330,148,337,506,373,259,377,382,389
frame_0597.jpg,319,0,434,2,208,6,557,22,103,24,678,61,16,87,739,144,0,183,720,252,57,273,628,334,148,337,507,376,259,378,382,391
frame_0599.jpg,319,0,435,2,208,6,102,22,561,22,686,63,16,86,748,148,0,182,729,258,57,272,148,337,634,341,260,379,510,381,383,395
frame_0600.jpg,322,0,439,2,210,8,565,20,104,26,692,60,17,90,755,145,0,186,736,257,56,277,148,341,640,342,260,384,514,384,385,398
frame_0601.jpg,437,0,318,1,206,10,566,17,100,30,696,56,14,96,762,142,0,195,746,257,59,287,650,345,153,351,524,390,268,393,395,406
frame_0602.jpg,443,0,322,2,208,13,572,17,99,33,703,55,12,102,770,141,0,202,754,256,61,294,658,345,157,357,532,391,274,398,402,409
frame_0603.jpg,447,0,325,0,210,10,578,17,101,30,710,56,13,99,778,145,0,198,759,260,60,291,661,349,155,356,532,395,271,398,400,411
frame_0605.jpg,442,0,318,3,202,15,580,16,93,38,720,55,9,109,793,146,0,209,774,267,62,301,672,359,158,365,539,405,275,407,404,421
frame_0606.jpg,444,0,318,3,202,15,582,15,92,38,723,54,9,109,796,145,0,210,777,267,63,302,675,358,161,365,543,404,278,407,408,420
frame_0610.jpg,445,0,586,10,316,9,196,25,731,45,86,53,3,131,808,135,0,234,794,259,68,325,693,356,171,386,561,408,292,423,426,431
frame_0612.jpg,438,0,583,7,308,10,188,29,733,41,78,58,816,132,0,137,0,239,804,258,72,329,703,357,176,389,569,409,298,426,432,433
frame_0613.jpg,574,0,430,0,301,16,724,26,183,40,77,71,809,113,0,157,804,237,6,260,709,339,84,345,188,397,581,398,314,428,447,429
frame_0614.jpg,581,2,438,0,309,16,726,29,188,39,76,75,807,114,0,161,801,236,9,267,868,280,712,335,91,353,589,396,202,404,459,429
frame_0615.jpg,434,0,578,2,305,15,725,29,186,35,75,71,806,114,0,154,798,235,9,256,706,332,89,341,581,390,196,392,450,420,319,421
frame_0616.jpg,439,0,582,7,308,11,188,28,729,40,77,59,807,129,0,141,5,244,795,250,83,332,700,345,189,387,573,398,311,420,442,424
frame_0618.jpg,452,0,593,6,321,10,197,27,736,40,80,58,0,140,805,241,7,245,707,328,91,333,204,387,593,389,330,417,463,418,-1,-1
frame_0621.jpg,604,1,459,0,323,17,751,28,194,42,74,81,837,111,0,177,843,231,22,294,767,334,124,383,652,400,251,431,524,442,388,453
frame_0622.jpg,270,0,408,7,134,11,550,25,694,63,20,91,831,127,0,216,886,233,71,336,851,356,184,419,742,442,317,475,604,483,461,495
frame_0625.jpg,437,0,0,2,558,78,12,133,676,179,72,253,777,300,159,360,782,424,272,446,402,507,689,519,545,540,-1,-1,-1,-1,-1,-1
frame_0626.jpg,12,0,345,4,453,92,0,134,558,192,40,267,653,310,111,393,727,444,210,501,711,563,330,582,466,637,608,638,-1,-1,-1,-1
frame_0636.jpg,357,0,499,1,224,9,656,24,100,33,811,75,7,115,883,183,0,228,849,315,72,331,178,401,730,408,303,448,585,451,441,466
frame_0637.jpg,490,0,345,2,214,12,646,21,92,37,803,73,3,121,874,184,0,232,838,321,72,334,176,404,718,415,298,452,574,458,433,471
frame_0638.jpg,474,0,333,3,204,15,629,16,83,42,786,63,0,125,863,166,4,236,837,297,83,333,727,390,192,397,589,436,316,440,451,453
frame_0640.jpg,472,0,331,7,628,14,203,21,84,50,786,58,0,136,860,162,1,245,831,295,76,340,715,391,181,404,575,439,302,445,436,457
frame_0641.jpg,468,0,327,7,624,14,200,21,82,50,783,56,0,134,861,160,3,240,833,291,79,334,718,387,183,397,578,433,305,438,439,451
frame_0642.jpg,452,0,605,4,315,13,189,34,763,38,75,66,848,131,0,151,11,255,834,258,93,343,731,357,203,398,597,410,328,431,462,435
frame_0643.jpg,461,0,611,8,326,11,199,29,762,42,1221,59,81,62,841,135,0,147,5,256,825,260,87,346,726,357,198,403,595,411,325,436
frame_0646.jpg,462,0,326,8,610,11,200,24,761,48,83,53,0,138,839,142,4,244,824,267,83,337,723,362,194,396,591,415,320,432,455,439
frame_0648.jpg,465,0,329,6,614,12,203,19,84,47,764,53,0,131,840,148,3,239,823,273,82,333,722,367,193,394,590,418,319,433,454,441
frame_0650.jpg,465,0,329,7,614,11,203,20,84,50,764,50,0,133,841,145,5,241,824,269,84,335,723,364,194,395,592,415,321,432,456,438
frame_0652.jpg,463,0,328,7,611,12,202,21,84,50,762,51,0,132,839,145,1,240,821,269,80,333,719,364,189,393,586,415,315,430,450,438
frame_0653.jpg,464,0,329,5,612,12,203,18,86,46,762,52,0,127,839,145,0,234,822,270,77,327,719,364,186,389,585,414,311,428,447,436
frame_0654.jpg,464,0,328,7,612,11,202,22,85,50,763,51,0,133,841,145,2,239,825,270,80,333,723,364,190,393,589,416,316,432,452,439
frame_0655.jpg,464,0,328,7,614,12,203,22,85,51,765,51,0,134,844,147,2,241,827,273,80,336,724,369,188,397,589,421,314,436,451,444
frame_0656.jpg,466,0,329,7,617,13,202,21,84,49,769,53,0,132,848,150,1,241,829,278,78,336,725,374,188,398,589,425,314,438,451,446
frame_0657.jpg,469,0,331,6,620,13,203,20,84,49,775,53,0,132,854,151,1,240,835,279,79,335,727,376,188,398,591,426,315,438,451,447
frame_0658.jpg,468,0,330,7,621,11,202,22,84,51,778,51,0,135,859,150,3,244,840,279,80,338,732,376,189,401,594,427,316,441,453,450
frame_0659.jpg,469,0,331,8,624,12,203,23,84,52,782,51,0,137,864,150,2,246,845,281,81,341,736,379,190,403,597,430,318,443,456,453
frame_0661.jpg,473,0,332,9,630,11,202,24,790,51,84,54,0,140,873,152,2,249,853,283,81,344,742,383,191,406,600,435,318,447,457,456
frame_0662.jpg,474,0,333,10,633,11,203,26,796,52,83,58,0,143,879,153,2,253,858,287,81,349,745,387,190,412,602,440,319,452,458,463
frame_0663.jpg,477,0,637,11,334,10,203,27,802,50,84,58,0,145,887,153,4,254,866,288,83,350,752,389,193,413,607,441,322,453,462,464
frame_0665.jpg,479,0,643,10,335,10,203,28,810,49,83,60,0,147,897,153,3,257,875,290,83,352,758,391,192,416,610,445,321,457,463,467
frame_0667.jpg,484,0,337,10,648,11,205,28,818,51,84,59,0,146,905,157,3,257,882,295,82,354,763,398,193,418,614,450,323,460,466,472
frame_0668.jpg,486,0,651,9,339,10,205,30,823,50,84,61,0,150,911,157,4,261,887,296,84,358,768,400,195,422,618,453,326,464,469,475
frame_0669.jpg,486,0,651,9,338,11,205,29,823,49,83,63,0,151,912,155,5,263,890,295,86,360,772,399,198,424,622,453,329,465,473,476
frame_0671.jpg,486,0,652,8,339,12,205,33,823,45,83,66,914,150,0,156,4,268,893,290,87,364,776,396,200,428,626,452,332,468,477,476
frame_0672.jpg,488,0,655,7,340,12,206,32,828,46,85,66,917,151,0,156,5,267,896,292,87,364,778,397,200,427,627,453,333,467,477,477
frame_0673.jpg,486,0,652,7,338,12,205,31,825,46,83,65,916,151,0,154,4,266,895,291,87,362,777,396,199,425,626,452,331,465,477,475
frame_0674.jpg,484,0,649,7,338,12,204,31,821,45,83,65,911,149,0,154,5,265,891,289,87,361,774,394,199,425,625,450,331,465,476,474
frame_0676.jpg,482,0,646,8,336,12,204,32,817,46,83,65,907,148,0,153,4,264,888,287,86,359,772,391,200,422,624,448,331,462,476,471
frame_0678.jpg,487,0,341,9,648,11,209,25,814,52,86,57,0,144,900,155,3,256,879,291,85,353,764,393,198,417,619,446,329,458,473,468
frame_0679.jpg,486,0,342,10,645,11,210,27,808,50,87,58,0,145,892,152,3,258,874,285,83,355,762,387,197,418,618,442,329,458,473,466
frame_0680.jpg,481,0,640,10,338,10,208,27,803,48,86,59,0,146,889,149,3,258,873,283,84,355,763,386,198,418,619,442,330,458,473,466
frame_0681.jpg,483,0,340,8,642,11,209,25,804,51,87,55,0,142,889,154,0,255,870,290,80,354,759,392,193,419,615,446,325,460,468,470
frame_0683.jpg,487,0,646,8,342,12,210,31,809,45,87,64,895,144,0,152,5,264,878,277,89,359,770,379,205,421,628,437,338,458,482,464
frame_0684.jpg,489,0,646,7,346,11,213,32,807,43,89,65,893,140,0,154,3,268,880,274,86,366,774,379,204,427,633,439,340,464,486,468
frame_0686.jpg,500,0,353,9,662,13,216,27,826,54,90,59,0,150,912,158,2,268,894,298,86,370,782,403,205,436,636,460,340,478,488,486
frame_0687.jpg,496,0,659,5,348,15,212,38,827,41,88,74,917,140,0,166,903,278,6,281,93,378,794,386,212,439,648,448,350,475,499,478
frame_0688.jpg,647,0,484,3,339,24,817,26,205,54,83,96,914,122,0,191,908,262,9,306,802,378,98,401,658,447,220,457,509,485,359,488
frame_0689.jpg,649,0,486,2,340,23,820,27,207,53,85,95,917,124,0,190,911,267,7,306,804,385,95,403,658,454,217,461,506,492,356,494
frame_0690.jpg,494,0,659,3,347,17,828,36,212,42,87,81,924,136,0,176,917,277,7,296,812,392,98,396,222,457,666,459,515,493,363,493
frame_0691.jpg,496,0,662,3,348,16,835,37,213,41,88,79,931,136,0,171,921,279,5,289,91,388,810,394,212,451,659,460,353,489,505,491
frame_0692.jpg,503,0,671,7,352,14,215,38,846,43,90,75,942,149,0,169,5,289,930,297,90,392,814,412,211,458,661,476,351,500,505,506
frame_0693.jpg,512,0,682,10,360,12,221,34,858,50,93,68,953,159,0,162,2,283,938,308,87,390,819,422,209,459,663,484,351,503,505,511
frame_0695.jpg,520,0,697,5,363,16,221,42,883,43,91,81,984,155,0,178,5,301,967,311,94,407,844,431,218,475,682,496,361,518,520,526
frame_0696.jpg,523,0,704,5,364,18,221,45,896,40,91,85,1001,156,0,185,6,309,986,316,96,416,859,440,221,486,694,507,366,529,528,537
frame_0697.jpg,532,0,716,4,371,19,909,40,225,48,93,90,1016,154,0,192,6,318,1001,317,97,426,873,443,225,495,705,513,374,538,537,545
frame_0698.jpg,541,0,729,2,376,20,927,38,228,50,93,94,1036,156,0,198,1020,321,6,328,101,438,889,452,231,508,719,523,382,551,548,558
frame_0700.jpg,554,0,750,3,383,21,959,43,231,51,94,95,1074,168,0,201,8,333,1055,341,102,446,916,475,234,520,737,545,389,567,559,576
frame_0701.jpg,559,0,758,4,388,21,969,42,234,51,97,95,1084,168,0,202,4,334,1063,344,98,448,921,478,230,523,738,549,385,570,558,580
frame_0703.jpg,565,0,770,2,389,24,991,41,235,56,97,102,1114,171,0,211,8,345,1095,354,103,461,947,494,236,538,757,568,394,588,572,599
frame_0705.jpg,584,0,793,2,403,21,1019,42,244,54,100,100,1147,175,0,211,6,351,1132,362,105,471,984,507,245,552,789,583,411,605,596,616
frame_0707.jpg,838,0,618,1,427,29,1071,38,258,67,106,120,1203,173,0,242,1190,368,10,391,119,517,1039,524,271,597,841,610,446,647,641,652
frame_0708.jpg,637,0,861,2,439,24,1099,44,265,61,108,112,1233,183,0,235,1217,378,12,388,126,516,1063,533,281,598,861,616,461,649,659,655
frame_0709.jpg,658,0,885,5,458,21,279,55,1124,51,115,106,1256,192,0,231,10,387,1237,389,126,519,1080,542,284,605,877,626,469,658,670,666
frame_0710.jpg,672,0,903,10,467,20,283,53,1145,59,117,101,1278,206,0,228,9,388,1258,406,124,527,1099,559,286,616,891,643,475,672,681,682
frame_0711.jpg,688,0,925,12,479,19,292,49,1172,67,122,99,1307,219,0,226,8,388,1282,425,123,530,1116,580,286,623,902,661,475,684,685,698
frame_0712.jpg,693,0,938,13,482,17,294,47,1198,72,124,96,0,221,1333,233,1,383,1298,447,110,527,1113,605,267,625,886,682,454,691,664,711
frame_0713.jpg,697,0,949,11,482,20,291,52,1219,71,122,101,0,228,1361,238,2,392,1323,459,113,537,1133,621,270,636,899,700,458,704,673,727
frame_0714.jpg,706,0,963,8,485,21,292,56,1239,64,120,109,1388,231,0,237,6,403,1354,456,122,548,1164,620,285,645,927,702,478,714,697,733
frame_0716.jpg,989,1,721,0,493,32,1279,48,294,76,118,137,1440,217,0,279,17,451,1416,452,142,598,1226,632,316,693,985,726,520,755,746,768
frame_0720.jpg,801,0,1093,5,549,31,1405,63,330,75,133,140,1571,245,0,293,17,481,1535,496,156,641,1326,683,345,744,1066,782,565,812,811,826
frame_0721.jpg,811,0,1111,8,555,29,333,73,1434,70,136,137,1605,262,0,289,14,478,1564,521,151,641,1343,709,340,750,1073,804,561,824,810,843
frame_0722.jpg,829,0,1133,10,567,29,341,72,1458,73,140,136,1630,270,0,290,13,484,1585,532,151,651,1361,724,343,762,1087,820,568,838,820,859
frame_0724.jpg,840,0,1144,14,576,24,349,65,1471,85,145,125,0,279,1644,286,8,477,1603,554,146,650,1376,747,339,769,1097,840,566,852,825,877
frame_0725.jpg,851,0,1148,18,590,20,361,59,1464,87,151,118,0,269,1631,281,4,469,1595,541,140,646,1376,735,337,766,1102,832,569,847,830,870
frame_0727.jpg,830,0,1123,9,577,27,357,72,1440,71,156,135,1612,263,5,284,0,481,1577,532,124,655,1352,738,310,775,1071,840,535,857,795,880
frame_0729.jpg,852,0,600,20,1143,20,381,59,1457,92,180,115,21,254,1621,292,0,448,1571,565,109,627,283,755,1331,764,502,846,1039,856,759,882
frame_0732.jpg,1081,0,795,18,1399,21,555,70,348,136,1598,185,155,214,8,362,1602,458,0,553,1392,698,119,718,304,827,1103,832,538,894,812,898
frame_0733.jpg,1079,0,1390,14,799,24,558,80,347,153,1593,169,153,236,4,392,1612,437,0,589,1421,684,130,756,1141,832,327,862,852,910,571,919
frame_0735.jpg,1168,0,1493,14,871,21,612,80,381,159,1688,173,170,249,8,412,1692,450,0,621,1490,701,138,795,1199,858,347,902,899,944,607,957
frame_0783.jpg,147,0,225,17,18,32,287,42,392,114,0,119,41,208,102,269,355,286,173,306,302,313,242,319,-1,-1,-1,-1,-1,-1,-1,-1
frame_0784.jpg,75,0,148,10,224,28,19,39,0,122,406,183,38,209,393,245,97,270,349,292,294,315,235,320,-1,-1,-1,-1,-1,-1,-1,-1
frame_0785.jpg,76,0,148,9,222,26,20,38,281,47,333,78,384,122,0,120,35,207,93,267,343,290,162,305,229,319,-1,-1,-1,-1,-1,-1
frame_0786.jpg,73,0,143,8,217,24,19,40,277,44,329,72,381,117,0,121,37,207,95,265,343,283,164,303,289,307,231,314,-1,-1,-1,-1
frame_0790.jpg,145,0,217,16,20,32,279,36,329,66,381,110,0,113,36,197,91,256,337,276,159,292,225,306,-1,-1,-1,-1,-1,-1,-1,-1
frame_0795.jpg,152,0,229,16,21,34,295,37,349,68,404,113,0,119,34,207,405,244,92,268,353,293,162,308,232,323,-1,-1,-1,-1,-1,-1
frame_0796.jpg,154,0,231,16,295,37,21,36,407,112,0,123,35,211,407,244,95,273,357,295,297,320,235,326,-1,-1,-1,-1,-1,-1,-1,-1
frame_0798.jpg,165,0,245,19,27,29,310,44,0,115,423,126,438,189,32,207,416,258,90,272,361,306,162,314,298,328,232,332,-1,-1,-1,-1
frame_0799.jpg,172,0,252,23,30,24,317,50,0,109,427,136,442,199,29,201,417,267,85,268,359,314,156,313,294,333,227,334,-1,-1,-1,-1
frame_0800.jpg,176,0,257,24,31,24,323,51,0,110,434,139,448,204,27,204,83,272,421,274,154,320,361,321,295,340,227,341,-1,-1,-1,-1
frame_0801.jpg,176,0,259,23,29,26,326,51,0,112,441,137,455,202,30,205,431,272,87,273,371,319,160,319,304,339,234,340,-1,-1,-1,-1
frame_0802.jpg,176,0,258,22,30,26,327,49,0,112,441,134,459,199,30,205,433,269,88,273,374,317,162,319,307,337,237,340,-1,-1,-1,-1
frame_0804.jpg,176,0,262,21,28,32,330,47,0,123,448,133,465,200,32,219,93,287,382,325,168,333,314,348,244,353,-1,-1,-1,-1,-1,-1
frame_0806.jpg,186,0,273,22,32,34,344,48,0,127,464,138,482,208,32,226,453,285,92,297,390,338,169,344,320,361,247,364,-1,-1,-1,-1
frame_0807.jpg,176,0,264,21,27,35,336,47,398,82,0,129,460,136,35,229,459,284,99,299,399,338,179,347,330,362,256,367,-1,-1,-1,-1
frame_0808.jpg,169,0,252,20,26,34,320,46,432,130,0,129,36,227,430,271,98,296,375,324,174,340,313,350,247,356,-1,-1,-1,-1,-1,-1
frame_0810.jpg,168,0,248,18,28,36,314,42,423,123,0,127,33,222,418,260,91,287,363,312,164,330,301,338,236,345,-1,-1,-1,-1,-1,-1
frame_0811.jpg,164,0,245,18,312,40,26,40,423,118,0,131,34,225,93,290,366,310,166,331,304,337,239,346,-1,-1,-1,-1,-1,-1,-1,-1
frame_0812.jpg,164,0,246,18,313,39,26,40,370,71,426,118,0,131,35,225,425,258,94,290,370,312,168,332,307,339,241,347,-1,-1,-1,-1
frame_0814.jpg,163,0,246,15,311,35,24,43,0,135,34,228,424,251,95,292,371,306,169,332,308,335,242,344,-1,-1,-1,-1,-1,-1,-1,-1
frame_0817.jpg,170,0,253,16,320,36,26,47,436,112,0,141,34,234,91,297,374,309,166,337,309,338,241,349,-1,-1,-1,-1,-1,-1,-1,-1
frame_0818.jpg,171,0,256,14,325,32,26,50,442,106,0,143,35,235,438,247,95,296,381,303,315,333,171,334,246,345,-1,-1,-1,-1,-1,-1
frame_0819.jpg,172,0,257,12,328,30,388,55,27,54,447,103,0,148,466,166,36,240,384,301,96,300,173,337,248,346,-1,-1,-1,-1,-1,-1
frame_0820.jpg,170,0,256,10,328,25,24,59,451,94,0,155,450,236,38,246,393,296,101,304,179,339,255,346,-1,-1,-1,-1,-1,-1,-1,-1
frame_0821.jpg,169,0,254,8,327,22,23,63,452,87,473,152,0,158,453,230,39,248,396,291,103,305,329,326,181,337,259,343,-1,-1,-1,-1
frame_0822.jpg,167,0,256,6,330,16,21,69,457,79,479,144,0,166,459,224,41,255,401,287,106,310,335,324,186,341,264,343,-1,-1,-1,-1
frame_0823.jpg,169,0,259,5,332,17,22,71,460,78,0,167,461,223,42,256,403,286,107,310,335,322,186,339,264,342,-1,-1,-1,-1,-1,-1
frame_0824.jpg,170,0,261,4,334,14,461,73,21,72,484,136,0,169,461,217,41,256,403,280,106,308,334,318,186,337,264,338,-1,-1,-1,-1
frame_0827.jpg,163,0,252,1,327,8,456,62,18,76,0,173,45,258,405,268,339,308,113,308,270,331,192,333,-1,-1,-1,-1,-1,-1,-1,-1
frame_0828.jpg,164,0,252,1,326,8,455,61,18,78,0,174,44,259,405,267,340,308,112,309,270,331,193,333,-1,-1,-1,-1,-1,-1,-1,-1
frame_0829.jpg,165,0,254,1,329,9,458,64,19,76,0,173,44,258,407,270,111,308,340,309,271,333,192,333,-1,-1,-1,-1,-1,-1,-1,-1
frame_0831.jpg,165,0,254,2,328,10,457,65,18,76,481,128,0,173,42,259,406,272,110,310,340,312,270,335,191,336,-1,-1,-1,-1,-1,-1
frame_0834.jpg,168,0,256,5,329,15,21,71,456,73,0,168,42,254,402,275,109,307,336,313,266,335,189,334,-1,-1,-1,-1,-1,-1,-1,-1
frame_0836.jpg,173,0,262,10,334,24,24,62,461,92,484,158,0,159,463,238,39,252,406,300,105,312,338,336,187,347,267,354,-1,-1,-1,-1
frame_0837.jpg,171,0,260,10,332,25,22,63,460,94,0,162,42,258,411,307,108,320,343,343,192,355,272,361,-1,-1,-1,-1,-1,-1,-1,-1
frame_0840.jpg,185,0,97,0,357,31,26,60,488,108,0,166,511,182,42,267,428,329,113,333,356,365,197,372,281,381,-1,-1,-1,-1,-1,-1
frame_0841.jpg,187,0,283,13,362,31,26,59,497,109,0,166,502,266,45,269,441,332,118,337,369,369,206,376,293,385,-1,-1,-1,-1,-1,-1
frame_0842.jpg,181,0,278,10,356,25,426,55,21,67,495,101,524,173,0,177,507,261,49,281,450,331,127,348,380,371,218,386,304,391,-1,-1
frame_0845.jpg,193,0,98,4,295,9,377,25,23,74,518,100,0,192,53,302,472,339,135,370,400,385,231,406,321,409,-1,-1,-1,-1,-1,-1
frame_0846.jpg,186,0,290,2,373,12,445,35,518,77,17,88,0,208,536,242,59,315,480,320,411,371,144,376,333,401,241,405,-1,-1,-1,-1
frame_0849.jpg,203,0,308,2,391,10,101,15,463,31,531,71,22,96,0,218,536,229,477,304,58,320,405,354,141,374,328,388,237,397,-1,-1
frame_0850.jpg,300,0,195,2,384,6,94,20,455,25,18,105,537,224,0,229,482,303,63,332,412,356,149,384,337,392,246,404,-1,-1,-1,-1
frame_0852.jpg,303,0,198,1,387,5,96,18,459,26,529,64,20,103,535,224,0,226,478,302,60,327,407,354,145,380,330,389,241,400,-1,-1
frame_0853.jpg,305,0,199,0,390,7,98,17,461,27,531,67,21,102,557,138,537,229,0,225,478,306,60,327,407,358,143,381,328,392,239,403
frame_0854.jpg,303,0,197,1,388,7,96,18,461,28,530,66,20,104,537,229,0,227,479,307,59,329,407,360,144,384,330,395,240,405,-1,-1
frame_0856.jpg,301,0,194,3,386,5,459,25,92,22,530,64,17,108,558,135,539,228,0,233,481,307,60,336,410,361,146,388,333,397,244,409
frame_0857.jpg,301,0,195,3,389,5,462,25,92,22,534,64,18,110,561,137,542,230,0,235,483,310,60,337,411,364,146,391,334,400,243,412
frame_0858.jpg,302,0,194,4,387,6,461,25,90,24,532,64,17,112,543,229,0,238,485,310,62,339,414,364,150,392,336,400,247,412,-1,-1
frame_0860.jpg,300,0,386,4,192,5,461,23,88,26,533,62,15,114,561,134,543,227,0,241,486,308,63,342,415,363,152,394,339,400,249,413
frame_0862.jpg,301,0,388,4,192,4,463,24,88,25,537,63,14,114,550,231,0,241,492,312,64,343,420,367,153,397,343,404,250,416,-1,-1
frame_0863.jpg,297,0,386,4,189,4,462,20,536,62,13,113,0,240,494,309,66,342,423,365,156,395,346,401,254,414,-1,-1,-1,-1,-1,-1
frame_0864.jpg,300,0,191,4,386,6,535,65,15,110,550,233,0,238,493,314,65,342,422,369,155,396,344,405,254,416,-1,-1,-1,-1,-1,-1
frame_0865.jpg,300,0,192,2,387,6,90,20,462,26,534,66,15,108,564,140,547,234,0,236,490,315,64,340,420,369,152,395,343,405,252,416
frame_0866.jpg,303,0,194,3,390,5,89,22,539,66,16,109,552,235,0,237,493,316,65,341,421,370,153,396,344,406,253,417,-1,-1,-1,-1
frame_0867.jpg,306,0,197,3,393,7,542,69,18,107,551,240,0,233,495,318,64,338,421,372,152,394,343,406,251,416,-1,-1,-1,-1,-1,-1
frame_0869.jpg,303,0,192,2,390,6,464,27,538,66,15,106,568,140,552,235,0,233,494,315,62,337,422,370,151,393,344,405,251,416,-1,-1
frame_0870.jpg,305,0,196,1,391,6,93,20,465,28,540,67,18,105,0,232,492,315,64,337,420,369,152,393,342,405,250,415,-1,-1,-1,-1
frame_0871.jpg,303,0,195,1,389,7,93,18,536,68,17,104,0,231,548,236,490,316,63,337,419,370,150,392,341,406,248,415,-1,-1,-1,-1
frame_0873.jpg,197,0,304,1,390,9,535,74,18,99,0,226,545,241,488,320,61,333,416,373,148,390,339,407,247,415,-1,-1,-1,-1,-1,-1
frame_0875.jpg,197,0,305,1,393,11,89,16,465,34,536,75,12,105,564,148,550,239,0,237,497,317,72,345,431,370,167,399,356,406,267,419
frame_0878.jpg,234,0,123,0,343,17,428,38,498,71,32,74,561,121,0,201,552,280,57,316,488,348,144,382,414,390,335,415,242,415,-1,-1
frame_0879.jpg,132,0,237,2,342,21,424,42,40,67,491,75,552,125,0,187,536,282,45,299,467,347,124,367,390,386,218,403,308,407,-1,-1
frame_0880.jpg,141,0,242,7,345,30,427,56,47,63,495,93,556,147,0,178,37,293,531,307,458,371,110,367,376,405,201,411,292,421,-1,-1
frame_0881.jpg,146,0,247,12,349,41,50,60,430,70,496,110,556,168,0,176,33,293,528,330,103,372,452,391,193,421,370,423,285,437,-1,-1
frame_0882.jpg,149,0,251,14,352,43,53,58,432,74,496,115,554,174,0,173,30,292,522,336,98,372,446,396,187,421,364,427,279,439,-1,-1
frame_0883.jpg,149,0,251,14,353,43,53,58,432,74,496,115,555,173,0,173,29,291,522,335,97,369,445,395,186,421,363,426,277,437,-1,-1
frame_0884.jpg,151,0,252,14,353,44,53,58,434,75,500,117,0,172,557,177,28,290,525,338,98,371,448,399,186,422,363,429,277,440,-1,-1
frame_0885.jpg,253,0,354,31,54,42,434,62,499,105,0,156,558,165,28,275,524,327,94,355,446,387,184,408,361,417,276,427,-1,-1,-1,-1
frame_0886.jpg,151,0,253,16,354,47,54,57,435,79,0,172,558,182,27,292,524,345,96,374,447,406,185,427,363,436,277,446,-1,-1,-1,-1
frame_0887.jpg,152,0,253,15,355,46,55,58,435,78,499,120,0,171,557,180,27,290,522,342,95,371,444,401,183,423,360,432,275,442,-1,-1
frame_0888.jpg,151,0,253,13,355,43,54,59,435,74,500,115,558,175,0,174,28,293,523,339,96,373,446,400,184,425,361,431,275,443,-1,-1
frame_0890.jpg,223,0,328,13,412,31,483,62,35,78,549,110,567,186,0,199,539,277,48,310,471,347,125,376,392,390,220,412,311,414,-1,-1
frame_0892.jpg,211,0,321,4,408,13,106,14,482,37,553,80,26,97,0,220,552,249,486,326,55,326,409,376,138,385,328,407,235,412,-1,-1
frame_0893.jpg,210,0,319,4,407,13,105,14,482,37,553,81,24,98,0,223,553,252,488,329,55,330,410,380,139,389,330,411,237,416,-1,-1
frame_0895.jpg,301,0,389,2,193,5,89,29,534,56,13,124,0,254,485,307,65,355,415,364,339,404,153,405,251,420,-1,-1,-1,-1,-1,-1
frame_0896.jpg,314,0,403,3,203,4,96,27,549,62,18,122,553,234,0,254,490,318,62,358,417,375,148,411,338,414,248,428,-1,-1,-1,-1
frame_0897.jpg,309,0,398,4,198,4,472,23,93,26,545,63,16,119,0,249,491,314,63,351,419,370,152,403,339,407,250,421,-1,-1,-1,-1
frame_0898.jpg,303,0,392,2,194,6,466,18,87,32,537,55,13,127,548,222,0,258,492,305,68,358,422,363,345,404,158,406,256,421,-1,-1
frame_0900.jpg,310,0,400,3,201,6,95,29,545,60,17,124,551,226,0,255,492,308,66,356,421,365,344,404,155,405,254,421,-1,-1,-1,-1
frame_0901.jpg,310,0,397,1,199,6,472,19,93,30,543,56,16,126,551,223,0,256,493,305,66,357,422,363,344,403,155,405,253,420,-1,-1
frame_0902.jpg,310,0,397,1,200,6,93,31,543,56,570,129,16,126,552,224,0,257,493,306,66,358,421,364,344,404,155,406,254,421,-1,-1
frame_0904.jpg,312,0,400,2,201,6,475,16,95,30,548,56,16,126,554,224,0,257,495,306,65,358,423,364,344,405,154,407,254,422,-1,-1
frame_0906.jpg,312,0,402,2,201,6,472,21,95,31,548,55,575,128,16,126,555,223,0,257,496,306,64,358,423,365,345,406,154,407,253,422
frame_0907.jpg,926,0,314,98,404,100,203,105,480,114,95,130,553,154,17,226,559,324,0,357,498,408,64,458,424,466,345,507,153,508,253,523
frame_0910.jpg,406,1,316,0,203,6,483,18,95,32,558,56,18,129,565,229,0,260,505,313,66,362,430,372,351,413,156,413,256,429,-1,-1
frame_0911.jpg,401,1,311,0,199,7,91,32,550,54,15,129,559,225,0,260,498,309,64,362,426,369,346,410,154,412,254,427,-1,-1,-1,-1
frame_0913.jpg,393,0,305,0,195,9,468,16,90,36,541,51,14,134,552,221,0,267,494,305,424,365,67,367,347,408,156,415,256,427,-1,-1
frame_0914.jpg,391,0,303,2,465,14,192,11,86,41,539,49,12,140,552,218,0,272,495,303,425,365,67,372,349,409,159,418,259,430,-1,-1
frame_0915.jpg,389,0,300,1,463,13,190,12,86,41,537,48,11,141,553,216,0,274,497,302,427,364,70,373,351,408,161,418,260,429,-1,-1
frame_0916.jpg,390,0,302,3,190,14,86,44,538,48,12,144,552,216,0,276,497,303,70,375,352,410,161,421,261,431,-1,-1,-1,-1,-1,-1
frame_0919.jpg,388,0,300,3,465,13,190,15,539,47,85,46,12,147,555,216,0,279,500,303,429,366,69,378,353,412,162,424,262,434,-1,-1
frame_0920.jpg,388,0,299,3,465,14,188,15,539,47,84,45,11,145,555,217,0,278,500,304,431,366,71,377,353,412,161,422,262,433,-1,-1
frame_0921.jpg,384,0,297,5,459,12,186,17,535,46,81,49,10,150,554,214,0,282,500,302,431,365,71,380,354,411,163,424,264,434,-1,-1
frame_0924.jpg,386,0,297,3,460,13,186,15,535,46,9,148,553,215,0,280,499,302,69,379,354,412,161,424,262,434,-1,-1,-1,-1,-1,-1
frame_0925.jpg,384,0,295,3,460,12,186,15,535,46,81,46,10,146,554,214,0,279,499,301,430,365,70,378,355,411,162,423,264,433,-1,-1
frame_0926.jpg,388,0,299,2,462,12,188,14,536,46,84,44,12,144,553,215,0,277,499,302,430,365,69,376,354,411,161,421,263,432,-1,-1
frame_0927.jpg,386,0,296,4,460,13,186,18,536,45,82,49,10,150,556,214,0,283,502,303,433,366,72,381,357,413,164,426,266,435,-1,-1
frame_0928.jpg,383,0,295,4,184,17,535,44,80,50,9,151,555,213,0,284,502,302,432,366,70,382,356,413,163,427,265,436,-1,-1,-1,-1
frame_0929.jpg,385,0,297,4,461,12,186,16,536,45,80,48,9,149,556,214,0,282,502,302,433,366,71,381,356,412,163,425,264,435,-1,-1
frame_0930.jpg,386,0,297,4,187,17,538,45,81,49,10,150,557,215,0,283,503,303,433,367,72,382,356,413,163,426,264,435,-1,-1,-1,-1
frame_0933.jpg,381,0,294,5,456,12,183,18,530,44,79,50,8,151,0,283,499,299,431,362,72,381,357,410,165,425,265,433,-1,-1,-1,-1
frame_0935.jpg,391,0,302,2,192,11,87,40,539,49,12,139,553,219,0,274,498,305,68,375,352,413,161,422,261,434,-1,-1,-1,-1,-1,-1
frame_0936.jpg,395,0,307,1,196,9,470,13,90,37,543,51,571,123,15,135,556,220,0,269,500,306,429,367,69,370,352,411,160,418,261,431
frame_0938.jpg,390,0,301,2,466,14,190,13,85,43,540,48,12,143,557,217,0,277,503,305,433,367,70,378,357,413,163,424,265,435,-1,-1
frame_0939.jpg,391,0,302,3,467,15,192,14,85,44,542,49,11,144,559,219,0,279,505,307,71,381,359,417,164,427,266,438,-1,-1,-1,-1
frame_0940.jpg,389,0,300,1,464,14,189,13,83,43,539,48,10,145,0,281,505,308,435,372,72,383,361,418,166,430,269,441,-1,-1,-1,-1
frame_0941.jpg,391,0,302,2,467,14,189,15,82,46,543,48,10,149,561,221,0,285,506,310,436,374,71,387,360,421,165,433,268,443,-1,-1
frame_0942.jpg,391,0,300,3,467,13,187,17,542,47,80,48,8,151,563,220,0,287,508,310,438,374,73,388,361,420,167,433,270,443,-1,-1
frame_0943.jpg,389,0,299,3,466,13,186,16,542,46,80,48,7,151,563,218,0,288,510,307,441,372,74,388,365,419,169,434,273,443,-1,-1
frame_0945.jpg,389,0,298,5,467,11,184,21,545,44,77,55,5,160,571,217,0,299,518,309,449,376,77,399,372,425,174,443,279,451,-1,-1
frame_0947.jpg,394,0,302,6,475,12,186,22,556,44,77,57,6,163,582,221,0,302,528,315,457,383,79,404,379,432,177,450,282,457,-1,-1
frame_0949.jpg,393,0,476,9,297,9,179,29,559,40,69,69,599,117,0,177,592,219,539,314,0,317,469,385,80,417,388,437,183,460,292,465
frame_0950.jpg,403,0,304,7,486,10,186,27,571,41,75,65,610,117,2,173,601,223,0,314,545,320,472,390,81,416,391,442,183,461,292,468
frame_0953.jpg,399,0,303,4,483,13,184,20,568,47,73,53,1,157,602,226,0,297,550,320,478,388,83,401,398,437,188,450,298,460,-1,-1
frame_0954.jpg,398,0,302,3,482,15,183,18,569,50,73,48,612,125,1,148,607,229,0,288,555,322,483,389,85,394,404,437,189,445,302,458
frame_0956.jpg,309,0,406,3,190,9,491,23,78,33,577,62,4,128,620,140,613,244,0,267,559,335,83,379,485,398,188,436,403,440,302,455
frame_0957.jpg,307,0,404,4,188,8,489,25,76,29,577,65,2,119,622,143,617,246,0,257,563,336,83,369,490,397,189,428,406,437,304,450
frame_0958.jpg,302,0,399,4,184,8,486,24,73,29,574,64,0,119,618,244,0,255,565,334,86,367,493,395,192,426,410,435,307,448,-1,-1
frame_0960.jpg,303,0,402,6,185,8,491,28,74,28,581,68,1,114,629,145,626,249,0,248,574,339,85,362,499,399,192,424,414,437,310,448
frame_0961.jpg,303,0,403,5,185,9,492,25,73,30,584,64,0,115,633,140,634,242,3,247,584,331,91,358,510,391,201,418,424,429,319,441
frame_0962.jpg,305,0,404,6,186,7,74,25,494,28,586,69,0,109,635,144,636,245,1,242,587,334,91,354,514,392,203,416,428,429,322,440
frame_0964.jpg,313,0,192,5,412,8,78,21,503,32,597,74,1,103,646,151,0,236,647,253,595,342,91,351,520,400,202,417,433,435,325,443
frame_0965.jpg,316,0,193,6,416,8,78,22,508,32,602,73,1,103,653,150,0,237,655,251,603,340,90,351,527,398,206,416,439,433,328,442
frame_0967.jpg,331,0,441,6,205,7,84,25,540,30,642,73,3,108,696,153,0,242,694,260,636,351,92,357,553,410,210,424,456,445,338,452
frame_0968.jpg,335,0,445,7,207,7,85,23,548,32,651,74,3,106,704,154,0,240,702,260,642,352,92,355,557,410,210,422,458,445,340,451
frame_0969.jpg,341,0,212,4,450,9,89,18,550,35,651,78,4,100,703,159,0,233,701,264,91,349,642,353,554,410,209,417,456,443,339,448
frame_0971.jpg,346,0,215,5,457,8,90,21,560,33,663,77,2,104,718,158,0,239,717,264,657,355,94,357,570,414,217,425,468,449,349,455
frame_0972.jpg,350,0,219,5,464,7,92,20,567,32,671,75,2,103,726,155,0,238,725,261,666,352,97,356,579,411,221,424,478,446,355,453
frame_0973.jpg,357,0,224,6,472,8,94,21,577,34,681,78,1,107,737,159,0,247,736,266,677,358,100,367,590,419,228,436,488,456,365,464
frame_0974.jpg,367,0,230,6,483,9,97,21,590,34,697,78,2,108,752,160,0,247,750,267,689,360,101,368,601,420,231,436,495,457,369,465
frame_0975.jpg,380,0,240,7,502,7,103,24,613,33,723,78,5,112,780,163,0,255,775,275,708,371,99,379,612,434,230,449,503,471,373,479
frame_0978.jpg,402,0,533,6,253,9,111,29,655,32,778,78,7,118,841,167,0,260,835,285,758,385,101,384,651,449,237,457,529,486,387,491
frame_0979.jpg,407,0,540,5,256,10,663,30,112,31,788,75,8,120,852,165,0,262,844,285,767,386,100,387,657,451,237,460,533,488,389,494
frame_0980.jpg,410,0,546,5,259,9,115,29,672,31,798,77,9,119,862,168,0,262,855,289,101,387,775,392,664,456,238,462,537,493,391,497
frame_0981.jpg,418,0,265,7,553,8,120,25,680,35,808,84,11,115,871,177,0,258,861,298,98,386,780,400,666,463,236,463,537,499,390,501
frame_0982.jpg,421,0,269,6,559,9,122,23,685,38,811,88,13,111,873,181,0,255,863,303,98,384,781,405,234,462,665,467,537,501,389,502
frame_0984.jpg,419,0,556,7,266,8,119,27,685,35,813,82,12,117,877,175,0,261,869,298,101,388,788,401,674,465,240,465,544,501,395,503
frame_0985.jpg,422,0,269,4,557,9,123,20,683,39,811,89,13,108,874,183,0,253,864,304,98,383,781,405,236,462,668,467,538,501,391,502
frame_0987.jpg,280,0,431,4,133,7,563,21,685,57,20,87,808,114,866,209,0,231,852,329,92,366,769,425,226,453,654,481,379,501,526,508
frame_0989.jpg,279,1,134,0,426,9,551,30,667,67,18,73,782,123,840,212,0,216,834,323,99,353,764,415,239,442,659,469,394,489,538,496
frame_0990.jpg,281,0,135,4,427,5,551,23,664,59,19,81,777,110,833,198,0,228,831,310,102,367,763,405,244,453,662,463,544,496,401,496
frame_0991.jpg,273,0,420,1,128,6,544,17,657,50,14,87,770,99,830,186,0,235,831,299,106,373,765,396,669,456,252,456,551,492,409,495
frame_0992.jpg,409,0,264,3,534,11,119,15,647,41,763,87,10,97,826,171,0,244,831,284,111,378,771,383,676,447,258,458,559,486,416,493
frame_0993.jpg,399,0,253,7,523,10,109,22,639,38,755,83,4,106,825,167,0,255,836,281,779,384,116,389,686,450,266,468,572,492,428,501
frame_0995.jpg,402,0,255,4,527,12,109,16,641,42,760,89,3,98,829,174,0,249,841,290,119,386,787,392,695,458,273,469,580,498,436,505
frame_0996.jpg,404,0,258,3,528,12,111,15,644,41,762,87,5,96,831,171,0,248,843,284,789,386,118,386,695,452,272,467,581,492,435,501
frame_0997.jpg,399,0,252,6,524,9,106,20,640,38,761,82,2,103,831,167,0,254,846,282,794,385,121,392,702,454,277,472,588,496,443,505
frame_0999.jpg,399,0,251,7,524,10,105,20,641,38,761,82,0,105,833,165,1,257,848,279,797,382,125,393,708,450,283,473,594,493,449,504
frame_1001.jpg,405,0,254,7,534,11,106,21,653,40,778,87,0,106,852,174,0,262,866,293,812,399,124,403,719,468,284,486,602,512,453,521
frame_1002.jpg,414,0,259,5,546,12,108,18,668,44,796,92,1,104,872,183,0,262,888,306,126,409,832,414,736,485,289,496,616,528,464,535
frame_1005.jpg,451,0,284,6,590,15,119,18,719,49,854,101,0,109,936,196,2,283,958,325,905,440,147,442,808,517,329,537,684,565,520,576
frame_1006.jpg,459,0,290,4,122,16,600,15,729,51,864,104,0,107,948,200,0,286,971,332,918,450,147,451,822,530,333,550,695,579,528,591
frame_1009.jpg,135,0,308,1,479,8,621,33,747,78,5,87,878,141,957,242,0,274,976,375,147,455,922,492,824,568,336,566,699,612,532,617
frame_1010.jpg,147,0,320,8,491,23,630,53,13,80,753,103,879,168,951,271,0,267,966,402,141,454,911,513,328,570,813,585,689,625,524,625
frame_1011.jpg,148,0,322,11,491,30,628,64,16,77,748,117,872,186,0,266,944,291,958,423,138,460,902,536,323,583,806,607,516,643,682,646
frame_1012.jpg,144,0,316,10,485,27,620,59,11,82,738,109,860,175,932,277,0,273,947,407,145,464,895,518,332,581,803,591,684,633,524,635
frame_1014.jpg,154,0,323,17,487,40,619,76,20,77,730,130,847,199,0,265,911,302,920,430,135,458,863,538,312,579,770,605,496,639,652,642
frame_1017.jpg,149,0,315,17,476,42,603,80,18,76,712,134,821,205,0,264,881,306,888,431,131,456,833,537,303,576,743,603,479,635,630,638
frame_1019.jpg,155,0,318,24,478,55,25,71,601,98,709,157,817,233,0,259,874,338,123,455,874,465,813,568,285,581,720,629,458,648,606,660
frame_1020.jpg,165,0,328,32,485,70,30,67,609,117,712,181,816,259,0,254,867,365,117,456,860,490,798,588,278,586,704,646,447,657,593,672
frame_1021.jpg,173,0,333,34,39,64,489,74,610,124,711,189,0,249,812,270,859,376,108,451,848,501,262,584,781,598,685,653,428,658,573,676
frame_1023.jpg,176,0,336,41,41,58,489,89,605,146,703,218,0,245,797,304,840,415,101,456,826,540,248,597,756,635,409,679,661,685,549,704
frame_1024.jpg,331,0,39,18,484,47,600,103,697,174,0,205,793,260,837,369,103,412,822,493,249,552,755,588,411,633,660,639,550,657,-1,-1
frame_1027.jpg,157,0,313,31,469,70,30,65,588,120,690,186,0,249,794,267,844,377,106,450,835,504,258,585,771,604,676,659,421,661,565,681
frame_1028.jpg,160,0,317,29,473,65,32,65,596,113,698,178,0,248,804,259,854,369,107,447,846,497,257,580,779,597,684,653,424,656,571,676
frame_1029.jpg,158,0,318,30,478,66,28,67,603,115,709,180,0,252,820,263,877,374,112,455,872,506,271,592,807,609,710,667,442,670,593,691
frame_1032.jpg,188,0,362,33,534,73,38,68,670,125,786,194,0,261,904,280,959,397,117,474,950,533,288,617,876,639,768,699,473,699,637,723
frame_1034.jpg,801,0,0,56,923,90,1041,193,1090,317,145,309,1071,453,344,482,984,553,549,583,867,604,727,618,-1,-1,-1,-1,-1,-1,-1,-1
frame_1035.jpg,737,0,889,79,0,87,1007,177,1119,286,135,364,1158,414,1128,550,346,557,1032,649,566,670,907,698,758,710,-1,-1,-1,-1,-1,-1
frame_1036.jpg,926,0,0,3,1052,105,1170,224,131,289,1211,360,343,493,1175,506,1069,609,570,617,933,657,771,666,-1,-1,-1,-1,-1,-1,-1,-1
frame_1054.jpg,615,0,827,8,444,24,1067,46,308,61,176,101,50,187,1184,206,0,316,1100,449,854,622,208,629,376,678,594,680,-1,-1,-1,-1
frame_1056.jpg,777,0,1041,14,558,22,389,68,262,122,141,179,1197,175,35,280,0,416,1143,457,32,544,113,645,897,673,231,723,626,755,402,764
frame_1057.jpg,780,0,1038,4,557,23,389,71,260,127,1195,158,138,187,31,289,0,425,1147,430,38,551,124,647,909,646,248,718,644,734,421,752
frame_1058.jpg,787,0,567,15,1039,15,399,57,268,110,144,164,1187,167,34,264,0,399,1135,429,37,526,123,623,901,633,246,696,640,716,420,731
frame_1059.jpg,787,0,574,13,1035,17,408,52,278,100,153,153,1178,170,38,251,0,386,1126,430,34,514,118,615,896,632,240,690,637,714,413,728
frame_1060.jpg,789,0,574,12,1036,17,408,52,277,102,151,155,1180,175,38,254,0,392,1126,437,33,522,117,623,896,642,239,700,636,725,413,738
frame_1061.jpg,798,0,1054,13,580,17,410,61,276,114,151,170,1202,170,37,270,0,408,1146,439,35,538,120,637,908,649,242,712,642,734,419,749
frame_1065.jpg,872,0,1156,10,627,19,438,67,288,125,151,184,1324,166,32,291,0,436,1295,444,48,571,151,674,1047,668,296,750,754,764,500,785
frame_1066.jpg,881,0,643,11,1155,14,453,52,299,108,156,166,1315,167,33,273,0,420,1274,430,51,555,1039,642,159,656,310,730,760,735,513,760
frame_1068.jpg,874,0,632,11,1155,13,439,52,286,108,144,166,1319,165,26,271,0,415,1291,426,56,547,1057,635,167,646,320,718,774,726,526,749
frame_1069.jpg,1160,0,639,4,447,39,290,92,1326,120,149,146,30,245,1292,358,0,376,56,498,1047,556,164,588,763,648,315,652,516,676,-1,-1
frame_1070.jpg,883,0,646,5,1159,13,454,37,294,90,148,149,1316,168,27,260,0,410,1280,420,62,546,1057,621,179,646,337,716,786,715,542,742
frame_1071.jpg,456,0,1138,2,296,32,147,84,1288,138,25,192,0,342,1255,374,71,481,1049,562,194,581,357,650,794,650,560,676,-1,-1,-1,-1
frame_1074.jpg,688,0,500,14,902,19,332,43,1129,66,173,81,35,176,1251,206,0,323,1216,408,68,463,197,566,1031,568,367,637,799,643,573,665
frame_1075.jpg,691,0,504,9,903,23,337,35,177,70,1125,74,37,164,1239,218,0,312,1199,421,64,454,192,559,1014,575,359,632,785,645,563,663
frame_1076.jpg,673,0,486,16,888,17,319,48,1116,64,164,87,32,184,1235,208,0,329,1194,413,66,467,191,568,1005,572,356,638,775,645,555,665
frame_1078.jpg,652,0,470,12,865,16,310,40,163,75,1097,66,36,166,1220,212,0,304,1176,419,58,438,171,539,980,574,326,614,742,639,519,650
frame_1079.jpg,642,0,462,13,857,18,306,39,162,74,1092,69,36,164,1215,220,0,300,54,434,1169,432,162,536,966,587,312,615,726,649,503,655
frame_1080.jpg,638,0,457,11,856,21,301,36,157,71,1094,76,33,161,1220,234,0,299,54,435,1171,450,164,541,966,604,312,622,724,662,502,665
frame_1081.jpg,631,0,449,11,850,20,294,37,150,72,1088,76,30,164,1215,232,0,302,58,436,1168,449,168,540,967,601,318,620,727,659,507,663
frame_1082.jpg,622,0,442,14,842,16,287,41,144,77,1083,70,26,173,1214,226,0,311,61,445,1172,444,175,547,974,598,325,626,736,660,517,666
frame_1084.jpg,608,0,832,13,425,15,269,43,1085,68,129,82,17,184,1229,232,0,327,68,464,1197,462,188,571,1001,624,344,652,761,687,539,696
frame_1085.jpg,612,0,425,15,838,17,269,42,127,83,1091,76,15,189,1231,246,0,336,73,475,1194,476,196,581,998,635,352,663,763,697,543,705
frame_1086.jpg,603,0,835,14,414,16,256,45,1093,72,116,86,8,193,1238,244,0,336,78,471,1197,474,200,574,998,629,356,654,762,689,546,695
frame_1087.jpg,600,0,837,13,410,18,253,46,1105,72,114,89,7,197,1255,249,0,342,76,479,1215,484,200,582,1010,643,356,664,770,701,549,706
frame_1088.jpg,593,0,832,14,403,16,246,43,107,85,1102,76,4,192,1251,254,0,335,80,470,1209,488,203,573,1004,642,356,656,765,697,546,700
frame_1089.jpg,589,0,826,13,398,17,241,45,1092,74,103,89,1,199,1239,250,0,344,85,478,1197,481,211,578,1000,632,366,656,767,691,554,696
frame_1090.jpg,590,0,398,13,829,18,240,37,101,77,1094,85,1,185,1237,264,0,327,83,461,1189,489,206,561,987,633,359,641,543,684,755,683
frame_1091.jpg,597,0,403,11,839,20,244,32,104,71,1110,93,3,176,1250,274,0,316,80,448,1194,499,202,549,353,630,985,637,537,677,749,681
frame_1092.jpg,596,0,399,11,843,22,240,33,101,72,1120,97,0,180,1264,285,1,321,81,456,1207,514,205,557,354,641,993,654,539,691,753,697
frame_1093.jpg,600,0,404,6,243,24,844,27,102,60,1113,106,0,165,1251,293,1,308,83,443,1193,514,206,546,358,629,985,647,540,679,751,686
frame_1095.jpg,602,0,405,7,243,26,843,24,101,62,1111,105,0,171,1249,289,2,315,87,451,1195,513,214,554,368,637,992,647,551,686,761,690
frame_1097.jpg,614,0,413,9,248,29,858,25,101,69,1126,101,0,183,1264,285,5,333,98,471,1212,509,231,574,1014,645,389,653,786,694,577,696
frame_1098.jpg,623,0,420,7,252,27,867,26,103,67,1132,102,0,183,1270,286,8,336,105,477,1222,507,242,580,1028,646,404,659,803,696,594,700
frame_1099.jpg,639,0,433,5,261,23,882,30,108,62,1145,110,0,176,1276,290,5,330,102,473,1224,507,241,576,1030,643,407,655,807,693,597,696
frame_1100.jpg,643,0,436,5,263,23,888,31,110,62,1151,111,0,179,1285,295,6,336,104,481,1233,517,246,586,1040,653,411,667,814,704,603,708
frame_1101.jpg,642,0,436,4,264,21,890,31,110,59,1157,113,0,174,1292,301,4,329,100,474,1235,522,239,580,402,663,1035,659,593,708,806,706
frame_1102.jpg,639,0,431,6,259,24,890,30,108,61,1165,113,0,176,1303,303,4,331,99,475,1247,529,236,582,400,667,1042,666,592,713,808,713
frame_1103.jpg,644,0,436,3,263,20,898,32,110,58,1177,117,0,174,1318,310,5,330,100,476,1259,541,237,585,401,671,1052,676,596,720,814,723
frame_1104.jpg,649,0,437,2,264,18,907,33,110,54,1192,125,0,170,2,327,1334,325,95,475,1272,558,231,587,396,678,1056,695,592,730,813,738
frame_1107.jpg,664,0,443,3,266,18,936,35,113,54,1242,133,0,169,1,325,1395,345,93,476,228,592,1323,591,395,689,1087,727,595,749,828,763
frame_1108.jpg,664,0,442,6,265,22,941,33,111,63,1255,128,0,181,2,338,1415,346,96,488,232,605,1344,598,400,703,1104,740,604,764,839,778
frame_1110.jpg,657,0,432,14,941,22,255,38,102,84,1266,109,0,206,1431,325,10,364,109,510,1365,583,250,620,419,712,1125,729,623,766,859,773
frame_1111.jpg,658,0,434,15,943,23,256,39,103,85,1269,109,0,208,1434,323,12,364,110,510,1371,580,251,621,421,711,1130,728,627,765,864,772
frame_1112.jpg,657,0,433,15,941,21,255,40,102,85,1267,107,0,208,1434,321,11,365,111,510,1373,577,253,620,422,711,1132,726,628,765,866,771
frame_1113.jpg,659,0,436,11,943,25,258,33,105,78,1266,115,0,201,1433,332,12,359,111,508,1371,587,253,620,423,714,1131,734,629,769,866,777
frame_1114.jpg,658,0,434,13,940,24,256,37,101,82,1261,109,0,206,1428,324,12,366,114,513,1365,580,257,623,428,714,1131,726,633,767,869,772
frame_1115.jpg,658,0,435,15,938,20,256,41,102,88,1257,102,0,213,1427,310,18,371,124,517,1369,563,270,625,443,711,1140,711,648,761,881,762
frame_1116.jpg,663,0,439,14,940,21,259,37,103,85,1252,103,0,212,1420,306,18,373,127,520,1368,554,278,627,1147,703,454,713,893,756,663,758
frame_1117.jpg,669,0,446,12,946,23,264,37,106,82,1256,106,0,208,1419,308,14,371,122,519,1363,556,272,628,1141,706,448,715,889,757,656,761
frame_1118.jpg,671,0,447,13,951,22,265,38,106,84,1264,106,0,211,1431,313,14,374,123,524,1376,562,274,634,1152,714,452,722,896,767,661,769
frame_1120.jpg,683,0,454,12,968,25,269,37,108,82,1286,112,0,211,1451,326,16,376,123,529,1389,581,276,641,454,731,1159,731,664,780,900,782
frame_1125.jpg,677,0,966,8,449,26,266,62,1302,74,109,114,0,244,10,406,111,556,1434,549,262,668,1208,729,448,756,925,786,666,786,-1,-1
frame_1127.jpg,698,0,968,12,478,22,293,57,1271,77,130,107,7,230,1435,270,0,394,1389,531,93,548,238,662,1160,710,420,750,890,782,642,793
frame_1128.jpg,701,0,968,9,483,26,301,64,1266,67,138,116,13,237,1421,253,0,396,1372,514,87,545,226,656,1140,693,404,739,870,766,620,781
frame_1131.jpg,671,0,908,8,471,25,1165,53,300,64,143,112,1308,208,18,223,0,377,1275,435,83,518,1078,609,219,618,394,689,835,690,602,715
frame_1132.jpg,670,0,900,9,476,23,1148,55,305,60,147,107,1283,205,20,215,0,368,1249,421,80,509,1059,593,215,609,822,675,389,678,596,701
frame_1133.jpg,672,0,894,10,478,20,307,57,1132,55,148,102,1262,200,19,210,0,363,1232,410,84,503,1052,576,221,601,824,658,397,666,602,687
frame_1134.jpg,677,0,897,11,485,20,312,55,1130,55,151,101,1257,197,20,208,0,361,1229,401,86,501,1055,564,227,598,831,647,405,661,611,678
frame_1135.jpg,680,0,897,13,489,19,316,53,1125,54,155,96,1250,191,22,201,0,352,1225,389,86,490,1054,549,227,585,833,632,406,647,613,663
frame_1136.jpg,684,0,898,11,494,18,322,51,1125,53,161,95,1248,187,26,197,0,346,1223,384,83,483,1052,544,223,579,831,627,403,641,610,658
frame_1138.jpg,694,0,504,11,909,20,331,37,168,74,1136,72,31,173,1258,212,0,323,1229,412,78,466,215,570,1053,567,393,641,827,643,603,666
frame_1139.jpg,701,0,509,7,919,25,334,29,172,63,1150,83,34,157,1273,228,0,306,1240,428,74,450,208,557,1056,581,385,633,824,648,595,666
frame_1141.jpg,719,0,524,5,344,27,935,26,174,60,1160,84,32,157,1278,226,0,309,1249,419,83,455,228,561,1075,569,412,633,851,640,625,661
frame_1142.jpg,730,0,534,5,348,27,943,26,175,60,1165,83,31,160,1279,223,0,316,1252,413,89,465,1084,564,239,571,865,639,428,641,643,665
frame_1145.jpg,758,0,555,4,363,25,979,27,182,57,1209,84,33,159,1331,228,0,317,1305,421,92,470,1133,575,247,580,905,652,446,653,672,678
frame_1150.jpg,416,0,625,0,216,10,829,22,1032,74,43,106,1233,152,0,279,1327,292,104,451,1292,468,278,575,1137,600,488,656,932,665,713,686
frame_1151.jpg,417,0,621,3,217,7,819,27,1015,79,44,98,1206,157,0,268,1295,292,102,436,1262,459,276,558,1112,585,484,638,916,647,705,667
frame_1152.jpg,410,0,213,6,611,5,805,28,995,79,42,98,1181,155,0,266,1268,287,102,434,1235,451,274,555,1091,575,479,631,900,637,695,658
frame_1154.jpg,215,0,407,2,600,14,785,45,47,85,965,101,1138,181,0,247,1213,311,95,414,1175,466,256,535,1034,580,451,615,852,633,656,647
frame_1156.jpg,220,0,416,9,611,29,790,71,47,70,962,137,1123,224,0,238,1189,351,102,411,1151,498,268,538,1020,601,463,622,849,648,663,658
frame_1164.jpg,0,0,201,9,397,33,576,69,742,128,894,206,955,322,923,455,51,532,801,556,252,604,638,608,454,627,-1,-1,-1,-1,-1,-1
frame_1165.jpg,206,0,0,2,407,15,591,44,763,95,919,168,984,283,950,422,824,530,55,536,655,589,260,602,466,616,-1,-1,-1,-1,-1,-1
frame_1166.jpg,295,0,499,5,90,13,688,24,867,67,1033,135,1105,253,1073,399,0,448,948,514,179,550,777,582,383,608,589,617,-1,-1,-1,-1
frame_1167.jpg,582,0,374,1,777,14,167,20,964,52,1138,119,0,135,1212,240,1177,392,93,464,1045,511,274,561,872,582,478,615,683,620,-1,-1
frame_1168.jpg,581,0,376,2,778,12,175,23,971,49,1154,118,16,139,1233,242,0,312,1198,398,123,465,1062,518,300,561,887,588,498,618,699,624
frame_1169.jpg,376,0,580,3,177,16,778,21,973,64,18,127,1157,138,1233,268,0,296,1191,424,117,449,1048,538,288,549,868,599,481,610,679,626
frame_1170.jpg,373,0,575,2,179,14,772,19,968,62,22,117,1155,136,1232,264,0,277,1187,417,110,424,274,522,1038,527,854,582,464,585,662,605
frame_1171.jpg,376,0,575,6,182,15,771,25,969,70,26,121,1158,149,1236,283,0,285,106,438,1188,443,267,543,1036,558,455,613,848,615,653,636
frame_1174.jpg,548,0,346,4,755,8,158,29,970,45,1185,121,16,139,1276,262,0,300,1226,435,106,448,264,549,1060,559,452,617,859,620,655,641
frame_1175.jpg,544,0,755,2,339,12,975,31,150,44,1195,103,11,160,1291,244,0,321,1243,421,110,465,1075,549,272,560,872,615,462,623,667,642
frame_1177.jpg,563,0,782,4,350,10,1008,38,154,41,1232,114,10,160,1325,262,0,329,1270,443,116,478,1097,573,282,576,890,638,475,641,682,663
frame_1178.jpg,789,0,566,0,351,14,1022,32,154,48,1255,105,9,170,1354,253,0,338,1300,437,117,486,1122,570,285,583,908,639,482,647,694,666
frame_1180.jpg,792,0,565,8,1031,25,345,29,143,72,1270,93,0,203,1380,244,0,378,1336,437,128,528,1163,581,306,623,949,659,512,683,731,696
frame_1181.jpg,807,0,581,2,359,19,1041,29,152,57,1272,99,2,188,1373,246,0,366,1327,429,132,517,1158,568,314,612,950,644,521,669,737,680
frame_1183.jpg,807,0,582,6,360,27,1037,25,151,68,1264,91,2,201,1363,232,0,380,1321,417,135,529,1157,558,318,621,953,638,526,675,742,679
frame_1184.jpg,817,0,590,5,365,25,1050,28,153,67,1276,95,0,204,1375,241,0,385,1329,427,136,538,1163,568,322,631,959,649,531,685,748,690
frame_1185.jpg,834,0,601,3,371,22,1072,29,156,64,1305,101,0,203,1403,251,0,385,1350,440,136,540,1177,581,322,636,967,660,533,691,752,699
frame_1186.jpg,850,0,610,3,375,21,1098,32,157,63,1338,107,1,200,1437,263,0,383,1377,457,134,540,1193,598,320,638,975,674,531,698,754,710
frame_1187.jpg,858,0,612,4,375,24,1110,30,157,65,1361,108,0,204,1465,267,1,388,1406,463,138,545,1218,607,327,644,994,685,541,706,768,719
frame_1189.jpg,892,0,636,0,389,18,1157,37,163,58,1417,122,2,200,1519,287,0,392,1454,492,140,557,1255,638,332,662,1020,714,552,730,786,748
frame_1190.jpg,902,0,640,1,391,20,1177,36,164,62,1448,121,2,207,0,401,1490,508,139,568,1284,660,333,677,1040,737,555,748,796,769,-1,-1
frame_1191.jpg,920,0,654,1,397,22,1196,35,163,66,1467,122,0,216,1571,298,4,414,1508,511,152,584,1302,663,352,689,1061,742,579,758,820,776
frame_1193.jpg,679,0,944,4,419,11,1215,47,175,51,1474,138,0,203,1574,309,4,405,1505,515,158,577,1304,659,364,686,1070,736,594,752,833,769
frame_1194.jpg,674,0,942,1,413,16,1216,40,172,60,1481,128,0,212,1583,301,2,414,1512,512,154,585,1307,661,358,692,1069,739,588,760,829,774
frame_1195.jpg,680,0,953,3,417,15,1232,45,172,57,1500,137,0,210,1603,314,2,415,1527,527,154,588,1317,676,358,699,1074,753,589,767,832,786
frame_1196.jpg,695,0,432,7,965,11,189,38,1243,61,1511,161,9,182,1610,338,0,383,1530,546,144,560,344,677,1315,687,575,755,1067,758,820,782
frame_1197.jpg,449,1,705,0,970,16,211,27,1245,72,25,160,1513,177,1603,360,0,360,128,547,1540,573,322,676,1319,717,554,766,1062,784,807,803
frame_1198.jpg,457,0,710,0,221,21,972,21,1245,82,32,151,1516,188,0,356,125,552,1560,598,321,691,1342,751,556,791,1081,818,816,834,-1,-1
frame_1200.jpg,517,0,786,8,258,13,1051,39,1311,108,43,143,1562,217,0,365,1661,397,137,577,1594,612,352,724,1386,763,604,821,1132,836,871,858
frame_1201.jpg,549,0,284,3,819,15,1077,55,1325,133,56,127,1562,247,0,353,1659,429,135,577,1599,640,356,736,1403,791,617,842,1154,862,892,883
frame_1203.jpg,542,0,279,9,812,10,1070,43,1316,112,54,139,1551,219,0,366,1646,395,138,585,1588,604,359,736,1395,758,622,835,1152,838,894,867
frame_1205.jpg,500,0,760,2,251,16,1006,26,1244,86,42,149,1471,183,1564,353,0,366,1511,559,136,573,1327,712,347,712,1097,793,595,801,853,826
frame_1206.jpg,708,0,460,10,948,10,226,37,1186,55,1421,135,35,167,0,369,1489,495,134,558,1316,651,341,683,1088,739,587,762,845,779,-1,-1
frame_1207.jpg,692,0,451,4,923,14,222,25,1151,60,1376,140,33,156,1481,293,0,361,1449,488,135,552,1287,642,342,678,1070,725,-1,-1,-1,-1
frame_1210.jpg,706,0,933,3,460,16,1145,37,217,54,1343,107,22,205,1424,250,0,416,1381,434,1230,581,153,593,1037,673,366,692,830,732,600,740
frame_1211.jpg,873,0,1094,15,645,15,405,49,1308,67,173,103,1411,198,0,261,1388,379,3,463,1248,536,168,623,1059,643,384,705,853,714,622,737
frame_1212.jpg,861,0,1081,10,635,22,1295,56,396,63,166,126,1403,187,0,295,1391,375,9,508,1261,543,1079,662,181,670,875,744,403,750,643,776
frame_1213.jpg,861,0,1086,4,632,30,1307,48,391,79,163,146,1416,183,0,317,1400,376,8,528,1263,549,1074,669,177,684,867,751,396,760,636,785
frame_1214.jpg,1074,0,850,2,1295,36,621,37,383,90,1408,162,156,165,0,338,1400,350,1272,521,24,539,1089,643,198,689,888,731,420,756,658,772
frame_1215.jpg,1065,0,840,11,1289,29,612,53,375,115,1408,154,151,197,1404,344,0,378,1278,523,21,582,1098,653,201,726,896,749,425,788,666,796
frame_1217.jpg,1063,0,837,18,1286,24,610,68,372,138,1407,148,148,228,1405,342,0,416,1283,525,28,624,1106,661,907,763,213,764,679,819,439,818
frame_1218.jpg,1072,0,850,12,1290,28,621,57,378,124,1403,152,147,212,1397,338,0,402,1275,512,38,611,1105,642,914,740,230,747,694,796,457,797
frame_1219.jpg,1111,0,892,0,660,32,1320,40,410,85,1418,166,164,165,1400,347,0,355,1276,511,30,571,1105,630,225,713,916,721,458,769,695,771
frame_1220.jpg,1112,2,894,0,662,30,1321,45,411,80,165,156,1417,170,1398,349,0,343,1272,510,30,556,1101,627,224,701,910,715,454,756,691,761
frame_1221.jpg,1108,0,886,0,653,33,1321,42,403,85,160,164,1417,168,1396,351,0,348,1265,513,31,560,1091,630,221,701,899,718,447,757,680,762
frame_1223.jpg,1101,0,877,2,1314,39,644,37,395,94,1412,167,156,174,1387,351,0,358,1255,514,31,564,1078,630,218,701,886,717,439,756,669,761
frame_1224.jpg,1100,0,875,3,1316,41,640,38,390,95,1414,170,155,171,1387,354,0,355,1250,517,30,558,1072,633,214,696,877,717,433,752,661,759
frame_1226.jpg,1100,0,870,6,1321,37,633,45,385,107,1423,168,151,188,1395,357,0,371,1256,524,32,574,1075,642,216,708,878,728,433,764,661,770
frame_1229.jpg,1098,0,871,2,638,35,1316,40,390,91,1420,169,153,169,1399,354,0,352,1266,519,34,558,1088,636,221,698,895,722,444,755,676,764
frame_1230.jpg,892,0,1113,6,659,27,1326,50,410,74,166,147,1430,180,0,327,1414,363,1287,526,27,544,1112,642,221,693,917,726,453,757,693,767
frame_1232.jpg,532,0,769,4,270,19,986,39,4,62,1190,107,1285,243,1266,421,1137,575,0,655,959,680,252,749,753,752,513,779,-1,-1,-1,-1
frame_1249.jpg,756,0,571,3,411,25,975,34,251,51,1209,94,87,128,1321,257,0,267,5,418,1241,491,85,546,224,650,986,663,431,712,693,721
frame_1251.jpg,660,0,870,3,488,26,1104,32,349,67,209,111,1230,186,67,199,0,338,1162,437,9,478,83,591,915,638,204,679,634,718,390,726
frame_1253.jpg,810,0,1053,6,599,17,435,60,306,111,1192,151,178,170,53,267,0,406,1136,417,16,538,91,642,894,641,208,720,619,737,385,756
frame_1254.jpg,1042,0,796,0,586,26,421,74,295,128,1186,141,170,190,48,289,0,428,1133,414,19,557,889,643,92,659,208,734,614,743,384,767
frame_1256.jpg,1024,0,788,7,576,37,410,96,1180,115,284,164,158,233,39,341,1145,383,0,485,33,614,924,626,119,710,660,748,247,773,427,790
frame_1257.jpg,1055,0,815,6,606,32,440,83,1202,126,308,143,176,204,48,305,1168,374,0,445,30,575,943,602,114,672,673,717,245,737,434,756
frame_1258.jpg,1096,0,858,5,646,27,475,75,336,135,1242,127,196,196,58,298,1211,375,0,444,25,582,987,610,112,686,707,732,253,756,453,776
frame_1259.jpg,1123,0,876,9,655,39,476,94,1277,125,331,162,186,230,49,343,1255,381,0,498,1037,625,40,640,140,741,760,758,293,805,504,815
frame_1260.jpg,901,0,486,65,1327,108,334,132,183,201,45,316,1299,364,0,473,1073,602,46,613,153,713,791,733,313,776,527,785,-1,-1,-1,-1
frame_1261.jpg,934,0,702,12,1194,12,512,52,352,107,198,163,1351,152,55,267,1316,398,0,418,40,561,1083,619,148,668,795,728,309,741,529,765
frame_1262.jpg,720,0,950,0,1204,22,528,33,367,81,209,132,1352,167,59,232,0,384,1313,411,38,531,1082,623,145,645,306,723,794,724,528,754
frame_1264.jpg,694,0,920,1,505,28,1173,30,346,73,195,121,1316,176,51,216,0,362,1275,412,41,504,147,613,1049,609,304,691,772,700,516,723
frame_1265.jpg,682,0,907,4,498,29,1156,34,338,71,188,117,1299,181,51,215,0,359,1259,415,44,500,150,608,1038,610,307,686,767,699,516,719
frame_1266.jpg,672,2,895,0,1143,27,485,33,326,80,175,131,1285,172,40,232,0,379,1251,406,54,519,1042,599,170,622,329,692,782,691,539,719
frame_1267.jpg,904,0,677,3,1154,26,487,35,325,83,172,135,1295,169,37,238,0,387,1258,394,60,525,1051,586,179,625,793,680,343,692,552,713
frame_1273.jpg,662,0,909,6,458,25,289,64,1189,57,135,115,13,235,1351,237,0,397,1321,493,84,548,222,661,1112,681,396,745,854,763,610,782
frame_1274.jpg,659,0,909,13,454,20,284,53,1190,73,128,100,9,219,1349,256,0,379,1314,505,86,529,224,641,1101,683,396,726,845,753,607,767
frame_1275.jpg,672,0,466,14,923,21,294,42,137,84,1200,89,13,201,1351,275,0,362,83,515,1306,523,219,630,1090,691,389,720,835,758,600,764
frame_1279.jpg,667,0,460,4,289,24,919,32,134,61,1194,116,12,175,1333,314,0,335,80,489,1269,558,211,607,374,701,1050,708,574,754,801,758
frame_1281.jpg,654,0,447,5,278,23,910,32,127,60,1198,117,10,171,0,325,1349,325,79,476,1287,575,205,595,365,693,1056,726,564,755,797,767
frame_1282.jpg,651,0,444,5,273,25,908,30,123,62,1197,116,7,174,0,329,1346,320,81,480,1283,567,209,596,369,692,1053,716,567,750,797,759
frame_1284.jpg,649,0,442,2,274,18,906,36,125,54,1194,127,9,162,0,316,1341,333,78,467,203,585,1274,580,361,684,1043,723,556,746,787,761
frame_1285.jpg,448,0,653,0,278,15,909,39,128,48,1192,131,11,157,0,311,1336,338,79,462,204,582,1267,583,362,681,1038,724,556,744,784,760
frame_1287.jpg,447,1,654,0,277,17,909,37,127,50,1193,129,11,160,0,314,1335,337,79,464,203,583,1265,581,360,681,1036,722,555,743,781,759
frame_1288.jpg,651,0,443,1,274,17,907,36,123,53,1192,126,10,161,0,316,1335,333,80,466,204,584,1266,577,362,682,1037,718,558,741,784,756
frame_1292.jpg,650,0,444,2,275,20,906,35,126,53,1192,123,11,162,0,315,1339,330,77,465,203,583,1271,577,361,681,1040,720,556,743,786,757
frame_1293.jpg,647,0,442,3,274,21,903,32,126,57,1191,119,11,167,0,320,1342,325,77,470,1277,577,202,588,360,687,1046,723,557,749,789,761
frame_1294.jpg,641,0,435,6,269,26,898,31,122,63,1188,115,10,172,0,325,1343,321,78,475,1283,573,204,592,363,690,1053,721,560,751,793,764
frame_1297.jpg,631,0,426,13,891,21,260,39,113,82,1187,99,4,198,1348,304,0,352,82,501,1292,562,210,615,372,708,1063,720,570,763,804,769
frame_1300.jpg,625,0,420,16,884,19,257,43,111,89,1180,93,3,206,1343,297,0,363,83,513,1292,559,213,627,373,720,1065,722,573,773,805,777
frame_1301.jpg,625,0,420,15,883,20,256,42,112,86,1178,94,3,201,1341,298,0,356,82,505,1287,559,210,618,371,711,1060,719,569,766,801,770
frame_1302.jpg,625,0,422,12,882,21,259,38,114,81,1176,99,4,196,1338,306,0,351,81,502,1283,568,208,618,367,713,1055,728,564,771,796,777
frame_1303.jpg,617,0,415,17,873,17,254,46,112,92,1168,87,2,208,1336,290,0,364,83,513,1290,554,212,627,374,719,1065,721,573,773,806,776
frame_1304.jpg,617,0,416,17,872,16,254,45,112,90,1165,85,4,206,1334,289,0,361,82,510,1288,553,210,624,371,717,1063,719,572,770,804,773
frame_1305.jpg,618,0,416,16,871,19,257,43,114,88,1163,92,4,204,1328,298,0,361,80,512,1281,563,207,630,367,725,1058,730,569,778,802,782
frame_1308.jpg,625,0,422,9,262,32,877,28,119,72,1164,112,6,186,1319,325,0,343,77,496,1258,589,199,615,354,714,1031,744,547,776,776,786
frame_1310.jpg,624,0,424,8,264,31,876,28,123,70,1165,113,10,183,0,341,1322,329,74,496,1263,597,196,618,350,720,1032,756,543,785,774,799
frame_1311.jpg,623,0,421,11,264,34,875,26,122,77,1165,111,10,192,1322,329,0,351,74,507,1262,602,194,629,349,731,1029,764,542,794,772,807
frame_1312.jpg,614,0,412,13,868,22,258,39,116,82,1161,102,7,197,1323,320,0,355,76,507,1264,591,197,627,349,727,1031,754,542,788,772,799
frame_1313.jpg,615,0,419,11,870,25,265,34,125,77,1164,110,13,190,1326,330,0,349,69,504,1266,607,187,627,338,731,1028,769,532,795,764,807
frame_1315.jpg,611,0,412,11,259,36,872,28,124,77,1180,122,13,191,0,350,1344,359,64,506,174,633,1267,652,316,743,503,819,1011,813,739,844
frame_1318.jpg,609,0,413,6,262,27,866,34,127,65,1171,134,17,177,0,336,1334,384,61,496,167,627,1256,680,305,743,490,825,721,854,-1,-1
frame_1319.jpg,605,0,406,10,257,35,864,30,122,75,1174,126,14,189,0,346,1340,375,63,502,168,631,1256,674,307,743,492,821,995,830,721,855
frame_1320.jpg,598,0,400,11,250,36,861,28,119,77,1176,123,10,188,0,343,1347,373,60,497,166,624,1264,673,305,736,488,817,998,827,721,851
frame_1321.jpg,600,0,401,11,252,35,861,28,120,78,1178,123,13,189,0,345,1354,375,62,501,166,631,1273,682,306,745,488,829,1004,842,-1,-1
frame_1325.jpg,702,0,486,13,979,27,314,42,161,85,1302,114,32,199,0,363,1473,350,61,528,177,661,1391,660,332,776,1110,838,802,872,543,851
frame_1326.jpg,773,0,543,5,360,28,1052,37,193,64,1371,130,47,167,0,327,1503,358,52,493,166,631,1419,643,327,748,1123,814,542,827,811,853
frame_1327.jpg,590,0,831,0,393,21,217,51,1123,47,59,148,0,307,39,473,147,613,308,734,535,820,1163,825,822,857,-1,-1,-1,-1,-1,-1
frame_1346.jpg,875,0,998,85,0,145,1113,190,1154,321,156,415,1124,467,1031,579,367,579,908,645,583,663,766,678,-1,-1,-1,-1,-1,-1,-1,-1
frame_1356.jpg,980,0,53,31,1148,68,1300,168,0,269,1348,311,1296,475,150,494,1159,599,365,628,991,671,594,698,807,709,-1,-1,-1,-1,-1,-1
frame_1357.jpg,768,0,982,36,1160,105,53,99,1325,208,0,333,1375,359,1312,532,138,547,1160,660,341,677,978,731,566,752,783,766,-1,-1,-1,-1
frame_1358.jpg,253,0,503,1,756,23,973,65,45,124,1165,135,1341,238,0,347,1395,390,136,554,1332,561,1172,687,334,684,981,754,558,763,779,784
frame_1359.jpg,498,0,250,2,749,19,970,57,1165,126,43,133,1342,228,0,358,1397,381,1335,557,137,564,1175,687,336,694,983,757,559,771,781,789
frame_1360.jpg,485,0,239,11,737,10,964,40,1167,103,38,146,1351,200,0,366,1350,534,136,564,1188,668,334,688,991,743,559,762,783,777,-1,-1
frame_1361.jpg,465,1,718,0,947,21,222,22,1156,75,30,160,0,374,139,564,1204,638,339,680,1005,718,566,748,794,758,-1,-1,-1,-1,-1,-1
frame_1362.jpg,694,0,447,10,918,11,209,39,1124,55,1320,134,22,184,0,399,1356,461,149,583,1203,606,354,690,1015,694,809,745,584,746,-1,-1
frame_1363.jpg,680,0,901,6,436,15,1104,45,198,51,1297,117,16,200,1377,258,0,415,1339,439,1195,586,153,595,1012,679,361,695,813,736,591,745
frame_1364.jpg,676,0,897,2,431,20,1100,37,192,59,1291,106,11,213,1372,245,1336,425,0,432,1196,574,160,609,1016,670,370,703,820,732,600,746
frame_1367.jpg,875,0,658,4,415,29,1074,28,177,76,1264,92,1348,225,1,236,1320,402,0,458,1191,553,169,630,1019,655,384,716,831,724,614,747
frame_1370.jpg,881,0,664,4,1079,27,423,28,187,73,1268,89,1349,221,8,233,1320,396,0,449,1187,545,164,617,1014,645,377,703,823,713,606,735
frame_1371.jpg,878,0,663,3,420,25,1077,27,182,69,1265,91,1347,223,2,229,1316,396,0,446,1185,544,166,616,1014,643,380,700,825,710,609,733
frame_1372.jpg,893,0,674,2,431,23,1092,29,191,66,1280,93,1358,226,9,224,1322,399,0,440,1185,545,163,609,1010,643,375,694,818,707,603,729
frame_1374.jpg,876,0,660,8,1076,23,417,37,1264,81,179,86,1344,211,1,252,1312,383,0,465,1182,530,168,626,1011,631,824,702,383,703,610,729
frame_1375.jpg,881,0,664,12,1078,21,420,41,1263,75,178,96,1341,203,0,267,1310,373,2,484,1182,522,1016,626,177,643,832,702,395,715,622,735
frame_1376.jpg,880,0,1077,16,663,14,419,47,1262,69,177,104,1345,195,0,280,1314,365,7,495,1190,515,1025,621,185,652,843,698,405,720,632,735
frame_1378.jpg,886,0,668,8,1084,21,423,36,1269,78,180,89,1347,205,0,257,1313,375,1,472,1184,521,1014,623,173,633,830,696,389,706,617,727
frame_1379.jpg,884,0,669,10,1079,19,425,38,1262,76,183,92,1340,201,0,262,1310,370,2,479,1183,516,1018,620,176,638,833,694,394,709,622,728
frame_1382.jpg,907,1,693,0,445,20,1099,29,197,62,1276,93,1348,222,5,231,1314,390,0,458,1185,533,176,627,1021,632,838,703,396,706,625,731
frame_1383.jpg,698,0,911,4,450,16,1102,39,200,55,1279,107,6,221,1351,238,1316,407,0,450,1189,549,177,626,1024,646,400,710,841,713,630,739
frame_1384.jpg,692,0,907,7,447,13,1100,45,200,49,1278,115,8,209,1353,250,1318,421,0,438,1189,564,172,619,1021,660,391,709,836,725,621,745
frame_1385.jpg,690,0,903,8,444,14,1097,46,196,50,1275,116,5,209,1351,250,1320,421,0,439,1194,565,176,620,1030,661,399,712,845,726,631,747
frame_1388.jpg,487,0,232,7,721,4,924,29,1101,83,25,133,1264,164,1332,296,0,362,1297,457,168,563,1176,587,1017,669,392,675,836,719,625,726
frame_1389.jpg,473,0,231,4,706,11,907,41,1084,100,30,126,1249,184,1316,318,0,351,1284,479,159,552,1159,607,374,672,998,686,815,731,602,729
frame_1417.jpg,716,0,899,4,527,23,1079,39,329,64,136,123,1170,146,0,267,1159,304,1050,446,10,445,900,546,156,575,731,616,342,635,541,649
frame_1418.jpg,721,0,914,13,528,16,326,48,1100,56,135,96,1190,172,0,230,1168,333,3,400,1043,470,137,533,878,560,313,605,701,616,508,634
frame_1419.jpg,732,0,532,13,929,16,327,42,1123,66,135,88,1212,189,0,219,1183,355,0,390,1049,492,129,526,875,578,303,603,692,629,496,638
frame_1420.jpg,730,0,931,11,529,20,323,55,1128,57,132,107,1220,180,0,243,1193,351,6,414,1058,493,139,548,885,584,313,621,702,640,507,654
frame_1421.jpg,728,0,926,9,528,20,1122,54,322,56,131,109,1214,174,0,247,1190,342,9,417,1059,482,144,549,888,573,320,618,708,630,514,647
frame_1422.jpg,736,0,937,10,534,19,326,55,1134,56,133,107,1223,178,0,245,1191,346,6,415,1055,486,139,546,882,575,313,616,700,630,506,645
frame_1423.jpg,735,0,937,12,533,17,325,51,1133,59,132,101,1222,182,0,238,1193,348,8,406,1057,486,142,537,883,574,315,609,701,627,508,640
frame_1424.jpg,733,0,935,10,530,18,322,53,1134,57,131,104,1224,180,0,239,1193,345,8,407,1056,483,141,536,882,571,313,607,698,625,505,638
frame_1425.jpg,732,0,934,11,530,18,323,50,1132,59,130,102,1223,182,0,237,1191,348,9,406,1053,484,142,535,879,572,314,606,697,624,505,638
frame_1426.jpg,734,0,936,11,530,18,323,52,1133,59,130,104,1221,181,0,241,1188,346,11,409,1052,483,144,536,879,570,317,606,698,623,507,636
frame_1427.jpg,737,0,939,10,534,18,325,52,1136,58,132,104,1221,181,0,245,1187,347,11,414,1049,483,146,543,878,571,318,610,698,624,508,639
frame_1428.jpg,736,0,937,11,534,18,325,52,1131,60,131,102,1216,182,0,240,1178,344,9,407,1042,479,144,534,872,565,316,603,694,617,505,631
frame_1429.jpg,732,0,933,7,527,20,1129,53,321,58,129,112,1216,174,0,250,1182,339,13,416,1046,475,147,541,875,563,319,606,696,617,508,634
frame_1430.jpg,726,0,928,5,521,24,1127,47,314,65,125,120,1218,167,0,261,1187,334,16,429,1053,472,154,550,884,563,326,614,705,619,516,638
frame_1431.jpg,734,0,937,4,528,23,1136,47,320,64,127,122,1223,169,0,265,1189,336,15,432,1051,475,151,555,880,566,323,618,701,623,511,641
frame_1432.jpg,728,0,931,4,524,25,1129,45,316,66,126,123,1218,165,0,263,1186,330,15,429,1049,468,152,550,879,558,324,612,701,616,513,635
frame_1433.jpg,925,1,723,0,521,27,1123,40,314,70,124,130,1213,159,0,272,1182,324,17,437,1049,464,880,556,154,557,703,616,327,617,515,638
frame_1435.jpg,916,0,716,1,516,29,1111,34,311,75,122,135,1200,148,0,278,1176,312,20,442,1048,451,884,544,161,559,710,606,335,616,524,633
frame_1436.jpg,913,0,714,1,516,28,1105,36,312,72,123,131,1194,149,0,274,1170,309,19,438,1045,447,883,540,161,555,711,602,336,610,525,628
frame_1437.jpg,912,0,712,2,513,31,1108,35,310,76,122,137,1199,149,0,280,1174,312,19,444,1046,453,881,547,158,560,707,609,332,616,520,634
frame_1438.jpg,911,2,714,0,518,25,1103,39,315,65,126,123,1192,151,0,265,1170,311,18,428,1045,448,882,539,158,548,710,600,333,606,523,625
frame_1439.jpg,718,0,914,4,520,23,1104,44,317,60,127,116,1191,157,0,258,1165,316,16,424,1040,453,878,543,156,545,706,603,331,604,520,625
frame_1441.jpg,726,0,917,7,530,19,325,52,1104,50,132,105,1190,164,0,244,1162,321,13,412,1039,455,153,537,879,543,329,599,706,602,520,623
frame_1442.jpg,726,0,918,7,530,20,326,53,1105,50,132,106,1190,164,0,245,1162,320,13,412,1038,452,153,535,877,540,707,599,330,597,520,619
frame_1443.jpg,724,0,917,7,529,20,1104,48,325,54,131,108,1189,161,0,247,1164,318,13,415,1040,451,153,538,879,540,708,600,330,600,521,621
frame_1444.jpg,724,0,917,7,528,19,1104,49,324,53,131,107,1189,162,0,244,1162,317,12,411,1038,450,151,533,876,538,328,595,705,597,518,617
frame_1445.jpg,730,0,922,8,533,19,329,52,1108,50,134,105,1193,162,0,242,1168,319,13,410,1044,450,154,535,884,539,333,596,712,598,524,619
frame_1446.jpg,721,0,918,5,525,22,1110,44,321,61,130,116,1202,158,0,255,1182,318,14,423,1058,456,895,549,155,548,719,610,335,611,529,633
frame_1447.jpg,723,0,920,8,528,17,1115,45,327,49,136,97,1212,151,0,226,1196,304,7,387,1072,437,145,514,904,526,326,579,722,584,525,603
,511,0,363,4,660,10,212,23,813,32,73,68,917,103,0,166,927,221,22,308,839,340,123,414,709,422,568,475,257,477,413,498
,511,0,363,4,659,10,212,24,813,32,74,67,917,103,0,166,926,221,23,308,839,340,124,414,709,422,568,476,258,478,414,498
,512,0,363,3,660,10,213,22,814,32,73,67,917,103,0,166,927,221,22,307,839,339,124,413,709,421,568,475,258,478,414,498
,512,0,364,4,660,10,214,23,815,31,74,68,919,103,0,167,927,221,23,308,840,340,125,414,710,421,569,475,259,477,415,498
,512,0,364,4,661,11,213,23,815,32,74,67,918,103,0,167,927,221,23,308,841,340,125,414,710,422,569,476,259,478,415,498
,512,0,364,4,660,11,213,23,815,31,74,68,918,103,0,167,927,221,23,308,840,340,125,414,710,422,569,476,259,478,415,499
,510,0,660,4,361,10,817,19,210,36,72,86,925,88,0,189,940,206,856,330,27,332,727,418,133,435,586,479,271,494,430,509
,417,0,254,8,572,9,724,33,97,41,880,66,0,136,985,144,994,265,4,293,904,384,106,419,764,466,254,502,607,517,431,535
,403,0,563,5,245,13,727,26,96,49,902,59,1021,142,1,143,1029,279,0,295,919,410,90,422,756,494,226,509,582,542,400,551
,397,0,558,3,242,13,725,24,96,50,907,58,2,142,1029,143,1035,284,0,291,83,416,916,419,745,502,214,505,567,546,384,551
,395,0,555,2,240,15,723,20,94,54,905,51,1030,137,1,147,1038,280,0,298,921,418,84,423,749,504,216,512,570,551,386,557
,716,0,913,3,537,6,377,29,225,68,1058,74,85,128,1086,225,0,233,10,384,975,392,103,502,799,507,243,580,612,578,421,607
,757,0,969,4,566,6,396,32,237,73,1126,79,89,135,0,244,1154,242,7,402,1030,420,99,527,837,542,243,611,634,616,429,643
,763,0,981,3,570,8,398,35,238,78,1142,78,90,142,1170,244,0,252,6,413,1042,428,97,539,843,552,241,624,637,628,430,656
,825,0,1072,3,613,10,429,39,263,86,1258,88,107,152,7,265,1288,281,0,434,1129,491,83,574,890,627,223,673,650,702,420,721
,839,0,622,3,1094,10,435,27,269,68,1285,105,112,128,10,239,1310,305,0,408,1137,514,75,549,884,641,211,655,637,706,405,712
,834,0,616,5,1090,9,427,31,259,76,1279,102,103,142,3,258,1308,306,0,433,1142,521,84,578,896,654,225,684,652,725,421,738
,699,0,924,1,1172,18,491,19,295,60,1356,111,113,128,0,255,1394,299,8,448,1255,502,125,604,1029,641,303,710,789,725,538,753
,708,1,931,0,1177,13,499,22,300,65,1359,106,114,134,0,265,1396,290,11,461,1264,489,134,616,1045,630,320,718,808,719,557,755
,724,0,950,5,512,18,1197,22,309,57,118,124,1380,118,0,254,1416,303,8,453,1280,504,131,613,1059,642,320,720,817,729,562,761
,751,0,534,10,977,13,1221,38,322,44,124,107,1399,139,0,238,1432,324,8,445,1298,521,137,612,1080,655,332,725,840,739,581,770
,774,0,556,4,993,16,334,34,1224,46,125,94,1390,145,0,230,1420,319,16,444,1300,502,162,613,1103,631,878,719,372,719,626,756
,725,0,518,10,932,11,1150,34,308,43,112,104,1310,125,0,237,1348,287,22,441,1244,463,1063,593,169,599,856,681,374,695,618,723
,728,0,523,4,932,17,313,31,1146,46,116,86,1301,141,0,217,1331,303,17,421,1224,475,159,581,1043,598,836,680,361,683,601,716
,722,0,519,1,923,20,312,24,1135,51,116,77,1289,146,0,204,1318,309,14,406,1210,479,151,568,1028,600,349,672,822,678,587,710
,697,0,504,4,888,14,305,33,1088,39,115,86,1232,121,0,208,1264,270,14,400,1166,431,996,549,150,550,801,629,344,642,575,668
,712,1,515,0,907,21,311,22,1111,53,117,72,1254,143,0,196,1278,299,15,392,1170,459,151,548,995,572,343,644,797,646,572,677
,528,0,728,6,321,16,923,33,123,62,1124,70,1263,165,0,186,1281,318,9,386,1169,476,143,546,993,584,337,648,793,656,567,685
,536,0,742,6,324,18,941,31,121,69,1147,69,1288,168,0,197,1305,327,18,403,1191,488,159,564,1013,600,356,666,813,673,587,702
,538,0,744,6,325,18,945,33,122,66,1151,73,1291,173,0,196,1305,333,15,400,1188,493,155,561,1006,603,349,663,805,674,579,701
,559,0,339,9,772,12,975,44,126,57,1182,91,0,193,1317,200,1324,362,17,407,1200,521,161,576,1018,628,359,682,816,698,591,723
,552,0,769,5,330,17,982,30,120,72,1202,74,1347,184,0,213,1354,356,24,425,1223,523,168,589,1031,636,363,693,823,708,594,733
,550,0,773,2,322,20,994,24,1222,67,114,80,1367,181,0,225,1368,357,30,436,1225,525,176,595,1028,636,369,693,820,707,594,732
,771,1,548,0,992,22,321,23,1218,62,112,86,1364,172,0,231,1366,345,33,440,1226,512,181,595,1031,625,375,691,825,697,601,725
,552,0,774,6,326,16,993,32,1218,75,115,74,1361,190,0,218,1361,363,30,428,1220,528,175,588,1025,636,368,688,818,704,593,727
,579,0,343,5,810,17,1038,54,123,56,1272,112,0,200,1414,243,24,416,1399,424,1239,584,165,585,1029,682,356,696,812,740,582,749
,583,0,824,8,342,14,1063,35,119,75,1312,87,1465,216,0,227,1454,402,35,443,1290,571,184,609,1074,679,382,714,851,745,615,761
,826,0,580,8,1074,14,334,38,1332,50,112,114,1500,172,0,274,1502,364,46,491,1345,550,208,652,1129,673,416,748,901,753,658,783
,997,0,766,8,1240,11,538,35,310,85,1416,108,103,174,1451,290,0,337,1334,487,52,553,1144,635,222,704,930,742,690,795,441,787
,986,0,1224,8,759,10,534,40,308,94,1398,101,102,184,1435,280,0,348,1324,479,52,564,1139,631,224,715,929,742,691,803,442,795
,982,0,1221,9,755,9,530,39,307,90,1395,102,102,178,1433,281,0,339,1321,478,51,553,1134,627,220,703,923,736,437,785,684,795
,909,0,698,3,1135,10,491,26,286,72,1304,95,100,147,1344,262,0,284,1238,447,32,481,1054,586,179,626,847,682,379,712,614,731
,891,0,682,5,1115,6,479,30,278,78,1285,87,97,152,1328,251,0,288,1226,435,34,481,1046,573,179,622,841,672,376,705,610,722
,864,0,661,5,1083,6,465,29,273,74,1249,82,97,143,1293,242,0,270,1191,421,27,453,1012,554,161,591,807,647,350,673,579,693
,1067,0,833,9,624,29,431,66,1253,69,250,122,88,199,1293,233,0,324,1210,433,27,499,1018,581,153,630,801,682,337,712,565,730
,1049,0,1257,43,796,51,580,106,397,176,1333,228,234,260,85,361,1221,477,0,498,28,676,1005,671,141,802,772,806,313,875,532,879
,1029,0,1243,34,772,61,558,124,379,200,1326,219,224,287,81,390,1214,479,0,527,993,683,28,701,138,826,756,823,301,897,517,899
,966,0,1180,24,718,73,515,145,1275,206,347,225,204,315,74,420,1173,472,0,554,957,687,23,722,724,834,126,844,283,913,490,915
,1066,0,1268,36,822,49,608,102,420,171,1351,206,249,257,91,359,1258,440,0,499,1056,634,29,680,826,777,156,806,579,864,341,871
,1066,0,1268,35,825,51,611,105,421,177,1352,199,249,264,88,369,1265,433,0,512,1069,629,31,695,842,777,164,820,594,869,355,883
,1105,0,876,12,667,32,1284,63,472,72,286,132,108,213,1344,225,0,344,1243,428,12,532,1048,586,140,674,823,701,330,754,573,765
,674,0,890,9,471,10,1129,35,279,42,105,103,1296,139,0,227,1314,319,14,412,1170,501,127,560,956,619,296,661,736,687,508,706
,673,0,915,5,457,16,1189,33,260,51,89,119,1379,155,0,254,1390,361,33,440,1220,551,154,586,986,667,321,686,756,729,529,737
,678,0,919,10,461,11,263,42,1191,43,90,106,1379,170,0,237,1385,374,27,424,1210,563,145,573,976,671,311,677,744,730,517,733
,777,0,541,1,1024,22,313,24,1284,64,107,90,1456,192,0,237,1456,387,37,447,1291,567,182,608,1068,681,374,714,839,747,602,762
,560,0,797,3,328,19,1040,28,1295,75,115,81,1459,203,0,230,1457,395,35,443,1295,571,181,609,1075,682,377,715,848,747,610,763
,875,0,619,9,1128,13,361,42,1387,48,122,124,1556,169,0,299,1564,365,52,535,1413,558,1198,694,231,705,969,787,458,802,716,829
,875,0,623,5,1122,16,365,35,1375,55,126,111,1541,177,0,284,1550,372,45,525,1403,566,1190,702,220,700,961,795,447,803,707,829
,881,0,627,2,1127,20,368,28,1380,64,126,103,1543,190,0,274,1546,386,41,516,1393,576,214,692,1178,706,949,795,438,797,695,832
,651,0,901,6,387,17,1141,34,1381,84,136,86,1530,208,0,255,1525,394,39,499,1374,573,214,678,1166,697,944,781,439,783,695,816
,98,0,270,34,431,91,0,86,551,156,647,222,741,292,31,347,822,384,853,500,203,590,834,616,781,701,396,739,704,760,576,787
,269,0,434,52,0,66,559,114,658,180,756,249,22,319,834,345,854,463,179,544,822,577,754,657,360,684,667,712,532,734,-1,-1
,105,0,283,27,448,83,0,103,574,146,672,213,766,283,840,381,20,375,857,501,823,618,180,610,756,703,362,748,667,764,536,792
,116,0,303,37,475,102,0,107,599,174,697,246,788,321,17,401,860,424,877,548,183,656,840,669,771,757,372,803,683,820,549,849
,325,0,509,47,642,105,0,130,747,167,842,234,920,336,25,446,938,467,900,601,829,706,206,697,737,790,409,824,597,844,-1,-1
,331,0,531,12,677,43,116,43,788,86,890,135,967,236,0,241,975,373,923,519,43,562,842,638,744,741,227,762,604,819,422,838
,327,0,526,8,672,37,782,77,958,225,0,252,966,364,915,512,42,574,834,634,737,739,225,772,598,821,417,844,-1,-1,-1,-1
,393,0,618,10,779,41,898,83,1057,251,0,292,1028,401,932,551,7,609,814,672,689,774,162,794,529,847,344,863,-1,-1,-1,-1
,407,0,630,7,791,34,904,71,1058,225,0,301,1034,365,946,510,838,629,17,622,719,735,189,796,565,817,380,848,-1,-1,-1,-1
,423,0,647,18,915,94,1012,144,1062,254,0,284,1033,394,940,535,3,610,827,652,705,754,172,795,547,831,358,854,-1,-1,-1,-1
,420,0,645,16,801,49,914,91,1062,251,0,288,1033,391,941,535,6,614,830,652,707,755,174,797,550,833,363,857,-1,-1,-1,-1
,396,0,620,4,779,28,895,65,995,110,1053,219,0,302,1030,362,944,510,835,632,19,622,716,739,188,796,562,822,376,851,-1,-1
,404,0,630,7,790,34,906,72,1007,119,1065,228,0,302,1041,370,956,517,847,637,22,625,730,743,199,801,576,825,389,853,-1,-1
,626,0,397,2,792,21,915,56,144,75,1089,206,0,315,1075,350,997,500,894,625,46,638,779,735,238,810,626,822,437,858,-1,-1
,663,0,419,7,843,16,975,47,150,88,1174,194,1174,342,0,336,1100,500,998,635,63,677,879,756,715,855,282,855,-1,-1,-1,-1
,423,0,658,35,830,92,0,181,1079,226,1161,340,1162,487,25,533,1093,634,986,749,233,781,860,842,465,895,685,904,-1,-1,-1,-1
,158,0,402,11,621,58,786,117,0,137,915,180,1037,249,1127,351,24,449,1145,483,1094,617,238,696,1002,720,882,801,480,826,711,850
,166,0,418,14,646,64,815,126,0,134,947,192,1072,264,1160,368,21,447,1176,501,1121,634,235,700,1023,736,898,816,482,834,718,862
,414,0,654,48,830,114,0,113,967,183,1095,257,1183,362,2,426,1196,494,1138,624,217,678,1036,722,904,798,475,813,718,842,-1,-1
,562,0,685,2,443,7,321,25,774,43,193,58,69,110,803,133,0,201,756,245,20,329,662,335,544,407,119,417,404,451,253,453
,423,0,541,1,303,9,665,11,180,33,752,58,64,75,771,150,0,157,714,252,19,276,613,330,109,362,499,385,228,410,367,416
,435,0,314,2,555,9,188,19,678,26,67,54,763,77,0,131,778,169,16,250,716,265,614,335,105,339,497,382,225,392,364,405
,434,0,313,0,554,10,187,15,677,28,67,48,760,81,0,125,775,172,15,244,712,268,103,334,610,335,493,381,223,388,360,403
,316,0,435,7,190,6,551,26,71,31,671,52,0,101,749,110,757,200,7,217,688,289,87,311,583,348,199,372,464,385,333,396
,316,0,191,6,435,8,551,26,72,28,671,52,0,100,750,110,757,200,7,216,689,288,87,309,583,347,200,371,465,384,334,396
,206,0,331,8,85,10,449,29,564,60,7,72,682,101,755,167,0,188,751,259,67,290,671,340,171,364,557,386,301,405,434,409
,222,0,96,7,349,13,468,38,12,67,584,73,701,117,770,186,0,186,764,278,65,292,682,358,170,370,565,402,302,414,439,422
,452,0,579,7,325,5,710,22,194,26,70,65,799,76,0,149,815,174,16,272,748,279,638,355,106,365,514,407,229,419,374,433
,458,0,588,3,328,9,723,15,193,33,818,69,67,76,0,165,840,167,778,276,23,293,670,357,123,384,546,414,253,436,403,445
,506,0,364,2,644,12,216,20,786,33,75,61,882,96,0,155,899,201,25,296,829,312,715,392,134,400,585,447,276,460,434,474
,604,0,433,1,772,15,255,21,945,43,89,69,1062,124,0,183,1074,257,26,351,978,391,148,477,833,485,672,548,308,552,493,575
,451,0,624,5,270,13,791,26,98,55,962,60,1075,144,0,169,1081,275,19,342,982,405,140,476,835,496,672,556,303,556,490,581
,466,0,655,1,272,18,841,19,1033,53,94,71,1157,148,0,195,1160,296,28,374,1044,440,154,509,878,536,319,591,703,598,512,621
,491,0,290,9,685,11,873,39,103,55,1067,83,0,178,1188,187,1182,336,21,364,1056,476,145,508,884,567,312,599,703,623,507,638
,518,0,308,0,721,18,111,40,919,55,1121,111,0,167,1242,226,16,361,1226,382,138,514,1085,522,899,608,305,615,708,656,505,663
,512,0,300,5,735,17,110,46,970,58,1222,122,0,168,7,356,113,515,1171,605,272,632,935,687,478,704,705,720,-1,-1,-1,-1
,502,0,295,6,720,15,109,49,953,53,1206,116,0,170,1366,256,9,360,1347,446,116,519,1162,605,274,636,928,688,476,707,700,722
,651,0,891,5,440,15,1162,34,250,51,84,119,1348,159,0,250,1350,369,28,432,1172,559,141,575,936,668,298,674,710,725,493,727
,636,0,979,77,446,142,295,277,968,381,183,405,99,531,25,665,833,667,0,809,665,883,62,959,488,1025,174,1045,316,1065,-1,-1
,823,0,654,34,932,141,476,162,327,277,213,391,903,413,123,508,38,635,773,667,0,774,612,861,48,924,445,992,145,1011,279,1030
,812,0,647,36,920,135,471,162,325,276,212,388,890,398,122,503,38,627,761,643,0,762,604,832,47,907,437,963,147,990,277,1011
,906,0,454,36,309,156,200,274,874,279,114,392,34,518,743,533,0,653,586,724,46,796,424,853,142,878,268,903,-1,-1,-1,-1
,858,0,693,23,510,130,947,138,357,226,240,324,889,390,142,427,50,536,736,617,0,661,564,786,27,804,110,893,389,897,231,930
,846,0,683,22,502,130,936,139,354,227,237,325,880,393,140,427,50,537,729,620,0,662,557,789,28,805,109,895,385,899,230,932
,850,0,687,19,507,122,935,137,356,216,238,311,877,384,141,411,50,519,726,605,0,642,553,769,29,782,109,871,384,875,229,906
,837,0,678,22,502,128,926,136,355,224,238,321,877,386,142,424,50,535,733,613,0,662,563,785,27,806,111,897,391,898,232,932
,842,0,682,22,504,131,930,139,355,229,238,328,879,392,142,431,51,544,732,620,0,672,562,793,30,816,112,905,390,905,235,941
,860,0,699,16,517,118,943,144,365,210,245,304,881,394,147,404,54,512,726,615,0,637,25,780,555,778,107,872,381,882,225,910
,860,0,699,15,516,116,944,144,364,208,243,301,146,401,881,395,51,508,725,615,0,633,25,777,552,778,105,869,378,880,223,908
,922,0,747,3,547,98,1002,161,385,183,259,271,155,364,916,425,57,465,0,586,734,641,17,731,541,790,90,832,361,876,204,885
,929,0,752,1,551,95,1008,163,387,179,260,266,156,358,919,429,58,459,0,580,735,646,17,727,541,794,89,829,359,877,203,885
,852,0,1041,35,622,63,440,123,299,190,1093,236,184,264,76,349,4,462,945,503,0,612,714,688,54,728,496,796,155,807,304,836
,863,0,1055,40,631,61,446,118,302,183,188,258,1105,247,78,341,4,454,950,518,0,606,715,702,55,726,153,809,492,805,304,843
,662,0,1137,0,460,49,307,119,186,196,1184,239,72,287,0,410,1000,538,2,573,62,702,743,722,166,795,511,816,315,840,-1,-1
,358,0,207,10,548,13,73,61,778,53,1056,131,0,189,1239,324,29,374,117,535,1222,572,241,663,1024,740,399,757,793,798,583,803
,327,0,516,6,184,13,757,36,60,69,1060,111,0,198,1267,321,34,380,121,536,1244,594,239,663,391,758,1024,766,569,812,778,817
,880,0,589,8,1261,26,362,36,190,79,54,161,1562,214,0,308,62,501,1582,525,187,659,1338,757,347,779,1038,858,770,876,546,860
,956,0,1353,10,641,20,390,61,199,117,1658,195,50,213,0,376,1677,505,85,577,235,733,1433,754,416,846,1137,875,631,915,873,925
,1069,0,1486,5,729,24,451,71,233,136,61,241,0,418,1816,496,89,635,1571,760,254,800,1257,904,460,913,702,974,-1,-1,-1,-1
,1071,0,1472,13,740,16,463,57,242,117,1771,192,65,221,0,398,1790,498,78,621,1549,763,242,792,446,909,1242,906,953,955,-1,-1
,1013,0,706,7,1384,22,449,38,240,87,70,179,1658,190,0,344,1680,471,71,555,220,721,1456,713,411,837,1167,843,-1,-1,-1,-1
,1020,0,713,0,455,26,1387,30,246,71,73,162,1648,213,0,329,1649,499,68,542,211,711,1417,732,395,831,1130,853,618,901,865,909
,996,0,693,4,1362,26,438,32,232,78,66,165,1625,196,0,324,1630,473,72,526,218,684,1401,699,400,795,1117,815,618,861,860,867
,977,0,683,3,1329,24,436,30,233,75,68,160,1585,186,0,317,1600,452,69,520,214,678,1384,678,396,790,1111,798,614,853,855,856
,1008,0,699,0,443,25,1380,31,236,69,69,155,1643,211,0,314,1640,492,65,519,206,680,1399,717,386,795,1108,831,603,866,844,878
,729,0,1044,12,468,15,254,52,1424,58,79,133,1683,255,0,292,55,504,1665,545,190,675,1406,766,365,801,1103,867,585,882,832,906
,742,0,576,4,869,12,983,37,356,33,1054,129,1048,264,0,359,975,411,877,537,59,633,765,650,618,743,244,765,435,790,-1,-1
,825,0,636,1,974,17,390,29,1105,47,131,128,1187,149,1178,297,0,362,1092,454,975,585,65,646,843,699,675,788,264,791,473,828
,851,1,658,0,1002,21,404,26,138,123,1215,156,1203,304,0,356,1110,459,987,587,65,640,852,698,682,786,265,785,478,824,-1,-1
,858,2,662,0,1013,22,407,24,1151,56,143,116,1234,161,1216,309,0,345,1121,465,993,593,59,627,854,702,258,776,679,786,471,819
,658,0,408,6,852,18,1003,52,140,85,1223,210,0,325,1215,365,1129,526,63,644,1008,658,873,770,268,821,698,855,487,881,-1,-1
,622,0,790,31,915,85,1032,148,0,158,1104,259,1093,399,32,472,1013,535,905,640,215,680,778,725,418,772,614,778,-1,-1,-1,-1
,182,0,301,8,66,11,402,28,494,56,0,80,584,91,644,150,7,204,647,229,592,304,88,305,513,354,194,370,421,385,312,395
,179,0,301,7,62,13,405,28,497,55,0,85,590,90,652,149,20,217,661,230,616,307,113,320,540,360,226,384,454,395,347,407
,176,0,64,5,291,14,391,40,481,72,0,69,571,112,633,174,5,196,637,257,84,305,585,332,506,380,188,378,415,408,306,412
,92,0,206,13,319,46,16,50,414,86,498,132,0,175,582,184,635,254,63,296,630,336,159,387,570,404,486,440,276,440,388,454
,96,0,207,20,18,45,317,59,412,104,493,156,0,166,576,213,625,285,58,287,615,365,149,380,553,426,261,439,465,455,371,460
,89,0,203,18,14,46,315,54,411,98,494,148,0,167,576,204,627,275,60,288,619,354,154,380,557,416,267,437,472,446,377,455
,84,0,198,15,312,48,10,50,408,89,492,135,0,171,578,188,631,258,66,290,626,337,163,378,566,402,278,431,483,435,388,446
,86,0,200,15,314,48,11,49,410,88,494,135,0,172,578,188,632,256,66,291,628,335,164,380,569,400,280,432,485,434,391,445
,87,0,201,14,315,47,12,48,410,87,494,133,0,169,579,186,632,255,65,287,628,333,163,376,568,398,278,428,484,431,389,442
,83,0,195,11,309,38,10,52,406,75,492,119,580,168,0,173,634,237,65,288,630,317,162,374,571,384,485,420,278,423,390,434
,71,1,183,0,298,18,398,47,4,58,489,83,582,126,0,180,643,192,644,275,72,288,585,348,171,366,498,391,289,408,402,412
,183,0,70,2,298,18,399,46,3,59,490,82,585,125,0,180,647,192,647,276,70,290,587,350,170,368,500,393,289,410,402,415
,179,0,299,5,64,17,404,22,499,46,595,79,0,87,661,138,12,214,670,221,620,302,99,317,540,357,211,382,447,393,335,406
,95,0,218,6,338,34,14,63,441,69,528,111,615,159,0,195,667,229,658,313,67,316,593,385,168,401,503,427,289,444,404,449
,182,0,64,9,306,16,410,44,506,81,0,80,601,126,666,200,1,220,667,293,78,341,608,378,183,423,519,432,422,461,306,463
,86,0,183,20,23,50,276,62,350,108,410,158,0,185,473,214,509,287,49,317,501,367,124,414,449,433,381,469,219,470,308,484
,97,0,209,19,21,55,319,60,409,108,484,160,0,196,561,219,609,297,57,334,600,386,149,436,540,458,457,496,260,496,367,511
,90,0,218,2,350,28,464,65,8,70,565,109,667,163,0,218,735,243,734,342,79,353,667,429,194,450,569,480,330,501,460,506
,94,0,227,4,359,32,472,70,11,68,572,116,673,170,0,217,738,250,733,348,77,352,664,432,191,448,564,481,326,500,455,506
,205,0,341,11,76,12,460,35,567,69,0,89,679,111,755,186,2,235,762,286,89,360,698,380,599,441,211,445,486,478,352,484
,204,0,78,5,332,18,440,48,1,78,539,84,637,130,701,203,0,224,703,296,83,349,642,382,196,434,552,437,449,469,327,473
,82,0,215,7,355,39,3,75,473,84,575,137,681,201,0,244,753,292,757,403,86,401,694,499,209,515,597,556,355,577,489,585
,87,0,228,23,371,70,1,76,482,126,574,187,665,255,0,281,733,347,744,458,107,477,700,561,249,610,623,628,531,668,402,671
,286,0,10,32,451,67,577,143,681,223,0,264,782,308,858,418,120,494,864,544,806,654,279,659,714,721,454,744,606,754,-1,-1
,139,0,319,1,496,30,668,80,14,83,836,145,1002,224,0,256,1093,336,78,414,1068,468,217,535,938,571,396,612,766,621,585,637
,256,0,417,13,102,22,582,43,755,88,4,114,934,152,1037,267,0,270,79,406,1014,408,202,509,876,520,358,574,703,573,530,593
,268,0,447,6,630,27,98,34,815,63,1003,118,0,144,1115,227,16,314,1104,371,123,454,978,493,272,548,809,563,449,600,633,601
,247,0,419,2,598,21,91,32,791,58,997,115,0,134,1121,236,10,293,1099,394,100,428,947,517,230,526,759,579,395,588,575,604
,416,0,243,2,603,14,87,40,806,45,1028,99,0,145,1167,224,15,305,1151,390,108,439,993,524,243,539,793,590,413,601,600,617
,414,0,603,3,240,12,805,22,81,61,1026,62,0,173,1172,175,27,334,1170,340,134,465,1026,483,279,555,836,565,457,605,645,607
,620,0,821,8,428,8,245,32,1036,33,80,91,1181,134,0,215,1191,294,41,383,1066,444,167,510,890,541,328,589,707,602,515,621
,656,0,862,7,455,10,1080,32,261,37,85,102,1224,131,0,235,1232,292,45,411,1107,447,180,541,930,551,351,618,745,619,547,645
,648,0,861,2,446,15,1089,24,254,46,82,114,1242,126,0,246,1250,293,44,420,1116,455,176,547,930,561,343,625,739,629,539,654
,696,0,479,8,920,11,271,35,1156,42,86,102,1308,154,0,241,1305,327,50,426,1161,487,192,560,969,590,368,642,773,653,569,675
,696,0,481,9,918,12,273,35,1152,42,87,101,1302,153,0,239,1301,325,48,424,1158,484,188,558,966,587,364,641,771,651,566,673
,693,0,916,9,479,9,272,36,1150,38,86,105,1302,148,0,243,1302,320,50,427,1161,480,191,563,970,585,368,644,775,650,570,674
,688,0,910,5,474,13,1146,30,268,44,85,115,1300,139,0,256,1302,311,52,439,1162,475,193,571,972,583,370,651,777,652,573,678
,630,0,843,8,434,11,1080,34,252,39,90,97,1249,140,0,217,1268,321,20,392,1126,497,130,534,919,608,290,632,706,670,489,682
,818,0,609,2,1056,16,418,19,243,54,88,116,1232,112,0,234,1260,292,20,404,1125,476,126,541,919,594,285,637,705,664,486,681
,995,0,766,2,565,17,384,47,1173,81,220,93,75,162,1220,252,0,279,28,441,1106,441,139,568,914,571,298,651,709,652,497,682
,762,0,986,7,565,8,388,31,226,71,1158,89,81,132,0,242,1199,257,17,401,1080,437,120,528,884,559,271,616,677,632,464,654
,763,0,573,2,976,11,399,19,237,54,1136,93,88,111,0,219,1171,251,12,379,1056,423,113,509,868,540,264,597,667,610,458,633
,568,0,747,0,948,10,404,16,248,50,1101,75,102,98,8,188,1139,215,0,333,1030,376,85,453,841,486,228,538,635,552,422,575
,569,0,746,2,405,15,944,13,250,46,1095,79,103,91,8,179,1133,216,0,321,1025,373,83,440,838,479,224,525,632,542,419,562
,577,0,753,2,413,12,951,15,258,42,110,84,1100,81,12,170,1135,219,0,313,1026,372,81,434,837,479,223,521,632,540,417,559
,447,1,612,0,786,16,288,20,978,43,133,51,1119,117,24,131,1148,252,0,274,1034,395,74,401,842,490,215,498,632,541,412,547
,616,0,805,6,445,13,1020,24,283,41,130,81,1183,93,24,162,1217,239,0,302,1087,399,71,426,870,505,208,519,639,559,408,569
,632,0,830,0,1057,7,456,21,289,56,1234,71,133,102,25,187,1278,222,0,332,1146,398,71,457,917,516,214,552,671,583,424,599
,540,0,723,5,362,13,185,36,919,34,1136,72,52,108,1293,157,0,257,1313,306,58,397,1163,458,199,511,924,548,416,580,671,588
,538,0,723,2,361,16,922,26,186,43,1145,61,53,116,1308,143,0,265,1329,298,56,404,1174,455,194,515,928,548,410,583,668,590
,187,3,380,0,579,7,772,36,46,66,965,83,1175,141,0,227,1334,234,1373,378,90,387,1261,516,274,523,1052,598,532,609,808,628
,214,0,62,32,411,49,606,112,781,190,0,194,941,282,1110,381,87,398,1230,502,267,585,1246,641,512,723,1144,750,762,786,971,793
,203,0,56,32,400,45,597,103,771,179,0,190,932,265,1103,362,94,388,1226,477,282,568,1249,612,532,701,1154,721,781,761,988,764
,195,0,54,33,388,44,587,100,768,174,0,191,937,264,1120,364,91,387,272,572,523,712,1176,743,781,780,997,788,-1,-1,-1,-1
,203,0,64,20,384,70,564,152,0,181,720,247,860,354,77,395,1009,468,1111,599,238,599,1120,735,459,757,1023,835,682,840,869,863
,78,0,401,87,0,161,572,191,712,302,69,396,833,417,960,536,224,619,1044,667,1042,796,434,790,641,880,952,885,810,907,-1,-1
,402,0,0,56,570,113,704,232,60,297,818,353,937,479,206,527,1013,614,406,706,1005,742,605,806,910,826,770,840,-1,-1,-1,-1
,169,0,53,11,326,86,481,185,0,184,604,290,709,399,79,416,819,513,896,638,222,630,898,764,407,788,828,855,581,865,717,883
,1305,0,1545,19,1022,45,782,87,572,148,1645,168,380,226,191,305,49,415,1520,411,0,589,1222,616,72,728,877,760,247,822,532,838
,534,0,406,1,672,8,286,13,171,38,767,65,63,81,0,162,778,173,10,278,698,286,576,366,81,366,447,416,184,421,313,438
,409,0,534,2,289,8,667,15,171,30,62,69,760,71,0,148,775,173,13,263,703,281,90,350,589,356,464,404,198,405,329,423
,412,0,536,4,292,7,669,17,174,28,64,66,759,74,0,144,771,176,11,259,696,282,85,347,580,356,454,403,191,403,321,422
,520,0,397,2,652,8,279,14,163,39,742,59,57,82,759,158,0,162,691,265,20,274,583,341,100,355,464,392,208,403,335,416
,522,0,399,1,652,8,281,12,165,37,742,60,58,79,758,159,0,159,690,265,18,271,581,341,97,353,461,391,204,402,332,415
,526,1,403,0,283,11,657,10,166,34,747,65,58,77,0,158,762,164,695,270,21,273,587,346,103,357,469,396,212,407,341,420
,541,0,416,0,670,10,294,11,174,35,759,63,62,78,774,161,0,161,708,267,20,277,601,343,103,361,481,395,217,410,349,422
,534,1,410,0,663,9,290,12,171,36,751,61,61,79,766,159,0,160,699,265,19,275,591,341,101,358,472,392,211,407,341,418
,516,0,395,1,645,8,278,14,164,38,734,58,59,81,750,156,0,160,684,263,18,272,576,339,95,354,457,390,203,402,329,414
,353,0,217,2,482,10,81,25,604,31,725,61,0,104,803,123,809,214,6,232,739,305,96,334,630,367,221,398,507,407,367,423
,345,0,471,6,209,6,592,23,78,33,714,48,793,106,0,111,801,197,8,236,734,288,98,332,627,352,222,393,505,395,367,413
,455,0,331,1,575,11,200,15,696,29,74,49,778,83,0,130,791,173,11,252,728,269,625,339,102,345,506,389,226,400,368,413
,549,0,672,1,430,7,309,25,761,43,183,56,63,106,789,131,0,194,741,237,25,315,648,322,535,388,125,397,401,433,256,437
,209,0,344,5,78,20,471,22,593,49,716,86,0,97,791,156,5,224,788,252,87,329,709,340,596,395,202,399,473,427,338,432
,354,0,213,1,487,12,77,27,613,36,742,71,0,110,821,141,820,241,14,243,741,335,105,349,628,396,227,416,505,433,367,444
,393,0,541,2,237,13,684,15,829,40,86,54,925,109,0,153,936,220,17,302,858,334,123,415,734,417,593,473,267,481,433,501
,392,0,540,2,237,14,684,15,829,40,86,53,925,109,0,154,936,220,17,302,858,334,734,416,123,415,593,474,267,481,433,501
