Filename,x1,y1,x2,y2,x3,y3,x4,y4,x5,y5,x6,y6,x7,y7,x8,y8,x9,y9,x10,y10,x11,y11,x12,y12,x13,y13,x14,y14,x15,y15,x16,y16
frame_0001.jpg,463,0,630,17,284,19,785,42,933,47,126,83,1025,104,1010,220,8,223,917,345,0,368,789,460,118,496,643,546,281,577,467,594
frame_0003.jpg,464,0,631,17,286,18,786,43,933,47,127,81,1026,104,1010,219,9,222,918,345,0,367,790,459,119,495,644,545,282,576,468,594
frame_0004.jpg,466,0,633,18,287,18,788,43,936,49,128,81,1028,105,1013,223,9,222,919,347,0,367,789,461,118,495,642,547,280,576,466,595
frame_0005.jpg,464,0,631,18,285,18,787,43,935,48,126,81,1029,104,1012,221,8,222,919,346,0,365,789,460,118,494,642,546,280,574,466,593
frame_0006.jpg,466,0,633,18,287,17,789,43,938,49,128,80,1030,107,1014,223,9,220,920,348,0,365,790,462,117,494,642,547,279,575,466,595
frame_0017.jpg,475,0,644,19,292,18,800,46,945,52,130,82,1039,108,1025,226,7,228,935,353,0,379,808,469,126,512,663,558,295,593,485,610
frame_0027.jpg,556,0,350,8,749,32,168,68,933,74,1110,93,1215,167,24,212,1185,304,0,368,1058,441,113,520,888,559,284,629,703,641,492,674
frame_0029.jpg,529,0,725,20,325,23,913,49,147,93,14,245,1174,263,0,402,1070,409,908,539,123,548,725,634,300,647,514,679,-1,-1,-1,-1
frame_0037.jpg,555,0,341,18,761,26,959,64,155,89,17,243,0,402,1096,442,120,550,916,568,294,652,722,655,506,692,-1,-1,-1,-1,-1,-1
frame_0056.jpg,558,0,359,5,750,33,181,59,937,75,32,197,1214,302,1210,306,0,351,1081,449,104,511,905,571,491,663,-1,-1,-1,-1,-1,-1
frame_0059.jpg,1042,0,675,5,480,6,862,14,282,49,1162,55,115,138,1154,192,0,306,1051,350,4,464,904,495,144,594,737,606,328,668,539,675
frame_0063.jpg,502,0,691,3,869,16,305,36,1144,61,128,122,1,292,1047,341,0,457,912,483,145,591,753,596,339,666,555,669,-1,-1,-1,-1
frame_0064.jpg,1030,0,685,2,495,2,863,13,298,40,1141,52,124,128,1137,181,0,299,1046,331,3,463,912,473,754,588,150,594,560,664,345,666
frame_0066.jpg,1031,0,499,0,688,0,865,11,303,36,1143,51,128,122,1139,180,1,293,1048,331,0,458,914,474,755,589,145,590,556,665,339,665
frame_0067.jpg,504,0,693,2,1038,5,870,14,306,35,1149,58,131,121,1145,189,2,290,1052,338,0,454,916,480,143,590,755,594,338,666,555,669
frame_0068.jpg,514,0,703,7,1054,20,882,24,316,31,1161,75,138,111,1154,205,6,279,1056,354,0,442,916,494,140,582,751,604,332,664,551,672
frame_0071.jpg,521,0,711,9,1065,25,891,27,321,30,1174,79,142,109,1165,211,8,274,1066,360,0,438,922,499,139,579,755,608,331,664,551,675
frame_0073.jpg,535,0,726,14,334,24,1078,37,906,37,1189,98,152,100,1177,230,13,263,1072,379,0,429,924,515,134,576,753,622,324,667,545,684
frame_0074.jpg,533,0,724,15,332,24,906,38,1082,40,150,97,1189,100,1176,233,12,259,1070,380,0,424,921,516,134,569,749,619,324,659,543,679
frame_0076.jpg,529,0,723,12,328,27,1083,32,906,34,1197,94,148,103,1185,230,11,268,1078,381,0,433,928,520,135,578,754,627,324,670,544,688
frame_0077.jpg,537,0,732,13,333,25,1093,36,916,36,1207,98,150,102,1193,233,12,268,1086,384,0,435,934,523,136,582,759,630,328,674,549,692
frame_0078.jpg,555,0,753,17,346,24,939,42,158,100,1231,108,1215,245,14,266,1105,396,0,436,950,534,138,587,772,640,334,681,559,701,-1,-1
frame_0079.jpg,559,0,760,15,347,27,1127,40,948,40,1242,104,156,105,1231,244,11,276,1124,398,0,450,971,540,145,603,792,650,345,698,576,716
frame_0080.jpg,563,0,762,14,352,28,951,36,1248,96,161,106,1239,235,14,275,1134,388,0,449,981,532,142,601,801,645,346,696,580,713,-1,-1
frame_0081.jpg,561,0,756,11,356,27,1115,31,940,33,1233,89,168,102,1230,222,18,268,1135,374,0,442,989,521,143,597,811,638,350,695,590,710
frame_0082.jpg,561,0,753,15,359,23,934,39,1105,42,173,93,1222,100,1219,234,22,250,1122,382,0,421,975,524,136,578,798,635,338,678,575,700
frame_0084.jpg,559,0,752,14,356,24,932,38,169,93,1215,98,1210,229,19,250,1113,371,0,415,967,507,138,566,793,614,341,661,575,679,-1,-1
frame_0085.jpg,569,0,761,18,366,21,940,43,177,86,1223,106,1217,235,22,242,1120,377,0,410,975,513,138,564,798,620,341,663,579,683,-1,-1
frame_0086.jpg,576,0,768,18,372,21,949,44,1119,49,181,87,1233,107,1228,239,25,244,1130,383,0,413,983,520,137,570,805,629,342,671,580,692
frame_0088.jpg,579,0,773,18,371,23,955,43,1129,49,179,93,1241,105,1237,238,22,254,1141,383,0,427,995,524,143,585,818,634,352,685,594,702
frame_0091.jpg,598,0,388,13,788,27,962,60,1125,72,190,77,1232,129,25,234,1227,257,1139,395,0,411,1003,528,151,577,832,636,367,682,612,701
frame_0093.jpg,586,0,778,20,377,19,954,48,1116,54,181,87,1226,111,1226,239,20,248,1142,381,0,428,1008,520,153,591,839,633,372,691,620,706
frame_0095.jpg,585,0,779,19,374,22,959,47,1127,55,180,88,1238,109,1238,242,20,254,1154,386,0,435,1018,528,154,599,846,645,373,701,623,717
frame_0101.jpg,562,0,753,15,355,23,927,40,1085,43,164,94,1195,98,1199,226,13,262,1124,367,0,443,998,510,160,603,838,627,381,696,626,704
frame_0103.jpg,546,0,730,19,345,20,896,46,1047,52,160,87,1153,106,1153,231,13,248,1080,368,0,425,959,503,156,582,807,614,369,676,604,686
frame_0104.jpg,531,0,712,18,333,21,878,43,1027,50,151,88,1130,101,1132,223,9,250,1063,359,0,425,946,494,157,579,799,605,369,669,600,677
frame_0105.jpg,529,0,708,19,332,20,871,45,1017,49,151,87,1120,102,1123,224,8,249,1056,357,0,424,943,490,158,578,797,601,371,668,601,675
frame_0107.jpg,554,0,353,12,730,27,888,59,1032,73,165,72,1125,126,13,235,1125,245,1059,373,0,419,948,503,164,581,807,610,381,675,612,683
frame_0111.jpg,552,0,353,5,728,31,168,61,884,69,1027,86,1120,144,16,217,1119,263,1054,394,0,401,944,522,158,573,802,628,374,678,605,696
frame_0114.jpg,521,0,334,1,682,33,158,50,822,70,948,89,13,202,1030,254,974,374,0,383,877,493,158,547,751,593,361,646,578,660,-1,-1
frame_0117.jpg,488,0,309,2,641,34,145,51,982,142,11,197,928,371,923,376,0,372,833,493,147,536,713,588,341,635,544,651,-1,-1,-1,-1
frame_0120.jpg,484,0,304,6,639,29,776,64,138,61,896,77,982,130,6,212,983,240,933,359,0,389,840,480,153,546,723,580,351,638,555,647
frame_0121.jpg,489,0,309,3,646,30,142,56,783,66,902,81,988,135,9,205,987,244,936,363,0,381,842,482,152,541,724,581,349,635,555,647
frame_0134.jpg,245,0,391,3,512,34,113,40,620,69,716,86,781,134,9,162,776,227,0,311,736,326,659,424,118,451,564,504,270,537,431,553
frame_0138.jpg,239,0,378,7,111,36,494,40,590,78,676,94,8,158,0,305,692,324,623,414,114,443,535,490,262,525,414,538,-1,-1,-1,-1
frame_0139.jpg,245,0,113,37,498,42,596,77,9,157,735,230,0,304,695,319,624,410,116,440,538,484,263,521,416,533,-1,-1,-1,-1,-1,-1
frame_0143.jpg,379,0,235,0,496,29,105,43,599,61,746,121,2,173,701,305,0,323,633,402,121,454,543,480,270,527,422,533,-1,-1,-1,-1
frame_0146.jpg,386,1,242,0,506,30,107,45,608,63,696,77,757,123,4,174,750,212,708,308,0,323,635,402,121,454,547,480,271,527,423,533
frame_0148.jpg,387,0,242,1,508,27,108,47,611,58,701,69,762,117,4,179,752,207,712,303,0,328,638,399,122,457,550,478,272,528,426,532
frame_0150.jpg,382,0,237,3,505,25,609,53,103,53,703,66,764,110,0,189,715,300,1,340,643,399,125,467,553,480,276,536,429,537,-1,-1
frame_0151.jpg,383,0,236,4,507,25,611,55,100,54,704,66,765,111,0,190,755,201,715,300,1,339,643,397,126,465,553,478,428,533,277,532
frame_0154.jpg,383,0,236,6,507,25,614,52,703,63,101,58,768,108,762,199,0,194,718,300,1,344,643,398,124,469,553,480,427,536,275,535
frame_0155.jpg,382,0,235,7,506,24,613,51,704,61,101,59,768,106,763,197,0,196,719,298,1,346,645,397,125,470,555,479,429,536,276,536
frame_0159.jpg,383,0,234,11,507,21,615,45,100,67,772,96,0,208,725,292,1,360,653,394,563,482,126,484,435,544,281,548,-1,-1,-1,-1
frame_0161.jpg,384,0,235,13,511,19,619,43,712,49,99,71,778,92,773,184,0,214,730,287,5,365,657,390,568,476,133,486,442,539,287,545
frame_0163.jpg,388,0,238,9,515,20,625,46,719,51,102,65,785,98,0,207,732,294,1,358,655,395,562,480,127,481,435,541,280,544,-1,-1
frame_0170.jpg,388,0,238,11,517,20,630,44,729,51,102,67,797,97,790,191,1,204,739,295,0,349,657,397,120,471,558,481,269,536,426,538
frame_0178.jpg,374,0,229,10,497,20,604,43,698,50,98,63,761,93,754,177,0,192,704,277,0,330,625,371,116,442,532,449,407,501,260,502
frame_0181.jpg,365,0,223,12,488,17,599,38,697,43,96,65,762,85,756,174,1,190,703,271,0,321,622,365,111,430,526,441,251,490,398,493
frame_0185.jpg,383,0,239,8,509,18,618,43,715,49,105,60,778,93,770,178,3,185,716,276,0,318,633,368,112,430,535,444,255,491,405,495
frame_0189.jpg,374,0,503,14,229,15,622,31,620,35,100,70,797,78,4,193,729,269,0,319,640,364,107,427,535,441,248,487,399,491,-1,-1
frame_0190.jpg,376,0,509,14,232,15,628,34,102,69,811,82,6,189,737,274,0,314,644,370,104,422,535,447,242,486,397,495,-1,-1,-1,-1
frame_0191.jpg,373,0,507,14,228,15,628,33,741,35,99,70,815,79,3,193,743,277,0,320,650,374,106,428,540,453,246,493,401,501,-1,-1
frame_0194.jpg,379,0,518,10,228,22,647,26,843,70,96,82,0,210,772,277,0,340,676,380,112,447,562,462,258,510,419,515,-1,-1,-1,-1
frame_0195.jpg,384,0,526,10,232,21,776,25,655,25,853,68,97,82,847,165,0,212,781,275,1,343,684,379,115,450,570,462,263,512,426,516
frame_0197.jpg,392,0,535,10,237,20,788,27,667,27,869,71,101,81,862,171,1,212,795,282,0,343,696,386,114,454,578,470,265,518,430,524
frame_0198.jpg,400,0,545,13,245,19,678,31,802,33,884,78,105,79,876,179,4,207,803,290,0,339,699,394,111,451,578,476,261,518,426,527
frame_0203.jpg,415,0,256,14,565,15,705,39,838,45,114,71,922,94,907,198,8,195,824,310,0,325,707,412,105,440,575,488,251,512,417,530
frame_0207.jpg,441,0,278,11,589,20,724,46,852,53,128,64,931,103,11,191,918,204,838,311,0,325,727,410,112,444,597,488,265,519,439,534
frame_0208.jpg,438,0,277,10,584,21,719,46,846,54,130,61,924,105,14,186,910,204,828,311,0,319,715,409,109,437,586,484,258,511,428,527
frame_0209.jpg,428,0,271,11,573,20,706,45,832,52,127,62,911,102,13,184,898,200,816,306,0,312,703,403,105,429,574,477,250,502,418,519
frame_0210.jpg,415,0,261,13,558,17,690,40,816,44,121,65,895,92,12,186,883,190,804,296,0,311,693,393,103,423,566,467,248,494,412,510
frame_0212.jpg,403,0,253,14,542,15,671,35,793,39,116,65,869,84,859,179,10,185,784,282,0,307,678,378,102,416,555,452,244,483,404,496
frame_0213.jpg,399,0,249,15,538,15,666,37,788,42,113,66,862,85,853,179,9,184,778,280,0,305,674,375,101,414,552,448,245,480,405,491
frame_0214.jpg,248,0,532,2,659,22,782,27,113,51,854,71,844,163,10,167,768,266,0,288,662,360,99,395,541,431,234,463,393,475,-1,-1
frame_0216.jpg,397,0,251,7,530,19,654,43,771,51,117,52,845,97,12,163,831,186,0,281,757,285,652,373,96,388,532,440,-1,-1,-1,-1
frame_0217.jpg,255,0,535,12,656,38,773,46,120,45,843,92,13,155,832,182,0,273,756,277,652,365,97,381,533,431,232,450,387,468,-1,-1
frame_0218.jpg,399,0,253,9,532,19,654,42,770,50,119,55,841,95,13,167,828,184,754,280,0,285,650,368,96,392,531,436,233,457,386,474
frame_0219.jpg,395,0,251,7,528,19,649,43,765,51,118,52,835,97,13,162,823,186,746,281,0,279,642,369,93,386,522,434,226,454,378,471
frame_0225.jpg,397,0,254,4,527,21,646,47,121,46,760,59,826,103,14,152,813,189,0,268,738,281,636,364,94,374,519,427,225,442,376,462
frame_0228.jpg,405,0,263,2,531,26,129,39,649,55,763,70,830,116,20,140,812,203,0,254,732,292,84,364,625,373,504,433,211,437,360,460
frame_0232.jpg,244,0,507,18,120,40,628,45,748,58,818,105,19,136,803,193,0,244,722,286,79,349,612,367,198,423,488,425,345,450,-1,-1
frame_0233.jpg,377,0,242,5,504,20,624,45,119,45,744,57,815,102,18,145,802,192,0,253,722,286,79,359,613,370,489,430,199,432,346,459
frame_0234.jpg,367,0,234,10,495,14,617,35,734,41,112,55,809,84,15,156,799,174,0,266,723,272,617,360,82,368,496,425,205,437,353,461
frame_0237.jpg,344,0,472,5,711,14,593,16,211,21,784,50,92,75,781,139,4,186,713,241,0,297,617,336,92,392,505,410,221,448,368,456
frame_0238.jpg,344,0,471,6,708,12,592,16,211,22,783,50,92,75,780,138,4,186,712,238,0,295,617,332,92,388,504,406,221,444,367,451
frame_0239.jpg,345,0,472,6,706,15,591,17,212,20,781,51,93,73,777,139,5,183,710,239,0,292,614,333,91,386,502,406,219,442,366,450
frame_0240.jpg,342,0,468,7,701,17,587,19,210,20,775,54,92,73,773,142,4,182,706,240,0,292,611,334,91,387,499,406,218,443,363,451
frame_0244.jpg,341,0,466,5,693,11,583,15,208,21,765,47,89,76,763,132,2,187,700,229,0,296,610,321,95,386,503,394,225,438,370,441
frame_0245.jpg,347,0,472,8,214,18,701,21,589,21,769,57,94,70,5,180,699,237,0,289,607,327,94,383,499,397,222,437,367,443,-1,-1
frame_0253.jpg,363,0,232,5,486,19,600,43,111,44,712,53,776,96,14,142,762,179,0,248,688,267,587,346,81,347,473,404,200,412,340,433
frame_0255.jpg,367,0,234,5,488,21,113,42,602,45,714,56,778,99,15,140,764,182,0,246,689,269,82,345,589,347,475,405,201,411,340,433
frame_0257.jpg,365,0,232,7,486,20,601,44,110,46,713,54,777,96,14,146,764,180,0,252,689,269,589,348,82,351,475,407,201,417,341,437
frame_0260.jpg,364,0,232,6,488,17,602,40,714,47,109,47,779,90,13,148,766,173,0,254,693,262,594,342,85,352,481,402,206,416,347,433
frame_0261.jpg,368,0,235,5,492,19,606,43,111,46,716,52,782,95,13,145,770,177,0,252,694,266,595,345,85,351,481,404,206,415,347,435
frame_0263.jpg,358,0,224,11,483,13,600,32,714,38,781,78,772,163,8,160,699,255,0,268,601,340,87,365,488,404,210,425,353,440,-1,-1
frame_0265.jpg,362,0,492,10,222,16,730,26,614,26,802,68,97,68,795,157,5,180,723,255,0,292,624,345,96,388,510,414,226,446,374,456
frame_0275.jpg,819,0,537,17,681,17,384,25,908,36,226,66,912,142,90,146,844,268,0,289,743,390,11,422,622,489,136,520,468,560,296,570
frame_0276.jpg,560,0,706,3,402,5,936,29,237,44,96,122,932,140,861,265,0,269,755,385,11,405,631,483,138,508,474,551,299,560,-1,-1
frame_0277.jpg,426,0,585,9,876,26,733,26,256,25,962,72,106,92,0,234,871,302,3,372,759,417,125,485,622,498,-1,-1,-1,-1,-1,-1
frame_0278.jpg,453,0,281,14,612,20,759,47,899,52,125,72,984,107,8,210,970,211,965,216,880,331,0,352,120,475,624,521,-1,-1,-1,-1
frame_0281.jpg,453,0,616,12,279,22,913,32,769,31,1004,82,124,86,994,195,6,227,906,319,0,369,783,434,120,491,640,523,284,564,467,577
frame_0283.jpg,450,0,619,7,930,17,780,20,272,28,1028,67,114,99,1023,184,1,249,936,315,0,395,813,437,129,516,669,534,301,587,492,594
frame_0285.jpg,946,0,634,5,460,7,796,13,1048,45,277,45,114,128,1048,164,0,290,971,301,854,434,6,443,713,542,149,562,535,618,334,625
frame_0291.jpg,531,0,717,19,331,20,890,45,1051,49,150,90,1155,109,1143,236,11,250,1045,375,0,416,906,504,139,561,743,605,329,650,544,666
frame_0292.jpg,541,0,340,19,728,21,900,50,1062,55,157,86,1165,118,1150,246,13,247,1051,384,0,413,909,513,137,561,745,613,328,653,544,672
frame_0293.jpg,539,0,728,19,337,20,904,47,1068,51,153,92,1175,114,1161,244,13,252,1061,385,0,419,919,517,138,566,752,618,330,658,548,677
frame_0294.jpg,547,0,739,20,341,21,916,49,1083,55,154,93,1190,117,1174,248,12,257,1071,393,0,427,925,526,140,576,757,628,333,669,553,687
frame_0296.jpg,563,0,761,21,353,22,946,51,1122,57,164,92,1235,123,17,254,1104,405,0,424,948,540,138,577,770,643,330,674,555,700,-1,-1
frame_0298.jpg,554,0,757,16,343,26,950,43,1134,46,156,101,1254,112,1240,252,13,266,1128,408,0,436,968,550,137,590,784,657,333,690,562,715
frame_0299.jpg,554,0,758,16,343,26,951,42,1136,45,156,101,1257,110,1242,253,13,265,1129,407,0,436,969,549,137,589,784,656,333,689,563,714
frame_0303.jpg,529,0,735,5,1126,15,934,21,320,36,1255,75,139,122,1246,221,7,289,1136,385,0,457,975,536,137,604,788,651,334,698,566,717
frame_0304.jpg,525,0,729,6,1123,16,929,21,316,37,1249,74,137,121,1241,217,6,287,1131,381,0,453,971,531,139,598,785,645,335,690,565,709
frame_0305.jpg,526,0,728,8,1107,24,921,27,320,33,1231,83,140,115,1223,223,5,280,1115,382,0,449,960,529,138,595,780,641,335,687,563,706
frame_0306.jpg,533,0,734,8,1108,23,925,27,328,31,1229,84,145,111,1220,224,9,278,1114,380,0,446,960,526,139,593,781,637,336,685,564,702
frame_0308.jpg,544,0,744,12,337,30,1121,30,936,32,1242,92,153,107,1231,232,13,272,1119,388,0,439,961,532,137,587,778,641,332,682,560,703
frame_0309.jpg,534,0,735,8,1117,23,929,27,330,32,1243,83,148,111,1233,226,12,275,1120,386,0,442,960,531,134,588,775,643,327,684,555,705
frame_0311.jpg,523,0,723,6,1111,16,918,21,322,34,1238,76,145,114,1229,219,12,274,1112,380,0,436,947,527,127,580,759,637,315,674,539,697
frame_0312.jpg,521,0,720,5,916,23,321,33,1237,77,145,113,1227,220,12,273,1110,382,0,434,944,528,127,578,757,637,313,673,538,697,-1,-1
frame_0314.jpg,529,0,732,8,1130,22,930,27,328,32,1260,87,151,110,1247,234,16,267,1120,396,0,426,947,541,123,572,752,646,306,671,529,699
frame_0319.jpg,1121,0,694,16,903,21,492,26,1267,56,301,73,134,159,1260,216,11,318,1120,395,0,471,934,557,114,609,730,671,287,703,505,730
frame_0323.jpg,1054,0,838,31,633,35,442,51,1202,50,264,106,112,197,1202,212,4,355,1067,400,0,505,887,566,107,634,691,685,270,723,476,746
frame_0330.jpg,997,0,779,38,582,50,1149,47,403,72,243,127,1151,214,7,369,1010,412,0,510,828,583,93,637,632,700,238,727,426,756,-1,-1
frame_0331.jpg,976,0,762,43,1127,43,568,59,390,84,233,141,1132,209,99,232,5,382,994,405,0,520,815,574,91,640,624,692,236,725,421,749
frame_0337.jpg,905,0,1047,39,702,44,523,63,357,90,212,148,1052,199,89,238,4,382,920,392,0,514,1233,542,753,557,86,629,576,671,219,708
frame_0339.jpg,898,0,1038,39,695,43,517,63,353,89,210,147,1044,199,88,237,3,381,912,392,0,512,746,557,85,627,570,671,216,706,386,727
frame_0341.jpg,810,0,950,39,609,47,429,68,268,96,129,157,953,202,10,245,818,398,652,566,0,640,476,682,128,718,294,739,-1,-1,-1,-1
frame_0346.jpg,807,0,949,30,614,62,446,93,299,131,175,196,962,194,71,290,836,399,0,430,2,554,681,573,79,661,516,692,196,734,349,752
frame_0348.jpg,800,0,950,26,599,72,427,111,281,154,969,200,162,222,65,316,835,417,0,455,4,575,672,597,77,679,505,716,187,753,336,773
frame_0351.jpg,760,0,905,24,568,69,404,107,264,149,924,194,152,216,59,308,799,404,0,444,7,561,647,578,80,662,488,695,186,732,330,750
frame_0356.jpg,744,0,882,27,558,68,401,105,262,145,901,193,152,211,59,303,779,400,0,440,5,558,632,573,76,658,477,689,184,727,324,745
frame_0359.jpg,758,0,907,24,563,77,400,120,260,165,927,200,150,236,59,332,797,421,0,471,5,590,642,604,77,692,482,724,183,764,323,782
frame_0362.jpg,742,0,885,24,556,74,394,115,260,160,910,196,149,230,59,325,789,415,0,467,4,589,641,600,76,695,483,725,183,767,325,786
frame_0372.jpg,783,0,915,39,594,52,432,74,291,103,173,161,922,207,74,246,2,385,789,406,0,508,631,569,66,618,473,676,171,697,311,724
frame_0374.jpg,816,0,626,38,463,48,944,47,318,67,195,116,940,211,8,330,801,399,0,453,639,551,66,567,473,648,168,651,309,686,-1,-1
frame_0379.jpg,821,0,637,38,947,43,471,49,324,70,194,120,83,203,950,198,3,339,824,379,0,464,672,530,76,575,509,631,193,653,344,679
frame_0381.jpg,828,0,645,36,479,46,951,43,328,66,195,116,951,194,80,201,0,340,829,371,1,467,681,520,81,578,523,623,204,653,358,674
frame_0384.jpg,830,0,646,42,956,43,476,58,321,79,184,138,960,198,72,230,0,375,842,379,11,503,699,531,101,611,547,638,231,679,386,694
frame_0386.jpg,854,0,669,34,500,43,977,47,339,60,198,112,76,201,977,197,0,347,858,370,8,477,714,517,104,585,561,617,236,656,396,671
frame_0388.jpg,869,0,515,24,685,24,356,33,988,52,211,75,88,157,983,200,2,297,859,367,0,427,708,506,89,542,548,601,218,621,377,647
frame_0389.jpg,878,0,522,19,693,22,363,25,999,54,216,68,90,147,989,203,2,287,861,370,0,418,707,508,86,535,544,601,213,617,373,644
frame_0391.jpg,519,0,689,1,358,7,997,32,215,51,90,129,990,183,3,270,862,350,0,401,708,489,86,517,544,583,213,599,373,627,-1,-1
frame_0394.jpg,868,0,677,28,504,30,343,41,994,53,201,88,79,171,985,208,0,311,852,380,0,440,696,520,88,552,535,613,212,630,367,655
frame_0402.jpg,859,0,659,33,481,44,992,44,319,64,179,118,67,207,988,206,0,347,852,388,9,471,696,533,99,577,538,629,222,650,374,672
frame_0403.jpg,780,0,584,41,913,46,410,54,248,78,110,131,911,201,0,221,786,381,635,528,480,626,163,650,319,672,-1,-1,-1,-1,-1,-1
frame_0404.jpg,966,0,639,4,466,22,308,47,173,103,971,155,61,194,0,333,851,334,15,454,704,482,107,555,552,583,236,620,391,635,-1,-1
frame_0408.jpg,858,0,659,42,997,48,479,57,316,79,176,133,997,204,63,222,0,364,869,387,15,486,716,533,109,590,560,630,238,659,396,678
frame_0411.jpg,873,0,664,42,478,54,1020,53,312,75,170,128,61,216,1015,215,0,357,879,399,17,478,720,542,112,581,559,635,239,653,395,675
frame_0412.jpg,878,0,666,44,1028,54,477,59,309,80,168,134,1023,216,59,224,0,364,884,403,18,483,723,546,562,638,241,655,395,680,-1,-1
frame_0420.jpg,855,0,647,35,464,40,300,53,999,59,162,98,57,182,997,218,0,317,861,392,19,434,706,524,113,538,549,608,239,611,390,644
frame_0422.jpg,872,0,657,37,467,44,297,60,1023,60,157,107,53,193,1018,224,0,330,877,401,24,447,718,534,120,550,559,619,247,622,398,651
frame_0431.jpg,868,0,469,29,657,29,302,38,1014,65,161,79,54,161,1010,225,0,296,872,395,22,416,120,522,716,521,248,597,560,601,401,629
frame_0433.jpg,865,0,652,34,460,39,292,52,1017,64,153,96,49,182,1015,227,0,319,877,402,26,438,722,532,127,540,257,614,567,612,408,643
frame_0436.jpg,870,0,654,34,464,38,292,52,1019,62,154,96,48,182,1015,225,0,319,878,399,26,438,722,530,128,541,258,613,567,611,409,642
frame_0437.jpg,866,0,652,36,461,42,292,56,1017,63,153,101,50,187,1015,225,0,325,878,400,27,442,723,530,129,544,568,613,258,616,411,644
frame_0438.jpg,864,0,650,37,460,44,289,59,1016,62,150,105,47,191,1015,224,0,328,877,403,26,448,723,533,126,549,568,616,257,620,409,648
frame_0439.jpg,861,0,647,37,458,44,289,59,1012,59,151,106,47,192,1012,221,0,329,877,398,27,445,723,530,128,547,568,613,258,617,410,646
frame_0444.jpg,868,0,651,37,460,44,290,59,1020,61,151,106,47,192,1019,223,0,329,880,401,25,447,723,534,127,548,567,615,256,619,408,647
frame_0445.jpg,868,0,653,37,462,42,292,57,1020,62,154,103,50,189,1017,225,0,327,880,403,26,445,724,534,126,547,568,616,257,619,409,648
frame_0449.jpg,871,0,655,35,464,39,295,52,1020,63,155,97,50,182,1016,225,0,319,877,400,24,437,719,531,124,540,253,612,564,610,405,641
frame_0451.jpg,881,0,662,35,468,40,297,52,1032,64,155,98,50,186,1025,231,0,325,882,408,26,445,723,539,127,548,256,621,566,621,408,650
frame_0457.jpg,883,0,664,36,469,41,297,54,1036,65,156,100,50,187,1029,230,0,324,885,406,26,443,724,536,127,545,256,617,568,616,409,646
frame_0459.jpg,884,0,664,35,468,39,296,51,1038,65,154,96,51,181,1032,230,0,319,890,405,26,438,729,537,128,541,258,614,571,616,411,644
frame_0460.jpg,854,0,635,32,441,36,270,47,1007,65,129,90,22,176,1003,226,863,402,0,431,102,534,704,530,232,608,547,609,386,638,-1,-1
frame_0461.jpg,883,0,664,33,470,35,297,47,1036,64,157,91,50,175,1031,228,0,312,888,404,24,431,125,536,728,535,256,610,570,612,410,641
frame_0463.jpg,882,0,664,34,471,37,298,49,1035,66,157,91,52,177,1031,229,0,315,889,406,26,434,731,534,129,538,259,612,574,613,413,643
frame_0465.jpg,885,0,666,34,472,37,298,51,1039,65,157,94,49,181,1035,230,0,320,893,405,25,441,732,537,129,544,258,619,574,618,413,652
frame_0467.jpg,873,0,476,27,662,28,305,38,1018,63,165,77,56,160,1015,222,0,295,878,392,22,415,121,521,723,519,251,597,566,600,406,629
frame_0470.jpg,866,0,486,24,668,25,319,30,1001,62,175,72,61,155,995,214,0,295,866,381,19,419,717,509,120,526,564,593,251,600,405,629
frame_0473.jpg,864,0,507,21,681,23,343,27,989,57,195,67,74,151,992,201,0,295,879,367,12,427,738,503,115,542,584,600,249,619,-1,-1
frame_0479.jpg,902,0,531,18,710,22,360,25,1030,58,207,64,81,147,1025,206,0,292,901,371,9,424,750,507,110,541,590,600,250,618,417,643
frame_0485.jpg,728,0,541,12,368,31,214,83,1063,164,84,171,0,315,933,342,5,444,770,492,103,555,598,595,243,629,416,647,-1,-1,-1,-1
frame_0488.jpg,747,0,552,10,1102,9,373,30,214,84,1097,165,84,171,0,314,961,343,4,442,789,494,102,552,608,598,242,627,420,648,-1,-1
frame_0493.jpg,598,0,781,2,419,7,1095,34,249,51,102,136,1088,174,1,285,969,338,0,426,814,480,111,546,645,584,268,623,456,640,-1,-1
frame_0496.jpg,973,0,603,24,787,24,423,34,1099,51,252,79,103,164,1092,189,0,315,974,351,0,456,820,494,113,573,650,599,270,644,-1,-1
frame_0497.jpg,776,1,587,0,407,14,1100,25,233,58,91,148,978,331,0,435,821,475,111,549,649,580,270,623,458,636,-1,-1,-1,-1,-1,-1
frame_0504.jpg,490,0,682,5,1055,13,869,21,297,33,1174,71,127,112,1161,208,5,270,1043,363,0,424,886,501,125,557,710,603,301,641,508,659
frame_0505.jpg,499,0,693,7,881,23,303,32,1186,76,130,112,1172,214,5,272,1054,366,0,429,897,504,128,564,721,608,308,649,517,667,-1,-1
frame_0506.jpg,507,0,704,7,1080,18,894,25,308,32,1201,78,133,114,1186,216,6,273,1069,370,0,430,910,509,131,567,733,613,313,653,526,671
frame_0508.jpg,518,0,717,6,1102,17,911,24,316,33,1227,79,138,115,1214,223,8,278,1095,380,0,439,933,523,130,580,749,632,316,670,535,691
frame_0511.jpg,751,0,947,22,335,23,1260,83,148,104,1245,228,9,277,1127,389,0,448,964,536,139,598,780,648,334,692,561,712,-1,-1,-1,-1
frame_0513.jpg,555,0,767,10,965,32,337,32,1280,93,144,119,1265,238,3,293,1150,398,0,468,991,544,150,618,806,658,355,708,588,723,-1,-1
frame_0514.jpg,577,0,787,15,355,29,1174,40,986,40,1295,106,157,113,1280,252,8,291,1165,412,0,471,1003,560,150,628,817,674,357,724,594,741
frame_0520.jpg,612,0,389,13,810,29,985,65,1142,76,178,86,1244,141,1228,271,12,267,1134,413,0,460,997,549,167,626,834,659,387,720,625,730
frame_0523.jpg,595,0,380,9,781,33,946,70,178,75,1190,148,16,248,1084,409,0,438,953,538,159,603,797,644,369,698,596,710,-1,-1,-1,-1
frame_0525.jpg,571,0,364,8,752,30,912,67,170,75,1150,143,15,245,1134,266,1054,403,0,434,927,534,155,600,778,640,360,696,584,709,-1,-1
frame_0526.jpg,569,0,365,6,746,33,173,70,901,72,1129,152,18,241,1113,275,1033,411,0,432,911,541,151,602,765,647,354,701,573,715,-1,-1
frame_0528.jpg,390,0,582,12,198,48,740,56,872,103,29,210,0,407,978,418,870,536,151,585,740,635,351,686,561,699,-1,-1,-1,-1,-1,-1
frame_0529.jpg,382,0,570,14,192,45,722,60,848,108,956,131,1025,193,26,206,1003,298,0,402,941,414,839,527,149,577,714,622,344,675,545,685
frame_0531.jpg,356,0,540,12,174,47,686,58,808,104,912,127,980,187,20,208,959,292,896,406,0,400,798,516,146,567,679,608,331,660,520,670
frame_0533.jpg,360,0,540,17,185,42,683,66,800,115,965,202,28,199,0,391,878,420,778,529,138,566,661,620,316,664,502,678,-1,-1,-1,-1
frame_0542.jpg,368,0,197,24,532,40,647,105,734,165,807,194,34,189,852,260,830,356,0,413,780,462,700,565,139,613,609,656,313,715,-1,-1
frame_0546.jpg,333,0,176,21,482,42,586,105,663,163,28,182,0,403,705,444,637,543,133,598,560,632,443,696,291,694,-1,-1,-1,-1,-1,-1
frame_0548.jpg,314,0,165,22,461,39,560,100,636,155,27,182,739,244,0,396,679,431,613,527,129,581,536,613,424,675,280,673,-1,-1,-1,-1
frame_0549.jpg,310,0,161,24,454,39,554,100,629,157,24,184,730,245,0,397,671,433,606,530,127,584,529,616,421,679,276,676,-1,-1,-1,-1
frame_0550.jpg,303,0,157,24,544,96,618,150,23,183,719,235,0,393,662,420,598,516,127,574,523,601,416,663,275,662,-1,-1,-1,-1,-1,-1
frame_0557.jpg,273,0,409,29,134,31,506,84,583,134,645,158,18,187,0,385,628,408,564,504,117,556,492,587,254,643,387,646,-1,-1,-1,-1
frame_0569.jpg,277,0,155,19,397,36,477,91,539,141,36,154,623,224,598,303,0,337,560,394,496,481,89,506,424,556,204,595,325,607,-1,-1
frame_0573.jpg,253,0,138,22,446,86,507,134,30,155,591,215,0,332,531,385,470,470,84,494,401,543,194,582,308,593,-1,-1,-1,-1,-1,-1
frame_0574.jpg,251,0,138,20,363,32,441,86,500,135,29,152,0,328,524,384,463,468,83,489,396,541,190,577,301,590,-1,-1,-1,-1,-1,-1
frame_0598.jpg,218,0,121,22,317,33,383,85,433,134,27,160,478,288,0,343,449,380,399,467,73,506,343,542,166,590,265,597,-1,-1,-1,-1
frame_0600.jpg,201,0,300,28,107,25,364,76,22,160,483,194,0,334,436,359,388,443,72,487,334,518,165,566,257,571,-1,-1,-1,-1,-1,-1
frame_0633.jpg,202,0,316,5,411,33,98,33,494,63,570,74,617,121,14,132,0,243,544,274,468,345,72,346,385,399,170,411,282,428,-1,-1
frame_0634.jpg,202,0,317,4,414,30,98,35,499,60,625,118,15,134,602,193,0,244,552,273,475,345,72,346,389,400,171,411,284,429,-1,-1
frame_0635.jpg,197,0,315,2,410,27,94,36,496,55,577,68,623,111,12,135,0,244,551,266,474,338,74,344,390,393,174,407,287,423,-1,-1
frame_0638.jpg,299,0,186,2,398,20,84,42,484,44,563,54,613,94,7,141,598,169,547,249,0,249,475,323,77,344,392,380,177,402,290,414
frame_0640.jpg,304,0,189,1,401,21,86,39,489,45,568,55,620,96,8,139,605,171,0,247,554,251,480,324,78,343,397,381,180,401,294,414
frame_0646.jpg,316,0,429,13,189,14,533,31,631,34,79,63,693,73,2,170,624,248,0,279,540,333,87,372,446,398,200,428,330,438,-1,-1
frame_0651.jpg,311,0,189,8,419,16,518,37,83,52,666,82,5,154,594,246,0,261,514,324,82,352,423,384,191,408,312,419,-1,-1,-1,-1
frame_0655.jpg,289,0,175,10,393,12,485,29,73,55,626,68,619,141,0,155,569,222,0,257,497,299,85,343,415,359,193,393,312,399,-1,-1
frame_0656.jpg,289,0,391,12,174,12,482,28,566,31,74,56,623,66,614,139,1,155,566,220,0,257,495,296,84,343,413,358,191,391,308,396
frame_0658.jpg,279,0,380,8,166,15,559,21,473,21,615,53,68,62,610,126,0,161,563,210,1,261,493,288,85,343,412,351,193,391,310,394
frame_0659.jpg,276,0,379,7,561,14,472,18,163,18,615,48,67,67,0,170,563,206,4,269,494,286,89,349,414,350,311,392,197,392,195,394
frame_0663.jpg,279,0,380,9,167,12,472,24,557,25,70,56,612,59,605,132,1,153,557,211,0,251,485,288,82,333,403,347,187,380,301,385
frame_0667.jpg,275,0,375,9,164,14,552,24,467,22,606,56,68,59,600,128,0,156,554,208,2,253,485,284,84,334,404,344,189,380,303,381
frame_0671.jpg,279,0,378,11,167,12,470,25,556,27,69,55,609,62,597,134,0,151,552,213,0,249,482,287,81,330,401,346,185,378,298,383
frame_0672.jpg,280,0,379,11,168,11,471,26,555,29,70,55,609,62,602,134,1,151,552,213,0,248,482,288,80,331,400,346,185,378,298,383
frame_0673.jpg,281,0,382,12,169,12,473,27,558,30,72,55,612,64,604,136,1,151,554,215,0,248,482,290,81,330,401,347,185,378,298,384
frame_0674.jpg,279,0,381,11,168,11,473,27,554,28,558,30,70,55,611,64,0,151,554,216,0,249,482,291,80,332,400,349,184,380,298,385
frame_0677.jpg,291,0,176,9,392,15,486,32,571,37,75,52,625,74,615,147,2,149,562,226,0,249,489,300,80,334,404,358,185,385,299,392
frame_0687.jpg,353,0,221,1,466,26,105,40,568,55,663,69,722,116,13,142,0,253,628,284,77,356,533,361,432,416,185,422,311,445,-1,-1
frame_0691.jpg,387,0,244,1,510,27,117,44,623,59,726,74,785,127,17,155,763,217,0,273,683,310,80,383,578,391,465,451,195,455,333,480
frame_0692.jpg,384,0,242,0,507,27,115,43,618,57,717,75,782,128,16,155,0,276,677,311,82,386,574,393,465,453,197,458,-1,-1,-1,-1
frame_0694.jpg,369,0,232,1,488,27,109,44,594,58,692,72,752,122,13,155,728,209,0,274,656,300,560,381,82,383,453,442,196,452,329,473
frame_0697.jpg,361,0,226,1,478,25,106,44,580,56,677,69,736,118,13,156,714,200,0,275,645,295,552,376,83,383,450,437,198,451,327,469
frame_0700.jpg,224,0,354,1,466,28,103,41,564,59,710,120,11,153,691,199,0,274,627,291,540,371,86,383,444,433,198,450,327,467,-1,-1
frame_0703.jpg,348,0,216,3,461,23,97,48,560,51,649,61,706,107,7,164,689,192,633,283,0,290,550,367,92,399,457,434,211,463,341,474
frame_0704.jpg,357,0,221,3,471,24,101,48,572,52,663,62,721,110,7,167,699,197,643,289,0,293,558,375,91,402,462,441,211,468,344,481
frame_0705.jpg,364,0,226,2,480,24,103,48,584,53,677,64,737,113,9,166,718,201,656,293,0,292,567,379,91,403,469,446,213,471,346,484
frame_0708.jpg,372,0,232,2,491,25,106,47,597,54,693,66,754,114,9,166,738,203,677,297,0,295,588,384,96,409,489,452,223,478,361,493
frame_0712.jpg,382,0,236,5,505,25,612,53,105,55,709,64,771,112,5,183,755,203,697,301,0,320,610,392,105,437,511,466,241,504,384,512
frame_0715.jpg,442,0,279,1,583,30,131,51,708,66,892,138,15,182,868,234,0,326,790,345,679,442,105,456,558,517,248,537,410,558,-1,-1
frame_0718.jpg,466,0,294,1,619,32,136,52,754,70,880,88,957,147,14,189,0,339,846,367,728,468,112,474,596,545,263,563,435,585,-1,-1
frame_0722.jpg,481,0,303,2,638,32,142,55,778,70,907,88,987,147,14,194,0,347,877,372,756,476,117,487,620,556,275,575,454,599,-1,-1
frame_0727.jpg,527,0,333,6,702,30,156,65,858,67,1001,80,1090,148,15,217,0,382,968,392,833,507,129,529,683,595,303,621,500,644,-1,-1
frame_0731.jpg,542,0,339,8,730,32,158,68,904,72,1069,90,1171,160,18,216,1142,288,0,376,1027,421,121,526,870,539,699,623,293,626,499,663
frame_0732.jpg,543,0,341,6,728,32,161,64,900,73,1063,90,1164,161,19,212,1134,289,0,371,1019,419,121,521,864,535,694,618,293,621,496,656
frame_0733.jpg,537,0,336,9,723,30,896,68,156,71,1059,84,1160,153,17,218,1133,280,0,378,1020,413,123,525,868,530,699,616,297,625,500,658
frame_0735.jpg,541,0,340,10,729,28,903,65,158,72,1069,78,1172,147,17,223,1147,275,0,384,1035,410,882,530,126,533,712,618,303,631,511,662
frame_0736.jpg,548,0,344,10,738,28,914,66,160,73,1082,79,1185,148,17,225,1161,277,0,389,1049,413,896,535,129,541,723,625,310,640,522,671
frame_0739.jpg,566,0,356,14,767,24,954,59,1134,69,166,82,1248,140,19,242,1225,278,0,411,1106,425,943,558,131,568,759,656,319,673,542,705
frame_0745.jpg,580,0,364,15,790,26,992,63,1193,76,172,83,1318,153,21,240,1287,301,0,407,1148,453,123,566,962,588,307,678,761,681,533,721
frame_0747.jpg,584,0,366,14,796,28,1003,68,172,82,1208,82,1334,162,21,239,1302,312,0,407,1158,467,122,568,968,600,305,682,761,692,530,729
frame_0748.jpg,587,0,370,13,799,29,1004,69,175,80,1208,84,1333,165,23,236,1299,312,0,403,1153,467,121,564,963,598,303,678,757,689,528,724
frame_0749.jpg,582,0,364,16,794,27,999,66,171,84,1328,157,21,242,1296,307,0,409,1152,462,122,568,963,595,305,680,759,686,530,724,-1,-1
frame_0750.jpg,582,0,364,16,793,27,994,65,1193,77,169,87,1315,154,19,248,1288,301,0,418,1150,455,129,578,968,590,770,684,319,687,544,727
frame_0753.jpg,583,0,362,21,800,22,1011,56,1220,63,166,96,1350,140,17,261,1320,294,0,433,1175,453,131,591,986,594,780,692,320,699,549,736
frame_0754.jpg,579,0,796,20,360,22,1008,54,165,98,1352,135,18,261,1324,289,0,431,1178,451,129,588,987,592,780,690,318,697,547,736,-1,-1
frame_0756.jpg,590,0,372,17,806,25,1018,63,177,87,1362,155,25,245,1330,309,0,413,1177,468,120,574,979,605,302,689,766,698,530,737,-1,-1
frame_0758.jpg,583,0,367,19,801,22,1018,57,175,90,1374,146,24,248,1344,304,0,415,1189,467,117,575,987,608,299,691,770,703,530,740,-1,-1
frame_0759.jpg,590,0,372,18,808,26,1023,64,178,87,1377,158,26,245,1346,313,0,414,1192,478,118,578,990,618,302,698,772,712,533,748,-1,-1
frame_0762.jpg,555,0,773,9,1201,22,988,29,337,38,1340,91,147,126,1324,249,7,300,1188,423,0,473,1005,578,140,625,803,692,337,725,570,752
frame_0764.jpg,595,0,814,18,369,27,1026,47,1234,52,167,110,1366,122,1347,277,14,285,1211,444,0,466,1030,594,142,628,825,705,348,734,589,763
frame_0765.jpg,617,0,839,23,387,23,1052,56,1262,62,179,102,1394,138,19,278,1369,293,1229,460,0,462,1041,610,140,630,833,719,346,742,591,776
frame_0766.jpg,631,0,400,20,856,24,1071,58,190,99,1417,142,23,274,1392,299,0,457,1248,466,1056,615,139,628,841,724,345,743,594,779,-1,-1
frame_0768.jpg,641,0,408,21,870,23,1092,58,196,101,1452,146,27,278,1428,307,0,466,1279,485,1078,642,136,643,855,755,344,766,597,808,-1,-1
frame_0771.jpg,645,0,406,23,879,23,1105,58,1329,66,189,105,1471,147,21,289,1446,314,0,481,1296,491,1095,649,142,659,871,764,356,780,613,820
frame_0772.jpg,653,0,412,23,888,26,1115,62,1340,71,194,103,1481,154,24,286,1454,320,0,478,1300,496,1097,653,143,657,871,765,355,779,614,820
frame_0778.jpg,648,0,886,24,407,24,1116,60,190,107,1486,150,22,290,1458,318,0,481,1303,497,1097,655,143,659,871,768,355,780,612,821,-1,-1
frame_0779.jpg,641,0,876,22,401,24,1104,57,1329,63,186,108,1472,145,20,289,1445,312,0,479,1293,490,1090,648,143,655,865,761,354,775,609,815
frame_0784.jpg,597,0,819,20,373,24,1034,51,1247,57,172,103,1382,132,19,273,1358,289,0,451,1214,456,1024,605,135,615,814,711,334,727,573,763
frame_0788.jpg,573,0,783,18,357,24,985,48,1184,51,164,102,1309,122,1286,268,16,267,1152,427,0,438,975,568,132,593,778,671,325,694,553,725
frame_0790.jpg,556,0,761,18,345,23,958,47,1150,51,156,99,1271,120,1249,263,13,262,1120,417,0,430,951,555,132,581,761,655,321,679,544,708
frame_0792.jpg,528,0,728,11,324,28,919,33,1229,94,144,106,1213,233,9,268,1094,388,0,431,933,527,132,574,751,630,319,666,538,688,-1,-1
frame_0802.jpg,542,0,733,16,341,22,912,41,1083,41,156,96,1193,102,1180,231,13,255,1071,374,0,416,921,506,747,606,-1,-1,-1,-1,-1,-1
frame_0804.jpg,536,0,728,19,334,21,908,48,1192,116,1171,250,12,252,1056,393,0,416,902,523,130,561,729,620,313,653,526,675,-1,-1,-1,-1
frame_0805.jpg,529,0,723,18,327,22,906,44,1087,49,146,95,1195,112,1173,246,10,254,1055,393,0,415,898,522,130,557,724,618,311,648,521,671
frame_0806.jpg,528,0,722,20,327,19,905,48,1083,53,147,90,1194,119,12,244,1172,253,1051,395,0,403,892,522,127,545,716,614,304,636,512,662
frame_0807.jpg,523,0,325,18,715,19,897,48,1076,55,146,89,1183,119,11,242,1163,251,1045,392,0,400,888,518,127,541,714,611,305,634,513,660
frame_0810.jpg,520,0,322,17,708,21,883,50,1050,58,142,86,1153,121,9,241,1129,249,1016,385,0,397,866,506,130,536,701,596,306,623,508,644
frame_0811.jpg,511,0,315,17,693,23,862,52,1022,59,138,83,1122,120,7,234,1102,243,997,374,0,391,856,492,131,528,697,581,309,611,509,630
frame_0812.jpg,510,0,317,13,688,24,852,54,1006,63,141,76,1100,123,8,226,1083,240,982,367,0,381,847,482,131,518,693,570,309,601,507,621
frame_0817.jpg,509,0,320,10,684,28,844,62,146,69,997,74,1089,135,12,213,1067,252,0,365,964,376,826,486,123,503,671,569,294,590,488,613
frame_0818.jpg,509,0,320,10,680,27,840,61,149,68,990,72,1082,133,14,210,1059,249,0,361,955,371,816,481,122,497,663,563,289,583,481,607
frame_0819.jpg,499,0,314,8,670,27,826,60,143,66,976,72,1065,132,13,207,1044,247,0,357,944,368,809,476,122,492,658,557,289,577,479,600
frame_0824.jpg,483,0,308,4,645,28,145,57,790,61,929,74,1012,132,16,188,990,239,0,330,894,351,765,452,114,460,622,527,271,543,450,570
frame_0830.jpg,287,0,452,1,601,33,135,43,738,71,869,89,947,147,15,162,921,248,0,293,825,349,102,417,701,438,244,500,565,501,408,529
frame_0831.jpg,286,0,447,2,594,31,136,42,726,67,934,141,18,157,910,238,0,285,816,337,98,407,694,425,559,487,239,487,402,515,-1,-1
frame_0832.jpg,439,1,281,0,584,30,134,43,717,64,849,81,842,81,921,135,18,156,898,232,0,281,806,330,97,401,686,417,552,480,235,481
frame_0834.jpg,257,0,552,7,690,35,119,49,14,164,886,196,0,285,792,301,672,394,93,396,538,461,226,471,384,494,-1,-1,-1,-1,-1,-1
frame_0837.jpg,392,0,244,9,533,19,667,44,799,53,110,58,879,104,11,168,859,201,0,283,766,303,90,390,646,392,517,455,217,461,368,484
frame_0838.jpg,392,0,245,8,531,20,663,46,113,55,795,56,871,106,13,163,851,202,0,278,758,303,88,384,638,390,509,452,213,455,362,480
frame_0839.jpg,388,0,243,7,524,20,654,46,112,52,783,56,858,105,13,158,841,198,0,272,752,297,88,377,637,383,509,444,215,447,363,473
frame_0840.jpg,386,0,244,6,522,20,649,46,114,50,777,57,851,105,13,156,834,199,0,269,746,296,86,375,632,382,505,443,210,447,359,472
frame_0846.jpg,372,0,235,9,502,16,624,37,745,45,110,53,818,88,13,158,806,176,0,268,727,273,621,360,87,370,500,423,211,437,359,457
frame_0848.jpg,366,0,230,10,495,14,617,32,106,58,809,79,11,162,722,263,0,271,618,350,88,371,500,416,212,436,359,452,-1,-1,-1,-1
frame_0850.jpg,366,0,231,12,494,13,613,31,731,34,107,59,800,76,791,163,10,166,719,260,0,278,617,349,88,377,501,416,215,440,362,455
frame_0852.jpg,367,0,230,11,495,15,615,35,730,40,105,58,800,82,9,163,786,170,713,263,0,273,611,348,88,371,495,411,214,433,358,448
frame_0854.jpg,364,0,228,10,492,16,612,36,729,43,104,55,799,85,9,159,786,171,710,264,0,268,607,348,88,366,491,412,211,429,354,445
frame_0855.jpg,364,0,227,11,493,16,613,37,103,57,800,87,8,164,787,174,710,268,0,273,607,353,90,372,491,417,213,434,354,452,-1,-1
frame_0856.jpg,361,0,224,11,490,15,610,35,723,41,100,58,797,83,7,163,785,171,707,264,0,272,605,348,88,367,490,411,213,428,354,444
frame_0857.jpg,361,0,224,11,490,15,488,18,609,36,725,42,100,58,795,84,7,164,705,266,0,273,603,351,89,370,489,414,213,433,354,447
frame_0859.jpg,355,0,221,9,483,14,602,34,721,39,98,56,789,81,7,159,779,168,699,260,0,266,598,344,87,362,483,406,209,423,349,439
frame_0860.jpg,360,0,225,7,486,17,605,39,103,51,789,90,10,150,0,256,698,265,595,345,85,353,482,406,209,418,346,435,-1,-1,-1,-1
frame_0864.jpg,362,0,227,9,489,17,607,39,720,45,105,51,790,88,11,155,776,174,0,263,699,266,597,348,86,360,482,408,208,423,348,440
frame_0865.jpg,363,0,227,9,489,18,608,40,725,48,103,52,792,91,9,156,778,177,0,264,701,270,598,351,87,362,483,412,209,426,348,444
frame_0866.jpg,364,0,228,8,494,16,613,39,730,46,104,53,800,90,10,156,784,178,0,264,704,270,600,352,88,362,484,412,209,426,349,444
frame_0867.jpg,363,0,226,10,492,17,613,39,730,45,103,55,802,91,9,158,786,179,0,267,706,273,601,356,87,366,484,417,208,430,348,448
frame_0869.jpg,363,0,224,10,494,17,617,39,737,46,101,57,810,91,7,163,794,181,0,272,713,277,606,361,87,371,488,423,209,435,351,454
frame_0870.jpg,366,0,226,11,498,16,622,37,100,58,818,89,8,167,802,179,718,277,0,277,610,364,88,377,491,426,211,440,353,458,-1,-1
frame_0873.jpg,375,0,230,12,511,18,640,42,765,47,102,62,841,97,6,172,825,189,820,193,0,286,737,291,625,379,91,388,503,442,216,455
frame_0874.jpg,384,0,238,10,521,19,650,44,777,49,108,58,850,100,8,168,0,282,743,293,630,380,91,386,506,442,217,453,364,474,-1,-1
frame_0879.jpg,405,0,253,7,549,21,686,49,118,53,822,60,904,114,14,163,880,215,0,280,782,318,87,390,656,407,214,466,520,468,366,495
frame_0881.jpg,409,0,256,7,552,22,689,51,118,54,822,61,904,114,13,164,883,212,0,283,789,316,92,394,666,404,532,468,222,470,379,499
frame_0882.jpg,412,0,258,8,558,21,696,49,119,57,830,59,911,113,13,172,891,213,0,293,796,318,93,405,673,409,538,476,226,482,383,507
frame_0885.jpg,430,0,271,8,583,23,726,52,127,57,868,63,954,117,14,173,0,297,828,330,93,414,698,425,555,492,229,493,393,522,-1,-1
frame_0890.jpg,435,0,268,15,598,16,755,40,912,45,122,72,1009,104,12,193,988,217,0,320,880,336,97,437,738,441,584,514,238,518,410,547
frame_0892.jpg,432,0,597,14,265,18,756,37,914,41,119,77,1013,97,11,200,993,211,0,327,886,334,744,440,99,443,590,516,241,523,415,550
frame_0893.jpg,432,0,598,12,262,19,759,33,918,35,117,80,1020,91,1000,206,9,204,890,329,0,331,748,437,99,445,592,513,242,524,416,549
frame_0896.jpg,442,0,614,14,268,21,782,36,948,38,119,83,11,209,1020,218,0,337,917,345,99,455,767,456,604,533,244,538,422,567,-1,-1
frame_0897.jpg,443,0,616,13,269,19,784,37,951,41,120,80,11,206,1023,220,0,334,921,346,100,453,770,456,607,532,246,535,425,566,-1,-1
frame_0898.jpg,433,0,603,12,260,22,767,34,113,85,1033,90,5,214,905,337,0,344,762,448,102,460,606,527,250,539,427,565,-1,-1,-1,-1
frame_0902.jpg,436,0,600,16,267,17,756,40,909,44,118,77,1004,100,8,206,984,213,881,334,0,338,745,441,105,455,596,518,252,533,425,556
frame_0904.jpg,438,0,604,12,265,19,762,35,918,39,115,84,1012,93,6,217,891,332,0,351,756,444,108,469,606,525,258,546,434,567,-1,-1
frame_0907.jpg,453,0,279,17,619,17,779,43,935,49,126,76,1033,106,12,206,1013,221,0,340,908,344,768,453,107,463,614,532,257,545,437,570
frame_0914.jpg,467,0,643,14,285,21,810,38,972,40,125,89,1074,98,1055,220,7,230,948,351,0,374,805,468,116,499,647,555,276,581,464,602
frame_0917.jpg,491,0,677,16,301,20,855,42,1030,46,134,89,1141,110,10,234,1119,242,1000,379,0,381,844,502,117,515,673,590,281,604,478,632
frame_0919.jpg,497,0,685,18,306,20,865,46,1043,51,138,88,1154,116,12,232,1131,247,0,380,1008,385,848,507,115,515,674,594,280,606,477,635
frame_0920.jpg,320,0,702,7,883,39,1063,52,149,64,1177,115,18,204,0,351,1016,385,108,489,847,503,666,585,269,584,466,620,-1,-1,-1,-1
frame_0927.jpg,535,0,337,16,734,25,930,60,1129,72,161,79,1252,147,23,218,0,366,1068,433,104,509,880,553,263,614,682,633,467,661,-1,-1
frame_0928.jpg,527,0,326,20,731,21,936,53,1148,62,153,88,20,229,0,378,1087,440,102,521,890,567,261,626,684,647,465,675,-1,-1,-1,-1
frame_0930.jpg,510,0,715,12,311,27,925,37,1143,40,141,101,16,246,0,393,1089,426,105,531,890,557,263,631,683,643,467,674,-1,-1,-1,-1
frame_0931.jpg,505,0,710,10,308,28,919,34,1138,37,139,102,1262,110,15,247,0,394,1087,425,105,532,889,557,263,632,682,644,465,676,-1,-1
frame_0933.jpg,507,0,707,13,310,28,909,38,1118,40,140,100,1248,109,15,248,1222,258,0,397,1072,415,109,535,885,547,272,634,688,635,475,672
frame_0934.jpg,509,0,710,14,313,25,910,40,1115,42,142,97,1245,112,14,246,1220,259,0,397,1075,415,112,538,890,548,277,638,695,637,483,675
frame_0938.jpg,499,0,705,7,1143,26,916,27,305,32,1285,96,139,108,16,256,1255,256,0,402,1089,424,100,540,884,562,254,641,673,652,454,685
frame_0939.jpg,489,0,694,4,1139,17,908,22,297,34,1268,89,135,112,17,258,0,403,1085,426,97,538,875,565,247,639,663,653,445,684,-1,-1
frame_0940.jpg,474,0,678,1,1125,7,894,16,285,38,126,119,11,266,0,409,1076,417,97,542,869,559,247,640,658,650,442,683,-1,-1,-1,-1
frame_0943.jpg,461,0,646,6,1026,16,833,22,282,31,1151,77,126,105,1134,218,10,248,1000,372,0,391,832,504,105,521,650,596,261,610,453,640
frame_0947.jpg,439,0,615,4,796,16,270,32,1111,65,121,106,1095,207,13,245,962,361,0,384,794,494,94,510,616,587,240,598,423,629,-1,-1
frame_0948.jpg,431,0,607,1,985,2,789,12,264,33,1107,58,119,107,1092,200,12,245,956,356,0,380,788,489,95,503,609,579,238,590,418,621
frame_0949.jpg,970,0,595,11,420,14,776,17,254,52,1095,55,112,129,1084,198,8,268,952,358,0,403,787,495,97,524,612,589,242,607,422,634
frame_0950.jpg,588,0,412,5,773,6,248,45,1101,43,109,122,1087,188,7,260,950,350,0,393,780,488,93,513,603,581,234,596,412,625,-1,-1
frame_0956.jpg,959,0,746,29,556,32,382,46,1103,55,227,93,98,173,1089,213,6,309,937,390,0,437,755,535,84,553,570,629,213,637,382,668
frame_0959.jpg,749,0,553,5,382,20,1120,21,1107,188,8,287,944,370,0,414,752,520,81,530,561,614,206,616,373,651,-1,-1,-1,-1,-1,-1
frame_0960.jpg,970,0,743,35,546,42,372,59,1126,52,222,108,96,190,1115,227,8,326,946,418,0,452,76,569,750,570,198,658,555,663,364,697
frame_0962.jpg,956,0,727,39,531,48,1113,53,361,68,214,120,91,203,1100,229,6,339,929,425,0,465,74,580,732,579,192,667,538,673,352,706
frame_0967.jpg,926,0,701,46,1085,50,509,63,343,88,202,145,85,234,1076,235,3,375,906,442,0,503,712,605,73,619,187,706,523,705,343,743
frame_0988.jpg,945,0,696,59,1129,55,496,79,331,108,201,169,89,260,1121,276,11,405,920,519,0,539,60,669,703,700,163,773,496,802,313,829
frame_0990.jpg,943,0,703,46,510,61,1109,57,347,84,211,141,96,230,1093,262,10,373,900,487,0,507,61,633,693,657,165,732,495,755,314,783
frame_0992.jpg,952,0,724,40,533,48,1109,60,363,66,223,119,100,206,1091,251,12,350,909,462,0,486,68,613,710,624,178,709,516,722,334,755
frame_0994.jpg,946,0,720,37,527,44,359,62,1099,57,217,114,93,201,1084,242,8,343,910,446,0,476,71,599,715,605,186,692,525,701,342,735
frame_0995.jpg,924,0,706,39,518,49,1074,55,352,69,209,122,89,209,1064,233,6,353,902,433,0,486,717,593,77,606,195,695,532,693,353,731
frame_0999.jpg,922,0,725,35,542,43,1058,48,370,60,218,112,88,202,1053,205,0,350,920,388,1,486,758,541,96,603,587,647,234,680,405,700
frame_1001.jpg,967,0,587,16,771,21,410,22,1096,54,248,65,105,147,1088,204,5,293,956,371,0,433,791,516,98,557,615,616,244,640,425,665
frame_1003.jpg,446,0,627,1,814,13,274,35,1140,59,121,113,1129,207,10,259,992,372,0,404,821,513,100,534,637,611,249,625,437,656,-1,-1
frame_1008.jpg,494,0,694,9,901,28,301,33,1258,90,133,112,1238,246,9,265,0,418,1089,417,108,560,899,560,697,658,273,661,479,700,-1,-1
frame_1011.jpg,1168,1,510,0,725,1,943,13,305,42,1315,66,129,133,1295,229,5,299,1145,407,0,460,953,563,125,601,748,670,304,694,524,723
frame_1013.jpg,541,0,766,7,1221,20,990,27,325,37,1368,95,140,128,1338,264,7,300,1177,445,0,468,975,598,128,618,763,704,310,720,534,754
frame_1016.jpg,552,0,781,10,1236,27,1007,32,329,36,1381,104,138,128,1351,272,3,306,1192,451,0,480,993,605,134,632,783,712,325,732,552,764
frame_1020.jpg,547,0,783,11,1260,28,1019,34,320,36,1411,112,129,131,1372,283,0,310,1201,469,2,481,993,619,139,631,779,722,326,731,550,767
frame_1021.jpg,538,0,775,9,1254,21,1011,29,312,40,1406,103,122,137,1371,274,0,318,1204,462,5,489,999,613,147,635,787,718,335,734,558,766
frame_1022.jpg,544,0,784,6,1024,27,315,39,1426,101,124,138,0,319,1213,458,7,489,1003,611,148,635,789,715,337,732,560,763,-1,-1,-1,-1
frame_1024.jpg,808,0,317,25,1059,23,1475,111,122,126,1426,290,0,315,1239,478,14,488,1021,628,159,637,804,728,351,736,575,771,-1,-1,-1,-1
frame_1025.jpg,557,0,1315,26,1058,32,315,35,1471,114,120,137,0,325,1244,477,16,498,1029,627,164,644,814,726,359,740,584,771,-1,-1,-1,-1
frame_1026.jpg,562,0,812,12,1313,29,322,38,1060,36,1466,117,124,139,1421,291,0,326,1242,479,12,502,1030,628,162,650,816,729,359,745,586,777
frame_1027.jpg,561,0,813,9,1318,23,1064,33,321,38,1473,111,123,142,1428,290,0,332,1248,479,14,508,1036,632,165,656,820,735,361,753,589,783
frame_1029.jpg,574,0,833,11,323,34,1094,40,1522,131,122,139,1465,313,0,331,1269,505,17,507,1044,651,169,656,822,750,363,755,590,790,-1,-1
frame_1030.jpg,835,0,317,24,1102,22,1534,113,117,131,1475,297,0,329,1278,490,20,505,1053,638,177,652,832,738,374,747,601,780,-1,-1,-1,-1
frame_1032.jpg,829,0,1363,11,1093,18,312,35,1521,99,112,146,1467,277,0,344,1278,471,30,516,1061,621,193,657,847,722,394,744,620,769,-1,-1
frame_1038.jpg,560,0,820,18,316,31,1079,50,117,131,1508,145,0,317,1448,322,19,488,1251,505,169,635,1028,644,359,733,810,735,582,771,-1,-1
frame_1041.jpg,568,0,831,16,317,35,1370,42,1097,45,115,139,1529,137,1472,316,0,330,25,501,1274,501,1052,643,182,645,834,736,380,739,605,775
frame_1043.jpg,559,0,830,7,1106,30,305,42,1549,115,109,150,1500,298,0,343,1296,494,27,513,1065,640,185,652,841,737,382,744,608,777,-1,-1
frame_1045.jpg,561,0,834,4,1389,7,1107,22,307,45,1558,98,108,159,1503,278,0,358,1310,477,34,528,1088,630,201,667,869,731,406,753,636,780
frame_1047.jpg,1396,0,835,7,562,7,1112,22,306,56,1565,91,107,173,1512,275,0,373,1316,477,35,543,1092,632,201,680,871,738,406,765,638,788
frame_1049.jpg,837,0,561,3,1114,11,300,57,1567,76,100,178,1515,258,0,383,1327,462,40,558,1109,622,217,692,893,733,428,772,662,789,-1,-1
frame_1052.jpg,1392,0,853,6,579,6,1122,20,317,54,1556,83,109,174,1511,259,0,381,1333,455,40,557,1123,613,221,694,911,727,439,773,679,786
frame_1059.jpg,1404,0,851,19,571,23,1127,28,306,78,1575,88,100,207,1527,270,0,418,1345,474,47,595,1133,635,233,725,920,750,451,801,689,812
frame_1061.jpg,843,0,1122,6,561,8,1576,62,299,66,97,196,1528,244,0,404,1343,452,49,578,1129,613,232,709,916,730,449,782,686,790,-1,-1
frame_1063.jpg,1406,0,849,20,568,27,1127,27,305,82,1576,83,101,209,1529,268,0,419,1345,471,47,593,1132,634,231,724,918,748,448,800,687,809
frame_1066.jpg,1413,0,845,18,564,24,1126,26,301,79,1584,85,100,205,1534,271,0,412,1343,478,44,587,1123,639,222,718,906,751,436,796,673,811
frame_1068.jpg,1412,0,846,17,566,22,1127,27,305,76,1583,85,102,200,1532,270,0,405,1342,475,42,579,1123,636,220,712,904,747,434,791,671,805
frame_1073.jpg,565,0,835,4,1374,6,1103,22,309,45,1536,94,108,160,1485,273,0,361,1299,468,35,536,1085,619,206,671,872,724,413,755,644,775
frame_1076.jpg,1319,0,550,0,807,3,1062,17,304,46,1479,83,109,157,1435,255,0,351,1261,443,30,522,1057,595,195,656,850,702,399,737,625,756
frame_1079.jpg,547,0,783,6,1252,14,1016,25,316,40,1400,91,124,140,1371,258,0,327,1214,440,15,500,1021,594,166,646,818,705,365,738,593,761
frame_1081.jpg,403,0,630,5,1079,11,854,22,182,39,1222,84,1196,246,1044,428,853,583,0,638,651,695,197,731,424,755,-1,-1,-1,-1,-1,-1
frame_1083.jpg,534,0,753,5,969,21,320,37,1330,78,134,127,1311,237,3,300,1169,413,0,469,983,566,136,616,781,678,328,711,555,735,-1,-1
frame_1085.jpg,545,0,756,7,1174,19,965,25,336,33,1311,85,150,119,1295,239,12,287,1158,410,0,456,976,561,130,606,775,673,319,704,547,731
frame_1088.jpg,526,0,743,1,962,15,314,43,1325,67,132,137,1309,229,3,311,1166,409,0,479,979,568,134,626,775,683,322,720,548,745,-1,-1
frame_1089.jpg,525,0,745,2,1188,4,964,15,313,43,1333,70,130,136,1314,233,2,308,1166,411,0,475,976,568,133,620,773,679,320,713,545,738
frame_1091.jpg,533,0,753,6,1197,17,972,24,321,37,1342,88,137,126,1319,252,6,295,1166,428,0,462,971,582,129,610,763,688,313,709,536,740
frame_1095.jpg,1187,0,739,2,522,2,961,15,313,44,1336,68,135,133,1318,233,7,300,1167,414,0,464,972,573,125,609,761,684,307,707,531,738
frame_1098.jpg,740,0,521,0,959,11,312,43,1329,63,132,135,1312,227,5,306,1166,409,0,472,975,568,130,616,768,682,315,712,540,739,-1,-1
frame_1100.jpg,727,0,508,6,945,7,1315,51,300,53,123,150,1298,215,0,321,1155,399,0,485,967,560,131,625,765,675,318,714,540,736,-1,-1
frame_1102.jpg,1132,0,703,15,916,20,492,23,1275,59,289,71,116,167,1264,216,0,338,1130,395,3,499,952,554,136,634,759,671,320,718,540,734
frame_1103.jpg,1113,0,696,10,489,13,903,16,289,58,1253,59,118,149,1240,212,0,316,1108,385,1,474,934,538,131,609,743,651,313,693,529,711
frame_1104.jpg,687,0,485,3,888,10,288,44,1224,53,119,132,1212,201,1,295,1085,370,0,452,916,520,129,586,730,629,308,671,520,689,-1,-1
frame_1105.jpg,1077,0,481,0,681,0,878,12,286,38,1208,57,119,125,1195,204,1,286,1069,368,0,442,902,514,126,574,718,622,301,660,510,679
frame_1106.jpg,499,0,695,8,886,26,303,32,1195,80,129,113,1179,222,4,275,1058,377,0,433,898,516,129,570,721,619,308,656,518,672,-1,-1
frame_1109.jpg,478,0,666,4,848,20,287,31,1145,70,122,111,1131,203,2,263,1015,351,0,413,861,484,124,539,691,582,295,619,496,637,-1,-1
frame_1110.jpg,466,0,652,3,1008,6,831,16,280,35,1123,60,118,115,1111,192,2,268,999,340,0,416,849,474,124,541,683,574,294,618,492,632
frame_1111.jpg,460,0,642,6,997,16,821,21,276,30,1110,71,115,106,1095,202,1,257,982,346,0,404,833,476,120,529,669,571,285,607,479,624
frame_1117.jpg,420,0,579,8,887,21,258,23,734,23,986,70,114,87,977,182,6,216,879,307,0,346,750,420,105,460,602,505,255,529,431,551
frame_1118.jpg,418,0,576,7,881,18,728,21,257,24,976,65,114,87,968,175,7,217,872,300,0,346,744,413,105,459,599,498,253,531,429,546
frame_1122.jpg,401,0,554,7,854,19,703,21,247,24,950,65,110,85,940,176,8,208,841,298,0,332,712,408,96,442,568,489,236,513,402,532
frame_1124.jpg,393,0,547,5,695,19,241,23,940,62,106,87,928,174,7,209,828,295,0,333,700,403,97,439,558,484,234,509,397,526,-1,-1
frame_1128.jpg,377,0,525,5,671,13,229,27,908,50,99,90,3,212,809,279,0,333,689,388,97,436,553,469,235,501,396,515,-1,-1,-1,-1
frame_1129.jpg,802,0,515,4,367,5,659,11,219,37,896,41,91,103,891,147,0,228,803,270,0,348,685,382,99,448,552,467,237,509,397,516
frame_1132.jpg,371,0,518,3,805,5,662,13,224,27,897,49,95,90,889,155,2,213,797,274,0,331,677,383,95,433,542,463,230,496,387,509
frame_1133.jpg,377,0,523,5,811,14,667,19,229,24,901,59,98,86,890,165,3,207,797,283,0,325,675,388,95,428,540,465,229,493,386,507
frame_1139.jpg,379,0,523,9,232,20,803,24,664,25,890,69,100,76,879,172,5,193,786,283,0,309,666,383,93,411,533,455,226,477,381,493
frame_1147.jpg,762,0,487,3,350,5,623,9,213,33,849,36,93,94,846,137,5,208,761,253,0,320,647,359,88,416,517,439,215,475,368,485
frame_1148.jpg,758,0,484,8,347,11,620,12,848,36,211,42,92,104,846,137,4,218,760,254,0,329,646,362,87,423,516,443,214,481,366,491
frame_1150.jpg,745,0,606,19,467,21,330,30,840,33,196,67,82,134,843,136,0,249,759,258,1,359,646,371,91,449,518,457,219,504,369,509
frame_1151.jpg,744,0,603,21,465,27,840,31,326,39,193,78,845,134,79,148,761,259,0,266,2,376,650,375,94,464,521,464,222,516,374,519
frame_1155.jpg,854,0,605,4,461,16,321,36,189,82,858,109,76,156,774,242,0,276,658,365,5,385,527,459,97,470,377,518,224,519,-1,-1
frame_1163.jpg,827,0,541,12,685,14,393,17,920,35,246,53,112,121,922,139,9,245,837,263,0,368,719,382,97,470,579,475,241,531,413,535
frame_1166.jpg,851,0,555,6,406,8,701,11,946,36,257,42,120,107,945,143,13,229,856,268,0,352,730,387,94,459,584,478,237,524,412,534
frame_1173.jpg,707,0,550,3,396,13,973,15,244,54,109,125,977,130,7,254,883,266,0,379,751,396,97,484,599,495,243,549,422,554,-1,-1
frame_1176.jpg,883,0,723,20,565,25,993,31,406,37,250,81,999,148,113,157,908,287,8,290,0,418,778,421,103,524,625,526,257,590,443,593
frame_1177.jpg,888,0,730,22,571,27,998,32,412,40,255,83,1005,148,115,158,915,284,7,290,0,419,785,418,631,523,105,526,260,588,448,590
frame_1180.jpg,742,0,581,5,1018,7,419,19,260,66,1028,126,117,142,939,267,8,278,809,406,0,412,651,515,106,521,462,587,267,587,-1,-1
frame_1181.jpg,912,0,747,26,1029,29,581,34,418,51,257,101,1040,148,116,179,950,293,9,316,816,433,0,447,657,545,109,556,270,619,466,618
frame_1185.jpg,791,0,620,6,1082,7,450,21,285,70,1096,129,134,148,1002,278,15,288,0,427,861,426,691,543,108,545,277,616,486,619,-1,-1
frame_1186.jpg,808,0,1105,7,634,7,461,23,291,73,1115,130,1020,282,16,299,876,433,0,441,703,555,111,561,282,633,496,634,-1,-1,-1,-1
frame_1188.jpg,664,0,843,1,485,12,1152,19,309,56,149,132,1159,145,19,271,1056,298,0,416,904,444,109,541,720,561,283,622,503,631,-1,-1
frame_1191.jpg,1054,0,870,19,687,22,1182,34,503,35,321,83,154,163,1194,160,19,312,1095,316,0,462,944,471,117,590,759,595,304,671,534,675
frame_1192.jpg,1068,0,885,18,702,17,516,28,1196,36,331,73,161,151,1208,163,22,298,1110,316,0,450,958,469,119,581,772,591,309,664,544,670
frame_1193.jpg,1086,0,719,15,904,16,533,21,1214,38,344,67,170,145,1226,164,25,293,1126,316,0,447,973,469,119,580,783,591,312,666,551,672
frame_1196.jpg,771,0,576,5,966,4,1298,32,379,45,195,118,1308,167,38,263,1199,325,0,421,1029,482,115,566,820,606,311,664,565,682,-1,-1
frame_1197.jpg,779,0,975,4,581,8,1309,30,382,52,196,128,1324,160,37,277,1220,319,0,437,1053,480,121,582,845,610,326,679,588,691,-1,-1
frame_1198.jpg,1190,0,800,9,996,12,600,17,1328,39,397,61,205,138,1345,169,38,291,1246,328,0,458,1083,492,124,609,873,629,338,708,609,717
frame_1203.jpg,872,0,653,3,1085,10,1440,45,430,45,222,122,1459,185,40,280,1359,348,0,457,1187,518,142,619,965,655,382,728,681,742,-1,-1
frame_1205.jpg,684,0,908,2,1333,14,1124,16,454,39,1484,59,237,111,1504,199,46,269,1404,361,0,450,1231,530,147,621,1003,668,396,737,709,756
frame_1207.jpg,718,0,943,9,1160,27,484,34,1517,76,260,102,1537,215,56,256,1439,374,0,442,1264,542,146,621,1032,680,402,744,727,767,-1,-1
frame_1209.jpg,743,0,972,10,1194,30,505,31,1558,85,276,97,1578,228,64,250,1476,389,0,435,1296,555,143,622,1053,695,401,752,737,781,-1,-1
frame_1210.jpg,743,0,973,9,1411,32,1196,28,504,33,1567,79,275,99,1589,222,63,253,1487,384,0,440,1304,556,140,623,1059,698,401,756,739,785
frame_1212.jpg,750,0,981,12,1205,31,511,32,1578,87,281,96,1598,231,66,245,1493,391,0,431,1308,562,140,618,1060,700,398,750,737,783,-1,-1
frame_1213.jpg,740,0,973,7,1201,26,501,36,1581,76,273,104,1601,223,64,259,1495,387,0,441,1307,562,138,625,1057,704,395,758,733,789,-1,-1
frame_1215.jpg,752,0,986,10,511,31,1213,34,1594,89,280,97,1613,236,67,244,1505,398,0,428,1314,569,138,614,1062,706,396,752,736,787,-1,-1
frame_1216.jpg,753,0,987,13,512,30,1215,35,281,95,1596,92,1615,239,67,243,1507,402,0,426,1314,573,137,613,1059,710,394,751,733,788,-1,-1
frame_1218.jpg,748,0,984,9,1216,28,506,36,1603,81,278,107,1624,232,65,255,1512,397,0,439,1317,572,136,623,1060,712,393,760,732,795,-1,-1
frame_1222.jpg,752,0,995,10,1239,32,507,36,1636,88,277,103,67,250,1560,421,0,434,1350,603,129,622,1074,745,382,770,727,819,-1,-1,-1,-1
frame_1223.jpg,740,0,986,6,1233,26,1476,30,495,37,268,106,63,254,0,432,1354,600,130,617,1077,738,382,761,728,811,-1,-1,-1,-1,-1,-1
frame_1225.jpg,738,0,984,5,1473,29,1231,25,494,40,267,107,63,257,0,439,1353,598,133,626,1078,739,385,769,730,816,-1,-1,-1,-1,-1,-1
frame_1226.jpg,738,0,982,8,1227,30,1467,34,493,37,266,103,62,253,0,435,1348,600,132,621,1073,742,385,766,728,815,-1,-1,-1,-1,-1,-1
frame_1227.jpg,739,0,982,7,1226,27,1464,29,495,39,269,106,63,257,1553,413,0,440,1348,595,132,624,1074,739,385,768,730,814,-1,-1,-1,-1
frame_1230.jpg,746,0,994,10,499,32,1246,32,1495,40,273,97,67,243,0,421,128,611,1369,620,1082,758,376,763,725,824,-1,-1,-1,-1,-1,-1
frame_1234.jpg,766,0,1012,16,518,29,1259,45,1503,56,287,89,73,233,0,417,123,613,1368,637,373,775,1082,775,724,840,-1,-1,-1,-1,-1,-1
frame_1235.jpg,757,0,1004,10,510,33,1251,35,1494,42,281,98,69,244,0,427,1578,440,129,623,1371,623,1090,763,381,776,733,834,-1,-1,-1,-1
frame_1237.jpg,759,0,1008,7,1260,31,509,33,279,97,69,245,1578,431,0,429,130,623,1384,622,1097,765,383,777,736,835,-1,-1,-1,-1,-1,-1
frame_1238.jpg,762,0,1014,7,511,29,1269,31,1519,43,280,93,69,240,0,423,127,614,1393,627,1101,768,379,771,735,834,-1,-1,-1,-1,-1,-1
frame_1240.jpg,763,0,1017,10,1272,32,1523,40,512,39,280,104,69,254,0,438,1398,632,128,634,1106,776,382,788,740,848,-1,-1,-1,-1,-1,-1
frame_1244.jpg,772,0,1016,12,1257,34,522,34,1491,40,1663,95,285,100,1690,251,67,254,1585,422,0,445,1386,607,142,640,1118,753,412,790,770,835
frame_1246.jpg,774,0,1019,9,1489,35,1259,30,523,37,1660,86,285,106,1684,239,67,265,1577,411,0,457,1381,595,146,653,1118,741,418,794,775,830
frame_1248.jpg,792,0,1035,15,540,30,1272,39,1498,50,298,97,1663,105,71,252,1685,256,1579,425,0,447,1385,604,145,645,1123,748,419,794,780,835
frame_1250.jpg,799,0,1042,18,545,30,1279,44,1509,57,305,91,1672,110,73,248,1695,262,1587,430,0,442,1391,608,145,644,1127,751,418,791,782,834
frame_1252.jpg,812,0,1056,19,557,29,1294,47,1522,58,310,93,1688,115,78,246,1710,265,1602,434,0,440,1404,614,146,646,1138,757,421,798,788,842
frame_1254.jpg,790,0,1038,16,535,32,1280,43,293,98,1683,112,69,255,1703,268,1590,442,0,451,1386,624,144,652,1118,766,414,802,771,847,-1,-1
frame_1255.jpg,789,0,1034,20,537,27,1272,51,1502,63,295,89,1667,126,71,242,1684,277,0,435,1568,446,1365,622,142,637,1098,760,405,786,757,835
frame_1257.jpg,786,0,539,15,1022,27,301,67,1251,65,1473,85,1630,150,76,212,1641,302,0,401,1523,466,132,605,1322,631,1060,759,387,764,728,822
frame_1264.jpg,639,0,861,14,415,28,1082,41,211,96,1453,116,39,248,1452,270,0,422,1320,440,124,593,1123,599,885,715,333,721,607,770,-1,-1
frame_1265.jpg,857,0,412,4,1076,33,1432,112,36,226,1424,268,0,401,1291,430,126,572,1096,584,869,693,335,699,601,745,-1,-1,-1,-1,-1,-1
frame_1267.jpg,653,0,428,14,869,30,218,73,1078,71,1416,162,41,222,1399,311,0,399,1266,465,126,576,1075,606,333,704,854,708,593,753,-1,-1
frame_1271.jpg,637,0,407,12,854,27,1062,68,200,74,30,232,1378,307,0,410,1244,461,136,582,1056,602,843,702,341,704,593,748,-1,-1,-1,-1
frame_1275.jpg,645,0,421,3,855,43,212,56,1053,93,1246,120,1366,199,38,208,1338,343,0,386,1202,487,126,565,1017,617,324,692,808,707,567,745
frame_1276.jpg,632,0,410,1,843,40,204,55,1041,90,1236,119,1352,197,33,207,1322,341,0,383,1185,483,127,557,1000,610,320,681,794,698,558,733
frame_1277.jpg,409,0,628,1,832,44,205,51,1026,96,36,196,1331,200,1299,340,0,365,1163,478,122,537,980,600,311,660,777,683,544,714,-1,-1
frame_1279.jpg,394,0,601,4,797,44,201,46,984,95,1168,124,38,181,1282,202,1248,337,0,342,1111,471,106,506,928,586,281,629,728,661,502,686
frame_1280.jpg,384,0,588,3,781,44,196,46,966,95,1154,125,38,176,1264,202,0,332,1229,335,1089,466,103,492,906,578,270,613,706,650,485,671
frame_1288.jpg,516,0,333,3,689,32,164,51,853,71,1014,88,1113,155,26,179,1087,274,0,324,971,397,103,466,817,503,261,567,648,577,454,608
frame_1290.jpg,339,0,523,6,170,43,694,45,857,92,29,166,1114,189,0,310,961,426,97,456,803,525,249,563,631,591,438,612,-1,-1,-1,-1
frame_1293.jpg,332,0,522,2,704,40,164,45,162,50,878,85,25,174,1158,183,0,319,991,437,99,463,822,539,251,571,641,604,442,623,-1,-1
frame_1294.jpg,517,0,328,2,697,32,157,54,869,74,1039,92,1141,163,22,187,1110,288,0,332,985,413,105,473,822,519,261,574,648,591,453,618
frame_1305.jpg,497,0,300,14,691,24,878,56,1067,66,129,80,1178,137,7,223,0,366,1000,401,113,496,829,512,270,585,652,588,458,619,-1,-1
frame_1308.jpg,505,0,308,12,695,23,875,54,1054,62,134,79,1160,129,8,226,1128,254,0,374,999,387,838,502,119,507,667,584,283,593,475,622
frame_1309.jpg,510,0,314,9,700,25,881,60,1060,70,139,73,1167,140,10,218,1134,266,0,367,1002,398,117,501,839,510,666,589,279,592,473,625
frame_1312.jpg,504,0,699,8,1052,15,879,23,298,32,1155,72,118,122,0,294,1022,338,15,450,881,466,727,566,163,568,544,629,346,629,-1,-1
frame_1313.jpg,492,0,689,5,1047,10,871,20,289,32,1154,68,113,121,0,288,1016,338,14,442,871,466,158,560,715,565,337,623,532,624,-1,-1
frame_1315.jpg,498,0,697,7,1073,17,888,25,291,32,1185,80,115,120,0,284,1024,359,8,438,865,485,145,554,701,576,697,581,-1,-1,-1,-1
frame_1316.jpg,493,0,697,5,1079,11,891,21,286,34,1191,74,110,125,1159,206,0,292,1031,358,12,441,872,486,150,560,704,582,323,627,517,637
frame_1318.jpg,492,0,701,3,899,16,280,38,1211,69,105,135,1176,205,0,308,1044,362,19,460,882,495,158,576,714,594,333,643,526,651,-1,-1
frame_1319.jpg,500,0,709,5,910,21,287,36,1222,77,109,131,0,300,1045,367,16,451,879,495,154,567,708,590,327,634,520,644,-1,-1,-1,-1
frame_1320.jpg,496,0,705,6,1098,12,903,20,285,35,1214,75,109,128,1180,211,0,296,1046,363,18,446,882,492,156,563,713,586,331,629,524,638
frame_1321.jpg,498,0,705,5,1100,7,905,20,286,36,1217,73,109,129,1182,211,0,297,1047,364,14,447,882,493,154,563,711,587,327,631,521,640
frame_1322.jpg,493,0,704,1,906,14,282,39,1224,65,106,134,1189,202,0,303,1054,359,16,453,888,491,155,568,715,588,329,635,525,644,-1,-1
frame_1323.jpg,704,0,491,3,905,10,279,45,1224,56,105,143,1190,194,0,314,1057,354,19,464,892,489,160,577,720,588,335,641,530,647,-1,-1
frame_1324.jpg,703,0,490,3,909,8,277,47,1229,49,103,149,0,321,1060,347,21,470,896,485,164,581,726,586,340,643,536,645,-1,-1,-1,-1
frame_1326.jpg,1110,0,705,12,490,15,909,18,278,60,1233,64,103,160,1199,203,0,333,1064,365,20,483,898,502,162,595,726,604,339,657,535,662
frame_1328.jpg,1096,0,698,12,488,17,901,20,1215,60,276,61,102,161,0,335,1056,355,21,485,898,492,730,595,168,595,346,656,542,657,-1,-1
frame_1331.jpg,1075,0,689,16,885,21,483,22,1194,59,275,67,102,165,1167,192,0,340,1046,350,893,486,23,488,730,589,169,598,544,655,348,656
frame_1334.jpg,1077,0,696,6,491,7,889,16,282,47,1193,59,107,143,1165,192,0,315,1042,344,18,466,887,479,723,581,161,581,340,641,536,643
frame_1335.jpg,1081,0,699,8,493,10,893,17,283,50,1198,60,108,147,1168,193,0,321,1044,348,19,472,889,482,725,585,163,585,342,645,538,646
frame_1338.jpg,1088,0,700,7,493,9,896,15,281,51,1204,59,106,150,1175,194,0,324,1050,351,21,476,894,486,729,589,167,590,346,651,542,652
frame_1342.jpg,505,0,706,8,1073,15,893,23,295,31,1183,75,116,121,1155,201,0,292,1036,347,15,444,887,474,161,563,726,572,342,627,540,631
frame_1346.jpg,541,0,733,17,330,18,1069,42,907,42,137,99,1165,102,1142,220,0,270,1036,356,3,433,896,478,152,565,739,576,343,634,550,638
frame_1358.jpg,520,0,708,16,318,23,1039,39,879,39,1139,97,133,102,1120,220,0,272,1019,359,1,438,882,486,145,573,727,588,336,648,538,654
frame_1359.jpg,524,0,712,18,319,21,135,98,1149,108,2,265,1020,373,0,432,878,501,141,568,719,598,325,646,529,657,-1,-1,-1,-1,-1,-1
frame_1366.jpg,557,0,749,19,348,20,925,45,1089,48,156,98,1196,110,1181,237,10,273,1082,384,0,450,940,523,147,602,775,633,347,690,571,702
frame_1367.jpg,547,0,741,17,340,23,920,43,1089,45,152,99,1200,108,10,269,1083,390,0,444,937,528,142,595,767,639,337,687,560,703,-1,-1
frame_1369.jpg,528,0,722,12,324,26,901,35,1184,94,142,104,6,270,1076,374,0,440,932,514,143,587,765,623,338,675,560,689,-1,-1,-1,-1
frame_1372.jpg,519,0,714,9,1068,25,896,29,317,29,1184,84,139,107,1176,216,5,271,1077,366,0,439,933,507,140,583,764,617,335,670,557,684
frame_1373.jpg,529,0,723,13,324,27,905,36,1193,97,144,103,1181,229,8,266,1080,378,0,434,933,518,140,581,763,625,333,672,555,689,-1,-1
frame_1375.jpg,532,0,723,15,328,25,1060,40,897,39,1168,97,144,101,6,267,1070,368,0,439,934,505,147,586,773,612,347,671,570,680,-1,-1
frame_1377.jpg,566,0,359,13,751,25,916,57,1066,67,167,81,1165,126,1152,248,13,246,1064,383,0,426,932,512,150,580,777,616,355,671,577,682
frame_1378.jpg,548,0,344,17,731,22,896,51,1047,58,156,88,1147,117,1137,239,10,254,1050,375,0,432,920,507,149,584,766,613,350,673,569,682
frame_1382.jpg,550,0,343,18,738,22,904,53,156,90,1163,118,9,258,1071,387,0,443,943,526,155,604,790,638,362,699,588,710,-1,-1,-1,-1
frame_1384.jpg,547,0,340,17,731,23,895,53,152,91,1142,119,6,266,1064,387,0,458,946,527,162,622,799,644,375,715,602,721,-1,-1,-1,-1
frame_1386.jpg,552,0,351,6,726,30,876,67,161,71,1011,83,1097,142,10,243,1088,261,1019,393,0,438,906,524,158,605,768,632,367,698,586,705
frame_1387.jpg,548,0,350,2,716,35,161,63,860,75,10,230,1066,267,997,392,0,424,891,516,162,591,760,621,368,685,581,692,-1,-1,-1,-1
frame_1388.jpg,546,0,349,1,712,36,162,61,854,76,977,93,1062,152,11,229,1051,267,985,395,0,426,880,521,159,595,750,626,363,690,575,697
frame_1391.jpg,391,0,585,15,194,48,740,63,870,112,975,137,1052,199,24,221,984,433,0,439,886,557,169,632,766,664,382,734,596,739,-1,-1
frame_1392.jpg,390,0,582,18,197,45,736,70,862,122,973,150,1043,214,26,217,0,438,971,452,162,638,754,685,370,748,581,757,-1,-1,-1,-1
frame_1398.jpg,329,0,168,27,490,33,610,94,704,152,21,191,834,246,0,415,777,456,705,566,145,616,617,662,319,722,489,731,-1,-1,-1,-1
frame_1399.jpg,325,0,164,25,482,37,596,101,686,160,21,190,0,418,752,467,684,576,142,624,600,672,310,732,475,741,-1,-1,-1,-1,-1,-1
frame_1418.jpg,234,0,114,33,453,58,594,116,638,168,12,165,0,328,585,339,523,426,101,470,452,500,225,545,350,552,-1,-1,-1,-1,-1,-1
frame_1439.jpg,220,0,333,17,115,26,423,56,498,94,564,115,21,129,607,164,0,256,536,317,72,378,465,390,386,447,173,455,284,478,-1,-1
frame_1440.jpg,213,0,323,15,108,27,411,52,486,88,551,106,19,129,592,155,0,254,527,306,73,372,458,378,381,435,171,446,283,466,-1,-1
frame_1445.jpg,196,0,302,12,99,27,388,43,461,77,16,123,568,137,0,237,502,282,67,345,433,351,359,403,159,413,263,432,-1,-1,-1,-1
frame_1450.jpg,176,0,274,12,86,28,354,37,419,67,514,121,12,122,0,232,460,257,401,323,66,332,335,375,154,392,250,406,-1,-1,-1,-1
frame_1453.jpg,169,0,265,7,80,30,342,33,408,60,469,71,506,112,10,122,0,228,452,246,394,311,65,323,329,362,151,380,-1,-1,-1,-1
frame_1454.jpg,172,0,268,7,83,29,345,33,412,60,470,74,12,118,0,222,452,245,392,309,62,317,325,359,148,375,241,392,-1,-1,-1,-1
frame_1457.jpg,180,0,275,8,272,13,91,25,349,37,415,64,474,77,17,109,508,118,0,209,448,242,446,246,386,304,58,303,318,351,140,361
frame_1458.jpg,185,0,279,12,97,23,353,41,417,71,476,86,19,106,510,126,0,206,448,252,57,301,383,311,315,357,138,362,229,382,-1,-1
frame_1464.jpg,166,0,259,4,335,26,79,30,404,53,503,99,11,116,0,214,446,226,388,288,61,301,321,337,144,354,238,366,-1,-1,-1,-1
frame_1469.jpg,164,0,259,2,334,23,78,32,399,44,497,88,10,119,446,213,0,216,388,278,63,302,323,329,146,351,-1,-1,-1,-1,-1,-1
frame_1471.jpg,166,0,261,1,336,20,335,25,81,30,402,45,460,55,11,117,484,149,446,216,0,215,389,279,64,301,323,330,149,351,242,363
frame_1472.jpg,164,0,258,3,333,23,79,31,400,46,497,90,10,117,444,217,0,215,387,281,63,300,322,329,146,351,238,361,-1,-1,-1,-1
frame_1473.jpg,166,0,260,4,335,24,82,29,402,47,497,92,11,116,484,152,0,213,444,218,388,281,61,299,322,330,146,351,239,361,-1,-1
frame_1480.jpg,171,0,265,5,340,27,84,28,407,52,466,60,501,98,12,114,0,212,448,222,61,299,321,335,146,352,-1,-1,-1,-1,-1,-1
frame_1484.jpg,172,0,265,5,344,28,83,28,411,50,469,64,507,99,12,115,5,212,0,214,451,225,392,286,64,301,150,355,-1,-1,-1,-1
frame_1494.jpg,195,0,104,20,367,46,432,78,22,101,521,138,0,200,450,260,54,295,386,315,315,357,134,358,228,381,-1,-1,-1,-1,-1,-1
frame_1519.jpg,151,0,237,7,73,30,304,33,362,64,11,125,422,175,0,233,393,245,340,311,58,329,286,362,132,384,-1,-1,-1,-1,-1,-1
frame_1520.jpg,150,0,237,7,305,35,361,63,412,73,443,115,11,125,0,234,391,249,340,314,56,329,129,385,210,396,-1,-1,-1,-1,-1,-1
frame_1523.jpg,154,0,240,9,307,37,362,67,411,78,442,120,11,123,0,232,390,252,339,316,56,329,282,367,129,385,210,397,-1,-1,-1,-1
frame_1539.jpg,193,0,295,13,97,29,374,47,439,81,499,100,17,132,534,142,0,256,474,287,414,358,69,368,346,414,160,435,260,449,-1,-1
frame_1541.jpg,181,0,284,7,86,34,365,36,432,67,492,79,10,142,0,267,478,272,75,376,355,407,168,437,270,445,-1,-1,-1,-1,-1,-1
frame_1543.jpg,178,0,283,6,362,36,84,35,430,65,529,121,8,144,477,271,0,269,420,346,76,378,356,407,169,439,270,447,-1,-1,-1,-1
frame_1551.jpg,168,0,275,3,360,30,72,41,431,59,492,69,534,112,2,156,487,268,0,284,430,346,83,391,366,410,181,448,282,453,-1,-1
frame_1553.jpg,285,1,174,0,374,27,77,40,448,54,556,108,3,156,505,267,0,285,445,346,83,391,379,411,184,450,291,457,-1,-1,-1,-1
frame_1567.jpg,363,0,224,1,477,27,98,49,573,57,657,68,713,115,2,179,651,294,0,322,576,385,107,440,490,459,238,504,374,509,-1,-1
frame_1569.jpg,241,0,384,2,502,31,106,47,602,63,686,76,744,123,3,180,728,209,681,304,0,328,605,396,113,451,515,471,253,518,396,522
frame_1574.jpg,277,0,440,2,576,35,129,48,693,72,797,88,865,141,9,187,782,344,0,343,686,443,117,480,575,523,269,558,432,572,-1,-1
frame_1582.jpg,493,0,304,18,663,20,815,47,951,52,135,84,1048,106,1047,223,5,241,980,353,0,415,869,484,147,565,734,590,343,653,554,660
frame_1584.jpg,518,0,319,20,701,21,869,49,1023,60,142,88,1127,115,1126,238,7,247,1054,382,0,426,934,519,151,586,784,630,357,685,586,700
frame_1585.jpg,532,0,331,17,717,22,886,52,1044,61,150,84,1149,118,1147,241,9,243,1074,382,0,423,952,520,153,585,799,632,363,686,595,702
frame_1586.jpg,546,0,340,18,732,23,905,53,1062,61,155,86,1172,121,1171,247,11,245,1094,388,0,426,967,527,153,589,811,639,366,691,602,709
frame_1588.jpg,566,0,355,17,762,24,943,56,166,83,1227,129,15,245,1148,411,0,429,1014,556,154,603,846,672,371,716,622,741,-1,-1,-1,-1
frame_1591.jpg,624,0,399,15,832,28,1024,65,192,79,1198,80,1322,147,23,241,1235,431,0,435,1089,580,162,619,906,698,396,740,666,768,-1,-1
frame_1592.jpg,643,0,412,12,856,31,1055,72,201,76,1235,89,1367,156,26,242,0,444,1280,456,1129,611,162,637,939,735,405,770,688,805,-1,-1
frame_1596.jpg,727,0,477,2,956,45,244,54,1167,99,1365,131,1497,206,42,219,1490,358,0,428,1383,516,166,641,1211,669,997,785,420,792,720,843
frame_1602.jpg,719,0,479,15,939,28,1143,65,248,77,1331,80,1467,142,43,242,1482,283,1401,438,0,451,1253,603,175,656,1049,739,450,796,-1,-1
frame_1605.jpg,729,0,493,7,946,32,1149,74,1476,158,57,206,0,403,1390,449,1230,602,158,610,1018,726,419,755,734,797,-1,-1,-1,-1,-1,-1
frame_1609.jpg,713,0,482,6,928,33,258,53,1129,74,1451,158,55,197,1462,295,0,386,1376,440,154,584,1218,591,1010,709,413,730,726,775,-1,-1
frame_1610.jpg,721,0,489,6,935,34,265,52,1136,77,1323,100,1458,162,58,191,1468,299,0,381,1379,444,151,581,1221,593,1009,710,409,728,723,775
frame_1615.jpg,730,0,495,18,949,25,1157,57,269,70,1497,127,60,216,1519,263,0,404,1436,412,1279,571,158,600,1059,701,428,740,762,777,-1,-1
frame_1617.jpg,769,0,529,11,994,31,294,57,1206,71,1408,91,1554,151,73,194,1573,290,0,382,1481,437,146,584,1309,594,1076,719,417,738,760,788
frame_1618.jpg,785,0,539,9,1013,35,302,52,1230,77,1434,103,1584,165,75,185,1600,306,0,371,1503,451,146,578,1325,607,1087,727,417,736,764,793
frame_1619.jpg,717,0,469,6,949,34,230,49,1171,76,0,182,1548,309,1450,459,66,578,1269,614,1021,737,336,738,690,799,-1,-1,-1,-1,-1,-1
frame_1620.jpg,805,0,556,10,1037,32,313,53,1259,73,1623,158,81,184,1644,299,0,368,1549,447,146,574,1370,603,1122,728,424,734,785,793,-1,-1
frame_1623.jpg,732,0,480,12,971,32,236,56,1202,73,1423,98,1584,159,0,189,1606,307,1504,461,48,587,1313,625,1050,753,323,754,696,819,-1,-1
frame_1624.jpg,812,0,560,17,1053,26,1288,61,317,68,1675,144,83,202,1701,290,0,389,1601,446,139,593,1408,615,1144,746,417,757,789,815,-1,-1
frame_1626.jpg,806,0,1049,24,552,23,1287,57,309,77,1680,135,78,217,1704,283,0,408,1604,442,144,610,1412,613,1146,751,422,769,793,823,-1,-1
frame_1629.jpg,815,0,562,15,1058,28,316,62,1291,67,1513,89,1676,151,82,200,1699,298,0,387,1594,455,142,595,1402,620,1139,750,420,758,788,817
frame_1630.jpg,816,0,561,13,1057,28,314,61,1288,69,1669,153,80,200,1690,300,0,390,1588,453,145,598,1396,620,1137,747,423,759,790,815,-1,-1
frame_1633.jpg,826,0,572,10,1066,36,325,53,1297,79,1676,173,86,183,1692,319,0,370,1586,470,139,579,1390,630,414,747,1126,752,778,812,-1,-1
frame_1635.jpg,819,0,565,11,1060,34,319,55,1293,77,1516,105,1677,171,84,187,1695,319,0,374,1585,475,135,583,1387,636,405,752,1119,762,768,820
frame_1639.jpg,786,0,1032,18,528,20,1274,53,288,78,67,227,0,417,1573,459,143,619,1370,631,1101,763,410,774,760,829,-1,-1,-1,-1,-1,-1
frame_1641.jpg,759,0,1001,17,508,29,1236,44,271,95,1623,115,58,251,1640,267,1531,433,0,444,1340,606,152,638,1088,742,419,780,762,820,-1,-1
frame_1642.jpg,986,0,496,8,1217,29,262,74,1596,102,53,230,1612,250,1505,415,0,423,1317,584,156,616,1073,717,422,754,756,793,-1,-1,-1,-1
frame_1644.jpg,741,0,497,11,968,35,266,62,1186,77,58,207,1544,311,0,395,1439,464,150,594,1260,615,1025,733,406,740,725,792,-1,-1,-1,-1
frame_1645.jpg,732,0,494,2,954,40,265,50,1163,88,1360,116,1499,185,59,190,1498,329,0,377,1391,476,145,578,1214,621,392,728,989,731,699,784
frame_1646.jpg,489,0,725,4,261,39,941,50,1143,103,55,175,1459,345,0,360,1351,485,146,561,1180,620,388,710,963,722,686,769,-1,-1,-1,-1
frame_1647.jpg,491,0,725,9,264,35,938,57,1135,114,1320,148,58,172,1445,222,1436,357,0,355,1327,494,141,555,1154,625,378,704,940,722,668,764
frame_1649.jpg,470,0,697,2,253,41,906,43,1100,93,1288,123,55,179,1410,191,1400,328,0,358,1288,465,135,549,1116,598,360,689,905,697,638,742
frame_1650.jpg,666,0,444,6,875,35,234,53,1071,78,1263,104,1387,169,47,193,1379,306,0,369,1265,449,132,551,1092,585,349,684,882,685,620,733
frame_1651.jpg,644,0,427,11,852,28,225,61,1051,66,41,203,0,373,1247,434,126,552,1070,573,859,675,335,679,600,725,-1,-1,-1,-1,-1,-1
frame_1652.jpg,626,0,410,13,833,27,1034,62,210,68,1228,80,1362,146,39,208,1355,287,0,378,1239,433,126,550,1061,574,850,676,332,675,593,723
frame_1654.jpg,632,0,419,2,832,37,217,49,1020,82,1203,105,1324,173,42,185,1313,307,0,355,1199,444,128,531,1029,573,332,659,829,666,584,708
frame_1655.jpg,436,0,648,6,232,39,845,49,1031,98,50,171,1328,200,1309,332,0,339,1189,462,119,517,1015,584,317,648,811,669,566,704,-1,-1
frame_1656.jpg,439,0,652,8,235,39,849,53,1034,106,52,165,1329,213,0,330,1308,342,1186,472,115,510,1009,592,311,645,804,674,559,705,-1,-1
frame_1659.jpg,595,0,390,15,797,23,996,58,200,70,1328,139,40,204,1314,281,0,363,1179,428,106,522,993,561,291,643,778,655,531,695,-1,-1
frame_1660.jpg,579,0,377,16,778,23,975,55,194,71,1307,136,37,204,1295,274,0,359,1164,422,106,517,980,556,288,636,768,649,524,686,-1,-1
frame_1662.jpg,581,0,382,12,776,26,198,65,967,64,1161,79,1288,146,40,196,1270,284,0,350,1136,426,103,507,951,555,277,625,743,642,506,676
frame_1663.jpg,581,0,382,14,778,26,972,60,198,69,1300,144,40,199,1281,282,0,352,1143,427,101,508,953,556,274,626,740,644,501,678,-1,-1
frame_1664.jpg,576,0,777,17,377,21,979,46,195,80,1323,120,38,215,1308,266,0,370,1163,418,100,523,967,557,272,639,748,651,503,689,-1,-1
frame_1667.jpg,592,0,795,20,392,20,1000,51,1215,62,207,79,1356,132,45,213,1335,282,0,368,1179,439,90,527,969,579,257,650,740,672,488,706
frame_1671.jpg,1168,0,715,2,518,7,929,11,335,47,1330,56,171,119,1314,221,35,256,0,400,1138,405,74,540,910,562,219,651,672,664,427,701
frame_1677.jpg,839,0,625,18,442,47,285,107,143,193,30,331,1065,397,0,466,824,581,60,594,180,694,587,695,362,738,-1,-1,-1,-1,-1,-1
frame_1686.jpg,1023,0,790,35,597,46,430,65,281,116,147,194,1163,225,34,324,967,423,0,454,49,578,741,589,154,678,520,689,316,725,-1,-1
frame_1688.jpg,1040,0,804,30,610,35,439,49,1201,50,291,96,1177,231,37,298,0,427,973,428,45,554,739,589,144,658,513,683,306,711,-1,-1
frame_1693.jpg,1024,0,794,24,605,26,436,37,1179,50,290,83,154,157,1155,226,36,283,0,413,961,419,46,542,736,577,148,646,515,671,310,700
frame_1695.jpg,1027,0,799,26,607,26,440,38,1181,50,292,83,155,155,1157,226,38,282,0,412,961,418,45,539,734,574,147,643,513,667,308,696
frame_1696.jpg,1033,0,614,24,804,24,445,32,1187,55,298,76,160,147,1162,230,40,273,0,403,964,421,44,532,735,574,145,639,514,668,307,695
frame_1698.jpg,1037,0,615,23,806,23,446,34,1194,55,295,77,159,149,1168,231,40,275,0,406,967,423,45,535,736,578,144,641,513,671,306,697
frame_1700.jpg,1041,0,615,20,807,21,445,29,1198,54,296,72,158,143,1172,233,40,269,0,399,969,425,44,529,737,579,142,636,512,670,303,693
frame_1701.jpg,1044,0,617,19,811,22,449,28,1200,57,298,70,159,140,1172,236,41,265,0,394,968,425,45,525,734,578,143,631,509,667,303,689
frame_1710.jpg,444,0,608,3,1014,11,792,17,295,33,1152,74,157,97,38,221,1120,242,0,351,931,416,47,483,715,555,149,593,504,635,306,653
frame_1711.jpg,431,0,595,1,997,1,779,12,283,35,1143,66,150,101,36,224,1114,234,0,352,924,410,49,481,710,549,150,588,501,629,305,646
frame_1720.jpg,992,0,547,17,373,23,748,24,227,67,1156,74,102,148,1125,270,11,288,0,422,922,470,66,552,710,615,176,655,511,696,327,711
frame_1722.jpg,984,0,536,15,360,19,739,23,211,62,1152,80,89,144,1121,277,4,286,0,421,923,477,72,552,714,619,183,655,519,697,337,712
frame_1726.jpg,564,0,221,2,778,35,1040,43,92,77,1205,154,3,219,0,358,1149,355,73,497,926,530,185,611,707,641,335,684,512,692,-1,-1
frame_1729.jpg,357,0,544,16,203,26,762,48,1023,50,1195,159,0,248,1149,359,934,539,207,634,724,654,358,704,534,708,-1,-1,-1,-1,-1,-1
frame_1738.jpg,196,1,567,0,791,36,1046,41,67,82,1209,146,0,233,1171,328,24,375,983,494,133,508,273,608,791,604,612,662,437,666,-1,-1
frame_1740.jpg,357,0,558,16,192,26,1038,43,782,47,66,109,1208,147,0,260,1172,330,26,398,984,499,134,527,791,612,272,625,612,672,437,679
frame_1747.jpg,379,0,589,12,203,29,1075,30,818,37,68,116,1246,126,0,270,1216,305,27,413,1033,481,841,602,293,638,655,673,471,688,-1,-1
frame_1748.jpg,377,0,588,11,203,30,1075,26,816,35,69,118,1248,119,0,273,1218,301,29,415,1036,478,148,543,842,601,296,639,659,670,473,687
frame_1750.jpg,373,0,582,10,1075,22,197,32,814,32,66,120,1250,115,0,275,1220,297,31,417,1038,475,151,544,846,598,301,638,660,670,477,686
frame_1757.jpg,379,0,604,11,1110,25,185,33,847,35,1284,118,37,126,1251,296,0,441,1071,476,876,604,300,664,685,682,489,707,-1,-1,-1,-1
frame_1758.jpg,421,0,650,12,1156,26,224,34,893,35,1325,117,74,127,0,295,1293,297,34,445,1113,476,169,577,917,604,338,668,724,683,530,709
frame_1760.jpg,422,0,651,9,1157,17,893,30,224,36,1328,108,74,133,1295,285,0,302,38,452,1117,466,175,582,923,598,345,671,733,678,538,708
frame_1762.jpg,413,0,640,6,1148,9,882,25,218,37,1323,100,70,134,1290,279,0,301,36,449,1110,463,171,577,914,595,339,666,723,677,530,704
frame_1768.jpg,407,0,630,7,1136,12,870,26,215,36,1308,101,71,131,1277,280,0,296,34,443,1096,461,166,570,901,591,331,659,710,673,519,699
frame_1769.jpg,404,0,626,7,1124,13,863,26,214,37,1295,102,70,129,1263,278,0,292,33,439,1084,461,163,566,890,591,325,655,703,670,511,695
frame_1770.jpg,401,0,620,7,1110,16,854,28,214,34,1278,103,70,127,1248,278,0,289,35,433,1074,454,165,559,884,582,326,647,699,661,511,687
frame_1779.jpg,402,0,226,19,598,23,807,55,1036,60,82,93,1181,147,0,237,1148,302,15,375,984,455,126,504,803,565,272,597,625,631,444,645
frame_1781.jpg,402,0,227,17,598,24,806,58,1035,65,85,89,1179,153,0,230,1146,308,12,369,979,460,120,498,797,569,265,594,618,632,436,645
frame_1786.jpg,328,0,150,19,527,23,737,58,970,66,0,91,1116,158,1078,323,898,486,701,602,141,626,510,670,316,685,-1,-1,-1,-1,-1,-1
frame_1789.jpg,418,0,610,7,1046,19,814,26,249,32,1197,96,104,112,3,259,1170,267,0,403,996,446,94,538,799,582,233,640,605,665,410,690
frame_1790.jpg,422,0,610,5,1041,13,813,22,252,34,1190,87,108,113,6,260,1164,258,0,403,992,436,91,537,795,576,226,639,600,660,404,687
frame_1792.jpg,1017,0,601,7,417,9,797,16,251,48,1162,65,108,129,1144,232,7,275,983,410,0,417,90,548,793,555,227,644,600,648,405,684
frame_1794.jpg,1024,0,440,2,626,2,817,13,270,41,1157,61,117,124,1144,217,7,275,1000,388,0,423,824,535,101,555,639,634,251,648,438,680
frame_1795.jpg,463,0,648,5,1040,12,838,21,290,33,1171,75,1152,225,14,259,1007,392,0,406,829,533,96,542,639,630,246,639,435,673,-1,-1
frame_1804.jpg,596,0,421,5,774,5,1084,38,254,43,109,122,1076,175,4,265,954,329,0,404,799,468,105,524,629,568,256,602,441,620,-1,-1
frame_1807.jpg,1028,0,468,5,654,5,840,14,288,44,1154,53,127,125,1145,191,8,274,1022,350,0,423,861,493,112,552,681,597,278,636,479,655
frame_1808.jpg,475,0,664,0,290,38,1168,48,127,121,8,276,1038,355,0,428,874,501,116,561,693,607,285,646,489,665,-1,-1,-1,-1,-1,-1
frame_1810.jpg,511,0,704,11,313,26,893,30,138,99,1189,225,8,252,1064,372,0,409,903,505,125,546,723,604,304,635,515,657,-1,-1,-1,-1
frame_1817.jpg,414,0,851,25,1037,66,196,68,1211,83,1321,155,22,240,1299,286,1185,430,0,431,1026,565,157,602,842,670,372,705,618,731,-1,-1
frame_1823.jpg,443,0,673,10,217,51,869,59,1036,113,1186,139,1281,211,26,227,1260,336,0,437,1167,470,1026,599,171,629,861,702,400,743,647,765
frame_1839.jpg,355,0,543,21,174,30,697,74,830,128,943,160,19,171,1024,223,1018,333,0,364,965,446,870,559,156,557,749,650,362,677,576,706
frame_1841.jpg,366,0,189,20,548,29,699,88,827,148,32,145,938,185,1017,251,0,332,1007,359,952,470,143,531,853,577,729,663,342,666,552,708
frame_1843.jpg,363,0,186,17,544,33,694,94,30,142,819,156,0,332,999,369,148,533,850,580,729,664,346,667,555,709,-1,-1,-1,-1,-1,-1
frame_1848.jpg,230,0,405,10,576,68,58,98,711,150,825,228,924,281,0,282,992,356,969,460,117,506,909,559,803,653,297,671,677,721,499,744
frame_1849.jpg,231,0,404,16,573,77,59,94,704,161,815,242,0,273,913,296,979,373,955,476,110,499,891,573,788,664,285,668,660,728,485,746
frame_1850.jpg,230,0,400,15,567,78,60,91,699,162,809,244,0,268,910,302,972,376,946,480,108,492,884,575,775,665,278,662,649,727,475,742
frame_1854.jpg,219,0,394,11,567,71,53,98,705,157,822,240,0,276,925,299,991,376,963,481,112,494,893,577,283,657,782,665,653,724,479,736
frame_1856.jpg,209,0,384,6,562,60,46,104,704,143,823,224,929,278,0,284,1000,356,974,465,119,500,907,565,796,656,293,660,665,719,491,735
frame_1859.jpg,211,0,388,4,567,57,49,102,708,140,829,220,934,275,0,283,1006,352,981,460,117,499,914,561,800,653,293,659,669,717,491,733
frame_1864.jpg,223,0,399,10,576,68,52,99,716,154,834,235,0,277,939,291,1008,370,983,477,116,498,915,576,805,665,293,663,672,727,494,742
frame_1866.jpg,221,0,397,10,574,70,51,100,715,154,835,236,0,279,940,292,1010,372,986,480,114,500,917,579,805,669,290,666,671,731,493,745
frame_1870.jpg,218,0,395,8,575,64,52,101,716,148,839,228,949,286,0,282,1017,362,993,470,119,500,927,570,815,661,297,664,681,725,502,742
frame_1871.jpg,220,0,397,9,575,67,53,99,716,152,837,234,0,279,942,290,1014,369,988,478,115,500,919,578,807,669,291,667,673,732,494,746
frame_1873.jpg,222,0,397,10,576,66,54,100,717,151,841,232,0,278,948,288,1019,370,994,477,113,498,924,579,289,665,811,670,675,734,491,747
frame_1874.jpg,220,0,395,9,574,67,53,100,717,151,839,234,0,279,948,290,1021,371,996,480,114,498,928,581,291,667,814,673,677,736,495,750
frame_1876.jpg,218,0,395,8,575,65,50,101,720,149,840,232,947,288,0,283,1020,368,995,477,117,504,926,579,816,671,296,671,681,735,501,750
frame_1877.jpg,208,0,387,2,571,52,41,112,720,132,846,211,958,266,0,299,1030,342,1009,453,129,517,943,558,835,654,314,676,702,723,522,746
frame_1885.jpg,343,0,539,11,154,42,700,57,837,105,2,196,1040,297,1004,412,0,403,923,532,192,592,813,636,425,699,646,708,-1,-1,-1,-1
frame_1886.jpg,333,0,531,8,147,41,695,53,838,101,955,127,1046,185,0,197,1,402,1013,416,930,538,190,591,816,642,419,701,647,713,-1,-1
frame_1892.jpg,332,0,714,31,142,57,864,73,993,93,1089,150,0,222,1094,270,1047,395,6,425,954,526,195,603,832,634,424,703,652,710,-1,-1
frame_1893.jpg,342,0,547,2,723,43,151,49,872,89,1004,114,1093,173,1,210,1093,291,1043,413,0,411,943,541,182,594,817,645,407,701,634,714
frame_1899.jpg,554,0,348,8,729,31,880,66,152,70,1013,81,1103,133,1106,246,0,241,1056,371,5,439,962,500,197,607,839,611,659,692,430,694
frame_1904.jpg,525,0,328,9,691,30,834,64,141,71,954,77,1041,129,0,237,989,357,6,428,897,480,781,583,187,584,613,659,401,664,-1,-1
frame_1905.jpg,507,0,315,13,670,24,809,52,136,73,1010,110,1014,213,0,241,966,330,9,425,880,450,767,554,187,572,606,632,399,643,-1,-1
frame_1913.jpg,452,0,613,9,879,26,755,27,271,28,968,70,109,105,970,177,0,271,918,302,828,427,18,439,715,532,178,565,560,611,369,625
frame_1918.jpg,435,0,584,13,265,20,820,34,711,32,899,75,108,91,900,176,0,250,851,288,15,413,667,500,169,533,527,574,349,585,-1,-1
frame_1921.jpg,449,0,277,13,598,21,728,48,841,55,117,76,920,104,916,206,0,228,860,321,4,394,770,435,659,531,148,529,509,598,326,600
frame_1928.jpg,281,0,580,32,123,51,693,63,0,196,843,208,799,306,3,361,723,403,628,487,152,491,494,549,326,555,-1,-1,-1,-1,-1,-1
frame_1929.jpg,443,1,280,0,576,26,686,56,121,52,778,68,841,112,0,198,791,295,3,363,715,394,621,480,149,491,489,544,322,552,-1,-1
frame_1931.jpg,439,1,279,0,568,31,125,47,675,63,766,75,828,120,3,186,821,205,774,300,0,345,695,396,602,478,137,476,469,538,304,541
frame_1932.jpg,309,0,470,13,149,35,597,52,703,90,791,111,850,158,16,166,781,331,0,325,700,419,130,465,598,495,292,540,459,547,-1,-1
frame_1954.jpg,317,0,430,13,193,11,532,30,622,35,82,58,688,71,1,163,630,237,0,275,551,320,93,369,460,388,212,424,345,430,-1,-1
frame_1955.jpg,320,0,197,7,431,14,529,35,86,51,677,155,3,154,624,240,0,265,547,323,91,361,457,387,210,420,341,427,-1,-1,-1,-1
frame_1957.jpg,317,0,193,10,427,14,527,33,620,35,83,54,682,74,678,147,2,158,625,239,0,271,548,323,91,366,458,389,211,423,342,430
frame_1963.jpg,327,0,204,5,437,18,535,40,93,45,626,48,686,87,7,145,678,162,624,246,0,255,543,326,87,353,452,388,205,413,334,425
frame_1965.jpg,345,0,219,0,455,22,103,36,550,49,638,60,695,100,10,137,681,174,0,250,629,254,549,330,88,351,456,390,207,413,338,425
frame_1984.jpg,336,0,209,0,440,24,91,43,529,51,656,102,2,162,601,261,0,292,534,344,101,399,455,411,223,455,349,458,-1,-1,-1,-1
frame_1988.jpg,211,0,337,0,437,27,95,41,523,55,646,108,6,158,591,267,0,289,524,345,98,399,447,415,218,457,343,461,-1,-1,-1,-1
frame_1989.jpg,213,0,337,3,436,31,96,39,521,61,593,74,642,116,6,157,630,190,587,276,0,291,520,357,96,403,443,424,215,465,338,469
frame_1993.jpg,209,0,332,7,428,37,96,39,508,70,577,81,621,129,7,161,0,300,502,375,93,419,427,443,210,483,328,488,-1,-1,-1,-1
frame_2024.jpg,111,0,189,5,246,30,43,37,329,67,359,102,0,154,338,243,2,285,307,318,270,384,70,389,216,433,145,439,-1,-1,-1,-1
frame_2026.jpg,105,0,185,3,244,26,40,39,293,50,329,60,362,95,0,157,345,236,9,288,81,388,230,426,160,434,-1,-1,-1,-1,-1,-1
frame_2058.jpg,305,0,149,31,561,99,642,156,12,216,752,246,711,458,0,471,655,573,587,679,156,683,479,765,324,777,-1,-1,-1,-1,-1,-1
frame_2063.jpg,349,0,180,24,612,112,692,172,24,211,799,265,752,472,0,476,691,587,618,692,162,696,503,779,342,792,-1,-1,-1,-1,-1,-1
frame_2065.jpg,364,0,192,21,521,48,628,117,708,178,29,205,812,273,793,368,762,478,0,470,697,590,622,695,160,692,502,779,341,790,-1,-1
frame_2066.jpg,357,0,189,22,519,45,625,112,704,173,29,208,759,471,0,471,696,584,621,689,162,691,504,774,343,787,-1,-1,-1,-1,-1,-1
frame_2069.jpg,369,0,529,48,639,119,722,180,27,209,829,274,778,480,0,477,715,592,639,696,169,698,519,781,354,795,-1,-1,-1,-1,-1,-1
frame_2087.jpg,382,0,562,34,193,31,695,96,800,154,884,185,26,198,942,248,0,423,870,458,784,567,158,621,681,662,351,723,535,729,-1,-1
frame_2093.jpg,366,0,551,30,181,32,688,90,797,147,888,178,18,195,947,241,0,402,864,447,772,550,151,585,664,637,336,683,516,695,-1,-1
frame_2098.jpg,406,0,595,32,210,33,742,90,859,147,960,178,32,187,1023,242,0,394,933,452,830,558,150,580,710,647,345,687,544,704,-1,-1
frame_2100.jpg,393,0,582,26,199,35,733,81,855,136,960,166,30,189,1026,230,1003,334,0,390,935,444,830,551,149,575,706,641,340,679,540,698
frame_2106.jpg,367,0,557,18,184,39,713,69,848,121,970,147,28,182,1043,215,0,358,931,435,127,526,808,539,669,618,302,632,495,662,-1,-1
frame_2107.jpg,372,0,562,18,189,38,722,68,861,121,31,178,1064,217,0,353,947,440,124,522,820,545,676,624,299,631,496,666,-1,-1,-1,-1
frame_2108.jpg,370,0,563,15,186,42,729,64,871,117,1001,145,30,183,1084,213,1056,326,0,359,966,443,126,529,837,552,689,634,304,640,505,676
frame_2111.jpg,374,0,573,11,187,44,748,57,902,108,1045,137,29,187,1135,206,0,359,1006,445,124,527,864,555,704,638,303,639,510,677,-1,-1
frame_2118.jpg,540,0,342,4,723,33,161,60,893,73,1054,90,1156,158,19,202,1133,281,0,363,1024,410,123,516,875,527,706,613,299,618,506,654
frame_2122.jpg,501,0,687,18,306,19,865,46,136,85,1148,114,8,231,1029,376,0,386,879,505,125,526,711,599,301,620,509,647,-1,-1,-1,-1
frame_2127.jpg,519,0,327,11,698,24,862,57,1018,68,151,71,1118,128,14,217,1101,247,999,375,0,376,858,494,127,518,699,583,304,609,507,632
frame_2133.jpg,501,0,684,16,307,22,856,39,1020,41,134,92,1129,97,1118,219,5,244,1021,358,0,403,882,486,133,542,721,585,317,627,526,643
frame_2135.jpg,511,0,696,15,315,22,870,39,1034,41,139,92,1145,98,1135,222,7,247,1037,361,0,410,897,492,135,551,734,594,321,638,535,654
frame_2138.jpg,544,0,743,16,336,25,930,43,150,99,1227,108,9,265,1110,392,0,436,958,534,141,589,780,642,338,684,567,706,-1,-1,-1,-1
frame_2140.jpg,573,0,785,17,356,24,986,46,163,100,1309,117,15,263,1164,416,0,435,991,559,136,589,796,664,333,691,568,720,-1,-1,-1,-1
frame_2141.jpg,559,0,775,10,1191,29,986,31,341,31,152,111,1299,244,10,276,1190,408,0,446,1012,559,135,600,809,670,333,699,573,729,-1,-1
frame_2142.jpg,578,0,795,16,356,24,1218,51,165,100,17,259,0,430,1203,431,1016,577,132,589,809,684,328,699,569,736,-1,-1,-1,-1,-1,-1
frame_2143.jpg,569,0,791,10,345,32,1011,35,155,114,13,281,1228,435,0,454,1042,592,134,614,829,707,335,726,582,763,-1,-1,-1,-1,-1,-1
frame_2144.jpg,569,0,795,11,1218,33,344,33,1019,32,153,114,12,278,0,447,1049,586,135,605,831,700,334,715,582,753,-1,-1,-1,-1,-1,-1
frame_2146.jpg,590,0,817,17,363,28,1038,45,1252,49,164,109,15,277,1245,452,0,454,1054,607,136,619,838,720,338,735,588,774,-1,-1,-1,-1
frame_2147.jpg,593,0,822,14,364,30,1043,40,1260,42,163,113,14,283,1249,446,0,462,1058,602,139,626,844,717,345,737,596,773,-1,-1,-1,-1
frame_2148.jpg,590,0,823,11,1261,37,358,35,1051,35,158,120,12,294,1262,445,0,472,1071,607,142,635,853,722,348,746,600,781,-1,-1,-1,-1
frame_2152.jpg,595,0,815,12,1214,29,1020,33,364,35,1345,92,157,124,1337,239,4,312,1224,405,0,502,1062,564,165,663,873,689,389,757,641,767
frame_2155.jpg,607,0,830,11,1247,31,1042,33,372,35,1378,93,163,126,1367,244,6,314,1250,416,0,507,1081,577,164,671,884,704,388,768,645,782
frame_2156.jpg,601,0,828,7,1248,20,1044,25,366,38,1387,83,157,131,1379,236,3,322,1262,410,0,514,1093,575,165,677,894,706,392,775,652,786
frame_2158.jpg,625,0,851,16,389,30,1067,41,1412,109,175,117,1401,260,13,301,1281,433,0,496,1106,596,160,668,901,723,386,776,651,797,-1,-1
frame_2160.jpg,609,0,835,11,1052,32,377,34,1404,97,171,123,1390,250,13,308,1268,427,0,500,1090,594,155,668,885,722,377,774,637,795,-1,-1
frame_2161.jpg,591,0,816,10,1238,29,1030,31,362,36,1374,92,157,128,1365,245,6,312,1245,419,0,501,1072,583,156,666,872,710,376,767,630,786
frame_2162.jpg,569,0,793,4,1009,20,342,42,1352,75,143,137,2,323,1221,405,0,509,1049,570,156,663,851,697,370,759,617,773,-1,-1,-1,-1
frame_2163.jpg,774,1,552,0,987,12,327,47,1332,62,134,142,0,327,1199,392,2,506,1026,556,154,653,831,680,362,742,-1,-1,-1,-1,-1,-1
frame_2166.jpg,518,0,1083,4,718,2,907,13,310,40,1204,56,127,131,1202,190,0,305,1106,345,7,477,964,495,799,613,163,614,593,690,367,690
frame_2167.jpg,1061,0,706,2,512,3,890,12,306,43,1179,50,126,134,1178,179,0,308,1086,331,7,476,951,478,790,597,164,609,590,676,367,680
frame_2169.jpg,1045,0,688,9,494,14,871,15,1165,47,294,57,121,149,1166,179,0,320,1074,333,938,483,8,486,778,603,159,617,577,684,358,688
frame_2170.jpg,1050,0,685,9,871,15,490,14,1170,47,290,59,119,149,1169,180,0,317,1073,335,8,479,933,484,767,602,153,607,565,679,348,679
frame_2171.jpg,668,0,852,7,478,6,280,51,113,141,0,308,1062,322,9,469,926,471,766,589,157,596,566,667,350,667,-1,-1,-1,-1,-1,-1
frame_2176.jpg,479,0,659,3,978,6,825,15,289,35,1084,53,118,117,1084,173,0,280,1004,312,7,442,883,448,739,559,156,570,556,634,347,638
frame_2177.jpg,969,0,650,5,471,7,815,13,1076,44,283,45,116,130,1079,163,0,296,1001,303,884,442,9,456,742,555,159,580,559,634,352,644
frame_2178.jpg,652,2,474,0,976,3,819,13,285,37,1082,49,117,120,0,282,999,307,876,443,6,442,731,554,151,567,546,630,340,634,-1,-1
frame_2181.jpg,944,0,623,2,449,1,789,11,268,37,1052,46,109,117,1051,165,0,271,968,303,6,421,845,436,699,542,141,543,519,611,321,611
frame_2182.jpg,449,0,620,3,268,33,1036,50,110,112,0,258,946,298,4,404,823,424,136,523,680,525,504,590,310,589,-1,-1,-1,-1,-1,-1
frame_2183.jpg,434,0,603,2,760,12,259,33,1010,50,106,109,0,257,929,292,6,403,811,418,674,519,139,519,500,584,311,584,-1,-1,-1,-1
frame_2184.jpg,433,0,597,3,894,9,750,14,258,31,989,51,107,105,984,162,0,252,910,288,8,398,797,410,664,508,139,512,497,574,310,575
frame_2188.jpg,424,0,579,9,261,20,857,27,722,26,949,71,114,81,5,211,864,287,0,344,751,397,116,461,617,484,274,528,453,538,-1,-1
frame_2192.jpg,453,0,293,1,599,26,143,44,733,57,861,71,940,123,19,161,925,219,0,293,838,321,719,416,101,417,583,487,247,499,419,523
frame_2193.jpg,445,0,286,5,591,24,137,51,725,54,858,68,935,116,18,169,920,214,0,300,833,317,715,413,102,421,580,485,248,501,418,523
frame_2197.jpg,440,0,276,4,592,26,128,50,735,57,962,127,15,167,939,228,0,295,839,334,98,415,710,427,567,493,238,495,404,524,-1,-1
frame_2203.jpg,304,0,471,5,149,40,622,41,763,80,903,102,24,154,984,162,956,262,0,285,850,365,93,413,714,453,233,504,568,515,400,540
frame_2204.jpg,309,0,477,7,152,39,632,42,630,47,25,152,1002,173,0,283,858,379,90,411,716,466,227,504,566,525,395,545,-1,-1,-1,-1
frame_2205.jpg,304,0,472,5,631,40,148,42,779,82,926,103,21,158,1012,167,982,272,0,290,872,378,95,420,730,468,236,511,577,529,406,552
frame_2207.jpg,476,0,300,5,639,28,138,58,789,62,935,76,1022,135,14,188,992,241,0,329,892,356,758,457,109,457,610,530,262,540,438,568
frame_2211.jpg,494,0,305,9,670,25,835,59,996,70,136,70,1091,134,9,210,1060,250,0,356,942,374,793,481,114,484,633,558,271,568,454,596
frame_2214.jpg,527,0,325,6,715,33,148,65,895,75,1075,94,1178,167,15,204,0,350,996,419,109,486,825,524,264,581,647,594,454,622,-1,-1
frame_2220.jpg,502,0,705,13,297,25,1091,35,900,36,1203,101,121,103,1176,234,1,258,1044,384,0,409,874,510,125,539,696,601,295,622,495,647
frame_2224.jpg,501,0,698,16,297,21,884,43,120,96,1177,109,0,250,1011,374,2,400,849,494,129,526,679,578,297,602,490,623,-1,-1,-1,-1
frame_2227.jpg,520,0,308,20,721,23,906,52,124,97,1197,125,0,259,1021,392,4,413,857,508,136,540,687,593,306,617,498,638,-1,-1,-1,-1
frame_2228.jpg,519,0,307,18,719,22,908,53,1091,58,124,96,1199,128,1158,256,0,257,1023,397,5,411,857,513,135,541,687,598,305,619,498,640
frame_2230.jpg,516,0,717,19,306,20,905,46,123,99,1196,116,0,260,1023,383,5,411,859,500,138,538,690,586,309,613,502,631,-1,-1,-1,-1
frame_2231.jpg,516,0,306,19,717,21,905,51,1090,54,125,95,1199,123,0,252,1023,387,3,403,857,504,133,529,684,587,302,608,494,628,-1,-1
frame_2232.jpg,521,0,311,15,723,20,914,52,128,90,1213,129,2,245,1167,256,0,394,1026,396,854,512,679,593,484,632,-1,-1,-1,-1,-1,-1
frame_2234.jpg,522,0,312,14,724,25,917,57,1111,64,130,85,1218,138,2,239,1172,266,0,388,1026,405,851,518,122,519,673,597,478,633,-1,-1
frame_2235.jpg,517,0,305,16,721,23,917,56,1112,64,123,90,1226,139,0,244,1,393,1033,408,857,521,124,523,677,599,290,606,483,635,-1,-1
frame_2241.jpg,510,0,716,14,299,25,1103,35,912,37,1218,101,117,107,0,268,1043,375,10,418,876,495,144,540,703,584,316,613,511,631,-1,-1
frame_2244.jpg,512,0,718,13,299,24,1108,33,915,36,1225,100,119,106,1187,228,0,264,1049,374,7,412,879,494,139,535,703,581,311,610,508,628
frame_2245.jpg,513,0,718,13,302,24,1105,33,913,35,1219,99,121,106,1183,226,0,266,1046,371,6,417,880,492,140,539,706,581,314,613,512,629
frame_2248.jpg,511,0,715,9,1095,22,299,27,908,27,1209,84,117,113,0,279,1048,357,13,430,889,481,153,550,721,576,331,619,530,630,-1,-1
frame_2249.jpg,514,0,719,12,302,25,1100,28,911,32,1213,92,119,109,1179,219,0,272,1047,364,9,424,886,487,148,546,715,579,324,618,523,630
frame_2250.jpg,515,0,720,12,303,25,1102,30,914,33,1216,93,120,108,1181,221,0,271,1049,365,10,423,887,488,149,545,716,580,326,617,524,630
frame_2253.jpg,518,0,723,15,306,22,916,41,122,104,1217,107,0,267,1049,378,9,421,886,500,146,546,715,591,323,622,521,639,-1,-1,-1,-1
frame_2255.jpg,527,0,314,15,731,21,921,51,126,93,1215,125,1177,252,0,256,1043,393,6,412,880,511,142,544,708,598,315,624,516,643,-1,-1
frame_2256.jpg,527,0,314,18,726,22,912,51,1092,53,126,96,1200,123,0,261,1040,386,6,420,879,511,146,551,717,596,324,629,521,649,-1,-1
frame_2257.jpg,318,0,727,7,910,36,130,73,1192,107,0,236,1034,366,3,395,878,485,141,527,711,573,321,604,520,621,-1,-1,-1,-1,-1,-1
frame_2263.jpg,575,0,370,1,761,34,175,60,928,74,1087,90,1184,156,19,215,0,383,1047,403,899,521,132,538,731,611,317,633,530,660,-1,-1
frame_2269.jpg,559,0,357,9,741,25,907,59,166,74,1158,130,15,232,1042,378,0,401,904,502,139,550,743,599,330,640,544,656,-1,-1,-1,-1
frame_2271.jpg,546,0,345,12,730,24,895,54,1050,62,157,79,1149,122,1132,239,12,235,1032,370,0,403,895,492,140,549,736,589,331,635,542,648
frame_2273.jpg,576,0,374,2,757,32,179,60,918,70,1068,85,1162,147,21,214,1142,261,1043,388,0,383,904,506,138,539,744,599,330,633,546,653
frame_2276.jpg,563,0,367,3,738,32,179,57,896,69,1042,84,1137,145,23,207,0,377,1033,385,899,505,135,534,742,600,327,633,544,656,-1,-1
frame_2280.jpg,518,0,328,14,700,21,870,52,1036,64,155,72,1143,120,18,210,1128,244,0,364,1032,373,886,496,124,509,720,586,303,605,517,634
frame_2284.jpg,509,0,694,12,317,24,870,33,1036,36,1154,87,145,88,1159,211,12,231,1074,348,0,391,937,483,135,534,771,588,330,629,560,649
frame_2288.jpg,536,0,342,14,721,24,898,55,1066,67,165,68,1183,125,22,201,1178,249,0,357,1082,381,936,506,126,507,760,599,315,613,543,647
frame_2290.jpg,551,0,354,10,737,27,176,60,915,63,1087,82,1203,140,28,189,0,345,1096,390,121,500,943,514,762,604,309,609,539,648,-1,-1
frame_2291.jpg,560,0,364,2,746,33,184,46,922,74,1092,97,1208,160,32,170,1199,283,0,325,1096,410,118,483,941,528,304,600,759,611,535,648
frame_2298.jpg,609,0,814,16,395,26,1011,39,1198,47,1334,99,1350,231,30,237,1264,381,0,414,1114,532,148,584,918,655,379,701,661,728,-1,-1
frame_2299.jpg,639,0,419,17,850,23,1052,56,1245,69,215,72,1384,128,39,213,1393,264,0,389,1298,411,1135,560,142,565,927,674,373,694,658,735
frame_2300.jpg,661,0,437,13,875,24,1078,61,227,66,1273,77,1413,137,43,206,1424,273,0,386,1330,420,1166,569,145,569,955,685,384,704,678,747
frame_2301.jpg,697,0,466,12,912,31,247,63,1118,70,1312,92,1453,153,52,202,1460,290,0,385,1363,438,146,576,1194,588,979,701,391,716,694,763
frame_2303.jpg,719,0,950,22,480,21,1172,51,254,80,1539,124,53,229,1557,268,0,416,1460,428,1283,593,151,609,1047,724,411,751,738,796,-1,-1
frame_2307.jpg,777,0,524,20,1017,26,1248,60,1466,79,283,77,1627,141,63,229,1649,287,0,428,1551,449,1369,620,157,632,1123,757,437,787,794,833
frame_2309.jpg,788,0,533,19,1030,26,1261,64,288,76,1639,141,64,228,1658,290,0,428,1560,452,1378,621,160,634,1132,757,444,788,801,834,-1,-1
frame_2310.jpg,790,0,533,17,1031,29,1263,68,289,72,1481,88,1640,153,65,222,1660,301,0,422,1560,462,1375,630,159,632,1127,763,441,787,796,837
frame_2316.jpg,799,0,543,8,1041,35,297,55,1271,83,1648,181,70,197,1657,332,0,393,1545,491,148,606,1351,652,418,770,1096,773,766,832,-1,-1
frame_2317.jpg,794,0,540,9,1035,37,295,55,1265,84,1641,182,69,199,1649,331,0,394,1536,488,148,604,1341,647,416,764,1087,768,759,825,-1,-1
frame_2322.jpg,774,0,527,6,1010,37,291,52,1238,87,1459,117,1615,190,71,188,1619,340,0,375,1497,499,130,581,1291,656,379,747,1034,769,707,817
frame_2329.jpg,639,0,421,20,856,22,1074,58,221,76,1446,144,46,209,1435,293,0,371,1289,449,107,536,1078,593,300,667,835,689,560,725,1191,847
frame_2331.jpg,598,0,802,18,392,24,1009,44,43,213,1359,255,0,363,1218,405,100,516,1015,546,281,632,784,642,525,681,-1,-1,-1,-1,-1,-1
frame_2340.jpg,958,0,1089,24,774,34,597,47,428,71,268,129,1099,154,127,209,988,309,13,344,832,460,0,475,652,577,97,582,251,648,448,650
frame_2342.jpg,785,0,613,6,443,21,281,72,1099,130,136,145,19,271,979,276,0,399,816,419,89,507,631,524,235,577,429,587,-1,-1,-1,-1
frame_2346.jpg,760,0,1055,4,595,10,433,26,278,72,1061,120,137,143,957,260,21,267,0,392,806,400,89,500,631,509,236,568,430,575,-1,-1
frame_2347.jpg,925,0,756,23,1044,28,592,32,432,51,277,96,1053,142,135,166,952,282,19,290,0,416,806,419,92,522,635,526,243,589,437,594
frame_2349.jpg,925,0,758,22,1041,26,595,28,435,43,279,87,1049,140,136,156,947,275,20,279,0,403,802,409,92,507,632,513,243,574,436,578
frame_2351.jpg,766,0,605,1,447,10,1046,12,291,50,146,114,1052,124,25,234,953,254,0,359,807,387,92,470,637,487,241,541,438,550,-1,-1
frame_2352.jpg,942,0,616,8,776,12,457,13,1056,34,300,48,153,107,1060,144,29,224,955,274,0,348,806,401,87,462,630,497,235,538,429,555
frame_2354.jpg,944,0,621,7,463,12,779,12,1054,34,305,46,156,107,1057,142,29,224,955,271,0,349,808,397,86,462,635,494,237,538,433,552
frame_2355.jpg,940,0,619,6,778,10,461,13,1050,30,303,48,154,110,1054,140,28,228,954,268,0,356,810,396,88,468,638,494,239,542,438,555
frame_2357.jpg,950,1,627,0,468,2,785,7,309,32,1058,35,159,91,1060,144,29,205,957,270,0,332,809,394,86,448,635,488,236,525,433,543
frame_2360.jpg,483,0,642,4,968,17,802,18,322,27,1079,57,171,81,1075,168,37,192,963,293,0,317,806,414,79,438,625,503,223,524,419,550
frame_2362.jpg,487,0,649,6,812,20,326,26,1098,62,174,77,1093,178,39,187,972,303,0,311,808,424,75,431,621,509,217,520,413,551,-1,-1
frame_2364.jpg,479,0,644,1,988,3,812,10,318,29,1110,45,167,85,1106,162,36,197,987,294,0,321,821,420,80,441,632,510,223,527,420,556
frame_2366.jpg,486,0,652,3,821,17,323,27,1121,56,172,80,1115,174,38,190,992,304,0,314,822,428,77,436,630,515,219,526,417,557,-1,-1
frame_2367.jpg,486,0,653,3,1009,14,827,18,322,27,1133,57,170,81,1130,180,38,190,1005,314,0,315,77,438,832,438,637,526,220,531,419,566
frame_2369.jpg,663,0,839,13,324,23,1157,55,1150,184,39,193,0,319,1018,323,77,445,838,451,218,541,636,540,417,579,-1,-1,-1,-1,-1,-1
frame_2373.jpg,1045,0,659,2,480,4,846,10,309,40,1182,47,155,106,1175,184,28,231,1038,336,0,365,854,477,85,492,651,574,232,585,432,619
frame_2375.jpg,1031,0,645,17,833,18,462,24,1167,43,290,68,1162,183,17,282,1031,344,0,421,855,492,96,545,661,598,252,628,449,654,-1,-1
frame_2382.jpg,546,0,355,16,736,24,924,59,176,75,1237,141,29,212,1213,281,0,364,1068,421,99,511,885,547,687,632,467,668,-1,-1,-1,-1
frame_2384.jpg,552,0,358,12,745,27,935,66,178,70,1133,83,1255,153,31,205,1224,296,0,358,1071,438,96,506,882,559,255,616,681,638,462,665
frame_2389.jpg,511,0,706,13,320,26,907,36,1119,39,151,96,1257,106,20,238,1236,253,0,389,1085,412,100,532,892,550,260,635,687,642,467,679
frame_2390.jpg,515,0,712,14,324,25,913,39,1124,43,153,94,1262,112,22,234,1239,259,0,384,1086,416,102,527,893,550,262,631,688,640,468,675
frame_2391.jpg,508,0,707,14,317,28,1119,38,907,37,146,99,1255,107,16,246,1234,256,0,399,1083,415,105,542,893,553,266,644,691,646,473,685
frame_2392.jpg,503,0,703,10,311,30,905,30,1257,96,142,104,1234,248,15,250,0,400,1082,409,105,539,889,548,265,639,687,640,469,678,-1,-1
frame_2404.jpg,567,0,354,13,777,29,982,68,163,79,1190,85,1318,162,19,227,1282,308,0,388,1127,456,118,538,933,581,291,648,728,663,505,693
frame_2412.jpg,579,0,361,20,784,22,973,52,1154,59,161,95,1271,123,1254,259,10,265,1140,409,0,444,982,547,147,601,802,654,352,696,584,717
frame_2413.jpg,585,0,365,17,788,25,975,57,1150,66,163,89,1263,132,1246,265,9,262,1137,413,0,445,983,550,152,605,807,657,358,702,591,720
frame_2417.jpg,545,0,337,10,730,31,894,66,147,76,3,238,1124,260,1027,389,0,413,893,509,149,561,741,605,343,647,551,661,-1,-1,-1,-1
frame_2421.jpg,315,0,693,13,856,47,1008,59,138,65,1103,121,5,224,1079,243,977,371,0,387,838,490,134,527,685,580,307,613,503,631,-1,-1
frame_2422.jpg,303,0,671,10,828,41,975,51,129,67,1067,110,1046,227,3,221,949,353,0,381,816,469,133,516,670,558,304,596,494,610,-1,-1
frame_2426.jpg,440,0,602,6,881,15,748,20,262,30,972,59,105,108,0,265,893,292,784,413,10,415,660,511,149,529,502,580,321,587,-1,-1
frame_2430.jpg,876,2,428,0,589,1,737,11,252,35,965,44,99,119,955,155,0,276,887,283,781,409,15,426,657,510,153,536,501,581,323,591
frame_2431.jpg,586,0,422,1,736,6,246,40,95,125,897,277,0,284,791,403,19,433,667,507,159,541,510,580,330,592,-1,-1,-1,-1,-1,-1
frame_2447.jpg,425,0,579,10,842,25,717,27,256,25,928,70,106,96,920,174,0,247,853,296,5,398,751,414,630,510,137,516,476,576,300,579
frame_2448.jpg,412,0,562,6,696,20,247,27,100,101,0,252,834,281,738,399,9,401,625,496,140,516,476,564,304,573,-1,-1,-1,-1,-1,-1
frame_2471.jpg,338,0,206,8,447,20,88,54,686,89,0,170,625,254,0,292,550,337,100,393,464,405,223,447,352,450,-1,-1,-1,-1,-1,-1
frame_2477.jpg,362,0,229,4,477,20,577,45,669,52,104,52,726,96,708,171,9,169,647,266,0,294,92,396,462,415,213,454,344,464,-1,-1
frame_2478.jpg,368,0,231,2,485,15,105,51,739,97,8,169,653,266,0,293,563,351,91,396,464,418,212,454,344,461,-1,-1,-1,-1,-1,-1
frame_2481.jpg,375,0,231,11,493,18,597,40,692,43,102,67,748,87,5,195,663,264,0,322,574,353,98,421,476,425,355,473,222,472,-1,-1
frame_2482.jpg,375,0,231,10,495,17,599,38,694,42,100,68,752,85,732,167,3,197,666,263,0,325,577,352,479,425,99,424,359,474,224,474
frame_2485.jpg,394,0,244,10,517,17,624,38,719,43,107,71,775,88,4,207,681,269,0,339,588,360,488,434,103,438,365,484,231,487,-1,-1
frame_2490.jpg,376,0,501,9,705,20,229,19,608,23,765,61,95,88,0,230,679,248,591,345,2,361,494,425,108,454,375,485,237,495,-1,-1
frame_2501.jpg,397,0,528,6,745,16,641,19,242,25,100,102,721,255,0,255,630,359,5,395,531,449,121,491,405,514,260,531,-1,-1,-1,-1
frame_2503.jpg,403,0,538,8,758,18,652,21,243,24,821,60,101,100,800,152,0,255,731,264,637,370,4,397,535,459,120,495,406,524,260,538
frame_2504.jpg,403,0,539,9,762,19,656,23,244,23,825,62,101,99,803,154,0,254,733,267,638,372,2,395,534,460,117,492,403,523,257,536
frame_2505.jpg,403,0,541,8,763,19,657,23,243,24,829,62,101,101,805,155,0,255,736,267,640,372,4,396,535,460,119,494,404,523,259,537
frame_2507.jpg,402,0,537,6,761,14,655,19,241,25,827,56,100,103,807,149,738,262,0,259,644,369,5,398,539,459,122,497,409,524,262,538
frame_2508.jpg,397,0,534,6,757,11,651,17,238,27,825,53,97,106,804,145,738,259,0,261,643,366,6,401,540,456,123,498,412,523,264,538
frame_2509.jpg,396,0,533,6,756,9,649,17,237,26,824,53,97,104,0,259,643,366,7,399,541,456,124,494,411,521,265,536,-1,-1,-1,-1
frame_2510.jpg,400,0,537,7,761,11,654,20,240,25,826,56,99,103,0,257,736,262,641,368,4,396,537,457,119,492,407,521,259,535,-1,-1
frame_2511.jpg,401,0,539,7,763,15,656,20,242,24,830,58,101,101,808,150,0,254,738,263,642,369,4,394,536,457,119,492,405,522,258,535
frame_2513.jpg,398,0,536,5,762,8,654,17,239,26,829,53,98,105,809,147,740,261,0,260,645,369,6,400,541,460,121,497,409,525,262,540
frame_2515.jpg,395,0,531,4,755,10,649,16,238,27,823,52,97,106,804,144,738,257,0,260,644,364,7,399,542,454,124,495,411,520,265,536
frame_2519.jpg,396,0,533,7,754,11,649,20,238,24,821,56,98,101,0,253,733,260,641,365,6,393,538,454,123,490,409,518,261,532,-1,-1
frame_2521.jpg,398,0,535,6,758,10,650,19,241,25,824,55,98,101,0,254,735,260,640,365,3,393,535,454,119,491,405,519,259,533,-1,-1
frame_2524.jpg,401,0,536,8,763,17,656,21,240,25,830,59,100,100,809,151,0,251,739,264,641,369,2,387,535,456,116,485,403,519,255,530
frame_2526.jpg,393,0,530,6,650,16,236,25,825,53,97,102,0,253,739,258,645,365,6,392,540,454,122,489,410,518,262,533,-1,-1,-1,-1
frame_2530.jpg,397,0,533,8,755,17,649,21,241,23,822,60,99,97,802,148,0,247,734,261,639,365,2,385,534,453,115,483,402,516,256,528
frame_2531.jpg,403,0,537,10,757,20,245,20,653,26,822,66,104,92,800,152,1,240,729,264,634,366,0,378,529,451,113,477,398,512,251,523
frame_2532.jpg,404,0,536,10,246,20,757,24,653,26,820,66,104,91,799,156,0,240,729,265,634,367,0,379,529,453,112,480,396,513,251,524
frame_2534.jpg,401,0,536,9,756,21,245,20,651,24,821,64,103,92,801,154,0,240,731,263,635,365,1,378,531,452,113,477,399,514,251,523
frame_2535.jpg,404,0,540,10,248,18,759,25,655,26,823,68,106,89,802,158,1,237,732,267,635,369,0,376,528,454,112,477,397,515,250,524
frame_2537.jpg,400,0,535,8,759,20,244,21,653,23,823,63,101,94,803,150,0,243,735,264,638,367,2,380,532,453,114,479,401,514,253,525
frame_2538.jpg,412,0,545,12,252,20,832,71,108,91,4,238,737,271,637,372,0,375,529,456,112,477,396,518,248,522,-1,-1,-1,-1,-1,-1
frame_2539.jpg,404,0,540,10,248,19,760,23,656,26,826,67,105,90,803,156,2,239,733,266,636,368,0,376,529,454,111,476,398,514,250,523
frame_2540.jpg,397,0,533,8,756,14,650,22,241,24,822,59,100,98,0,248,732,260,636,363,3,386,532,451,117,482,402,514,254,526,-1,-1
frame_2541.jpg,408,0,543,12,251,17,761,25,654,30,825,71,108,89,801,160,3,236,727,267,630,368,0,373,524,451,109,472,245,518,-1,-1
frame_2542.jpg,415,0,545,13,256,17,762,30,660,31,823,73,111,86,798,158,4,235,726,268,629,366,0,372,522,448,111,470,392,507,247,516
frame_2544.jpg,407,0,540,11,248,20,757,23,654,26,819,67,103,92,794,155,0,241,723,261,628,361,0,379,523,444,113,475,395,505,250,516
frame_2548.jpg,399,0,534,9,756,20,243,22,651,25,820,65,101,95,796,154,0,243,723,264,625,364,2,378,519,448,110,472,390,508,246,515
frame_2552.jpg,395,0,529,10,239,20,754,24,647,26,820,68,102,89,797,159,2,232,724,268,0,366,625,369,516,452,107,465,385,510,240,514
frame_2555.jpg,390,0,239,14,522,16,636,36,105,75,810,84,4,207,715,278,0,339,615,375,99,443,507,452,230,500,376,504,-1,-1,-1,-1
frame_2567.jpg,224,0,356,0,468,25,101,41,565,52,653,63,710,106,7,153,696,184,639,269,0,277,559,349,96,383,468,413,-1,-1,-1,-1
frame_2568.jpg,356,0,223,5,469,26,101,47,564,53,652,64,709,109,5,160,695,183,638,269,0,284,558,350,97,388,467,414,220,448,352,457
frame_2569.jpg,224,2,358,0,469,26,101,42,566,53,653,65,710,108,7,154,692,185,638,270,0,278,558,350,96,383,466,413,218,443,350,453
frame_2573.jpg,239,0,376,5,115,34,491,39,594,74,747,142,15,139,0,259,653,311,82,371,194,439,197,446,325,463,-1,-1,-1,-1,-1,-1
frame_2583.jpg,210,0,454,24,89,40,555,52,649,65,707,109,4,146,691,185,0,262,627,273,542,350,89,364,447,407,205,425,331,440,-1,-1
frame_2591.jpg,301,0,416,3,624,7,523,13,177,22,691,39,71,74,0,179,635,208,7,283,555,295,464,363,100,365,348,409,219,410,-1,-1
frame_2593.jpg,614,0,619,1,408,4,293,5,516,9,689,29,171,30,67,86,691,107,0,191,640,199,564,289,11,293,473,360,106,371,357,410
frame_2599.jpg,598,0,398,3,286,5,502,8,664,28,166,31,64,87,665,104,619,192,0,194,549,279,15,296,466,349,114,371,358,399,233,407
frame_2600.jpg,402,2,290,0,505,8,170,23,666,31,67,77,0,182,618,192,548,277,12,283,461,345,109,359,352,393,227,399,-1,-1,-1,-1
frame_2604.jpg,322,0,197,5,434,18,536,40,86,44,634,48,692,88,2,141,617,243,0,245,533,318,86,336,438,372,197,392,322,404,-1,-1
frame_2606.jpg,212,0,338,0,448,25,99,33,548,52,640,67,701,108,10,124,0,227,616,260,79,322,527,328,523,330,427,378,187,384,311,404
frame_2607.jpg,218,0,343,5,454,31,103,31,553,61,650,77,707,121,12,123,689,194,0,227,618,273,78,324,525,341,426,389,184,389,306,411
frame_2608.jpg,223,0,349,6,106,28,459,35,560,68,656,85,14,119,713,131,688,207,0,223,619,281,75,322,524,347,181,388,423,393,304,413
frame_2610.jpg,235,0,362,12,117,25,473,46,573,83,671,105,19,111,726,155,0,215,700,230,621,303,70,318,521,365,172,389,414,407,294,421
frame_2611.jpg,239,0,366,15,121,23,477,52,576,91,21,108,674,113,728,164,0,211,620,310,69,315,519,370,170,388,413,409,291,421,-1,-1
frame_2613.jpg,247,0,126,18,371,21,479,62,25,98,576,104,673,129,722,183,0,200,66,307,613,322,512,379,406,414,286,422,-1,-1,-1,-1
frame_2614.jpg,247,0,127,17,372,21,480,63,24,99,577,106,721,185,0,203,65,311,612,326,511,382,164,389,405,418,285,426,-1,-1,-1,-1
frame_2616.jpg,130,0,384,11,490,57,25,83,585,104,677,134,727,187,0,191,67,304,615,326,516,382,511,385,169,384,412,416,407,419,288,424
frame_2617.jpg,258,0,385,25,492,72,27,92,586,120,675,150,0,198,723,204,67,311,611,339,166,393,406,427,286,434,-1,-1,-1,-1,-1,-1
frame_2621.jpg,255,0,131,15,381,25,487,69,25,97,582,116,672,145,720,198,0,205,68,316,610,336,511,392,168,396,407,427,291,433,286,437
frame_2623.jpg,254,0,130,13,382,24,489,69,25,97,580,116,717,199,0,205,689,268,68,318,610,337,512,393,169,399,408,429,-1,-1,-1,-1
frame_2625.jpg,252,0,130,17,379,23,486,63,25,99,578,110,719,190,0,204,67,314,610,328,608,333,509,386,411,419,405,424,285,432,-1,-1
frame_2629.jpg,238,0,366,12,118,25,478,47,578,86,677,108,20,113,731,158,0,219,707,234,628,309,70,324,528,372,173,398,420,415,298,430
frame_2636.jpg,259,0,136,17,388,23,494,68,27,107,587,115,675,141,723,196,0,220,68,337,616,342,516,403,171,419,412,443,292,453,294,458
frame_2642.jpg,234,0,364,9,113,33,475,40,574,71,661,92,15,134,717,139,698,217,0,254,634,300,82,366,545,375,446,430,197,438,326,459
frame_2643.jpg,245,0,376,12,486,46,581,83,671,103,19,134,724,152,702,230,0,256,637,313,82,372,548,389,446,443,195,448,325,472,-1,-1
frame_2644.jpg,248,0,381,12,123,30,491,48,587,86,674,107,19,134,728,156,706,236,0,259,640,318,83,378,549,394,450,450,197,454,328,479
frame_2651.jpg,233,0,365,7,474,40,567,75,652,94,12,156,0,294,627,315,545,400,91,416,454,468,210,489,341,507,-1,-1,-1,-1,-1,-1
frame_2655.jpg,340,0,208,1,447,27,89,47,538,56,619,66,674,113,1,172,617,287,0,312,546,376,101,428,463,449,225,493,354,498,-1,-1
frame_2657.jpg,220,0,460,34,99,42,547,66,680,128,4,170,622,302,0,316,550,391,102,438,468,463,228,505,359,511,-1,-1,-1,-1,-1,-1
frame_2659.jpg,239,0,376,9,111,39,485,44,576,81,655,99,709,148,8,165,692,232,0,314,643,322,565,410,102,442,480,481,230,515,364,526
frame_2662.jpg,236,0,375,9,487,38,105,42,582,73,665,89,721,137,5,173,707,221,659,316,0,323,583,407,109,452,496,481,242,523,382,530
frame_2663.jpg,232,0,371,5,484,36,103,43,579,70,661,85,718,131,2,173,659,309,0,322,584,399,110,447,499,472,244,516,382,523,-1,-1
frame_2664.jpg,364,0,225,0,480,28,96,47,576,60,660,73,717,119,0,178,702,204,659,300,0,327,586,392,111,451,500,469,246,517,384,520
frame_2666.jpg,384,4,239,0,500,30,105,46,600,62,3,179,682,302,0,329,607,395,115,453,515,471,254,520,397,523,-1,-1,-1,-1,-1,-1
frame_2668.jpg,386,0,236,4,511,25,618,55,101,56,712,66,776,112,0,190,765,202,712,301,0,337,630,398,116,459,535,476,258,525,408,532
frame_2674.jpg,293,0,460,6,595,40,132,46,708,76,871,143,5,185,798,332,0,349,709,428,135,484,605,507,299,557,466,561,-1,-1,-1,-1
frame_2675.jpg,302,0,471,5,609,40,138,46,726,76,894,144,8,186,819,334,0,348,726,432,135,485,617,512,303,559,473,565,-1,-1,-1,-1
frame_2676.jpg,315,0,486,5,628,40,149,47,14,185,838,340,0,348,741,436,132,488,626,519,303,561,299,567,476,576,-1,-1,-1,-1,-1,-1
frame_2678.jpg,475,1,302,0,620,32,137,51,746,67,857,82,931,134,8,193,915,230,849,337,0,355,747,439,133,492,633,522,302,568,479,577
frame_2683.jpg,494,0,310,3,651,30,136,59,786,65,905,79,983,133,3,210,969,234,898,346,0,377,794,454,144,517,671,542,323,594,510,600
frame_2684.jpg,505,0,318,9,666,26,804,57,141,69,1008,120,5,225,925,337,0,393,147,534,694,544,690,550,333,607,525,612,-1,-1,-1,-1
frame_2685.jpg,497,0,308,14,662,20,807,47,939,54,130,85,1023,103,1016,210,0,247,948,332,5,419,844,452,717,553,160,557,550,623,352,626
frame_2692.jpg,549,0,340,18,737,21,907,50,1065,57,148,90,1168,116,1156,239,4,257,1063,375,0,434,927,507,153,583,771,612,354,669,574,678
frame_2695.jpg,542,0,734,17,334,23,912,43,1076,48,146,98,1185,105,1173,232,4,266,1076,375,0,440,935,511,149,588,772,618,349,674,570,685
frame_2696.jpg,540,0,732,17,330,24,911,43,1075,46,1080,48,142,99,1188,105,1177,232,3,267,1080,375,0,441,939,511,150,588,776,619,350,675
frame_2697.jpg,547,0,742,18,336,21,921,47,1089,52,147,94,1201,113,1186,242,6,260,1086,385,0,434,939,521,147,584,773,626,345,675,567,690
frame_2700.jpg,547,0,743,19,335,22,926,47,1096,53,147,96,1211,114,1198,245,7,259,1095,390,0,432,945,527,144,583,776,633,341,676,566,694
frame_2702.jpg,557,0,760,19,342,22,949,49,1128,55,152,96,1218,256,11,259,1121,404,0,433,963,544,142,586,784,650,338,685,566,709,-1,-1
frame_2725.jpg,553,0,753,20,340,20,940,49,1117,59,150,93,1231,120,1215,252,8,257,1110,400,0,432,957,537,144,585,782,643,342,682,569,703
frame_2730.jpg,632,0,404,5,834,37,187,70,1013,81,1178,99,1284,168,17,239,1264,297,0,430,1159,436,1009,568,162,602,836,670,378,707,617,728
frame_2731.jpg,634,0,400,12,842,32,1027,68,1199,84,180,87,1305,147,1291,280,8,273,1192,426,0,474,1046,568,176,646,875,682,407,744,655,755
frame_2735.jpg,642,0,867,21,401,24,1075,52,180,107,1399,128,1386,274,11,296,1272,439,0,497,1105,597,170,673,911,721,403,779,667,797,-1,-1
frame_2737.jpg,655,0,412,21,883,24,1095,58,1293,66,188,101,1425,139,1410,287,15,289,1290,453,0,492,1117,610,167,672,915,733,400,782,667,805
frame_2738.jpg,654,0,410,21,884,24,1097,59,1298,69,187,103,1433,140,1416,290,13,291,1296,458,0,495,1122,616,167,674,919,739,402,788,669,810
frame_2742.jpg,642,0,869,24,399,24,1081,57,1282,65,179,104,1414,135,1401,284,11,289,1277,449,0,488,1103,604,166,662,902,724,396,771,657,793
frame_2744.jpg,619,0,841,20,385,25,1048,51,1245,55,173,106,1376,124,1360,272,11,288,1239,435,0,481,1067,588,159,650,870,706,380,753,633,774
frame_2745.jpg,592,0,809,16,364,27,1014,43,159,109,1336,111,1323,254,6,288,1207,416,0,475,1042,566,158,636,853,683,375,735,621,751,-1,-1
frame_2750.jpg,538,0,740,9,1123,26,934,29,329,32,1249,84,142,112,4,279,1133,377,0,451,976,525,143,598,795,638,344,690,574,708,-1,-1
frame_2751.jpg,522,0,727,3,926,13,313,39,1249,59,132,127,1,296,1125,358,0,463,965,509,143,603,784,626,340,687,567,697,-1,-1,-1,-1
frame_2752.jpg,510,0,714,4,913,20,304,36,1241,67,127,119,0,282,1119,367,0,446,957,515,139,586,774,627,332,673,557,692,-1,-1,-1,-1
frame_2756.jpg,535,0,731,11,1094,29,330,28,916,31,1213,86,145,107,1205,215,7,269,1098,364,0,436,947,505,142,580,774,614,338,667,563,680
frame_2757.jpg,532,0,728,10,1090,25,913,29,328,28,1210,81,143,108,1202,211,5,272,1097,361,0,440,949,502,142,584,776,613,340,669,565,680
frame_2758.jpg,536,0,731,12,332,26,1089,31,914,33,1207,87,146,103,1199,215,6,266,1095,360,0,435,948,500,143,578,776,609,340,665,566,676
frame_2759.jpg,538,0,731,11,335,26,1087,32,912,32,1200,85,147,102,1194,214,7,268,1093,360,0,438,947,499,143,583,777,611,342,669,568,680
frame_2767.jpg,543,0,744,14,340,25,943,38,1139,41,163,91,22,231,0,387,1156,391,984,534,120,538,782,635,308,647,545,686,-1,-1,-1,-1
frame_2768.jpg,538,0,741,10,335,28,943,31,1145,36,158,97,19,240,1165,388,0,400,995,533,123,551,794,642,315,660,555,696,-1,-1,-1,-1
frame_2774.jpg,1109,0,721,6,516,10,919,12,1247,48,310,55,130,141,1254,185,1,303,1153,343,0,468,1000,499,147,605,815,620,352,689,591,696
frame_2776.jpg,1100,0,905,24,704,28,1244,37,501,46,299,101,1261,173,125,192,1171,339,0,354,1024,505,0,515,840,639,150,649,610,726,362,727
frame_2777.jpg,1111,0,909,24,1253,34,703,33,496,55,295,114,122,209,1185,339,0,373,1036,509,0,536,846,650,148,669,611,742,360,746,-1,-1
frame_2778.jpg,1109,0,911,20,707,24,1253,40,501,38,299,92,126,181,1184,338,0,340,1,504,1035,503,847,637,149,638,360,720,613,724,-1,-1
frame_2780.jpg,1090,0,715,14,907,15,519,19,1226,37,320,66,143,149,1245,166,6,310,1163,322,0,477,1023,484,846,614,148,618,617,703,365,703
frame_2782.jpg,1111,0,732,1,535,2,925,9,335,41,1247,43,155,118,1259,171,14,269,1168,324,0,432,1020,477,140,575,833,598,349,666,599,676
frame_2783.jpg,1112,0,735,2,539,3,927,9,1247,41,340,43,159,119,1261,169,16,270,1172,320,0,433,1022,475,139,575,837,597,349,665,602,675
frame_2785.jpg,1112,0,734,2,539,4,926,9,1249,41,340,44,160,119,1265,168,17,270,1176,321,0,435,1029,476,139,579,842,600,350,670,605,679
frame_2788.jpg,612,0,806,7,1156,22,987,23,405,29,1279,63,205,97,1295,181,31,250,1217,319,0,425,1083,468,150,583,903,593,386,680,659,682
frame_2790.jpg,608,0,809,2,999,12,398,38,1309,46,198,111,1328,168,28,265,1246,314,0,440,1104,468,152,593,916,597,389,687,666,688,-1,-1
frame_2793.jpg,668,0,879,12,445,29,1079,30,1269,35,1408,81,232,92,1425,208,43,243,1334,352,0,421,1178,506,150,589,971,634,398,701,697,717
frame_2796.jpg,733,0,950,19,501,21,1155,48,1347,61,274,74,1489,111,61,218,1508,239,1419,384,0,404,1259,538,151,592,1040,669,415,723,743,751
frame_2799.jpg,738,0,966,8,1394,32,1186,26,500,34,1552,74,270,100,1583,209,59,251,1496,364,0,442,1330,537,157,628,1099,680,432,755,781,776
frame_2803.jpg,780,0,1015,13,532,28,1240,35,1612,89,291,92,1644,223,66,239,1560,376,0,431,1392,546,162,623,1153,691,453,760,821,784,-1,-1
frame_2804.jpg,791,0,1028,15,541,28,1254,38,1466,50,297,89,1627,95,1660,230,68,235,1574,384,0,429,1405,553,162,625,1164,695,457,762,829,790
frame_2807.jpg,800,0,1039,14,548,27,1268,39,1482,51,302,86,1646,98,71,232,1680,235,1595,388,0,425,1424,559,162,622,1180,703,459,765,838,796
frame_2808.jpg,794,0,1033,14,542,28,1262,38,1478,49,298,90,1642,94,1676,232,69,237,1593,386,0,430,1423,558,163,627,1179,703,461,767,838,797
frame_2811.jpg,707,0,944,7,1385,26,1172,23,460,38,1548,69,222,111,1585,203,0,265,1503,360,1338,539,105,649,1101,690,399,778,769,794,-1,-1
frame_2812.jpg,984,1,748,0,1210,12,504,43,270,119,1621,185,56,278,1537,346,0,473,1372,525,167,658,1139,680,455,778,815,787,-1,-1,-1,-1
frame_2813.jpg,1171,0,942,0,706,11,1558,17,467,67,242,152,1600,155,44,321,1518,323,1356,513,0,514,1125,675,168,686,806,793,452,794,-1,-1
frame_2815.jpg,908,0,1137,0,675,11,1528,20,440,65,223,148,1566,160,38,314,1483,332,0,503,1319,518,164,676,1087,681,435,785,774,790,-1,-1
frame_2816.jpg,893,0,1118,6,664,6,1495,35,431,55,217,136,1528,172,35,300,1441,339,0,487,1277,521,161,655,1053,672,426,766,752,774,-1,-1
frame_2818.jpg,664,0,883,11,1294,32,1093,29,438,32,226,100,1466,216,41,253,1377,374,0,437,1217,537,153,614,1002,673,406,735,716,758,-1,-1
frame_2819.jpg,661,0,879,11,1090,30,433,31,218,104,1453,220,38,256,1357,376,0,441,1192,539,152,614,976,672,399,731,698,754,-1,-1,-1,-1
frame_2822.jpg,804,0,584,1,1020,11,362,45,1381,51,169,125,15,288,1291,360,0,462,1122,525,148,615,911,655,374,717,648,734,-1,-1,-1,-1
frame_2824.jpg,762,0,554,1,1163,3,965,10,343,42,1306,50,157,121,1319,188,12,277,1219,347,0,445,1058,506,143,594,861,631,358,690,616,705
frame_2829.jpg,538,0,733,12,334,27,919,33,1221,87,151,97,1219,216,10,250,1122,358,0,415,973,497,143,560,795,605,344,652,578,668,-1,-1
frame_2832.jpg,554,0,753,18,347,21,941,45,159,88,1244,112,14,240,1233,240,1122,385,0,404,964,519,137,553,781,619,332,650,562,674,-1,-1
frame_2833.jpg,565,0,358,17,763,22,951,53,1133,64,169,81,1255,125,19,230,0,393,1124,398,962,529,131,547,775,626,324,647,554,676,-1,-1
frame_2838.jpg,549,0,758,15,337,25,961,42,1162,44,150,101,1294,113,1274,256,12,258,1141,413,0,424,961,553,130,574,765,655,316,675,541,705
frame_2839.jpg,533,0,750,7,1164,20,958,26,318,36,1301,85,132,122,1,288,1151,400,0,455,973,548,137,598,776,657,328,691,553,714,-1,-1
frame_2840.jpg,531,0,746,3,1160,8,956,19,314,40,1298,70,129,127,1283,219,0,298,1154,384,2,464,980,535,143,604,786,647,338,693,565,709
frame_2842.jpg,535,0,752,5,1166,14,961,23,318,37,1302,77,130,128,1285,225,0,301,1156,392,3,472,982,544,147,616,791,657,343,703,570,721
frame_2844.jpg,539,0,757,9,1178,23,969,30,320,34,1314,91,131,121,1293,240,0,293,1156,404,2,463,977,552,144,607,784,660,336,697,562,718
frame_2846.jpg,1195,0,756,17,978,23,528,25,1336,63,303,77,115,185,1312,219,0,373,1173,400,20,542,995,560,173,672,805,678,369,745,591,749
frame_2854.jpg,1172,0,968,28,753,28,1304,57,300,94,109,207,1153,370,0,399,990,522,33,562,817,641,201,677,617,719,401,729,-1,-1,-1,-1
frame_2857.jpg,955,0,743,4,518,20,1287,25,289,76,1265,165,102,196,1144,337,0,392,989,490,39,556,823,612,213,665,629,695,416,713,-1,-1
frame_2862.jpg,1280,0,726,11,494,41,263,117,1260,141,80,253,1145,320,0,458,998,482,841,611,59,616,655,704,244,707,448,735,-1,-1,-1,-1
frame_2867.jpg,1162,0,961,31,752,37,1289,52,527,54,295,112,1270,189,105,232,1151,361,0,429,997,514,39,594,833,637,217,699,637,723,422,744
frame_2869.jpg,1157,0,956,36,742,43,1290,51,518,63,290,123,103,244,1149,364,0,439,993,519,40,599,826,642,213,704,631,728,416,747,-1,-1
frame_2871.jpg,1154,0,952,33,739,40,1286,51,514,60,286,120,1267,190,101,239,1148,364,0,435,994,519,41,595,826,643,213,702,631,727,417,746
frame_2874.jpg,1155,0,952,37,738,46,1289,50,512,67,285,129,1269,190,100,251,1149,367,0,445,993,524,40,605,825,648,212,709,628,733,415,754
frame_2880.jpg,1153,0,949,36,735,46,1287,49,509,69,283,130,1268,189,99,252,1149,367,0,445,994,525,41,607,826,649,214,711,629,735,416,756
frame_2881.jpg,1153,0,948,36,734,45,1286,50,508,68,281,130,1267,191,98,252,1147,367,0,447,992,525,40,608,824,649,213,711,628,735,415,756
frame_2883.jpg,1155,0,949,38,735,45,1287,51,509,67,282,128,1269,192,99,249,1147,367,0,443,993,524,41,603,825,648,213,707,629,733,415,753
frame_2884.jpg,1289,0,730,4,506,28,279,94,99,219,1148,319,0,413,991,477,41,568,822,603,212,670,626,691,412,711,-1,-1,-1,-1,-1,-1
frame_2891.jpg,1154,0,745,24,954,24,524,33,1284,56,299,86,1270,199,111,198,1155,372,0,393,997,527,32,564,828,650,202,684,626,734,406,742
frame_2892.jpg,751,0,959,6,531,6,1288,42,305,58,116,165,1150,361,0,363,991,517,25,535,817,640,190,662,613,719,394,726,-1,-1,-1,-1
frame_2896.jpg,715,0,515,1,903,7,305,44,121,138,0,317,1100,323,963,470,17,487,804,587,181,613,606,668,385,677,-1,-1,-1,-1,-1,-1
frame_2903.jpg,512,0,702,9,1054,22,881,27,314,29,1168,75,136,106,1160,201,3,266,1056,344,0,428,910,481,137,564,744,587,327,644,542,653
frame_2904.jpg,508,0,696,9,1049,25,875,27,311,28,1164,77,135,104,1155,202,3,262,1050,346,0,423,904,482,135,559,737,586,322,640,536,650
frame_2906.jpg,510,0,699,14,314,23,879,37,1055,38,139,94,1171,96,1158,224,8,245,1044,364,0,403,891,493,128,539,720,591,309,626,518,645
frame_2909.jpg,507,0,319,15,692,21,873,52,1055,61,150,74,1174,124,18,209,1153,251,0,354,1027,387,109,491,860,506,272,588,679,589,474,624
frame_2910.jpg,503,0,318,11,684,24,862,58,151,66,1042,70,1159,135,20,196,1138,259,0,341,1012,392,102,480,845,508,261,580,663,588,460,620
frame_2913.jpg,470,0,650,15,294,20,831,39,1018,43,137,80,1142,104,18,206,1125,232,0,341,994,371,96,471,824,491,246,564,640,571,439,604
frame_2915.jpg,603,0,790,1,421,11,1119,26,248,54,102,135,1115,162,0,275,992,320,1,411,830,462,109,527,652,564,265,602,457,619,-1,-1
frame_2916.jpg,991,0,793,24,602,26,420,39,1129,44,248,85,102,168,1122,183,0,310,993,346,0,445,827,491,108,560,647,595,261,633,450,650
frame_2918.jpg,610,0,799,4,427,6,1134,36,255,47,107,125,1123,175,2,263,989,332,0,398,819,472,102,515,637,569,253,595,441,617,-1,-1
frame_2919.jpg,1001,0,612,8,428,12,799,13,257,51,1133,50,109,128,1121,188,4,265,987,346,0,402,816,483,101,521,634,579,250,601,438,626
frame_2920.jpg,992,0,608,7,427,11,796,15,256,50,1125,51,110,126,1114,190,5,263,980,345,0,399,810,483,101,518,630,577,250,599,435,623
frame_2922.jpg,592,0,418,3,771,7,252,39,1091,43,109,112,1078,178,6,244,946,329,0,375,780,460,95,491,605,551,238,570,418,595,-1,-1
frame_2923.jpg,943,0,574,13,753,17,402,18,1072,47,243,56,105,130,1060,182,6,261,928,335,0,389,762,467,93,502,589,559,231,579,404,603
frame_2929.jpg,403,0,560,11,250,20,717,30,880,30,113,80,985,84,10,199,969,201,0,323,850,326,705,434,88,435,550,508,220,514,382,541
frame_2932.jpg,385,0,533,13,238,19,681,32,834,34,107,72,932,85,9,185,917,194,0,301,805,311,84,409,668,411,521,480,209,483,362,510
frame_2934.jpg,384,0,529,11,239,17,673,33,818,36,107,71,909,83,8,183,896,187,795,300,0,301,667,399,88,407,526,468,215,479,371,502
frame_2935.jpg,388,0,532,15,244,15,673,36,818,41,113,66,907,90,13,175,891,192,0,291,788,303,84,397,657,399,516,465,207,471,360,496
frame_2945.jpg,368,0,517,9,223,22,817,25,664,26,914,74,97,79,897,184,5,195,788,304,0,312,655,406,88,415,515,475,212,485,361,508
frame_2949.jpg,387,0,540,8,855,20,694,23,237,24,959,69,105,85,946,184,7,203,834,311,0,324,694,419,89,432,544,495,219,506,379,531
frame_2950.jpg,394,0,550,8,242,22,707,24,977,72,108,84,964,189,8,203,849,317,0,326,706,428,90,437,552,504,221,513,383,539,-1,-1
frame_2954.jpg,404,0,572,3,917,7,741,16,242,30,1031,59,101,101,1017,185,1,233,896,326,0,363,745,447,100,476,586,531,242,551,412,573
frame_2955.jpg,399,0,571,3,919,8,742,16,237,30,1037,60,94,100,1025,187,0,234,904,329,2,365,754,450,104,479,594,534,248,554,420,576
frame_2957.jpg,409,0,584,8,946,19,761,25,241,27,1065,78,98,99,1048,209,0,236,920,354,2,371,764,473,107,489,601,556,252,568,425,595
frame_2961.jpg,413,0,593,11,970,26,777,30,1096,88,1077,223,943,370,0,382,783,490,109,498,614,573,258,580,434,609,-1,-1,-1,-1,-1,-1
frame_2966.jpg,424,0,623,7,1047,17,828,25,241,32,1188,87,91,114,1157,236,0,263,1001,398,13,404,127,526,822,524,645,606,279,609,459,641
frame_2970.jpg,430,0,635,9,849,25,237,33,1223,91,85,120,0,271,1026,398,23,410,845,521,147,528,668,601,304,604,484,633,-1,-1,-1,-1
frame_2972.jpg,426,0,629,9,1055,20,240,27,836,28,1197,90,88,108,1171,232,0,256,1020,389,19,396,846,510,141,515,670,590,299,595,483,624
frame_2973.jpg,430,0,633,7,1061,15,841,24,242,29,1203,84,89,112,1177,228,0,263,1027,386,21,403,854,511,147,522,678,595,306,602,491,630
frame_2980.jpg,1079,0,636,21,853,25,423,28,1229,61,228,71,77,168,1207,209,0,328,1062,380,34,470,893,516,174,579,720,610,343,645,533,659
frame_2984.jpg,1064,0,834,34,616,38,404,52,1221,58,215,102,69,202,1206,207,0,364,1064,386,40,502,896,528,180,608,725,628,350,671,539,681
frame_2985.jpg,1066,0,835,36,616,42,404,58,1223,57,216,109,1208,210,71,210,0,372,1064,389,39,509,894,533,176,615,721,633,345,678,534,687
frame_2987.jpg,1062,0,829,37,610,45,1221,55,398,63,211,115,1208,208,69,217,0,378,1063,388,39,514,893,533,177,618,721,634,346,680,534,688
frame_2988.jpg,1060,0,827,37,607,45,1219,54,396,62,210,116,1207,208,67,218,0,380,1063,388,40,516,894,534,179,620,722,636,348,681,536,691
frame_2990.jpg,1062,0,828,40,607,50,1223,56,394,69,207,123,1208,210,67,226,0,389,1064,393,41,524,893,539,180,627,721,640,347,688,535,697
frame_2991.jpg,1061,0,827,40,606,49,1221,56,394,70,206,124,1207,211,66,227,0,389,1063,393,39,527,893,540,179,629,721,642,348,690,536,698
frame_2992.jpg,1058,0,825,39,605,50,1217,53,394,70,206,124,1206,209,65,228,0,391,1063,389,42,526,895,535,181,629,724,638,351,687,539,694
frame_2993.jpg,1053,0,820,43,1215,52,600,56,389,80,203,136,64,240,1062,391,0,401,42,536,895,541,182,638,724,644,350,695,539,701,-1,-1
frame_2994.jpg,1052,0,820,43,1213,51,600,56,390,79,203,136,1203,205,63,242,1063,389,0,405,42,539,896,538,182,640,725,644,352,697,541,702
frame_2997.jpg,816,0,1211,5,595,15,386,40,201,97,1203,159,63,202,1064,343,0,363,897,493,41,498,182,598,726,600,352,654,541,659,-1,-1
frame_2999.jpg,1051,0,820,44,1213,54,600,57,390,79,203,135,1203,206,63,240,1063,390,0,400,41,536,896,539,181,638,725,644,351,696,540,701
frame_3000.jpg,1054,0,822,42,1215,53,603,55,393,77,206,132,1203,202,66,237,1064,388,0,398,41,533,897,536,181,635,726,641,352,693,540,700
frame_3002.jpg,1053,0,820,42,1214,50,601,55,392,78,205,134,1204,204,65,238,1064,387,0,399,40,536,896,537,180,636,725,642,351,694,539,700
frame_3003.jpg,1049,0,818,42,1211,50,599,55,390,77,204,133,1202,203,65,236,1064,386,0,398,40,533,898,534,182,634,727,640,352,692,541,698
frame_3004.jpg,813,0,1205,9,596,14,389,36,205,92,66,198,1066,346,0,359,41,495,901,498,181,598,730,604,352,658,543,663,-1,-1,-1,-1
frame_3005.jpg,1049,0,820,40,1208,49,603,52,396,73,210,129,1201,199,69,232,1065,381,0,392,39,528,900,530,178,631,728,638,349,691,541,695
frame_3006.jpg,1053,0,824,38,607,47,1213,54,398,65,211,119,1203,205,69,221,0,384,1065,389,38,523,898,538,178,629,726,644,348,693,539,700
frame_3007.jpg,1050,0,824,39,608,47,1208,54,401,65,214,119,1200,205,72,221,0,384,1063,386,39,522,899,534,178,628,728,638,350,689,541,696
frame_3008.jpg,1044,0,823,36,610,43,1197,51,404,60,217,114,1192,201,72,215,0,380,1061,379,38,520,901,528,178,627,731,634,352,688,544,695
frame_3011.jpg,1043,0,618,25,826,25,417,32,1191,55,229,80,77,173,1179,209,1039,385,0,484,868,534,127,604,689,640,297,680,493,696,-1,-1
frame_3013.jpg,839,0,634,2,434,17,1198,22,248,68,96,165,1194,174,0,329,1062,355,17,478,894,511,145,598,715,623,316,673,516,685,-1,-1
frame_3015.jpg,1024,0,828,24,636,26,444,37,1160,45,262,85,105,177,1160,185,0,337,1042,353,9,487,886,506,136,610,713,621,310,682,514,689
frame_3017.jpg,1029,0,831,24,638,25,448,34,1168,47,266,80,110,169,1168,187,0,325,1048,356,3,475,886,509,125,600,706,623,295,677,500,689
frame_3019.jpg,1047,0,841,23,643,23,449,31,1192,51,267,76,110,164,1190,196,0,322,1065,372,3,476,897,529,119,608,711,645,291,692,500,711
frame_3022.jpg,1056,0,852,27,655,29,458,42,1200,48,274,91,113,184,1200,193,0,346,1076,369,3,501,909,529,128,629,725,649,304,708,514,719
frame_3023.jpg,1056,0,854,25,655,26,459,38,1198,46,272,87,111,181,1200,189,0,342,1080,364,4,498,917,523,132,627,735,644,312,706,525,715
frame_3024.jpg,1059,0,855,28,657,33,461,47,1205,46,276,98,114,192,1207,189,0,354,1087,370,3,511,922,534,127,643,736,657,305,719,522,731
frame_3026.jpg,1078,0,870,24,668,27,467,41,1219,45,276,91,111,186,1218,191,0,352,1098,368,6,511,934,530,139,641,750,654,322,718,538,726
frame_3031.jpg,1134,0,706,13,919,19,496,20,1285,55,294,64,123,153,1280,205,2,319,1149,384,0,482,970,545,131,621,771,665,318,711,544,730
frame_3037.jpg,534,0,739,2,1123,2,935,13,324,39,1254,55,136,129,1253,191,0,306,1148,354,0,482,996,511,152,628,817,635,360,711,596,715
frame_3038.jpg,552,0,756,11,1135,28,949,30,339,31,1259,85,148,115,1251,222,5,284,1139,378,0,460,985,524,148,609,804,640,353,698,586,710
frame_3040.jpg,546,0,747,9,1113,22,935,27,334,32,1234,77,142,116,1228,208,1,289,1128,361,0,466,982,507,156,614,810,625,364,696,597,701
frame_3046.jpg,498,0,680,10,306,25,1004,29,846,30,1112,79,132,96,1111,197,2,252,1024,332,0,413,896,464,143,550,743,569,335,629,549,636
frame_3048.jpg,480,0,661,6,990,15,830,20,291,31,1101,63,123,105,1099,182,0,258,1012,321,0,414,880,455,136,544,725,560,322,620,534,628
frame_3050.jpg,498,0,311,16,672,19,832,45,984,51,141,78,1086,104,1079,218,9,220,988,344,0,376,858,465,131,513,706,558,311,598,517,614
frame_3055.jpg,498,0,313,9,676,25,848,57,148,60,1011,71,1126,133,20,187,0,336,1027,381,116,484,883,502,713,590,292,591,507,631,-1,-1
frame_3056.jpg,512,0,320,14,697,23,876,55,152,68,21,192,0,337,1047,382,112,479,897,503,287,584,717,588,504,627,-1,-1,-1,-1,-1,-1
frame_3065.jpg,460,0,631,5,948,15,795,18,283,28,1061,58,125,93,1071,169,6,228,997,297,0,375,875,427,131,504,724,529,317,585,531,594
frame_3067.jpg,983,1,639,0,459,1,814,8,277,38,119,109,4,245,1034,297,0,391,902,435,130,519,741,546,318,599,537,613,-1,-1,-1,-1
frame_3068.jpg,621,0,446,7,263,40,108,106,112,112,0,245,1028,294,2,389,906,427,138,513,749,535,328,592,549,603,-1,-1,-1,-1,-1,-1
frame_3069.jpg,957,0,627,0,451,2,796,8,1077,36,273,37,117,106,1091,150,1,244,1017,285,0,391,897,420,135,516,742,529,325,593,545,599
frame_3071.jpg,976,0,635,8,809,12,453,16,1101,35,272,56,114,132,1118,152,0,275,1046,293,1,424,922,436,139,550,766,551,334,625,561,627
frame_3072.jpg,988,0,642,15,820,15,459,22,1116,36,276,65,116,142,1137,153,0,285,1065,298,1,436,942,442,783,560,142,562,343,638,575,639
frame_3073.jpg,652,0,832,1,466,8,1133,22,280,51,119,129,1156,140,0,274,1085,284,0,426,960,432,797,552,143,554,347,632,583,634,-1,-1
frame_3075.jpg,684,0,496,5,866,6,1169,33,306,44,137,119,1188,154,7,266,1115,296,0,425,986,446,145,563,819,568,355,646,600,650,-1,-1
frame_3082.jpg,613,0,819,18,396,20,1014,46,1197,56,195,80,1333,109,28,228,1346,239,1258,383,0,405,1109,531,154,576,918,648,388,691,665,718
frame_3084.jpg,622,0,405,17,827,23,1021,54,1203,68,203,75,1335,123,32,219,1344,252,1254,395,0,396,1103,540,149,569,910,654,381,689,656,721
frame_3086.jpg,621,0,405,16,826,23,1021,55,203,72,1336,126,32,215,1344,256,0,393,1253,400,1102,544,146,567,907,658,378,689,654,722,-1,-1
frame_3087.jpg,622,0,405,15,828,24,1023,58,203,71,1342,131,33,212,1350,262,0,389,1259,405,1103,549,144,563,906,661,374,687,650,723,-1,-1
frame_3088.jpg,624,0,407,14,830,24,1027,60,205,68,1213,76,1347,135,34,211,1355,266,0,388,1261,412,1105,557,144,564,907,668,373,690,650,728
frame_3089.jpg,622,0,405,15,829,26,1026,60,203,70,1349,135,34,212,1357,265,0,388,1264,411,1108,557,144,564,909,668,373,689,650,728,-1,-1
frame_3090.jpg,622,0,406,15,826,24,1020,57,1202,71,204,72,1335,129,33,214,1345,259,0,391,1257,402,1106,547,150,567,912,660,381,689,659,724
frame_3091.jpg,631,0,415,11,833,29,211,65,1023,65,1333,141,36,205,1341,268,0,386,1252,410,1102,553,147,564,911,663,379,691,656,727,-1,-1
frame_3102.jpg,657,0,430,7,870,32,220,60,1074,74,1265,96,1402,164,40,203,0,389,1316,452,147,582,1155,601,947,717,385,724,678,773,-1,-1
frame_3108.jpg,652,0,427,3,858,37,215,54,1051,80,34,197,0,388,1278,444,157,581,1129,588,937,700,399,718,684,761,-1,-1,-1,-1,-1,-1
frame_3110.jpg,457,0,678,17,240,32,872,71,1045,130,1204,165,45,169,1313,236,1306,360,0,365,1219,487,155,570,1078,613,899,710,390,712,661,760
frame_3119.jpg,387,0,594,12,188,42,774,59,930,111,1071,140,23,189,1164,208,1147,325,0,374,1059,445,149,549,926,560,773,647,352,662,573,695
frame_3121.jpg,393,0,600,14,195,40,777,64,931,117,1076,146,27,185,1162,215,0,371,1052,450,145,549,919,564,763,650,344,663,564,697,-1,-1
frame_3123.jpg,381,0,591,11,181,45,769,60,926,113,1068,141,19,197,1159,211,0,384,1048,450,148,560,914,566,760,654,347,671,565,701,-1,-1
frame_3124.jpg,384,0,590,13,186,43,769,61,924,114,1066,144,23,189,1159,212,1137,329,0,374,1045,450,143,549,911,564,754,650,340,661,557,695
frame_3127.jpg,409,0,204,8,591,32,14,67,754,70,902,86,1002,149,904,399,773,526,0,563,620,625,199,660,421,682,-1,-1,-1,-1,-1,-1
frame_3129.jpg,553,0,347,6,738,31,159,67,905,69,1054,84,1159,148,13,223,1147,270,1060,404,0,403,927,533,146,568,771,634,346,670,570,693
frame_3131.jpg,368,0,570,4,747,43,176,52,904,89,1048,111,1146,176,22,200,1129,294,0,382,1043,421,910,543,141,552,757,638,338,661,557,690
frame_3134.jpg,378,0,581,9,186,47,755,55,911,105,1054,130,1148,198,27,194,1128,315,0,378,1037,440,137,552,903,558,746,650,330,666,548,699
frame_3135.jpg,383,0,586,11,189,45,763,59,920,111,1063,140,29,190,1157,209,1134,328,0,371,1038,451,134,546,900,567,740,655,324,662,541,700
frame_3136.jpg,379,0,583,7,187,48,762,51,922,100,1067,125,1163,194,26,197,1140,313,0,379,1046,441,135,550,906,559,746,651,325,664,545,698
frame_3139.jpg,384,0,601,3,792,44,181,59,961,93,1114,119,1212,190,21,220,1181,315,0,405,1076,450,926,573,142,575,759,666,335,684,555,715
frame_3141.jpg,387,0,609,2,802,44,180,60,973,93,1130,116,1229,189,18,227,1201,315,0,419,1096,452,946,578,148,590,778,674,347,699,570,727
frame_3143.jpg,413,0,637,12,199,54,829,61,997,116,1150,145,1245,220,25,219,0,415,1103,476,950,597,147,595,781,690,348,707,573,740,-1,-1
frame_3145.jpg,426,0,657,9,854,58,208,59,1026,112,1184,136,1279,216,26,231,1237,342,0,430,1126,480,966,605,147,609,791,701,350,721,578,753
frame_3146.jpg,422,0,657,6,859,53,200,63,1037,107,1199,133,1296,210,23,239,1257,341,0,437,1138,481,974,608,149,615,797,705,353,726,582,757
frame_3148.jpg,649,0,412,2,856,39,188,76,1036,85,1199,103,1297,178,16,262,1258,307,1138,453,0,460,976,584,155,628,801,687,360,728,589,747
frame_3151.jpg,646,0,403,10,858,33,1040,73,1208,85,176,94,1304,157,1259,285,8,288,1132,433,0,485,969,566,161,641,794,670,365,725,587,734
