row_id,y_true,y_pred,pred_conf,true_conf,correct,p_0,p_1,p_2,p_3,p_4
113,0,3,0.33677632650495287,0.17164048173435123,False,0.17164048173435123,0.3280783949966483,0.16350422020948377,0.33677632650495287,5.765545724001244e-07
114,0,1,0.5397612464760931,0.03323072155664936,False,0.03323072155664936,0.5397612464760931,0.13138107016193454,0.29562553946156106,1.422343763159452e-06
115,0,1,0.8569509458179957,0.006270383092035241,False,0.006270383092035241,0.8569509458179957,0.015131880584201035,0.12163864007908505,8.150426692381326e-06
116,0,1,0.9974869924779393,0.000749847690790135,False,0.000749847690790135,0.9974869924779393,0.0001321005011914043,0.0016300250994654261,1.0342306240835173e-06
117,0,1,0.9999309042167671,6.015436537146947e-05,False,6.015436537146947e-05,0.9999309042167671,1.199932671978751e-07,8.23757914688359e-06,5.838454602262335e-07
118,0,1,0.9998779362629787,9.82428068339907e-05,False,9.82428068339907e-05,0.9998779362629787,4.5797907106486456e-07,2.2455471077277e-05,9.074800375774287e-07
119,0,1,0.9997578731053248,0.00017757255344735777,False,0.00017757255344735777,0.9997578731053248,1.3733672651956877e-06,6.209570248101565e-05,1.0852714938065082e-06
120,0,1,0.9939337036626466,0.0001289900104292493,False,0.0001289900104292493,0.9939337036626466,0.0006442500973265294,0.00528770290091342,5.353328670162939e-06
121,0,1,0.9877165253194675,0.00022380855258447724,False,0.00022380855258447724,0.9877165253194675,0.0013924170798893904,0.010661554578392997,5.694469673437821e-06
137,0,2,0.8545069878311025,0.035158246934094216,False,0.035158246934094216,0.09002407091920557,0.8545069878311025,0.020310694192214505,1.2337898973171078e-10
138,0,2,0.9097694230998747,0.0076117793295780705,False,0.0076117793295780705,0.06251969761956443,0.9097694230998747,0.020099099839811715,1.1117214964647646e-10
139,0,2,0.92239783336181,0.0045377803783756806,False,0.0045377803783756806,0.06111314651602322,0.92239783336181,0.011951239263028197,4.807591059410037e-10
140,0,2,0.9828786568060816,0.0002285341878139322,False,0.0002285341878139322,0.015656388814710237,0.9828786568060816,0.0012364201169429618,7.444752073103288e-11
215,0,1,0.9812994006007191,1.704395814601742e-05,False,1.704395814601742e-05,0.9812994006007191,0.016003560341817085,0.0026550857887290653,2.4909310578706384e-05
216,0,2,0.6338871158442061,0.00039581061137611046,False,0.00039581061137611046,0.19875467642450767,0.6338871158442061,0.16695765669430135,4.740425606403002e-06
217,0,2,0.9924030113992187,1.4164229986321932e-09,False,1.4164229986321932e-09,0.007594326062508488,0.9924030113992187,2.615885788886954e-06,4.523604692523343e-08
218,0,2,0.9989941502013183,4.709853281131544e-09,False,4.709853281131544e-09,0.0010027552480096826,0.9989941502013183,3.0896060102309054e-06,2.348219787028449e-10
219,0,2,0.8774254638879064,2.05314367078682e-06,False,2.05314367078682e-06,0.01723996782814619,0.8774254638879064,0.10533223458089529,2.805593691401615e-07
220,0,2,0.8714721997553013,1.4794185754455797e-06,False,1.4794185754455797e-06,0.01570870638833902,0.8714721997553013,0.11281727677675384,3.3766101751753475e-07
222,0,2,0.8302165624760359,0.12138088407064807,False,0.12138088407064807,0.010699475884628796,0.8302165624760359,0.03770307437062717,3.1980612972701266e-09
224,0,3,0.8024340220178265,0.05320504828936537,False,0.05320504828936537,0.0015958862459549985,0.14276503675565003,0.8024340220178265,6.691190658345631e-09
306,0,2,0.9984944085256119,4.493545419453531e-08,False,4.493545419453531e-08,0.0009002105356829554,0.9984944085256119,0.000605326357991835,9.645250855819172e-09
332,0,2,0.49588877653722746,0.48502344510410905,False,0.48502344510410905,0.017952462588778473,0.49588877653722746,0.001135315453049055,3.168450166615672e-10
333,0,2,0.9275731642894157,0.05680222019475458,False,0.05680222019475458,0.0129331116336697,0.9275731642894157,0.0026914995849797963,4.297171435203912e-09
334,0,2,0.9921263681771728,0.0008499426390286248,False,0.0008499426390286248,0.00546063581128289,0.9921263681771728,0.0015630425382267,1.0834288717707509e-08
335,0,2,0.9983001563641192,9.503733438887051e-08,False,9.503733438887051e-08,0.0010438107764060693,0.9983001563641192,0.0006559284036233932,9.41850848060043e-09
336,0,2,0.9998026626250506,1.5394590725275274e-05,False,1.5394590725275274e-05,0.0001195570482812233,0.9998026626250506,6.238570865528305e-05,2.7292430386159974e-11
337,0,2,0.9921482166577342,2.7482056099678683e-06,False,2.7482056099678683e-06,0.0002353748995598627,0.9921482166577342,0.007613656435554926,3.801548979489424e-09
338,0,2,0.9919070734583276,4.475551540954688e-06,False,4.475551540954688e-06,0.0001870728494831904,0.9919070734583276,0.007901371545074237,6.595559983875719e-09
339,0,2,0.9999252458820868,6.483741577095746e-16,False,6.483741577095746e-16,5.8282911442957215e-05,0.9999252458820868,1.64695236770687e-05,1.6827851602507167e-09
340,0,2,0.9999001537933577,1.385716761501938e-15,False,1.385716761501938e-15,8.219521048854014e-05,0.9999001537933577,1.764840753430385e-05,2.588617654361905e-09
341,0,2,0.9987303161888018,1.5191297372918264e-10,False,1.5191297372918264e-10,0.0006661333374604366,0.9987303161888018,0.0006033988808193276,1.5144100765926984e-07
342,0,1,0.9988602084200421,4.045666858695636e-09,False,4.045666858695636e-09,0.9988602084200421,0.0011374486510170097,2.0668855903691155e-06,2.719976793284353e-07
343,0,1,0.9991153329808374,5.8461812292857055e-06,False,5.8461812292857055e-06,0.9991153329808374,0.00013219761748533204,0.0007460365838005299,5.866366496852817e-07
344,0,1,0.9568969699748533,0.04310299710368585,False,0.04310299710368585,0.9568969699748533,9.002336275619158e-12,3.289967618240208e-08,1.2782597398541443e-11
352,0,3,0.9003147688788947,0.04902675490426826,False,0.04902675490426826,0.033875908497400846,0.01678254602363187,0.9003147688788947,2.1695809366466862e-08
427,0,2,0.9806482282818021,0.018767092885873436,False,0.018767092885873436,0.00041007194940990586,0.9806482282818021,0.00017460686919021067,1.372157433074085e-11
450,1,2,0.8807227327515789,0.025004223268042296,False,2.7494249107468484e-07,0.025004223268042296,0.8807227327515789,0.09383384718030698,0.00043892185757354597
451,1,2,0.8802218765592054,0.02500614815639277,False,2.699497707150866e-07,0.02500614815639277,0.8802218765592054,0.09433071663636537,0.0004409886982728182
452,1,2,0.8814655020427209,0.024855546314954118,False,2.690605793019933e-07,0.024855546314954118,0.8814655020427209,0.09323565469667715,0.000443027885076915
453,1,2,0.876630586376606,0.022417486370512617,False,1.9972438854201104e-07,0.022417486370512617,0.876630586376606,0.10046266599259966,0.0004890615358810234
454,1,2,0.8843971809464093,0.025254144414260604,False,2.7300850351234964e-07,0.025254144414260604,0.8843971809464093,0.08990686956136867,0.00044153206944976415
455,1,2,0.881902319463314,0.02477153242949009,False,2.7811454118054783e-07,0.02477153242949009,0.881902319463314,0.09288730295766369,0.0004385670349833011
456,1,2,0.8807631858973677,0.02460642782868922,False,2.669475215825863e-07,0.02460642782868922,0.8807631858973677,0.09418939828561566,0.000440721040813381
457,1,2,0.883635098024162,0.02567568315081084,False,2.7669506589586347e-07,0.02567568315081084,0.883635098024162,0.09024476187486853,0.0004441802550831096
458,1,2,0.8810750255236461,0.024821290506839285,False,2.6570005496178573e-07,0.024821290506839285,0.8810750255236461,0.09365692288255736,0.0004464953868891657
459,1,2,0.8783462658079755,0.024522180431351594,False,2.6595327323146566e-07,0.024522180431351594,0.8783462658079755,0.09668850931640934,0.00044277849098803534
460,1,2,0.8810509790964629,0.024826891183863223,False,2.658834779951434e-07,0.024826891183863223,0.8810509790964629,0.0936754940053073,0.00044636983089715523
461,1,2,0.880611734365155,0.025049949540540715,False,2.7024604568468074e-07,0.025049949540540715,0.880611734365155,0.09389736350118998,0.0004406823470687812
462,1,2,0.8806054456217308,0.02463422194658453,False,2.66918312210522e-07,0.02463422194658453,0.8806054456217308,0.09431884787635754,0.0004412176370030078
463,1,2,0.8769662509349909,0.022433042803976965,False,2.002248891688301e-07,0.022433042803976965,0.8769662509349909,0.1001112281978801,0.0004892778382698823
464,1,2,0.8813477917421398,0.024511908423457407,False,2.696211493489221e-07,0.024511908423457407,0.8813477917421398,0.0936961256043585,0.0004439046088946086
465,1,2,0.8812895590572444,0.024473160639232532,False,2.6541409830394034e-07,0.024473160639232532,0.8812895590572444,0.0937891113523363,0.0004479035371002888
466,1,2,0.8803230381296528,0.024965949578778977,False,2.645545856760515e-07,0.024965949578778977,0.8803230381296528,0.09426641105289754,0.00044433668409567955
467,1,2,0.8805680118991056,0.025719843266951817,False,2.737118463714804e-07,0.025719843266951817,0.8805680118991056,0.0932698300918487,0.00044204103024993337
468,1,2,0.8788766671815614,0.024291534524664957,False,2.597147213264822e-07,0.024291534524664957,0.8788766671815614,0.09638394934083025,0.0004475892382208401
469,1,2,0.8811141330466484,0.02480131299661331,False,2.6569058803075546e-07,0.02480131299661331,0.8811141330466484,0.09363744593949552,0.0004468423266493076
470,1,2,0.8815799856881991,0.022883896724949376,False,2.394206080914255e-07,0.022883896724949376,0.8815799856881991,0.09510385798752163,0.00043202017873525785
471,1,2,0.8850665428743872,0.022396397722430027,False,1.9503101394500214e-07,0.022396397722430027,0.8850665428743872,0.0920873703775615,0.0004494939945945227
472,1,2,0.8780963279746425,0.026607270190238723,False,3.838415719700191e-07,0.026607270190238723,0.8780963279746425,0.09488955400738651,0.000406463986155783
473,1,2,0.883512810612874,0.027037508370295213,False,4.635581250491022e-07,0.027037508370295213,0.883512810612874,0.08909545945955478,0.00035375799916317674
474,1,2,0.8532152189104252,0.024030569623248312,False,7.508517313994809e-08,0.024030569623248312,0.8532152189104252,0.12199260336128905,0.000761533019873208
475,1,2,0.8382462547699132,0.023877221501666705,False,2.8456014803986198e-08,0.023877221501666705,0.8382462547699132,0.13684115730947122,0.0010353379629221727
476,1,2,0.8341465517480722,0.014549701782294007,False,1.8379600306554447e-08,0.014549701782294007,0.8341465517480722,0.1503210685593418,0.0009826595306973857
477,1,2,0.7582759615420229,0.013257750476641697,False,4.3723045682337945e-11,0.013257750476641697,0.7582759615420229,0.22246711425494944,0.005999173682658567
478,1,2,0.6734747269919814,0.012319906164312645,False,3.6719043194775307e-13,0.012319906164312645,0.6734747269919814,0.2934833643907154,0.020722002452627453
479,1,2,0.6512716805482223,0.014978666504349763,False,1.0702711182972236e-13,0.014978666504349763,0.6512716805482223,0.3060963261709819,0.0276533267763313
480,1,2,0.9886387894571896,0.005238742895909276,False,2.119833318134148e-16,0.005238742895909276,0.9886387894571896,0.005907999591914339,0.0002144680549918584
481,1,2,0.9359063541952102,0.008141980743331343,False,6.073312508572301e-16,0.008141980743331343,0.9359063541952102,0.050003693800996736,0.0059479712604667825
482,1,4,0.6081954228229703,0.016844482628769593,False,3.314938029081145e-20,0.016844482628769593,0.3200782589883264,0.054881835559925804,0.6081954228229703
483,1,2,0.9144072226792398,0.00918690691682757,False,2.5399511466532828e-11,0.00918690691682757,0.9144072226792398,0.0751088356516225,0.0012970347269092776
484,1,2,0.9684496395158788,0.003784877123472247,False,2.8038204335982507e-11,0.003784877123472247,0.9684496395158788,0.02773615215570645,2.933117690351299e-05
485,1,2,0.9660414476657453,0.0037093302671737474,False,4.638517458858439e-12,0.0037093302671737474,0.9660414476657453,0.03020901396715392,4.020809528538581e-05
486,1,2,0.9407927397461385,0.006495755741582059,False,8.06130103612965e-15,0.006495755741582059,0.9407927397461385,0.05252557003671088,0.00018593447554970073
487,1,2,0.8828320771119837,0.012957045344465654,False,4.6763140036954136e-17,0.012957045344465654,0.8828320771119837,0.10321523936294057,0.000995638180616953
488,1,2,0.7992481633442742,0.03222519921515847,False,8.931829008646616e-19,0.03222519921515847,0.7992481633442742,0.16559666425034128,0.002929973190227776
489,1,2,0.7258346699690402,0.056037967426507775,False,1.1831143302831508e-20,0.056037967426507775,0.7258346699690402,0.2102005141621433,0.007926848442318737
490,1,4,0.7062511031551518,0.23773296895634105,False,1.3544034186744314e-26,0.23773296895634105,0.012097845018488138,0.043918082870022156,0.7062511031551518
497,1,2,0.5690182026253103,0.02601406144532533,False,2.076942065221017e-17,0.02601406144532533,0.5690182026253103,0.25023977184864643,0.15472796408071235
498,1,2,0.8640440429899163,0.022302220526303228,False,5.95094423621847e-16,0.022302220526303228,0.8640440429899163,0.1034724812031182,0.010181255280669307
499,1,2,0.9226891261602005,0.01777926352795589,False,2.3259211537830573e-15,0.01777926352795589,0.9226891261602005,0.05790038501764813,0.0016312252942003232
500,1,2,0.9144353857257682,0.016650363540687253,False,1.4930381607510508e-14,0.016650363540687253,0.9144353857257682,0.06571565604862514,0.0031985946849097447
501,1,2,0.842747188672743,0.01396238287824169,False,2.195728937156386e-14,0.01396238287824169,0.842747188672743,0.12944871464251553,0.013841713806466267
502,1,2,0.6727377154583626,0.019133125394947225,False,7.539420901985095e-15,0.019133125394947225,0.6727377154583626,0.26755906236887395,0.04057009677781638
503,1,2,0.596506615236641,0.02052001836824955,False,3.619622903204679e-15,0.02052001836824955,0.596506615236641,0.3228014107866978,0.060171955608408816
505,1,2,0.9382728129896,0.008918434768251327,False,8.615554933022713e-14,0.008918434768251327,0.9382728129896,0.05251288091608388,0.00029587132598096397
506,1,3,0.6037296656031874,0.010544987209860008,False,3.1130016961056064e-16,0.010544987209860008,0.06187844102353509,0.6037296656031874,0.3238469061634146
507,1,3,0.6823637617971504,0.012947862696452789,False,3.911919536181248e-15,0.012947862696452789,0.11232237866935993,0.6823637617971504,0.192365996837047
508,1,3,0.7575675485354706,0.011400189033186351,False,5.0677041569906005e-15,0.011400189033186351,0.12026602960521461,0.7575675485354706,0.11076623282613096
509,1,3,0.7374976426493416,0.011094978310561807,False,4.579885417417087e-16,0.011094978310561807,0.07397896290863018,0.7374976426493416,0.17742841613147556
511,1,3,0.7410477942134742,0.010814831655648328,False,4.743313994863763e-16,0.010814831655648328,0.07622540343290526,0.7410477942134742,0.17191197069795836
512,1,3,0.6749829021263093,0.01931219833003731,False,1.1510974427575777e-15,0.01931219833003731,0.1336179169388821,0.6749829021263093,0.17208698260476749
513,1,3,0.6657954661243962,0.017766394906076823,False,1.0539549847212923e-15,0.017766394906076823,0.13569193923633313,0.6657954661243962,0.18074619973318035
514,1,3,0.5600278570532647,0.01732246321990496,False,1.6543013345789596e-16,0.01732246321990496,0.0959769666346829,0.5600278570532647,0.326672713092139
515,1,3,0.5296096011833029,0.0443138496054582,False,1.7691649593019753e-16,0.0443138496054582,0.15568077833016938,0.5296096011833029,0.2703957708810805
516,1,3,0.41035552639298095,0.10999225627309367,False,5.180680383429188e-17,0.10999225627309367,0.1239139925330202,0.41035552639298095,0.3557382248009187
517,1,4,0.43750697761696417,0.052237159670267576,False,1.1572376944610323e-17,0.052237159670267576,0.09699672261036847,0.4132591401024081,0.43750697761696417
518,1,3,0.5885009499917802,0.02755630297912822,False,3.35409110963603e-17,0.02755630297912822,0.08640189162076975,0.5885009499917802,0.29754085540831177
519,1,3,0.681889813663263,0.019533927634895604,False,8.259305873197758e-17,0.019533927634895604,0.07631837559137263,0.681889813663263,0.22225788311045722
520,1,3,0.48814456532300093,0.016552887494857917,False,5.26357901274562e-17,0.016552887494857917,0.05926723662405171,0.48814456532300093,0.43603531055810346
521,1,3,0.47048720406590105,0.016032444246275507,False,7.49417247059572e-17,0.016032444246275507,0.0606712063239617,0.47048720406590105,0.4528091453638559
522,1,4,0.5066702580080977,0.01780287231607592,False,8.606014785374904e-17,0.01780287231607592,0.060922221012199455,0.41460464866363456,0.5066702580080977
523,1,3,0.4476585416867423,0.049217157476646685,False,2.21998656086027e-16,0.049217157476646685,0.1173707349261938,0.4476585416867423,0.38575356591042304
524,1,4,0.6439778286076085,0.01596299053815697,False,3.3051331435146754e-17,0.01596299053815697,0.029826482541219657,0.3102326983130096,0.6439778286076085
525,1,4,0.7794983283311805,0.016606045492945316,False,9.82783404181449e-18,0.016606045492945316,0.015687080850836612,0.18820854532504394,0.7794983283311805
526,1,4,0.8880089913579919,0.005288277850258445,False,2.3448918039356494e-19,0.005288277850258445,0.002237511508865958,0.10446521928288736,0.8880089913579919
527,1,4,0.7287123028182553,0.016970917217866283,False,8.097945310110712e-18,0.016970917217866283,0.01930321520393246,0.23501356475995233,0.7287123028182553
528,1,4,0.6668749048241955,0.007346745673861083,False,1.6090431561061907e-18,0.007346745673861083,0.009053339303414778,0.31672501019852506,0.6668749048241955
529,1,2,0.9212516994226103,0.02397172427383113,False,1.851315547148183e-17,0.02397172427383113,0.9212516994226103,0.05319912763402976,0.0015774486695175765
530,1,2,0.5554413760926112,0.028313600108839845,False,3.4200275003871654e-16,0.028313600108839845,0.5554413760926112,0.26829699073168284,0.14794803306685214
531,1,2,0.8822513559717674,0.02639874068214638,False,3.359022499393747e-16,0.02639874068214638,0.8822513559717674,0.0902296315645929,0.0011202717814824447
532,1,2,0.899032742662529,0.020459755088370887,False,2.2354712751976696e-16,0.020459755088370887,0.899032742662529,0.07940185335847509,0.0011056488906294921
533,1,2,0.8676097350965907,0.03185757920587811,False,1.6427287111720152e-17,0.03185757920587811,0.8676097350965907,0.09722292530482894,0.0033097603926959007
534,1,2,0.8958243319700953,0.028669352159433673,False,2.0589921511460143e-17,0.028669352159433673,0.8958243319700953,0.07319705501823574,0.0023092608522266795
535,1,2,0.8805039508446808,0.030699885699046116,False,1.5021601054794508e-17,0.030699885699046116,0.8805039508446808,0.08595915751599198,0.002837005940279723
536,1,2,0.8746355730198985,0.029633407792658793,False,2.2454322597134894e-17,0.029633407792658793,0.8746355730198985,0.09359141934234666,0.0021395998450882427
537,1,4,0.9755153383719699,0.002216758298485841,False,7.620586554632201e-25,0.002216758298485841,0.0007907736454423698,0.021477129684115713,0.9755153383719699
538,1,4,0.9018049445282091,0.011671917970651044,False,3.046079436347137e-24,0.011671917970651044,0.0037545828969592575,0.0827685546041668,0.9018049445282091
539,1,4,0.9308175725441483,0.04225621924149691,False,2.6794428734854025e-25,0.04225621924149691,0.013896099685326133,0.013030108529034957,0.9308175725441483
540,1,4,0.9203996798521833,0.06344487207622733,False,1.9363724821362478e-26,0.06344487207622733,0.007795930910268889,0.00835951716131777,0.9203996798521833
541,1,4,0.9767157798336269,0.008028783861328465,False,5.061609341128808e-26,0.008028783861328465,0.0009181031142665351,0.014337333190783782,0.9767157798336269
542,1,4,0.9564640820717206,0.029661102580115936,False,5.993636373563346e-26,0.029661102580115936,0.005292058615573575,0.008582756732586131,0.9564640820717206
543,1,4,0.9755237042996783,0.021843345106992873,False,3.8912501662753885e-28,0.021843345106992873,0.0007854673290337163,0.0018474832642825605,0.9755237042996783
544,1,4,0.9951685597057842,0.003693186607363101,False,2.4036350957547953e-30,0.003693186607363101,8.717630178951287e-06,0.0011295360566765493,0.9951685597057842
545,1,4,0.9989935931380843,0.0006044275186517562,False,4.6935920481153455e-31,0.0006044275186517562,3.527773018585301e-07,0.00040162656595389516,0.9989935931380843
546,1,4,0.9969953280602769,0.00286542920204225,False,9.472261489988728e-32,0.00286542920204225,6.145267025550984e-08,0.00013918128500456673,0.9969953280602769
547,1,4,0.9957157361891924,0.004271557704299196,False,4.190365665362721e-32,0.004271557704299196,8.593073107238179e-09,1.2697513428756508e-05,0.9957157361891924
550,1,4,0.6676084650001626,0.33239153493387263,False,1.0931840785213635e-35,0.33239153493387263,1.3384620714527091e-15,6.597330104217915e-11,0.6676084650001626
554,1,4,0.9636407017304693,0.036359297788195924,False,1.7579576818092747e-36,0.036359297788195924,6.422429313714655e-15,4.813321520879242e-10,0.9636407017304693
556,1,4,0.9980879217254787,0.0019119854958078906,False,1.4125972929035917e-31,0.0019119854958078906,4.3332411078002146e-11,9.273538023416356e-08,0.9980879217254787
557,1,4,0.9957106349730519,0.004289319582121696,False,5.310194720730585e-31,0.004289319582121696,5.902837242795947e-11,4.538578775364228e-08,0.9957106349730519
558,1,4,0.9924187101856797,0.007581260101799947,False,1.5963589306759827e-31,0.007581260101799947,2.089750119881685e-11,2.969161395025357e-08,0.9924187101856797
559,1,4,0.9921479417984852,0.007851572309333952,False,2.140987252436363e-30,0.007851572309333952,4.730516061036458e-09,4.81161650762379e-07,0.9921479417984852
560,1,4,0.7176548959311809,0.2823229359568992,False,5.261703697019374e-22,0.2823229359568992,9.129251579808299e-10,2.216719900398863e-05,0.7176548959311809
561,1,4,0.9987256386516753,0.0012499111052914577,False,3.839244178240197e-27,0.0012499111052914577,1.6069045641259216e-07,2.4289552586501653e-05,0.9987256386516753
562,1,4,0.9972522437147602,0.002746433358408831,False,5.252578454782405e-28,0.002746433358408831,7.190238064736076e-09,1.3157365860975461e-06,0.9972522437147602
570,1,4,0.9496047638816757,0.048716478630349835,False,8.445123907749207e-22,0.048716478630349835,5.227513793012824e-06,0.001673529974182186,0.9496047638816757
571,1,4,0.9464533567659388,0.05354511323499313,False,2.4855823627910764e-25,0.05354511323499313,7.715787560652069e-11,1.5299219237287854e-06,0.9464533567659388
573,1,4,0.9576921971489525,0.04176624680623169,False,2.265376033554408e-25,0.04176624680623169,4.302550873771554e-08,0.0005415130193016241,0.9576921971489525
574,1,4,0.995840456125247,0.004159235916677167,False,8.638054762860977e-38,0.004159235916677167,2.4315189751185838e-11,3.0793377145184533e-07,0.995840456125247
575,1,4,0.9991140549107306,0.0008859337745477714,False,4.082909557190339e-40,0.0008859337745477714,1.9571163637331073e-13,1.131453157699959e-08,0.9991140549107306
577,1,2,0.9549008574479192,0.030768826568219446,False,6.375215090843972e-05,0.030768826568219446,0.9549008574479192,0.014251048132473536,1.5515700493078646e-05
578,1,2,0.880553962663545,0.03403174947173742,False,0.00010588308329580966,0.03403174947173742,0.880553962663545,0.08519654987853074,0.0001118549029031462
579,1,2,0.8966141607396122,0.03524396777710719,False,0.00038580794609351446,0.03524396777710719,0.8966141607396122,0.06769305554216323,6.300799503210263e-05
580,1,2,0.8753149238511256,0.048476906004567444,False,0.0030258527262960614,0.048476906004567444,0.8753149238511256,0.0731373977958038,4.491962220122422e-05
581,1,2,0.8198773341310773,0.07505030151413665,False,0.04626751266443591,0.07505030151413665,0.8198773341310773,0.05878335634578918,2.1495344548054218e-05
582,1,2,0.8573060953994865,0.06926467605203203,False,0.020514221594672786,0.06926467605203203,0.8573060953994865,0.052893074028258776,2.1932925546315166e-05
583,1,2,0.8474620706349741,0.0689550854438936,False,0.03033835524417709,0.0689550854438936,0.8474620706349741,0.05322543738813591,1.90512888210925e-05
584,1,2,0.7256461575176795,0.0859872020314149,False,0.14322553780990746,0.0859872020314149,0.7256461575176795,0.045127969517839345,1.313312315687083e-05
585,1,2,0.8273515948864162,0.07051105146624492,False,0.0467607870295598,0.07051105146624492,0.8273515948864162,0.055358439426965014,1.8127190823982065e-05
586,1,2,0.7906364803701376,0.07750441202713666,False,0.07823498770576079,0.07750441202713666,0.7906364803701376,0.05360823082664763,1.5889070316527818e-05
587,1,2,0.6151834691124902,0.08224766098756782,False,0.2622077801371755,0.08224766098756782,0.6151834691124902,0.0403514253831576,9.664379620773025e-06
588,1,2,0.7086137484369248,0.08574603883278904,False,0.16650411007233043,0.08574603883278904,0.7086137484369248,0.03912643657902327,9.666078945330979e-06
589,1,2,0.6416469178735973,0.07577917836885396,False,0.24053143597542417,0.07577917836885396,0.6416469178735973,0.04203231767329575,1.0150108840915379e-05
590,1,2,0.5356533925240893,0.07955984741468312,False,0.3504461180117276,0.07955984741468312,0.5356533925240893,0.034332968685435596,7.673364061635877e-06
591,1,2,0.5419058129372122,0.08087648022171891,False,0.34298991272126966,0.08087648022171891,0.5419058129372122,0.03422007371625888,7.720403531961356e-06
592,1,2,0.8039050080001585,0.08664257629355747,False,0.09723862242793421,0.08664257629355747,0.8039050080001585,0.012210562654552089,3.230623788185295e-06
593,1,2,0.8658701688442898,0.05942950725371916,False,0.007446185145718102,0.05942950725371916,0.8658701688442898,0.06721615892676812,3.797982949391397e-05
594,1,2,0.8808974675779443,0.04433278242648848,False,0.0030538271370689728,0.04433278242648848,0.8808974675779443,0.07166992613123885,4.5996727263613214e-05
595,1,2,0.892193771728601,0.04171061367722215,False,0.0009333150233835159,0.04171061367722215,0.892193771728601,0.06511088352787948,5.141604290535317e-05
596,1,2,0.9004955169496329,0.035296632049491544,False,0.0004895023812536559,0.035296632049491544,0.9004955169496329,0.06366133874057206,5.700987904739908e-05
597,1,2,0.8897230895501042,0.029965547167991505,False,0.0001670037959146867,0.029965547167991505,0.8897230895501042,0.08008222315637241,6.21363296073679e-05
598,1,2,0.9217662834356507,0.0198219358609959,False,0.00012106476818147068,0.0198219358609959,0.9217662834356507,0.05825806236835499,3.2653566829063606e-05
599,1,0,0.9988475428088839,0.00038960176797836607,False,0.9988475428088839,0.00038960176797836607,0.0007168088025819872,4.60466199964056e-05,5.575723978349956e-13
600,1,2,0.9739443203208166,0.0058775766639604645,False,2.7101820248863877e-05,0.0058775766639604645,0.9739443203208166,0.02014576175137249,5.239443594551344e-06
601,1,0,0.9999913409434685,8.659056541550367e-06,False,0.9999913409434685,8.659056541550367e-06,7.46530101366439e-19,4.2382537162567075e-17,1.3586158585831922e-17
602,1,2,0.874226358684751,0.021198352332766943,False,6.161085409680287e-06,0.021198352332766943,0.874226358684751,0.10425138903780194,0.0003177388592672008
603,1,2,0.9147287326436346,0.016864026739313417,False,1.625385216947468e-05,0.016864026739313417,0.9147287326436346,0.06833344731961577,5.753944525457961e-05
604,1,2,0.9163923071876758,0.018415947375108155,False,2.1114793479586342e-05,0.018415947375108155,0.9163923071876758,0.065119762292815,5.08683509241667e-05
605,1,2,0.9155220365103981,0.024999101009089576,False,3.123955505342738e-05,0.024999101009089576,0.9155220365103981,0.05933202017872795,0.00011560274673254244
606,1,2,0.9197980100137385,0.024300346428711286,False,3.071554011282513e-05,0.024300346428711286,0.9197980100137385,0.05575995481293666,0.00011097320450753776
607,1,2,0.9186104652352035,0.024177912677290775,False,3.253103057990955e-05,0.024177912677290775,0.9186104652352035,0.057069527369733766,0.0001095636872008117
608,1,2,0.8822951729774344,0.016226656268412826,False,3.446235799943842e-06,0.016226656268412826,0.8822951729774344,0.10131124496279618,0.000163479555570734
609,1,2,0.87573749511128,0.01570884118467419,False,1.0532864285365802e-06,0.01570884118467419,0.87573749511128,0.10831851836777347,0.00023409204983794866
610,1,2,0.8781045309676084,0.015557390808007873,False,3.7293316698887887e-07,0.015557390808007873,0.8781045309676084,0.10598382670747897,0.00035387858373410393
611,1,2,0.8819977785961707,0.01436602868488446,False,1.8223032426583422e-07,0.01436602868488446,0.8819977785961707,0.10321698036470084,0.0004190301239055263
612,1,2,0.887106526661552,0.011003712359088367,False,1.2946526433675124e-07,0.011003712359088367,0.887106526661552,0.10166091800526203,0.0002287135088466216
613,1,2,0.8756703550794384,0.015750055194879486,False,1.7988099905109146e-07,0.015750055194879486,0.8756703550794384,0.10815498755254187,0.00042442229214272856
614,1,2,0.8801847895946426,0.012924407221377417,False,3.16585240698097e-07,0.012924407221377417,0.8801847895946426,0.10659482431541537,0.0002956622833214462
615,1,2,0.8645503325670122,0.009981850068482142,False,3.3815394736766716e-08,0.009981850068482142,0.8645503325670122,0.12508518482862005,0.0003825987204991433
616,1,2,0.8047673162650338,0.009338093470738239,False,1.373904421457508e-10,0.009338093470738239,0.8047673162650338,0.18392252816734217,0.0019720619594981678
617,1,2,0.6082718202195625,0.0070587079634723965,False,1.1225191379728221e-13,0.0070587079634723965,0.6082718202195625,0.3625577311979275,0.02211174061891371
618,1,2,0.486106285892539,0.008982962464860661,False,6.7680037609072276e-15,0.008982962464860661,0.486106285892539,0.4491918887793641,0.055718862863239876
619,1,2,0.4990454893251949,0.016579933950407383,False,1.5297682222110209e-15,0.016579933950407383,0.4990454893251949,0.4012348923044832,0.08313968441989976
620,1,3,0.5028542687223025,0.018339238227789555,False,4.2737017659263815e-18,0.018339238227789555,0.32424227314961035,0.5028542687223025,0.15456421990029215
622,1,4,0.9909794091252145,0.004164751086384548,False,4.842253125152158e-30,0.004164751086384548,4.172702811700092e-05,0.004814112760282664,0.9909794091252145
623,1,4,0.992676765591499,0.004272208385430771,False,2.242440527069027e-31,0.004272208385430771,1.5034267349912745e-05,0.0030359917557072486,0.992676765591499
624,1,4,0.99322628209746,0.006100711902251309,False,5.6247024190930924e-33,0.006100711902251309,3.18819486810047e-06,0.0006698178054153847,0.99322628209746
625,1,4,0.9949382849421535,0.00497490586732827,False,8.621480552522443e-38,0.00497490586732827,2.4875736655236996e-08,8.678431478310391e-05,0.9949382849421535
626,1,4,0.9990399054412525,0.0009475336656405981,False,3.6917316667950346e-39,0.0009475336656405981,1.1115786202992542e-09,1.2559781537117474e-05,0.9990399054412525
627,1,4,0.998912421322612,0.0010464028518645196,False,9.956623594897673e-38,0.0010464028518645196,4.7828936274392135e-09,4.117104263069079e-05,0.998912421322612
628,1,4,0.9974347220285843,0.0023316930739296976,False,1.5666202583982446e-37,0.0023316930739296976,3.095935545399703e-08,0.00023355393814260646,0.9974347220285843
629,1,4,0.9738198562316198,0.026030705455225556,False,1.2096889454942521e-36,0.026030705455225556,1.766163947197822e-08,0.00014942065152328908,0.9738198562316198
631,1,0,0.9996549885452385,8.859359130965463e-06,False,0.9996549885452385,8.859359130965463e-06,0.0003037314699286101,3.24206248519837e-05,8.587836823970099e-13
632,1,0,0.9999927172696648,7.258180854029526e-06,False,0.9999927172696648,7.258180854029526e-06,1.3852770951222497e-08,1.069669738164716e-08,3.8450845019026865e-15
633,1,0,0.9996692225401836,1.0830255449606014e-05,False,0.9996692225401836,1.0830255449606014e-05,0.0002906627095326601,2.9284484895794022e-05,9.932160789857935e-12
634,1,0,0.9999309883462373,7.624487229793454e-06,False,0.9999309883462373,7.624487229793454e-06,4.8221620596285466e-05,1.3165545847289623e-05,9.344006764407156e-14
635,1,0,0.9999064895036557,7.1303684909183355e-06,False,0.9999064895036557,7.1303684909183355e-06,5.68845297240319e-05,2.94955980843691e-05,3.701204412925943e-14
636,1,0,0.9952898071727069,0.00011517740606230098,False,0.9952898071727069,0.00011517740606230098,0.004115744574399882,0.0004792703607423688,4.860812085691868e-10
637,1,0,0.9681920841634024,0.0005042927119642493,False,0.9681920841634024,0.0005042927119642493,0.02564949868572972,0.005654049638714747,7.480018491290924e-08
638,1,0,0.9933568296132044,0.0009582439221412528,False,0.9933568296132044,0.0009582439221412528,0.002425449961821719,0.0032594762727879536,2.300473094585176e-10
639,1,0,0.9959402844345252,0.0006778319021055446,False,0.9959402844345252,0.0006778319021055446,0.0014444948424652455,0.0019373886873357647,1.3355941309760438e-10
640,1,0,0.9999369648556423,6.296169622437956e-05,False,0.9999369648556423,6.296169622437956e-05,3.9952980555308296e-08,3.3494995779451376e-08,1.6177217614313333e-13
641,1,0,0.9999249075556551,7.507672659840557e-05,False,0.9999249075556551,7.507672659840557e-05,1.0914128504155822e-08,4.8034850698037635e-09,1.4464625908850302e-13
642,1,0,0.9999416961651689,5.822903818583348e-05,False,0.9999416961651689,5.822903818583348e-05,4.035077686745935e-08,3.444570582905741e-08,1.5536458208535091e-13
643,1,0,0.9999480596696289,5.187507990432424e-05,False,0.9999480596696289,5.187507990432424e-05,3.746172991649122e-08,2.7788609213736664e-08,1.1436627702530154e-13
644,1,0,0.9976774192422946,0.00024181159444285416,False,0.9976774192422946,0.00024181159444285416,0.0017264115430502874,0.000354357607355368,1.2855707674004549e-11
645,1,0,0.9999416782677832,5.828818569696865e-05,False,0.9999416782677832,5.828818569696865e-05,2.268016623126777e-08,1.086622849837286e-08,1.2421205175785375e-13
646,1,2,0.5252354258571643,0.005036427173191822,False,0.04381503497073346,0.005036427173191822,0.5252354258571643,0.42591236904048013,7.429584416700908e-07
647,1,0,0.4784112075552227,0.04591982762008891,False,0.4784112075552227,0.04591982762008891,0.46104864739642304,0.014619009479527496,1.3079487302930365e-06
648,1,2,0.7788319787658247,0.00958965671536129,False,0.07375122105440673,0.00958965671536129,0.7788319787658247,0.13782697212899578,1.7133540182781368e-07
649,1,2,0.49840314678209663,0.018375687777354183,False,0.373824102764576,0.018375687777354183,0.49840314678209663,0.10939646752714198,5.951488200526935e-07
650,1,2,0.6176865764522871,0.07138194287946678,False,0.29707743283015664,0.07138194287946678,0.6176865764522871,0.013852502000019926,1.54583807498623e-06
651,1,2,0.6446686216134734,0.02200913561296341,False,0.18058873655092744,0.02200913561296341,0.6446686216134734,0.15273241100392937,1.0952187171610154e-06
652,1,2,0.7251890555189927,0.01690723319656543,False,0.06257128626978108,0.01690723319656543,0.7251890555189927,0.19533065766549884,1.7673491588495321e-06
653,1,2,0.6941500220814666,0.02133028161110901,False,0.09160364457299698,0.02133028161110901,0.6941500220814666,0.19291438831130334,1.6634231253010761e-06
654,1,0,0.999999999997641,2.3464297916691175e-12,False,0.999999999997641,2.3464297916691175e-12,2.13633899184378e-27,9.247510387025896e-21,3.288916602368757e-24
655,1,2,0.7549202643116527,0.009250662212223874,False,0.050351478610682274,0.009250662212223874,0.7549202643116527,0.185476263526021,1.3313394122376168e-06
656,1,2,0.922470633537229,0.0038424668793373947,False,0.0025424940686048507,0.0038424668793373947,0.922470633537229,0.0711373346649921,7.070849841250468e-06
657,1,2,0.9269638091978365,0.010317164416056486,False,0.00030949144821052106,0.010317164416056486,0.9269638091978365,0.06234673479878606,6.280013911672662e-05
658,1,2,0.5264424878013735,0.006297714037800187,False,0.00416241910563908,0.006297714037800187,0.5264424878013735,0.4630948759693293,2.5030858539603563e-06
659,1,2,0.801035313053472,0.0056019665315955695,False,0.0452653160287711,0.0056019665315955695,0.801035313053472,0.14809664107495216,7.633112061486336e-07
660,1,2,0.46097533624926873,0.008897613222537145,False,0.31538074875713396,0.008897613222537145,0.46097533624926873,0.2147462780307712,2.3740284699497398e-08
661,1,2,0.7740552334297973,0.015586884606099657,False,0.03668908915378257,0.015586884606099657,0.7740552334297973,0.1736674032423845,1.389567932018056e-06
662,1,2,0.8824956186486103,0.00873200709161171,False,0.006661449443355161,0.00873200709161171,0.8824956186486103,0.1021069359849158,3.988831501150501e-06
663,1,2,0.8907935507403508,0.042327883276020946,False,0.043512413092497544,0.042327883276020946,0.8907935507403508,0.023363600706109214,2.5521850263255986e-06
664,1,2,0.7817114107980435,0.01533533725248243,False,0.018956098827313944,0.01533533725248243,0.7817114107980435,0.18399532768636642,1.8254357845149716e-06
665,1,2,0.7931511015820283,0.01587066294255255,False,0.01979877293864693,0.01587066294255255,0.7931511015820283,0.1711775253200772,1.9372166833674957e-06
666,1,0,0.9939648088104023,0.003657293624971758,False,0.9939648088104023,0.003657293624971758,0.0012358609729260423,0.0011420365457603264,4.5950304064027406e-11
667,1,2,0.8284780218387017,0.0111444044632556,False,0.008139597187514811,0.0111444044632556,0.8284780218387017,0.15223667697512608,1.299535406702461e-06
668,1,2,0.8591178320482477,0.014125903721840504,False,0.010309596582025779,0.014125903721840504,0.8591178320482477,0.11644521944206651,1.4482058220677945e-06
669,1,2,0.8340386687739518,0.009300708455823922,False,0.003015282432734164,0.009300708455823922,0.8340386687739518,0.1536433571773437,1.983160142537388e-06
670,1,2,0.8264331880639508,0.011106929272735482,False,0.0064321002074377515,0.011106929272735482,0.8264331880639508,0.1560263455917039,1.4368641654995206e-06
671,1,2,0.8300936089875611,0.009381280212393999,False,0.0026292178406660525,0.009381280212393999,0.8300936089875611,0.15789385579879728,2.0371605700073595e-06
672,1,3,0.5437605814677058,0.007914074482233913,False,0.003081697523653752,0.007914074482233913,0.4452433635197583,0.5437605814677058,2.8300663564472253e-07
673,1,2,0.8466220816594274,0.014093880912419787,False,0.024287664451710628,0.014093880912419787,0.8466220816594274,0.11499516135131392,1.2116251259470715e-06
674,1,2,0.5659759099798811,0.010712377768518255,False,0.005462058768632849,0.010712377768518255,0.5659759099798811,0.41784829393001116,1.359552968900636e-06
675,1,2,0.8932918838395273,0.02243539714615491,False,0.0008735829006281836,0.02243539714615491,0.8932918838395273,0.08338287858373299,1.625752996173495e-05
676,1,3,0.7440361119588378,0.0205883020511183,False,0.01117553598985878,0.0205883020511183,0.22420001860493716,0.7440361119588378,3.139525086488208e-08
677,1,2,0.7972490618931921,0.006694442324513956,False,5.471163028431421e-05,0.006694442324513956,0.7972490618931921,0.1959944084279431,7.375724078655871e-06
678,1,2,0.7860366124748502,0.006845727089048569,False,3.511556458402138e-05,0.006845727089048569,0.7860366124748502,0.20707415550276656,8.389368762387907e-06
679,1,2,0.8827378718682358,0.01480266661986355,False,4.01357663356879e-05,0.01480266661986355,0.8827378718682358,0.10237761821755954,4.170752800757023e-05
680,1,2,0.9561531196374715,0.017688145542036546,False,0.00018450795554668202,0.017688145542036546,0.9561531196374715,0.025963159886002864,1.1066978938284471e-05
681,1,2,0.9530883143588254,0.025620832828079823,False,0.0007564448471006907,0.025620832828079823,0.9530883143588254,0.020525825006436956,8.582959564218118e-06
682,1,2,0.8371625124004365,0.0024122584825300494,False,0.000450391259415749,0.0024122584825300494,0.8371625124004365,0.15996797020552758,6.867652080146713e-06
683,1,2,0.9493497180568461,0.030754746215276987,False,0.0002823000550593943,0.030754746215276987,0.9493497180568461,0.019599781473244655,1.345419958391945e-05
684,1,2,0.9546771052938161,0.02527426429030929,False,0.00018210668232077266,0.02527426429030929,0.9546771052938161,0.019852865732538177,1.3658001016791178e-05
685,1,2,0.9602848275276348,0.01518732889138643,False,3.0992363185704615e-07,0.01518732889138643,0.9602848275276348,0.024467272967904165,6.0260689440926125e-05
686,1,2,0.9429075071122734,0.014921380907648791,False,1.3131639960409373e-07,0.014921380907648791,0.9429075071122734,0.04198181611029124,0.0001891645533767749
687,1,2,0.9011944881911736,0.015421553126947653,False,1.3078764821015736e-08,0.015421553126947653,0.9011944881911736,0.08255924591129957,0.0008246996918142049
688,1,2,0.8980402175857541,0.011465061884330802,False,1.0947778660039805e-08,0.011465061884330802,0.8980402175857541,0.08962566691135605,0.0008690426707907938
689,1,2,0.8994870471991249,0.008284218893375453,False,9.594756546647833e-09,0.008284218893375453,0.8994870471991249,0.09112498540585719,0.0011037389068926152
690,1,2,0.9626868810267749,0.011921391304793059,False,4.874238412792573e-08,0.011921391304793059,0.9626868810267749,0.025240552988583343,0.00015112593747421783
691,1,2,0.9772541152812375,0.009944966455665508,False,3.4488722242394574e-08,0.009944966455665508,0.9772541152812375,0.012760445957081798,4.0437817301835455e-05
692,1,2,0.9776190529762062,0.009561846718368688,False,1.40442226198031e-08,0.009561846718368688,0.9776190529762062,0.012764614397794123,5.447186341148314e-05
693,1,2,0.9714816878093876,0.009542373844022803,False,1.9589171161933417e-11,0.009542373844022803,0.9714816878093876,0.018623118504652075,0.00035281982234827876
694,1,2,0.9736063322704802,0.008704525432309217,False,3.4530237170573147e-12,0.008704525432309217,0.9736063322704802,0.017178013843634952,0.0005111284501337483
695,1,2,0.9501773194548168,0.010530481318260348,False,4.475525073901841e-14,0.010530481318260348,0.9501773194548168,0.03289033329862189,0.006401865928265012
696,1,2,0.9532423580733426,0.008064456633794275,False,1.0265428706540273e-14,0.008064456633794275,0.9532423580733426,0.03086529826909604,0.007827887023742843
697,1,4,0.5052414159190123,0.011855939004454643,False,4.468444897972547e-17,0.011855939004454643,0.382771238204052,0.1001314068724686,0.5052414159190123
698,1,4,0.8337706074967707,0.013792335270102943,False,9.652253609425701e-18,0.013792335270102943,0.08933064793598434,0.0631064092971415,0.8337706074967707
699,1,4,0.8436341375899614,0.014412388572935328,False,1.5109775121234795e-17,0.014412388572935328,0.08238670049675526,0.05956677334033661,0.8436341375899614
700,1,4,0.935146889689367,0.017346482885389366,False,6.745245551129653e-18,0.017346482885389366,0.019717587065286837,0.027789040359958023,0.935146889689367
701,1,4,0.8817120107641924,0.11769282236542933,False,2.6903712125334667e-18,0.11769282236542933,7.015404692102192e-05,0.0005250128234497447,0.8817120107641924
702,1,4,0.8686500480427906,0.12839887933422717,False,2.0388802364274395e-17,0.12839887933422717,0.0007433037627093201,0.0022077688602660478,0.8686500480427906
703,1,4,0.8259851258697395,0.17036841761262578,False,8.481473456896185e-18,0.17036841761262578,0.0015016363448719407,0.002144820172764658,0.8259851258697395
704,1,4,0.8556682328274697,0.1385221644151477,False,9.737705069381433e-19,0.1385221644151477,0.0024898624945728395,0.003319740262801879,0.8556682328274697
705,1,4,0.8958665081184611,0.10343797321089071,False,2.5049225523947263e-20,0.10343797321089071,0.00012617180880366,0.0005693468618543072,0.8958665081184611
706,1,4,0.9008957463502348,0.09903119423083659,False,3.322715636250043e-18,0.09903119423083659,4.778519966542995e-07,7.258156694542704e-05,0.9008957463502348
707,1,0,0.9686953289762992,0.03130467102369066,False,0.9686953289762992,0.03130467102369066,1.3545723894241938e-39,7.6566311455419094e-34,5.311946829893269e-24
708,1,4,0.8036492066640576,0.019225742028667385,False,1.070617185892628e-21,0.019225742028667385,0.0192010996256891,0.1579239516815723,0.8036492066640576
709,1,4,0.9749789979457898,0.012772026218983235,False,6.448648402065472e-24,0.012772026218983235,0.0008010046442368199,0.011447971190977548,0.9749789979457898
710,1,4,0.987191751244899,0.012573952125308388,False,1.2020993527463144e-25,0.012573952125308388,5.347736284693854e-06,0.0002289488935132154,0.987191751244899
711,1,4,0.9827153072756202,0.01718100298691807,False,3.569271737412818e-27,0.01718100298691807,7.731736272744398e-06,9.595800119963667e-05,0.9827153072756202
712,1,4,0.9678793614738462,0.010133780638825009,False,4.423574864427947e-24,0.010133780638825009,0.000758789543779684,0.021228068343539113,0.9678793614738462
713,1,3,0.44420164672543916,0.06686667007588201,False,2.3802633605163115e-18,0.06686667007588201,0.387107394599215,0.44420164672543916,0.10182428859945845
714,1,3,0.4531771053769719,0.02179643516641592,False,2.9020366361452374e-19,0.02179643516641592,0.15271733026891599,0.4531771053769719,0.3723091291876837
715,1,2,0.698870627031517,0.021278256228144436,False,2.9578261477083294e-18,0.021278256228144436,0.698870627031517,0.2099621231212146,0.06988899361912744
716,1,2,0.44138234244049956,0.0563956320149736,False,1.0139241713853003e-19,0.0563956320149736,0.44138234244049956,0.15271249097231498,0.34950953457220413
717,1,4,0.49144475677547833,0.060885870135683536,False,2.8171995191628095e-21,0.060885870135683536,0.3131985688729007,0.13447080421592844,0.49144475677547833
718,1,4,0.42571338488791577,0.09023910943036977,False,1.3750240861849795e-21,0.09023910943036977,0.38126221808332156,0.1027852875983914,0.42571338488791577
719,1,4,0.9657927176391312,0.019743948536942283,False,1.168796875703268e-27,0.019743948536942283,0.006444029285798586,0.008019304538138334,0.9657927176391312
720,1,4,0.9685745901428523,0.01877133749940363,False,4.21176229286965e-28,0.01877133749940363,0.005400737518981008,0.0072533348387597086,0.9685745901428523
721,1,4,0.9586280269337611,0.034404615585501716,False,1.63932750111027e-29,0.034404615585501716,0.0011753925867681453,0.005791964893954877,0.9586280269337611
722,1,4,0.8822754379762375,0.11004956790690952,False,3.1122478638312954e-28,0.11004956790690952,0.004183668624622917,0.003491325492237346,0.8822754379762375
723,1,4,0.942881154514175,0.052473830873115884,False,1.6584961292436595e-30,0.052473830873115884,0.0009620381607772757,0.003682976451923289,0.942881154514175
724,1,4,0.939496198242167,0.05485563169114987,False,5.130454130923176e-30,0.05485563169114987,0.0011196701483192862,0.004528499918352736,0.939496198242167
725,1,4,0.922920915134871,0.06828198419612766,False,9.941120704440305e-30,0.06828198419612766,0.0021286597890397886,0.006668440879961804,0.922920915134871
726,1,4,0.6865948987611704,0.3028349361948524,False,2.198676594224864e-28,0.3028349361948524,0.006727800878583404,0.0038423641653954226,0.6865948987611704
727,1,4,0.6545211381993162,0.33248061712890736,False,1.4540962504144483e-28,0.33248061712890736,0.00701348873674006,0.00598475593502703,0.6545211381993162
728,1,4,0.8671522416461087,0.06170718164720888,False,2.5279619154160978e-24,0.06170718164720888,0.042448285490084316,0.028692291216585855,0.8671522416461087
729,1,4,0.6144251697278429,0.07675507786160214,False,2.3807730600741113e-23,0.07675507786160214,0.1914658837554119,0.11735386865513242,0.6144251697278429
730,1,3,0.5781631070237189,0.020155831148273132,False,5.588027563052355e-19,0.020155831148273132,0.15031748948384577,0.5781631070237189,0.25136357234417034
731,1,2,0.8133944376332283,0.028353940094323002,False,3.0970980477339257e-19,0.028353940094323002,0.8133944376332283,0.07709130262762429,0.08116031964481739
732,1,4,0.5608290440721301,0.012391578084888643,False,1.2614688856931245e-19,0.012391578084888643,0.07906950085822546,0.34770987698474665,0.5608290440721301
733,1,4,0.5655569677751334,0.012417938076656093,False,7.787813018679195e-20,0.012417938076656093,0.08559537457732395,0.33642971957089834,0.5655569677751334
734,1,2,0.9006157733033328,0.027795392499916305,False,4.98336174574981e-21,0.027795392499916305,0.9006157733033328,0.03419566691954972,0.03739316727720408
735,1,2,0.858701308397131,0.03892758125794434,False,1.0253851758946663e-21,0.03892758125794434,0.858701308397131,0.03869616114991641,0.06367494919500569
736,1,2,0.8362901618570606,0.06144183897902003,False,3.2689120598687156e-22,0.06144183897902003,0.8362901618570606,0.02713745521464908,0.07513054394927517
737,1,2,0.8615062623717997,0.04054615266443424,False,4.149349685140594e-22,0.04054615266443424,0.8615062623717997,0.030690610987175397,0.06725697397657965
738,1,2,0.9938276429367301,0.0035043348408325403,False,1.1738864244104026e-19,0.0035043348408325403,0.9938276429367301,0.0023253656291360135,0.0003426565933090041
739,1,2,0.9893652904531096,0.004780920634438871,False,2.9723986185643007e-19,0.004780920634438871,0.9893652904531096,0.004464603185735525,0.0013891857267292456
741,1,3,0.8143989854058996,0.01626656232227749,False,2.777166444588751e-13,0.01626656232227749,0.04693992184001196,0.8143989854058996,0.12239453043152476
743,1,3,0.38924636392216977,0.02007202482508976,False,2.6704811073960954e-17,0.02007202482508976,0.36563273150805486,0.38924636392216977,0.22504887974467408
744,1,4,0.5212579119070384,0.01880643310561219,False,4.952456769335672e-19,0.01880643310561219,0.1408536480545505,0.31908200693280797,0.5212579119070384
745,1,4,0.877004480750195,0.009315097894078113,False,2.175406432663226e-22,0.009315097894078113,0.015399676559251809,0.0982807447964663,0.877004480750195
746,1,4,0.8720353179374528,0.00853265138877247,False,5.650267139157842e-23,0.00853265138877247,0.017383642798092173,0.10204838787568407,0.8720353179374528
747,1,4,0.9813780431552332,0.0027882784232220893,False,2.335088262149601e-27,0.0027882784232220893,0.00045704089593903707,0.015376637525601757,0.9813780431552332
748,1,4,0.9959773398384413,0.002010580010837991,False,4.924137733481531e-31,0.002010580010837991,2.3313601814205578e-05,0.0019887665489030726,0.9959773398384413
751,1,4,0.9969973086789496,0.0026618338283733566,False,4.001962054871013e-37,0.0026618338283733566,1.1863904898487862e-06,0.00033967110217408586,0.9969973086789496
753,1,3,0.9928674992846234,0.005412277680043169,False,8.068983983759667e-15,0.005412277680043169,0.0015903943636189357,0.9928674992846234,0.0001298286716930818
754,1,4,0.998123506525995,0.0013129419382822873,False,2.1953043140064846e-29,0.0013129419382822873,1.0645437109328246e-07,0.0005634450813487876,0.998123506525995
755,1,4,0.9711593315422903,0.005980301708381856,False,5.032776151401269e-27,0.005980301708381856,1.603370102156146e-05,0.022844333048309268,0.9711593315422903
756,1,4,0.9897643749072399,0.0037770550610218335,False,3.000584619756105e-27,0.0037770550610218335,2.34935111111598e-06,0.006456220680633209,0.9897643749072399
757,1,4,0.988915250240512,0.0038481242523907555,False,4.20922038866953e-27,0.0038481242523907555,3.56225663496373e-06,0.007233063250467936,0.988915250240512
758,1,4,0.9854039451982567,0.005312226098021914,False,8.492365254165184e-27,0.005312226098021914,4.318237077908318e-06,0.009279510466636658,0.9854039451982567
759,1,4,0.45911870752426737,0.31400100532170205,False,2.8772653994454666e-27,0.31400100532170205,0.0027800439079148725,0.22410024324611633,0.45911870752426737
761,1,2,0.3494009909713852,0.15554280890212088,False,8.930882476708767e-23,0.15554280890212088,0.3494009909713852,0.30372453738780597,0.19133166273868588
762,1,3,0.5969206896117673,0.08187540212219353,False,7.235616297947685e-22,0.08187540212219353,0.1741420244787591,0.5969206896117673,0.14706188378727245
763,1,4,0.7823028055303882,0.02919200178081793,False,8.23430429835534e-22,0.02919200178081793,0.022858668808082083,0.16564652388072348,0.7823028055303882
764,1,4,0.9888047031971401,0.010906705853388744,False,1.7493717625146972e-25,0.010906705853388744,1.924236618170751e-06,0.00028666671285379697,0.9888047031971401
765,1,4,0.7024924234189609,0.03310612210327045,False,7.613878018207671e-22,0.03310612210327045,0.021044349082225123,0.24335710539554403,0.7024924234189609
766,1,2,0.5311698815320947,0.04347354901057437,False,7.000140318114059e-20,0.04347354901057437,0.5311698815320947,0.2387390915981012,0.18661747785923283
767,1,2,0.3906368830473185,0.07091377286285089,False,4.615985936780646e-22,0.07091377286285089,0.3906368830473185,0.2588291187008346,0.2796202253889825
768,1,4,0.8081716887610663,0.06429512356399582,False,1.7456377176125594e-23,0.06429512356399582,0.059256135947816924,0.068277051727109,0.8081716887610663
769,1,4,0.9203844220789166,0.04512594334182764,False,4.180418189595296e-25,0.04512594334182764,0.013733147257444555,0.020756487321808237,0.9203844220789166
770,1,4,0.8988978953263055,0.05327147637430845,False,3.919614747265652e-26,0.05327147637430845,0.014829716360191732,0.033000911939203036,0.8988978953263055
771,1,4,0.8508272084720819,0.10598660412120608,False,8.670602801980183e-26,0.10598660412120608,0.024124295333814643,0.019061892072901064,0.8508272084720819
772,1,4,0.9434112937998892,0.03740244890545839,False,4.593199502965995e-28,0.03740244890545839,0.003687387433619646,0.015498869861026903,0.9434112937998892
773,1,4,0.943136882100019,0.03740019478764923,False,7.287398206302445e-28,0.03740019478764923,0.004067353897997287,0.01539556921434582,0.943136882100019
774,1,4,0.750502760063603,0.15126273083631886,False,1.0513845314674113e-26,0.15126273083631886,0.0498173477660571,0.048417161334010264,0.750502760063603
775,1,4,0.7713613631999178,0.13000096742398123,False,1.3698809928332568e-26,0.13000096742398123,0.05154924322147434,0.04708842615463378,0.7713613631999178
776,1,4,0.9669113146605228,0.01549158665880519,False,2.0809124635416788e-27,0.01549158665880519,0.006022818629455766,0.011574280051228153,0.9669113146605228
777,1,4,0.9686272007852681,0.014441743763514125,False,2.343155041060317e-27,0.014441743763514125,0.005931242338641361,0.010999813112585428,0.9686272007852681
778,1,4,0.9733841863983491,0.011583669474470253,False,1.3285739585414016e-27,0.011583669474470253,0.004963719887539658,0.010068424239628787,0.9733841863983491
779,1,4,0.725740847733476,0.14239072238200928,False,5.042236256424423e-26,0.14239072238200928,0.07661173523218892,0.05525669465231915,0.725740847733476
780,1,4,0.9444699716906616,0.03218588920751428,False,2.844231071886436e-27,0.03218588920751428,0.005352808138422793,0.017991330963389555,0.9444699716906616
781,1,4,0.9524130803605241,0.02978268339205486,False,1.1283137226046135e-27,0.02978268339205486,0.00323296077111872,0.014571275476308045,0.9524130803605241
782,1,4,0.952189778723497,0.03180615377750448,False,2.0074748902104628e-27,0.03180615377750448,0.0034373030916461395,0.012566764407351166,0.952189778723497
783,1,4,0.9569448086091937,0.03015092025437125,False,9.05133976992983e-28,0.03015092025437125,0.0024503841352952775,0.010453887001151118,0.9569448086091937
784,1,4,0.9791793873772544,0.017761624520718753,False,1.2853628124104284e-28,0.017761624520718753,0.00042756157413961006,0.002631426527892849,0.9791793873772544
785,1,4,0.979192172353803,0.015285141220620812,False,4.796760626761841e-29,0.015285141220620812,0.0004486537185994645,0.005074032706986626,0.979192172353803
786,1,4,0.9762135433621137,0.016762913177811173,False,1.3045490883184805e-28,0.016762913177811173,0.0006804111829793489,0.006343132277090576,0.9762135433621137
787,1,4,0.9971131594586,0.0023343096977245935,False,4.846691817725588e-31,0.0023343096977245935,2.5660650686577175e-05,0.0005268701930017088,0.9971131594586
788,1,4,0.9867971800336091,0.012207335366527522,False,4.640036724704315e-32,0.012207335366527522,0.00026299133109349525,0.0007324932687689106,0.9867971800336091
789,1,4,0.9892887223267637,0.010040199063873842,False,1.1176465248923842e-32,0.010040199063873842,0.0001312378946330978,0.0005398407147288211,0.9892887223267637
790,1,4,0.9945439451029766,0.005323900026211563,False,3.6030203062196043e-35,0.005323900026211563,6.920123074058341e-06,0.0001252347477439248,0.9945439451029766
791,1,3,0.8699283880828538,0.10408500893702122,False,2.9746603870376217e-19,0.10408500893702122,7.805733863578417e-05,0.8699283880828538,0.025908545641478476
792,1,0,0.5273279565923579,0.47267203109869604,False,0.5273279565923579,0.47267203109869604,2.260005634359615e-14,1.2308926863714655e-08,8.967540038442764e-22
793,1,0,1.0,1.384313576897728e-16,False,1.0,1.384313576897728e-16,9.613776238621656e-75,1.4070822157029593e-66,7.209298432219043e-55
798,1,2,0.37369248552290013,0.3113381729169113,False,8.948763687557232e-23,0.3113381729169113,0.37369248552290013,0.2414244686403642,0.07354487291982001
799,1,3,0.6317734022247704,0.15608271860686482,False,5.504259938636447e-23,0.15608271860686482,0.017583850564245863,0.6317734022247704,0.19456002860410967
800,1,3,0.7698986745354428,0.05249286823798106,False,1.491704330374674e-23,0.05249286823798106,0.02332521417905464,0.7698986745354428,0.15428324304753568
801,1,3,0.4820519472615548,0.09756707586498262,False,1.7098626794961688e-23,0.09756707586498262,0.015506782134009533,0.4820519472615548,0.40487419473945485
805,1,3,0.7228583619975436,0.029150459182352942,False,3.4910371152278694e-17,0.029150459182352942,0.19143650591262465,0.7228583619975436,0.056554672907475935
806,1,2,0.7661415963326926,0.01260624053161457,False,2.892392481282617e-16,0.01260624053161457,0.7661415963326926,0.21811930736823584,0.003132855767442645
807,1,2,0.9675758661855208,0.007366757664965692,False,1.535417307469639e-07,0.007366757664965692,0.9675758661855208,0.025051388520275414,5.834087506991116e-06
808,1,2,0.967724217742546,0.007600042889381118,False,1.5911740382093553e-07,0.007600042889381118,0.967724217742546,0.02466984457870101,5.735671979769448e-06
809,1,2,0.9680951075979415,0.008171663339602358,False,1.9217844772679775e-07,0.008171663339602358,0.9680951075979415,0.023727633194941613,5.403689057198956e-06
810,1,2,0.9669939712486078,0.006694848195156726,False,9.2729299903794e-09,0.006694848195156726,0.9669939712486078,0.026302620276549633,8.551006753967938e-06
811,1,2,0.9808476419223344,0.0048641722692231186,False,1.1924964686637276e-10,0.0048641722692231186,0.9808476419223344,0.014266030270335328,2.215541884584089e-05
812,1,2,0.9829676395293814,0.005153825165184727,False,5.616056935572565e-10,0.005153825165184727,0.9829676395293814,0.011865855577275607,1.2679166539824659e-05
813,1,2,0.9319648759444077,0.0083148337487443,False,1.6711999588482645e-11,0.0083148337487443,0.9319648759444077,0.057925344494047716,0.0017949457960756464
814,1,2,0.9430289263078286,0.007695815477623271,False,2.5031931512777966e-11,0.007695815477623271,0.9430289263078286,0.04795068751480308,0.0013245706747005927
815,1,2,0.8153018912317748,0.008252134728386576,False,1.3605995058246203e-11,0.008252134728386576,0.8153018912317748,0.16842558520042025,0.00802038882580696
816,1,2,0.9513073882286006,0.007716222678741227,False,6.598368149720666e-11,0.007716222678741227,0.9513073882286006,0.040950050918231055,2.6338108443837973e-05
817,1,2,0.8496413017523516,0.05308809504328046,False,3.62560601041304e-14,0.05308809504328046,0.8496413017523516,0.09291737091645776,0.004353232287874149
818,1,2,0.6995047613055152,0.15082563790138512,False,1.094125064369582e-17,0.15082563790138512,0.6995047613055152,0.13620129264212497,0.013468308150979326
819,1,2,0.5850488998716473,0.24545001530430902,False,1.9512037099130645e-18,0.24545001530430902,0.5850488998716473,0.1423955246826088,0.027105560141431433
820,1,2,0.5017497700822353,0.17830960034322293,False,3.259295099609117e-21,0.17830960034322293,0.5017497700822353,0.29336369461870754,0.02657693495582438
821,1,2,0.43530418693104367,0.30766180140193744,False,5.557580863043949e-22,0.30766180140193744,0.43530418693104367,0.21975491376727058,0.037279097899736
822,1,2,0.7498483928804524,0.1333829825165203,False,1.8964656120258142e-24,0.1333829825165203,0.7498483928804524,0.11245205588093592,0.004316568722080867
823,1,2,0.8321196424179645,0.09692305299480138,False,2.566587322764766e-24,0.09692305299480138,0.8321196424179645,0.06803398223154189,0.0029233223556958256
824,1,3,0.7115230371044329,0.06235883742174357,False,8.549511854474901e-22,0.06235883742174357,0.1972539558098763,0.7115230371044329,0.028864169663934697
825,1,2,0.9381454719369753,0.025478520079105026,False,3.925489578757528e-21,0.025478520079105026,0.9381454719369753,0.03586170085998092,0.0005143071239253389
826,1,3,0.7581629209958693,0.01788566281983178,False,2.804198097303873e-20,0.01788566281983178,0.04796674356705736,0.7581629209958693,0.17598467261725292
827,1,2,0.5055667844356974,0.021513450294118323,False,1.778533739830403e-17,0.021513450294118323,0.5055667844356974,0.4698538707873958,0.003065894482796226
828,1,2,0.5348093861208744,0.14484825268154164,False,2.0198576320798382e-22,0.14484825268154164,0.5348093861208744,0.1779456098239112,0.1423967513736739
829,1,4,0.41889770162742085,0.23999375182733604,False,2.0833117207256013e-24,0.23999375182733604,0.18925212034274194,0.15185642620250617,0.41889770162742085
833,1,3,0.5769266249819753,0.2227918568346363,False,2.356709951717306e-26,0.2227918568346363,0.01535407186350198,0.5769266249819753,0.18492744631989436
834,1,4,0.9360517095132869,0.006731149818876108,False,1.481809034619685e-26,0.006731149818876108,0.00024640726047549125,0.05697073340736566,0.9360517095132869
835,1,3,0.6950760493487682,0.041400201384817634,False,1.2131016595862955e-18,0.041400201384817634,0.06227585638305867,0.6950760493487682,0.20124789288334782
840,1,4,0.8819320656332797,0.010765405656052416,False,1.039765070118591e-25,0.010765405656052416,5.5453734524424654e-05,0.10724707497614193,0.8819320656332797
841,1,4,0.6152620158376816,0.00706786757071983,False,3.198665110897727e-23,0.00706786757071983,0.0012327573351245825,0.376437359256474,0.6152620158376816
842,1,2,0.7141377067999591,0.09175887261930366,False,5.353522526764991e-21,0.09175887261930366,0.7141377067999591,0.18601368225757725,0.008089738323151288
843,1,2,0.49470148575744716,0.21392326122756106,False,1.9516316280019205e-22,0.21392326122756106,0.49470148575744716,0.24156187991432776,0.04981337310066658
844,1,4,0.5532129891520261,0.07196128366248115,False,5.772395490932137e-24,0.07196128366248115,0.0842108706734231,0.29061485651207686,0.5532129891520261
845,1,2,0.5661695586854169,0.19449778419718222,False,4.6539592773872334e-23,0.19449778419718222,0.5661695586854169,0.20747745775382562,0.03185519936357488
847,1,3,0.3653165938881869,0.36402290377470026,False,3.1153519501053084e-28,0.36402290377470026,0.007064140912196831,0.3653165938881869,0.263596361424922
850,1,4,0.8760336790286619,0.12395969058247087,False,1.498158114103671e-22,0.12395969058247087,1.4846550463318679e-06,5.1457338347663914e-06,0.8760336790286619
851,1,4,0.9468754070933748,0.053124550391073194,False,5.322807432456322e-28,0.053124550391073194,1.5249295378560403e-09,4.0990636249620255e-08,0.9468754070933748
852,1,0,0.9999918943628312,8.105637187591003e-06,False,0.9999918943628312,8.105637187591003e-06,1.8122912018021014e-42,3.5240265855921926e-31,6.063610396217129e-45
856,1,2,0.7580755196857384,0.06345294302071885,False,0.13809192927102457,0.06345294302071885,0.7580755196857384,0.04037818329088961,1.424731631479318e-06
857,1,2,0.6516136192763556,0.040241754396359145,False,0.300859564583224,0.040241754396359145,0.6516136192763556,0.0072846090692796316,4.526747694024316e-07
858,1,2,0.8957923071426908,0.029390246468519163,False,0.023345811193318106,0.029390246468519163,0.8957923071426908,0.0514521006823495,1.9534513130610003e-05
859,1,2,0.9438291490627839,0.030026478539693886,False,0.017650082383860365,0.030026478539693886,0.9438291490627839,0.00849376261966108,5.273939891885473e-07
860,1,2,0.9785355979947578,0.007182272814024103,False,3.7813921241380296e-09,0.007182272814024103,0.9785355979947578,0.014247493254035067,3.463215580050127e-05
861,1,4,0.9396903290931622,0.0061209970366700546,False,1.3571509632756954e-22,0.0061209970366700546,0.016454087440536988,0.037734586429641455,0.9396903290931622
862,1,4,0.950409260857834,0.005145983333480586,False,3.575290116883153e-24,0.005145983333480586,0.007904594303833204,0.036540161504847006,0.950409260857834
863,1,4,0.9765169425081229,0.0015481396332625112,False,6.796574039881476e-26,0.0015481396332625112,0.0010364528582111087,0.020898465000416724,0.9765169425081229
867,1,4,0.876987954145145,0.12301192284180296,False,5.208006230531603e-28,0.12301192284180296,6.390446140702705e-13,1.2301241503599703e-07,0.876987954145145
868,1,4,0.9907961072704502,0.008867478136598196,False,3.097557763875694e-33,0.008867478136598196,1.2125100753820561e-05,0.00032428949219667075,0.9907961072704502
869,1,4,0.903329626528355,0.09581393897110524,False,8.60773860169041e-33,0.09581393897110524,0.00014925434965721595,0.0007071801508731173,0.903329626528355
874,1,3,0.7152689822689132,0.11915221729240383,False,2.0071378933884732e-20,0.11915221729240383,6.698016697948482e-05,0.7152689822689132,0.16551182027170291
875,1,4,0.8511312955730718,0.10876905323522401,False,3.8601962603794064e-22,0.10876905323522401,3.885737084061746e-06,0.040095765454616,0.8511312955730718
876,1,2,0.9041334157200767,0.01699551380130166,False,0.061566908467114746,0.01699551380130166,0.9041334157200767,0.01729996272682817,4.199284687371823e-06
877,1,2,0.8878705448511912,0.01666480507345755,False,0.07165963187420293,0.01666480507345755,0.8878705448511912,0.023796866371630424,8.151829522969753e-06
878,1,2,0.9495938640206015,0.012632161723117204,False,0.0002895091334113877,0.012632161723117204,0.9495938640206015,0.037341270433042494,0.0001431946898171245
879,1,2,0.9531013137323889,0.02773824470621142,False,2.4948769519467383e-05,0.02773824470621142,0.9531013137323889,0.01825119680007397,0.0008842959918092773
880,1,2,0.9653284108439124,0.019748946031431774,False,4.6722937898277926e-05,0.019748946031431774,0.9653284108439124,0.014480752215188963,0.0003951679715716424
881,1,2,0.9561526377500773,0.02501104314797223,False,3.068873046199403e-05,0.02501104314797223,0.9561526377500773,0.01807745619825244,0.0007281741732487379
882,1,2,0.9788471763465374,0.012432694706806352,False,4.211707811188546e-05,0.012432694706806352,0.9788471763465374,0.008562334336179048,0.00011567753236461441
883,1,2,0.9530004527892028,0.011827833066960374,False,0.001391984035605516,0.011827833066960374,0.9530004527892028,0.0337081206488544,7.160945938345373e-05
885,1,3,0.6333121311058822,0.07495228392976525,False,0.005249279440105744,0.07495228392976525,0.2864328357188464,0.6333121311058822,5.3469805413911914e-05
886,1,2,0.7822099063666516,0.12978417629138458,False,4.524816526070051e-06,0.12978417629138458,0.7822099063666516,0.06629682609178247,0.021704566433652768
887,1,2,0.9716294674408309,0.009745486540857459,False,0.0005292574756577744,0.009745486540857459,0.9716294674408309,0.018085372389792832,1.041615287161187e-05
888,1,2,0.9718295942310197,0.008651095127139923,False,0.0002284734869692159,0.008651095127139923,0.9718295942310197,0.01927700871287455,1.3828441984642398e-05
889,1,2,0.8787076626758353,0.033829856002207045,False,1.8825984658759027e-11,0.033829856002207045,0.8787076626758353,0.040708048351506106,0.0467544329516227
890,1,2,0.5024502472356844,0.054166450197751924,False,5.9516933260040555e-12,0.054166450197751924,0.5024502472356844,0.41084088645425554,0.032542416106347775
891,1,2,0.9136763540378537,0.026503439257196233,False,9.7500127411614e-20,0.026503439257196233,0.9136763540378537,0.05830682876460455,0.0015133779403569555
892,1,2,0.7420639275714804,0.04596621370995429,False,1.901697920073727e-19,0.04596621370995429,0.7420639275714804,0.20362322411561515,0.008346634602947994
893,1,2,0.8816407838747772,0.024743929570508236,False,7.258194235114471e-18,0.024743929570508236,0.8816407838747772,0.09248871984105606,0.0011265667136480056
894,1,2,0.9663505217363467,0.011027946380623075,False,8.619633669381568e-13,0.011027946380623075,0.9663505217363467,0.022573132301383622,4.839958079830016e-05
895,1,2,0.9530792229444232,0.006528112417255793,False,3.6959408486325624e-11,0.006528112417255793,0.9530792229444232,0.04037461795354116,1.8046647822666e-05
896,1,2,0.7201867947209014,0.013871908014149892,False,1.45063860981989e-14,0.013871908014149892,0.7201867947209014,0.2641345908689217,0.0018067063960017973
897,1,2,0.9447593031275545,0.0045642255533120575,False,6.832500487927975e-14,0.0045642255533120575,0.9447593031275545,0.050673712473948786,2.758845125325252e-06
899,1,4,0.936235119163499,0.06371552316999242,False,6.22541648026259e-27,0.06371552316999242,2.0252820279101356e-05,2.9104846217400142e-05,0.936235119163499
907,2,4,0.7381611597851709,0.08610257181918894,False,1.0471589491580316e-26,0.01692603803564467,0.08610257181918894,0.1588102303599873,0.7381611597851709
908,2,4,0.6050963619469708,0.1619266382778781,False,3.2237219106108237e-25,0.0163399660115502,0.1619266382778781,0.21663703376360482,0.6050963619469708
913,2,1,0.9851666913846346,0.005377610778577852,False,3.429729593578279e-05,0.9851666913846346,0.005377610778577852,0.009421295074196149,1.0546664623170499e-07
918,2,1,0.9711015944336546,4.3596364738547125e-05,False,6.268679340060042e-07,0.9711015944336546,4.3596364738547125e-05,0.02884406057604735,1.0121757632882453e-05
921,2,1,0.958365724903143,5.2842973895977474e-05,False,0.04101880248771872,0.958365724903143,5.2842973895977474e-05,0.0005625084579596926,1.2117727396600948e-07
923,2,0,0.7580171770826049,0.22621679499754946,False,0.7580171770826049,0.0011643313143178558,0.22621679499754946,0.014601582890511725,1.1371500243748228e-07
924,2,0,0.9937051229922741,0.006103061020367975,False,0.9937051229922741,5.8829262354487475e-05,0.006103061020367975,0.00013298624903729312,4.759636915662023e-10
925,2,0,0.9926119228528331,0.006313762402823223,False,0.9926119228528331,0.0010163731914164858,0.006313762402823223,5.7937133572270945e-05,4.419340766043381e-09
926,2,0,0.9989863647953885,0.0008101873440307562,False,0.9989863647953885,0.00019928501303129287,0.0008101873440307562,4.1627029738925335e-06,1.4456853546382975e-10
927,2,0,0.9982203880614446,0.0014685375975690472,False,0.9982203880614446,0.00030521450374287987,0.0014685375975690472,5.85951793288546e-06,3.1931933883106837e-10
928,2,0,0.6780597009794392,0.27274875131125936,False,0.6780597009794392,0.0035897594901731114,0.27274875131125936,0.04560177061907255,1.760005563449342e-08
929,2,0,0.8733704702489772,0.11673458570793224,False,0.8733704702489772,0.0096727516145189,0.11673458570793224,0.00022217735779476267,1.507078463968975e-08
930,2,0,0.8491244575481005,0.13945161779536008,False,0.8491244575481005,0.011153591213245663,0.13945161779536008,0.0002703139208366161,1.9522444991198064e-08
931,2,0,0.9998437798976767,6.428032700688372e-05,False,0.9998437798976767,9.121959069092962e-05,6.428032700688372e-05,7.20176119983278e-07,8.493311798349269e-12
932,2,0,0.9839741563876503,0.011370583295419082,False,0.9839741563876503,0.003235105544564646,0.011370583295419082,0.0014201546055950442,1.6677429032570667e-10
935,2,0,0.999999999969873,6.178655604376633e-28,False,0.999999999969873,3.0138623866626153e-11,6.178655604376633e-28,6.697432074902246e-30,3.872697906405144e-51
936,2,3,0.6299102572447247,0.00019207029830001367,False,1.1044370909292124e-08,0.3698831846871025,0.00019207029830001367,0.6299102572447247,1.4476725504129963e-05
948,2,1,0.9924783906372199,0.0003758374144795896,False,9.253324496312266e-17,0.9924783906372199,0.0003758374144795896,0.00505404549092962,0.002091726457362204
949,2,4,0.9807669991657944,4.376347756623055e-05,False,5.8235867192133155e-21,0.01841754810208282,4.376347756623055e-05,0.0007716892545637663,0.9807669991657944
950,2,1,0.9995324837576688,1.3474834401343379e-11,False,2.169088271252556e-13,0.9995324837576688,1.3474834401343379e-11,7.971938304789593e-07,0.0004667190348044909
951,2,1,0.9999668664372822,1.8869531338252116e-14,False,3.3404763360324656e-11,0.9999668664372822,1.8869531338252116e-14,1.8178801622250133e-07,3.2951741271709234e-05
952,2,1,0.8592686728914706,1.3852338018154263e-06,False,1.755114552051866e-17,0.8592686728914706,1.3852338018154263e-06,0.00010434662013104635,0.14062559525459223
953,2,4,0.6017965132954223,0.024731993654410468,False,6.7634798055279965e-15,0.33004324783028777,0.024731993654410468,0.04342824521986077,0.6017965132954223
955,2,3,0.7066963899407409,0.27890684871422783,False,3.7377116089508407e-10,0.011924860827499308,0.27890684871422783,0.7066963899407409,0.0024719001437712037
1011,2,3,0.9787293772229028,0.008071268598137988,False,5.620779564790275e-08,0.013199292921248253,0.008071268598137988,0.9787293772229028,5.04992881768637e-09
1014,2,1,0.9974290152821026,1.087367026030031e-06,False,1.7564340919304138e-08,0.9974290152821026,1.087367026030031e-06,0.002569833517016279,4.6269502490653725e-08
1015,2,1,0.9967172746887416,2.078591263425858e-09,False,2.704553572162064e-17,0.9967172746887416,2.078591263425858e-09,2.007957894052357e-06,0.003280715274765291
1016,2,4,0.6481984556453966,6.286379595529022e-10,False,2.840693497542891e-22,0.35180087703211715,6.286379595529022e-10,6.666938464617931e-07,0.6481984556453966
1017,2,1,0.9999999998626663,1.8724385519808465e-26,False,1.353941849730503e-10,0.9999999998626663,1.8724385519808465e-26,1.0959241577103252e-16,1.9324207131991873e-12
1018,2,1,0.9999998683461315,5.89080514291756e-24,False,1.3165332538027812e-07,0.9999998683461315,5.89080514291756e-24,4.0698776184807577e-16,5.38830116318746e-13
1019,2,1,0.9999994269552922,2.2382831544799024e-26,False,5.730401315516541e-07,0.9999994269552922,2.2382831544799024e-26,1.3744202958052326e-16,4.586616964318481e-12
1020,2,1,0.9998920142004997,3.0291070911565463e-16,False,2.135876682775163e-14,0.9998920142004997,3.0291070911565463e-16,4.4522634632213786e-10,0.00010798535425401254
1021,2,1,0.6952007645742345,0.0005679317049071496,False,1.4768255342920622e-12,0.6952007645742345,0.0005679317049071496,0.037570694629127446,0.26666060909025224
1022,2,0,0.5227140699051985,1.738915370126819e-09,False,0.5227140699051985,0.47728590207575133,1.738915370126819e-09,2.6280135625137977e-08,2.93577721078853e-16
1026,2,1,0.6632551303468036,0.20586484629456012,False,4.362587116558059e-07,0.6632551303468036,0.20586484629456012,0.10701122558941653,0.023868361510508272
1027,2,0,0.9228364063374312,0.06682724362326779,False,0.9228364063374312,0.009111584706891421,0.06682724362326779,0.0012245174251101075,2.4790728868148344e-07
1028,2,0,0.761707590252297,0.23446707467734998,False,0.761707590252297,0.0014081854439420304,0.23446707467734998,0.0024171403781269134,9.248280647818967e-09
1029,2,0,1.0,4.558495283598962e-130,False,1.0,2.09633398628717e-73,4.558495283598962e-130,1.0754676958098683e-121,1.5355422285215101e-180
1030,2,0,0.9172392211662895,0.081261661881216,False,0.9172392211662895,0.0006884648401947132,0.081261661881216,0.000810649144315384,2.9679791210472464e-09
1031,2,0,0.9982706231019443,0.0013477908726412119,False,0.9982706231019443,6.193503273268333e-05,0.0013477908726412119,0.0003196509924775399,2.0088764897831698e-13
1032,2,0,0.9008388577394978,0.08883197622433318,False,0.9008388577394978,0.009745226185069041,0.08883197622433318,0.0005838901714241054,4.967968066962629e-08
1033,2,0,0.9026640824110934,0.08841573632170545,False,0.9026640824110934,0.00835221811560235,0.08841573632170545,0.0005679144789289872,4.8672682250311054e-08
1034,2,0,0.4966140939518111,0.4901396830987864,False,0.4966140939518111,0.0034216592124417166,0.4901396830987864,0.00982442833267003,1.3540428512712237e-07
1035,2,1,0.9968368508547203,1.1060813877381622e-07,False,0.003163009675665884,0.9968368508547203,1.1060813877381622e-07,2.8861465222685176e-08,8.603422337799711e-19
1040,2,3,0.6666637513293299,0.0700079602009859,False,1.2732483706236428e-13,0.13522449805351766,0.0700079602009859,0.6666637513293299,0.12810379041604442
1041,2,1,0.8791605095311912,1.1621265147206914e-05,False,4.368852942041763e-14,0.8791605095311912,1.1621265147206914e-05,0.0042377908637729455,0.11659007833983727
1042,2,1,0.9995344349019996,1.3312717439078977e-08,False,1.7349660331096422e-11,0.9995344349019996,1.3312717439078977e-08,0.0002877843785688999,0.00017776738935216014
1043,2,1,0.8122461637634526,2.976546009443913e-06,False,8.103317546541532e-14,0.8122461637634526,2.976546009443913e-06,0.007590168161291945,0.18016069152916478
1044,2,4,0.7506998096031445,0.0003563859004474142,False,9.515562024493674e-18,0.24575079709036868,0.0003563859004474142,0.00319300740603244,0.7506998096031445
1045,2,1,0.9280829066565653,8.845939751146582e-07,False,2.4342467778888018e-15,0.9280829066565653,8.845939751146582e-07,0.0006804916962022936,0.07123571705325425
1046,2,1,0.9999876125709908,1.3409161477574359e-13,False,1.2387046620478188e-05,0.9999876125709908,1.3409161477574359e-13,9.369197720366491e-11,2.885760929376726e-10
1048,2,3,0.8602788298213955,0.13768174194154567,False,4.7303274660032105e-08,0.002035883720608567,0.13768174194154567,0.8602788298213955,3.497213178837432e-06
1063,2,1,0.9999995424615998,7.045947348415835e-15,False,1.9559724695187842e-09,0.9999995424615998,7.045947348415835e-15,3.4350278129163036e-10,4.5523892932447034e-07
1064,2,1,0.9973180505598518,7.73735349893129e-26,False,0.0026819494385164114,0.9973180505598518,7.73735349893129e-26,1.3949436999554102e-17,1.6062258781342772e-12
1066,2,3,0.7263525379670569,0.26898568260256045,False,0.00013911311681894312,0.004511621144586593,0.26898568260256045,0.7263525379670569,1.1045168963379939e-05
1067,2,3,0.6825085840769142,0.31334929258582084,False,7.808752477127321e-06,0.004117038251413489,0.31334929258582084,0.6825085840769142,1.727633337549889e-05
1070,2,3,0.5039766642552833,0.47168888687324756,False,0.011576760335829077,0.012750085764714076,0.47168888687324756,0.5039766642552833,7.602770916316036e-06
1071,2,3,0.4252744055158588,0.2691615071286127,False,0.2825329156019544,0.023031167303414642,0.2691615071286127,0.4252744055158588,4.450163353153587e-09
1073,2,0,0.6664564166362825,0.3111420155967975,False,0.6664564166362825,0.0033385118340178584,0.3111420155967975,0.019062953422932793,1.0250997783424757e-07
1074,2,0,0.8732437921342302,0.11719051742332913,False,0.8732437921342302,0.009280141654875403,0.11719051742332913,0.00028551279892639273,3.598862934026801e-08
1075,2,0,0.9169226779332665,0.07733079876308369,False,0.9169226779332665,0.0009115235490480124,0.07733079876308369,0.004834974082408757,2.56721834947553e-08
1076,2,0,0.9932001014201501,0.005825696175916789,False,0.9932001014201501,0.000957397752413575,0.005825696175916789,1.6803798106260237e-05,8.534041512203871e-10
1077,2,0,0.8099995424342402,0.17147367653452986,False,0.8099995424342402,0.0011020078490186834,0.17147367653452986,0.01742476917662089,4.005599445819597e-09
1078,2,0,0.7055894904267411,0.2794191100247503,False,0.7055894904267411,0.0017370839311730863,0.2794191100247503,0.013254211743104259,1.0387421879878253e-07
1079,2,0,0.944147681612844,0.030085029330984517,False,0.944147681612844,0.0008716987404324815,0.030085029330984517,0.024895590277898092,3.78480983545665e-11
1080,2,0,0.9989084967226295,0.0006265697237243559,False,0.9989084967226295,3.4975735381944686e-05,0.0006265697237243559,0.00042995781804623597,2.3174855587086797e-13
1081,2,0,0.9935455650655473,0.0060931537856892875,False,0.9935455650655473,0.00013106462733060878,0.0060931537856892875,0.00023021613683937088,3.8460733736027767e-10
1084,2,4,0.8152570362884726,0.00020931941730533397,False,9.599512773126736e-18,0.1829131643162069,0.00020931941730533397,0.0016204799780148867,0.8152570362884726
1085,2,4,0.8070312795265441,3.4899175518800893e-07,False,5.102781038461437e-21,0.19292818074863702,3.4899175518800893e-07,4.01907330662776e-05,0.8070312795265441
1096,2,1,0.8163932957270352,0.17683540631087083,False,4.981418723668423e-16,0.8163932957270352,0.17683540631087083,0.006442560995723766,0.0003287369663670497
1112,2,3,0.7040360379832958,0.2733349879435907,False,5.056458040601902e-13,0.01706343819026135,0.2733349879435907,0.7040360379832958,0.005565535882339516
1113,2,3,0.7999573140152195,0.13314445414122283,False,1.0439583460506187e-12,0.05448446110388038,0.13314445414122283,0.7999573140152195,0.012413770738623481
1120,2,3,0.7991958552835441,0.05826455234372614,False,3.712201264671985e-12,0.14222999809687376,0.05826455234372614,0.7991958552835441,0.0003095942721572632
1123,2,3,0.8296378100408504,0.01379972904624718,False,3.2527439353700776e-16,0.15638198640693382,0.01379972904624718,0.8296378100408504,0.0001804745059662958
1124,2,3,0.8139286800411429,0.00011946548281651098,False,6.410594311028907e-12,0.18595143567138547,0.00011946548281651098,0.8139286800411429,4.187982580304132e-07
1125,2,4,0.5560118497918313,0.18604751296168143,False,1.4127245946805164e-24,0.1597344469705221,0.18604751296168143,0.0982061902759602,0.5560118497918313
1127,2,3,0.7932399003783449,0.015378301335909011,False,1.8084777981056438e-14,0.07644226570713336,0.015378301335909011,0.7932399003783449,0.11493953257859765
1128,2,1,0.9979878672046348,1.7802032679945336e-06,False,0.0011221809415978205,0.9979878672046348,1.7802032679945336e-06,0.0008880508514093496,1.207990834734245e-07
1129,2,1,0.9836503226548113,0.000142356604420963,False,0.001099669808114547,0.9836503226548113,0.000142356604420963,0.015106936355831551,7.145768109714197e-07
1130,2,1,0.9631607246363515,0.0008717504957888307,False,3.4629126374966043e-06,0.9631607246363515,0.0008717504957888307,0.03399298980057611,0.00197107215466002
1131,2,0,1.0,4.7428713118567255e-74,False,1.0,2.357267162128459e-36,4.7428713118567255e-74,2.9745246956350666e-68,3.773541815490789e-100
1132,2,1,0.8065532041227805,0.00014043443854593716,False,1.9233725380097585e-05,0.8065532041227805,0.00014043443854593716,0.19328317644186094,3.951271439423856e-06
1136,2,1,0.614577187069432,0.017213809318647168,False,0.3116905572713574,0.614577187069432,0.017213809318647168,0.05651836298248018,8.335807215134013e-08
1138,2,3,0.6588035740677619,0.3017576220615461,False,0.03388921091022686,0.005549592884818339,0.3017576220615461,0.6588035740677619,7.563461415234904e-11
1140,2,3,0.6563221504185249,0.010656269659630792,False,0.11757941293558229,0.21544211591377793,0.010656269659630792,0.6563221504185249,5.107247307085185e-08
1146,2,3,0.9653178591652222,0.033390127336342786,False,1.5631077782783276e-05,0.0012763821092826217,0.033390127336342786,0.9653178591652222,3.11371389268877e-10
1158,2,3,0.7980087009579129,0.20053461582681414,False,8.223083744739138e-10,0.0014407285178447526,0.20053461582681414,0.7980087009579129,1.5953875127761843e-05
1159,2,3,0.9368985781948583,0.04200421461399615,False,4.726208684948924e-06,0.02109246134355952,0.04200421461399615,0.9368985781948583,1.963889672613969e-08
1166,2,3,0.5739411825280019,0.332372140565755,False,0.078460616231214,0.015226058096705256,0.332372140565755,0.5739411825280019,2.5783104905957775e-09
1180,2,4,0.8275478308431803,0.0004146038129379894,False,1.310062933359098e-16,0.13218269689482856,0.0004146038129379894,0.039854868449041604,0.8275478308431803
1181,2,3,0.7948985931448251,0.03974839727336537,False,4.015841383225963e-15,0.04610609482469102,0.03974839727336537,0.7948985931448251,0.11924691475712142
1182,2,0,0.9982222416063293,7.603836976014125e-13,False,0.9982222416063293,0.0017777563802841942,7.603836976014125e-13,2.0126312094115165e-09,5.466137096190941e-21
1184,2,3,0.9789919852997548,0.019953164255658698,False,1.8148862326848224e-09,0.0010433945487329965,0.019953164255658698,0.9789919852997548,1.1454080965921202e-05
1192,2,3,0.8217067173582603,0.0009534563925572367,False,1.0101914850308671e-08,0.17733685726098486,0.0009534563925572367,0.8217067173582603,2.958886276701332e-06
1196,2,1,0.9992887364790105,7.594084053056655e-13,False,0.0007112590451128656,0.9992887364790105,7.594084053056655e-13,2.6769651894411745e-09,1.7981512034140701e-09
1199,2,0,0.9624429299824068,0.031397800545286715,False,0.9624429299824068,0.00108005640029554,0.031397800545286715,0.0050792130410982714,3.0901598582335904e-11
1210,2,3,0.9358415806708802,0.010698932284124042,False,4.610670511032685e-05,0.05341306022589539,0.010698932284124042,0.9358415806708802,3.201139829823787e-07
1211,2,3,0.7862759595845072,0.18182148215190022,False,2.6929069232381977e-09,0.026982655960774333,0.18182148215190022,0.7862759595845072,0.004919899609904088
1242,2,3,0.9522233237494612,0.042619073580569954,False,0.00017563122409162618,0.004981968552663496,0.042619073580569954,0.9522233237494612,2.8932155860422936e-09
1244,2,3,0.9285149959060187,0.06505345347796858,False,0.002979915299456497,0.0034516323162264457,0.06505345347796858,0.9285149959060187,3.0003408953612843e-09
1254,2,1,0.8719894868412776,0.013487152848109769,False,5.664325296834208e-07,0.8719894868412776,0.013487152848109769,0.04949963535968674,0.0650231585183967
1255,2,1,0.9655030634785098,0.0009895934513999116,False,7.3680412783880695e-06,0.9655030634785098,0.0009895934513999116,0.011869987028761571,0.021629988000053828
1259,2,0,0.5215355095873477,0.469974775703256,False,0.5215355095873477,0.0013299640957416328,0.469974775703256,0.007159695803082661,5.4810584387382214e-08
1260,2,0,0.9999124354022512,4.135623373677375e-05,False,0.9999124354022512,4.4995209074669915e-05,4.135623373677375e-05,1.2131539050696992e-06,1.0235031706123938e-12
1261,2,0,0.9438721556052967,0.04521390897273,False,0.9438721556052967,0.010597069411695076,0.04521390897273,0.00031675550600655756,1.1050426599337723e-07
1276,2,1,0.8167529722870804,0.11931846179269623,False,2.3799668945102234e-19,0.8167529722870804,0.11931846179269623,0.024499794242453212,0.039428771677782304
1278,2,3,0.9456150630747471,0.002666786297270196,False,3.9088444554462326e-14,0.04923424528065605,0.002666786297270196,0.9456150630747471,0.0024839053472971865
1280,2,3,0.6726239942694635,0.1897090176566872,False,4.560351349407712e-09,0.13723454454609876,0.1897090176566872,0.6726239942694635,0.00043243896741046635
1283,2,3,0.6496882040573301,0.00047764712452080755,False,6.222943512118672e-07,0.3498227006877087,0.00047764712452080755,0.6496882040573301,1.0825836091835059e-05
1284,2,1,0.9998100182643059,9.661074814821237e-11,False,5.421237628527229e-13,0.9998100182643059,9.661074814821237e-11,7.505240341656899e-07,0.00018923111449869207
1285,2,1,0.9999999804275037,1.872722227970098e-15,False,4.444490771421844e-09,0.9999999804275037,1.872722227970098e-15,4.946568640904506e-10,1.4633341184248149e-08
1286,2,1,0.6016712135509328,0.002625247494033495,False,1.633790005924657e-11,0.6016712135509328,0.002625247494033495,0.3808447495883022,0.01485878935040168
1287,2,3,0.5088302376012895,0.0005225576141815718,False,8.059189034659391e-10,0.49064420055247965,0.0005225576141815718,0.5088302376012895,3.0034261397955087e-06
1291,2,1,0.46666803231767856,0.0007761770521253781,False,7.840934264783511e-16,0.46666803231767856,0.0007761770521253781,0.4429376708214755,0.0896181198087075
1294,2,4,0.5500840583993637,0.18709092316057854,False,2.484852912153168e-17,0.10663165487133293,0.18709092316057854,0.15619336356872116,0.5500840583993637
1297,2,1,0.5971611550613545,0.06731365840368028,False,5.021880365137992e-13,0.5971611550613545,0.06731365840368028,0.0405888500042327,0.29493633653022144
1298,2,1,0.9999987705013664,1.0578079485992824e-16,False,3.9791230520036643e-07,0.9999987705013664,1.0578079485992824e-16,1.7581177568055994e-11,8.315687513238408e-07
1299,2,3,0.7199870883114773,0.2632402836269649,False,0.002330735447990546,0.014441882218876953,0.2632402836269649,0.7199870883114773,1.0394702116489385e-08
1310,2,3,0.43302548454330897,0.3263670654370055,False,5.327927685555105e-06,0.24025447647179912,0.3263670654370055,0.43302548454330897,0.00034764562019996896
1319,2,3,0.8704115649334258,0.06485412900583828,False,0.0005288090130631537,0.06420476771111086,0.06485412900583828,0.8704115649334258,7.29336565619214e-07
1321,2,3,0.9374363278544341,0.024684105771265813,False,1.997037754855846e-05,0.03785915304897313,0.024684105771265813,0.9374363278544341,4.429477796096055e-07
1343,2,3,0.6396622017685746,0.0010869924796643837,False,1.331091461702847e-07,0.35924967632855337,0.0010869924796643837,0.6396622017685746,9.963140656778826e-07
1355,3,1,0.9999996297155295,3.121862543101009e-07,False,3.4579023364720885e-08,0.9999996297155295,7.102842102506186e-13,3.121862543101009e-07,2.3518490411927415e-08
1364,3,2,0.7491282089270875,0.20744902506142146,False,4.13913107091933e-12,0.014653710168986794,0.7491282089270875,0.20744902506142146,0.028769055838354124
1365,3,2,0.8636048055627218,0.12694571577997196,False,5.458701521226968e-10,0.007691756158023231,0.8636048055627218,0.12694571577997196,0.0017577219534111682
1366,3,2,0.7180908843503948,0.2767394530326907,False,6.494871775729453e-08,0.004981965115100255,0.7180908843503948,0.2767394530326907,0.0001876325530932631
1367,3,2,0.8193552661581454,0.16867434705775966,False,4.2436090883695775e-08,0.011224115590522197,0.8193552661581454,0.16867434705775966,0.0007462287574943429
1368,3,2,0.8220970188255432,0.16551407854930109,False,6.059774505483212e-08,0.011756610754513936,0.8220970188255432,0.16551407854930109,0.0006322312728843753
1369,3,1,0.6718926643614228,0.09308404802299312,False,0.0010749582543255558,0.6718926643614228,0.23394372672598265,0.09308404802299312,4.602635267704384e-06
1370,3,2,0.8134577739857614,0.17467311084718093,False,3.097948298234098e-08,0.011225583228888916,0.8134577739857614,0.17467311084718093,0.0006435009586719765
1372,3,2,0.6614828120875627,0.3316923429767608,False,2.3029660004805098e-08,0.006565671262109701,0.6614828120875627,0.3316923429767608,0.00025915064391201646
1373,3,2,0.5335422150852855,0.4593250613478945,False,1.0993875170444455e-08,0.006269980765271966,0.5335422150852855,0.4593250613478945,0.0008627318076710719
1374,3,2,0.5129656325708625,0.47881408689127863,False,1.340354577500608e-08,0.007437600906356156,0.5129656325708625,0.47881408689127863,0.0007826662279481299
1375,3,2,0.7724370647557849,0.21839771275410513,False,1.5649293316301506e-07,0.00876525460506714,0.7724370647557849,0.21839771275410513,0.0003998113921080311
1377,3,2,0.8097922331171238,0.180861844135141,False,7.372007219433194e-07,0.00912074774849778,0.8097922331171238,0.180861844135141,0.00022443779851125434
1378,3,2,0.6606697627230648,0.32985978509620906,False,3.0267377571004905e-06,0.00930068620008245,0.6606697627230648,0.32985978509620906,0.00016673924288197357
1379,3,2,0.6847753742641656,0.3132857001165905,False,1.594415527841481e-05,0.0019219850350890493,0.6847753742641656,0.3132857001165905,9.964288692361804e-07
1380,3,2,0.6971136254931372,0.30080862904129746,False,3.071244568071195e-05,0.002046251040280963,0.6971136254931372,0.30080862904129746,7.819796175441166e-07
1382,3,2,0.6471228461790483,0.34007567814600964,False,1.2178674875085653e-05,0.012658194834092707,0.6471228461790483,0.34007567814600964,0.0001311021659623687
1383,3,2,0.5648650132735535,0.4215887503125699,False,1.1039743711029142e-05,0.013421726976730037,0.5648650132735535,0.4215887503125699,0.00011346969344120978
1384,3,2,0.5637640352559276,0.4334863435141145,False,4.779897036204143e-06,0.0027435262302825743,0.5637640352559276,0.4334863435141145,1.3151026471418893e-06
1385,3,2,0.8860566745514782,0.09977224669956475,False,0.00027552333108639963,0.013881090575307883,0.8860566745514782,0.09977224669956475,1.4464842553994224e-05
1386,3,2,0.7177158505552551,0.27662185866314376,False,0.0016676729697117636,0.003993074594324732,0.7177158505552551,0.27662185866314376,1.5432175545506246e-06
1387,3,2,0.7325210572786762,0.2547882804442894,False,0.0057843580291147695,0.0069061441935964075,0.7325210572786762,0.2547882804442894,1.600543252422092e-07
1388,3,2,0.6077246007009589,0.29739507206680443,False,0.03871652236199484,0.05614860474766297,0.6077246007009589,0.29739507206680443,1.520012256843291e-05
1389,3,2,0.829973329802059,0.10277286152943961,False,0.04197875251067211,0.025271618932836734,0.829973329802059,0.10277286152943961,3.4372249967253973e-06
1390,3,2,0.8483182131875348,0.07983819890639401,False,0.04346509436244199,0.028373562770376733,0.8483182131875348,0.07983819890639401,4.930773252924149e-06
1391,3,2,0.943741458505465,0.022785079174027785,False,0.011032423199393347,0.022439383924184913,0.943741458505465,0.022785079174027785,1.6551969366477623e-06
1392,3,2,0.831735274411172,0.09994956416519796,False,0.04341205541444248,0.024899737370261205,0.831735274411172,0.09994956416519796,3.3686389212880224e-06
1393,3,2,0.5973501465986203,0.3985646237003986,False,0.0004807294527662587,0.0035847090173379056,0.5973501465986203,0.3985646237003986,1.9791230865835198e-05
1394,3,2,0.5417733067908913,0.4526873042711728,False,0.0018113692110676585,0.0037280101729753783,0.5417733067908913,0.4526873042711728,9.553897243666803e-09
1396,3,2,0.5465448945523614,0.37340100964918116,False,1.3588635736667357e-12,0.0796277084828976,0.5465448945523614,0.37340100964918116,0.0004263873142094182
1413,3,4,0.6694256784234921,0.290911267425009,False,2.328832697954759e-18,0.03945623244814495,0.0002068217033538464,0.290911267425009,0.6694256784234921
1414,3,4,0.8929593351326678,0.0017372982259571802,False,3.4541177500541344e-20,0.10530124344793414,2.1231934379177975e-06,0.0017372982259571802,0.8929593351326678
1415,3,1,0.9847287334796248,8.546101950330219e-05,False,1.0772248647812982e-12,0.9847287334796248,7.234971624841881e-08,8.546101950330219e-05,0.015185733150083777
1416,3,4,0.9174708142470741,2.2309905712095515e-05,False,6.577924853246874e-21,0.08250670587089999,1.6997630243923817e-07,2.2309905712095515e-05,0.9174708142470741
1417,3,4,0.9080975619355872,6.512668610843936e-06,False,5.332568429663661e-22,0.0918958918273873,3.356841420851375e-08,6.512668610843936e-06,0.9080975619355872
1418,3,1,0.8282131212135176,1.0053054503724974e-05,False,1.3739979659565626e-18,0.8282131212135176,1.2969030752341518e-09,1.0053054503724974e-05,0.17177682443507145
1419,3,4,0.9418707173683109,2.1599055023865717e-05,False,3.0593399863524197e-22,0.05810761942077274,6.415589436734378e-08,2.1599055023865717e-05,0.9418707173683109
1420,3,4,0.9474590106468417,4.418499259674434e-05,False,6.5572386069488595e-22,0.052496674705069794,1.2965550516270644e-07,4.418499259674434e-05,0.9474590106468417
1421,3,4,0.9320549295416646,0.00019283985689605247,False,4.864876005917931e-21,0.06775178233509113,4.4826633661882483e-07,0.00019283985689605247,0.9320549295416646
1422,3,1,0.4970855245823317,0.016998626878982896,False,4.966156100964982e-15,0.4970855245823317,0.0025964135264037428,0.016998626878982896,0.4833194350122685
1423,3,4,0.9424977776182967,0.020977009431938105,False,1.5948136745789124e-18,0.036492010056774916,3.320289298778642e-05,0.020977009431938105,0.9424977776182967
1445,3,1,0.9892944372719098,0.01070321108668866,False,2.3347119795440212e-07,0.9892944372719098,1.7634658011485997e-06,0.01070321108668866,3.5470441498024745e-07
1450,3,1,0.9975062206324932,3.5684793107545564e-06,False,0.00249009025445471,0.9975062206324932,4.5817507017237516e-08,3.5684793107545564e-06,7.481623594633355e-08
1451,3,2,0.6236088016284356,0.06897633745197726,False,0.3024713895170571,0.004943399435814286,0.6236088016284356,0.06897633745197726,7.19667221264643e-08
1452,3,2,0.6910165261666786,0.10422527884404864,False,0.19950822829063458,0.0052498307933626105,0.6910165261666786,0.10422527884404864,1.3590526593723704e-07
1453,3,0,0.9668466944511089,0.005880317507931226,False,0.9668466944511089,0.00635140315593422,0.02092146841697377,0.005880317507931226,1.1646803833455201e-07
1454,3,0,0.9933562173047411,0.0009665703175003634,False,0.9933562173047411,0.0020328194850089305,0.00364437716840761,0.0009665703175003634,1.57243410043134e-08
1455,3,0,0.9810134319437878,0.0025143513476288113,False,0.9810134319437878,0.0005700485505029998,0.01590216751255754,0.0025143513476288113,6.455312832042812e-10
1456,3,0,0.9562336914150406,0.0056243289904931975,False,0.9562336914150406,0.0008133528589886072,0.037328625256712294,0.0056243289904931975,1.478768931771772e-09
1457,3,2,0.8137517346714362,0.1821596543634432,False,0.00042882812804004484,0.0036584197287806547,0.8137517346714362,0.1821596543634432,1.3631082959505072e-06
1458,3,2,0.9111366416223307,0.06972907914195618,False,0.00045616251161503736,0.018651160671402038,0.9111366416223307,0.06972907914195618,2.6956052699147835e-05
1459,3,0,0.48535222584649124,0.02942739829960849,False,0.48535222584649124,0.4029905296522522,0.08222963420719025,0.02942739829960849,2.1199445037866614e-07
1460,3,2,0.7577111554168571,0.23333219445888542,False,1.5287397867972543e-07,0.008503111481299319,0.7577111554168571,0.23333219445888542,0.00045338576899173953
1461,3,2,0.7954445436181926,0.19318120818940354,False,9.880305315287115e-11,0.009788015730482711,0.7954445436181926,0.19318120818940354,0.001586232363129258
1462,3,2,0.7074300335744566,0.27584189807752,False,6.636378674234724e-13,0.011705771638651198,0.7074300335744566,0.27584189807752,0.005022296708715578
1463,3,2,0.6819727087951403,0.29878412182168346,False,1.3729233021385263e-13,0.012364430585415127,0.6819727087951403,0.29878412182168346,0.006878738797609644
1464,3,2,0.5696523863037454,0.4100554352455892,False,1.7312760066711224e-14,0.009691524041353695,0.5696523863037454,0.4100554352455892,0.010600654409306484
1465,3,2,0.7872332220614823,0.1976382488604537,False,7.014434031846175e-17,0.009486500676170228,0.7872332220614823,0.1976382488604537,0.005642028401882912
1466,3,2,0.7440038357036725,0.23175435122533078,False,4.4326522056652455e-21,0.02003816101760932,0.7440038357036725,0.23175435122533078,0.004203652053387534
1467,3,2,0.6413235914113593,0.3309171657566451,False,1.1283619047263181e-21,0.023293903810474362,0.6413235914113593,0.3309171657566451,0.004465339021514883
1469,3,4,0.7236218454107065,0.2074649298636332,False,1.9956407393894822e-22,0.06889501083793127,1.82138877324749e-05,0.2074649298636332,0.7236218454107065
1480,3,2,0.8077967683853519,0.1825256132744901,False,2.524104626003742e-11,0.008737089357611088,0.8077967683853519,0.1825256132744901,0.0009405289573123797
1481,3,2,0.8359858155477496,0.1519050221472753,False,0.00022335740548356817,0.01187602009378637,0.8359858155477496,0.1519050221472753,9.784805717026155e-06
1482,3,2,0.556246858780484,0.4108702109501288,False,0.0039054200750715446,0.02894630292239858,0.556246858780484,0.4108702109501288,3.1207271920089663e-05
1483,3,2,0.596343531859756,0.34290699744386355,False,0.021442446853095588,0.0392869939784166,0.596343531859756,0.34290699744386355,2.0029864873354856e-05
1485,3,2,0.788278153635155,0.20597456584517576,False,2.1520532923047523e-07,0.005700156009585151,0.788278153635155,0.20597456584517576,4.6909304761554474e-05
1486,3,2,0.9477795207949147,0.04873906984857202,False,1.687396567658074e-08,0.0034576050986231278,0.9477795207949147,0.04873906984857202,2.3787383930864e-05
1488,3,2,0.634590984434734,0.35881695470144154,False,1.9226685866556894e-09,0.006499283945732133,0.634590984434734,0.35881695470144154,9.277499541198156e-05
1490,3,2,0.5646266476428535,0.43118578318715345,False,5.69924544176401e-11,0.00397110691451605,0.5646266476428535,0.43118578318715345,0.00021646219848571569
1494,3,2,0.91849211917846,0.07491032036611246,False,7.2301874238537e-16,0.005887896543366098,0.91849211917846,0.07491032036611246,0.0007096639120502601
1495,3,2,0.6527638852534303,0.3401208666002516,False,3.59280088145895e-16,0.006419601923421842,0.6527638852534303,0.3401208666002516,0.0006956462229006367
1496,3,2,0.6046528572860631,0.3900733704732534,False,1.9621864563733922e-16,0.004616928082193982,0.6046528572860631,0.3900733704732534,0.0006568441584852141
1501,3,1,0.999997499365634,1.1621654096389546e-08,False,4.764015684557233e-11,0.999997499365634,2.9928246656503373e-16,1.1621654096389546e-08,2.488965064574815e-06
1502,3,1,0.9999999544668593,1.5034101682018268e-09,False,3.165428092700518e-09,0.9999999544668593,1.2038646629580822e-15,1.5034101682018268e-09,4.086430348229114e-08
1503,3,4,0.6690195347933973,0.09594699240935327,False,3.910537803519683e-17,0.23502139790448928,1.2074892752783393e-05,0.09594699240935327,0.6690195347933973
1504,3,1,0.9992700526926669,3.2462479931520435e-07,False,8.080976928302212e-14,0.9992700526926669,1.233005519676516e-12,3.2462479931520435e-07,0.0007296226812193784
1505,3,4,0.8315314290221084,0.005867445056734907,False,4.1697830484034984e-21,0.1626009436915163,1.8222962703941745e-07,0.005867445056734907,0.8315314290221084
1506,3,4,0.6548618762257987,0.0033755795733550207,False,2.970004691154545e-21,0.3417624292006518,1.1500019148945369e-07,0.0033755795733550207,0.6548618762257987
1507,3,1,0.5023275278601748,0.0003662109697851142,False,5.280253915301882e-23,0.5023275278601748,8.589215938349725e-09,0.0003662109697851142,0.4973062525808366
1508,3,1,0.9999410394035247,4.291437854933119e-10,False,1.621776836113408e-16,0.9999410394035247,1.4927400178197854e-17,4.291437854933119e-10,5.896016732547704e-05
1514,3,1,0.5721001771374179,0.3505025678556437,False,9.50264916132797e-22,0.5721001771374179,0.0005235084699921727,0.3505025678556437,0.07687374653694815
1517,3,4,0.6772298605264471,0.29203844145590213,False,3.148437342151071e-27,0.03071127595210279,2.042206553709047e-05,0.29203844145590213,0.6772298605264471
1518,3,1,0.7672846819791971,0.18058751765324754,False,1.4158155461214005e-22,0.7672846819791971,0.00023437335976920706,0.18058751765324754,0.05189342700778876
1519,3,4,0.5076224016760885,0.4566488856645592,False,7.254500694990178e-26,0.03563184197114378,9.687068821630704e-05,0.4566488856645592,0.5076224016760885
1520,3,4,0.5775880463792178,0.407499519349917,False,1.2633543071357615e-24,0.013626905026891333,0.001285529243964929,0.407499519349917,0.5775880463792178
1521,3,1,0.9468014468760779,0.05242396322764867,False,4.8061149907598694e-18,0.9468014468760779,0.00024022532016146805,0.05242396322764867,0.0005343645761165627
1530,3,2,0.5116103284868249,0.44489769381244465,False,6.632058359839018e-06,0.043369363104691694,0.5116103284868249,0.44489769381244465,0.000115982537670217
1531,3,2,0.6234952805688957,0.2885098742763019,False,1.8333728210305362e-05,0.08785943721125529,0.6234952805688957,0.2885098742763019,0.00011707421533632013
1534,3,2,0.485304284185889,0.47098373629035606,False,0.00025978258543276803,0.043401890113234,0.485304284185889,0.47098373629035606,5.0306825093294315e-05
1536,3,2,0.5473487975952688,0.43838426156721644,False,1.2317353537795465e-07,0.014155059487296525,0.5473487975952688,0.43838426156721644,0.00011175817668754614
1546,3,1,0.9625819935347814,0.03741773679365849,False,1.3974271948286175e-13,0.9625819935347814,2.9294092338984193e-09,0.03741773679365849,2.667420218151899e-07
1547,3,1,0.986596900227547,0.013402725852489616,False,3.64983865964513e-15,0.986596900227547,4.983605839321032e-10,0.013402725852489616,3.7342160715269375e-07
1548,3,1,0.9441957564362501,0.05579099978709797,False,2.4597483799816153e-15,0.9441957564362501,8.751296747503732e-10,0.05579099978709797,1.3242901531925867e-05
1549,3,1,0.9938635549304651,0.006136226278897761,False,3.0238942349109e-14,0.9938635549304651,9.26299489045181e-11,0.006136226278897761,2.186979749513248e-07
1550,3,1,0.9999999987931005,1.1982275720787487e-10,False,2.0134930551691883e-15,0.9999999987931005,3.747556300352831e-18,1.1982275720787487e-10,1.0870873920635507e-09
1551,3,2,0.8804636971444838,0.0557423646959987,False,2.2600336261430695e-22,0.055126434962741715,0.8804636971444838,0.0557423646959987,0.008667503196769654
1552,3,2,0.8742045541597608,0.05827656762609946,False,3.85409716578462e-22,0.05809672620051265,0.8742045541597608,0.05827656762609946,0.00942215201363277
1554,3,2,0.9613131095728384,0.032408402469817306,False,2.3065056891043283e-14,0.005977517947948454,0.9613131095728384,0.032408402469817306,0.0003009700093709651
1555,3,2,0.9351507154590475,0.05864796816274907,False,2.2115701502513316e-15,0.005509229254403633,0.9351507154590475,0.05864796816274907,0.000692087123808397
1556,3,2,0.8824258321280704,0.11191919875119045,False,3.6417553359703686e-16,0.005042288493641585,0.8824258321280704,0.11191919875119045,0.0006126806271010169
1557,3,2,0.8871870602848263,0.10902505063041225,False,4.907119233892537e-15,0.0035284698381704864,0.8871870602848263,0.10902505063041225,0.00025941924658677914
1558,3,2,0.9428696826728236,0.05171434657740956,False,9.947324712452745e-15,0.004889567059906617,0.9428696826728236,0.05171434657740956,0.0005264036898510443
1565,3,1,0.999999670711472,1.3972020522097206e-11,False,3.272438231470968e-07,0.999999670711472,5.29871940403881e-15,1.3972020522097206e-11,2.030716519390009e-09
1569,3,1,0.7875167637227436,0.0522954612144817,False,1.0760636826413107e-15,0.7875167637227436,8.083486801017685e-07,0.0522954612144817,0.16018696671408306
1570,3,4,0.9281018361866785,0.0074130756523563355,False,1.5148985352322715e-19,0.06344163084899399,0.0010434573119846816,0.0074130756523563355,0.9281018361866785
1571,3,1,0.9996338140421753,4.119966633758957e-17,False,0.000366185957474029,0.9996338140421753,8.774842133655308e-22,4.119966633758957e-17,3.4158166030959024e-13
1572,3,2,0.5832621435768562,0.3308947146424665,False,5.84428452864556e-06,0.07490877888542866,0.5832621435768562,0.3308947146424665,0.010928518610714517
1573,3,0,0.5436197226456124,0.008057985657850729,False,0.5436197226456124,0.4471594560962941,0.001162673744230249,0.008057985657850729,1.6185599958293187e-07
1574,3,2,0.7601388809332281,0.21254386938356987,False,0.023123452719474167,0.004191414165464878,0.7601388809332281,0.21254386938356987,2.3827982550085965e-06
1575,3,0,0.4098046529797852,0.18754249954572907,False,0.4098046529797852,0.003608395319012796,0.3990443648506012,0.18754249954572907,8.730485818902641e-08
1576,3,2,0.8599045820983572,0.1265860022492542,False,0.008363692272118273,0.005144855316711588,0.8599045820983572,0.1265860022492542,8.680635459513403e-07
1578,3,2,0.8677736828680478,0.12499562097300805,False,0.0021792879556880767,0.005050619223735047,0.8677736828680478,0.12499562097300805,7.889795192041228e-07
1579,3,2,0.8222687429923669,0.17419487877620704,False,1.6271595135884293e-05,0.003517168843000902,0.8222687429923669,0.17419487877620704,2.9377932875752954e-06
1584,3,1,0.9999980642188837,1.8873305092833388e-06,False,4.0148707137412453e-11,0.9999980642188837,2.425408630186681e-12,1.8873305092833388e-06,4.840802358604496e-08
1586,3,2,0.8978270812460927,0.0677768452426283,False,7.463001123967408e-28,0.03431996333510525,0.8978270812460927,0.0677768452426283,7.611017617473242e-05
1589,3,4,0.5930922807009081,0.3797410630539489,False,3.1213710314994466e-24,0.026741898936588224,0.00042475730855915766,0.3797410630539489,0.5930922807009081
1590,3,1,0.9999999974332923,1.377245114751466e-10,False,9.286784499322341e-13,0.9999999974332923,7.49710502113287e-18,1.377245114751466e-10,2.428050724494555e-09
1591,3,2,0.9540089027711647,0.012225274334245336,False,5.206711761214815e-23,0.029687196426279906,0.9540089027711647,0.012225274334245336,0.0040786264683027075
1596,3,4,0.45994361519110577,0.4347266287005384,False,4.117836411747682e-18,0.10517472809688329,0.00015502801147584296,0.4347266287005384,0.45994361519110577
1603,3,2,0.5083071252918634,0.40259627602393905,False,7.599252795080894e-14,0.08854900723129049,0.5083071252918634,0.40259627602393905,0.0005475914528341489
1607,3,4,0.9571533253603509,0.03827324815709895,False,1.916836718716333e-20,0.002180848699304891,0.0023925777832584424,0.03827324815709895,0.9571533253603509
1608,3,2,0.5144871781407558,0.43791835706447235,False,5.193856296442324e-18,0.03328809194544642,0.5144871781407558,0.43791835706447235,0.014306372849324516
1610,3,1,0.7221335168567664,0.27578744577644354,False,1.6357242755650214e-12,0.7221335168567664,0.0001014517353979157,0.27578744577644354,0.001977585629753018
1612,3,2,0.6987878972763549,0.2778414104209303,False,4.342158867837178e-18,0.019198016706367692,0.6987878972763549,0.2778414104209303,0.0041726755963503205
1613,3,2,0.7634112759489491,0.2264864931579818,False,4.776959687222518e-16,0.008079674827595987,0.7634112759489491,0.2264864931579818,0.0020225560654600306
1614,3,2,0.7561343008494249,0.2243534200970003,False,1.4314348430714308e-16,0.012943558766802029,0.7561343008494249,0.2243534200970003,0.006568720286781779
1620,3,4,0.6849438637479679,0.14852276178323903,False,7.116915681749239e-24,0.1341682370889114,0.03236513737987894,0.14852276178323903,0.6849438637479679
1622,3,4,0.9000479797504045,0.0002514122381026298,False,4.693372096439767e-19,0.09518232862781631,0.004518279383677337,0.0002514122381026298,0.9000479797504045
1623,3,1,0.9280069373777948,8.610803766981202e-06,False,5.464590434775319e-17,0.9280069373777948,1.7095409921118646e-07,8.610803766981202e-06,0.07198428086434083
1624,3,4,0.9399236116358646,5.728011192303025e-05,False,1.1474489703304789e-20,0.059767989604115584,0.0002511186481043617,5.728011192303025e-05,0.9399236116358646
1625,3,4,0.9267463909310963,2.2725504613457095e-05,False,2.4616936960956864e-21,0.07317428387160277,5.659969268607622e-05,2.2725504613457095e-05,0.9267463909310963
1626,3,4,0.9151177628894092,1.54054404907143e-05,False,1.671474483221546e-21,0.08483494170028655,3.188996979976666e-05,1.54054404907143e-05,0.9151177628894092
1627,3,4,0.9052611708559832,1.6979461281239193e-05,False,2.0883482749877614e-21,0.0946934559754844,2.8393707263523213e-05,1.6979461281239193e-05,0.9052611708559832
1628,3,4,0.9214113293026849,6.958186125119245e-06,False,1.8975385829476875e-21,0.07857063541300612,1.1077098182606321e-05,6.958186125119245e-06,0.9214113293026849
1629,3,4,0.888283920877126,1.4398377220636204e-05,False,2.69432258162484e-21,0.11167951222856541,2.2168517077804953e-05,1.4398377220636204e-05,0.888283920877126
1630,3,4,0.9524189266297034,2.289399163395225e-06,False,2.826079528300212e-22,0.04757748511552957,1.298855593533675e-06,2.289399163395225e-06,0.9524189266297034
1631,3,4,0.9543223356931112,2.539335246095944e-06,False,3.0472035179683577e-22,0.045673324798574944,1.8001730771372816e-06,2.539335246095944e-06,0.9543223356931112
1632,3,4,0.9654119870007312,2.725364907781887e-06,False,9.217649147063713e-23,0.03458340256848265,1.8850658774293516e-06,2.725364907781887e-06,0.9654119870007312
1633,3,1,0.9985254167920182,0.0014437195429673933,False,3.064108376380956e-05,0.9985254167920182,1.4026501540309554e-07,0.0014437195429673933,8.231622198878792e-08
1634,3,1,0.9999947775627848,2.161886474372176e-06,False,3.044388910832194e-06,0.9999947775627848,1.5412785640169083e-12,2.161886474372176e-06,1.6160285062090832e-08
1636,3,1,0.9999996834235322,1.4082482690850313e-07,False,1.7090789304183556e-07,0.9999996834235322,4.84374199318406e-09,1.4082482690850313e-07,1.8005548258141995e-15
1641,3,2,0.48850650721105365,0.16299898250188286,False,0.2979367555507158,0.05055027345451647,0.48850650721105365,0.16299898250188286,7.48128182666341e-06
1642,3,2,0.4565141819136722,0.15823138799820494,False,0.3314068334241297,0.05384109392725329,0.4565141819136722,0.15823138799820494,6.50273674020007e-06
1643,3,2,0.8993177548107314,0.08311787042624087,False,0.0009785888714691363,0.016509175253957804,0.8993177548107314,0.08311787042624087,7.661063760340563e-05
1644,3,2,0.8793924049430135,0.11412543803054248,False,0.0019023957194983594,0.004579206252413769,0.8793924049430135,0.11412543803054248,5.550545212790585e-07
1645,3,1,0.9514440965541938,0.0010655643832474103,False,3.1427705059945106e-14,0.9514440965541938,2.1122548588617252e-08,0.0010655643832474103,0.047490317939982256
1646,3,4,0.8206732835859715,0.009683023916019344,False,1.1299268393282216e-16,0.16963376845363579,9.92404436046368e-06,0.009683023916019344,0.8206732835859715
1647,3,4,0.9911519954939829,0.0005634099061116327,False,3.743572494479371e-20,0.008263755069813977,2.0839530085165878e-05,0.0005634099061116327,0.9911519954939829
1648,3,4,0.6040035766095542,0.09132036238816045,False,9.036750905840335e-15,0.30376115317663355,0.0009149078256468914,0.09132036238816045,0.6040035766095542
1649,3,4,0.5361119563832162,0.1186930240704015,False,6.312487426307639e-16,0.09920848257417678,0.24598653697220038,0.1186930240704015,0.5361119563832162
1652,3,2,0.8503608336904905,0.1156705029818205,False,1.7384507518742406e-16,0.023229443238323162,0.8503608336904905,0.1156705029818205,0.010739220089378793
1653,3,2,0.906099657943308,0.08083919606023149,False,5.278440004088368e-16,0.009998749211482742,0.906099657943308,0.08083919606023149,0.0030623967849823016
1654,3,2,0.8530396945538308,0.1398835735928465,False,5.364584122775436e-16,0.005674107154032639,0.8530396945538308,0.1398835735928465,0.0014026246992786574
1655,3,2,0.8284826340009217,0.16735059621569734,False,3.3772619035225875e-16,0.0036619942993690027,0.8284826340009217,0.16735059621569734,0.0005047754840027888
1661,3,1,0.9999951378782692,4.71356909117589e-06,False,1.135897727812383e-12,0.9999951378782692,1.4916285995826593e-13,4.71356909117589e-06,1.4855134170894888e-07
1667,3,2,0.9793594872917226,0.01613214408431656,False,3.5742645625139364e-09,0.004482156247604748,0.9793594872917226,0.01613214408431656,2.620880209837722e-05
1668,3,2,0.9788781722768508,0.01655873250125417,False,2.732444815793389e-09,0.004532241744136496,0.9788781722768508,0.01655873250125417,3.085074530633426e-05
1674,3,2,0.5720834030792885,0.3971908212726002,False,1.664976183623679e-16,0.017934872141742112,0.5720834030792885,0.3971908212726002,0.012790903506380933
1676,3,2,0.6087985785386514,0.36293665370691974,False,2.719631453838063e-16,0.01632778033523418,0.6087985785386514,0.36293665370691974,0.011936987419185611
1679,3,2,0.9316339617707488,0.06224535390832364,False,5.797996879649713e-17,0.005763533553350095,0.9316339617707488,0.06224535390832364,0.00035715076757155366
1684,3,4,0.598895866747323,0.35691722076232635,False,7.274193608372236e-23,0.043737233771510946,0.0004496787188378786,0.35691722076232635,0.598895866747323
1691,3,2,0.7135722130274758,0.2847439946176023,False,9.569195463774941e-08,0.0016828041435811914,0.7135722130274758,0.2847439946176023,8.925193920654857e-07
1696,3,1,0.999981510348285,1.745697636869477e-05,False,1.0320581096671498e-06,0.999981510348285,2.3642272585724235e-11,1.745697636869477e-05,5.936070736623964e-10
1699,3,2,0.7933551575943525,0.19590895541782155,False,3.0742037213914836e-05,0.010662024678034196,0.7933551575943525,0.19590895541782155,4.312027256716521e-05
1704,3,2,0.8136919858453788,0.1497393127819064,False,3.3290497801757796e-06,0.036545682359651305,0.8136919858453788,0.1497393127819064,1.968996327243675e-05
1706,3,2,0.812620717871032,0.14796240085544546,False,9.327650905247052e-07,0.039389898338850454,0.812620717871032,0.14796240085544546,2.6050169587305637e-05
1707,3,2,0.7393033918613736,0.23049445110958894,False,9.2023496543621e-07,0.030152656522548303,0.7393033918613736,0.23049445110958894,4.8580271530811994e-05
1708,3,2,0.7571113344769934,0.2096032218528809,False,1.7130142901768686e-06,0.03324431036441882,0.7571113344769934,0.2096032218528809,3.942029142788652e-05
1712,3,2,0.8814802748283957,0.10981379036382795,False,0.00418473511144395,0.0045208582525846815,0.8814802748283957,0.10981379036382795,3.4144373374805234e-07
1714,3,2,0.6622298477320895,0.03920099256450954,False,0.26141093988933545,0.037155236320384234,0.6622298477320895,0.03920099256450954,2.983493670045504e-06
1715,3,0,0.7191638916096565,0.007428342242665875,False,0.7191638916096565,0.06069819258262842,0.2127093751193174,0.007428342242665875,1.9844572054365231e-07
1716,3,0,0.7856228894108024,0.045026769276664165,False,0.7856228894108024,0.034330190848163675,0.13501878881665952,0.045026769276664165,1.3616477207911564e-06
1717,3,2,0.7958540439169457,0.14647310846603182,False,0.051084191448402996,0.006587211149414649,0.7958540439169457,0.14647310846603182,1.4450191978188284e-06
1718,3,0,0.9023071387200503,0.0025548418416486236,False,0.9023071387200503,0.09311728500677667,0.0020207262854490746,0.0025548418416486236,8.146081564387244e-09
1719,3,2,0.8903587489264418,0.0919991517089349,False,1.8325202725128227e-05,0.01586576398094831,0.8903587489264418,0.0919991517089349,0.0017580101809466493
1720,3,2,0.7976327790574039,0.18828922378837407,False,4.15368028356881e-07,0.013302079353869017,0.7976327790574039,0.18828922378837407,0.0007755024323298923
1721,3,2,0.8181074486797761,0.16970153380384576,False,6.353569509678276e-08,0.011623857357558371,0.8181074486797761,0.16970153380384576,0.0005670966231326502
1722,3,0,1.0,3.3082512161870363e-115,False,1.0,2.364832785633575e-67,4.2787961820211564e-126,3.3082512161870363e-115,7.469337670249535e-173
1723,3,2,0.6715604038738284,0.31337479164769183,False,2.2952641633946615e-11,0.010134642676085957,0.6715604038738284,0.31337479164769183,0.0049301617794526124
1724,3,2,0.6489506161953672,0.33436675328498805,False,1.3839883611636882e-11,0.010208697412649799,0.6489506161953672,0.33436675328498805,0.006473933093167633
1746,3,1,0.9996072179407552,0.0003923633262156396,False,1.0495728131088893e-09,0.9996072179407552,1.959184300902522e-08,0.0003923633262156396,3.9809160029499947e-07
1754,3,1,0.7835208872737193,0.21409286431891883,False,6.11608366604564e-14,0.7835208872737193,5.049914091177315e-06,0.21409286431891883,0.002381198493214566
1764,3,2,0.8864619085517086,0.10829724224778112,False,3.093395246701852e-08,0.005226867402380596,0.8864619085517086,0.10829724224778112,1.3950864176947223e-05
1765,3,2,0.9540852967796168,0.037728805211112805,False,6.384082176117357e-05,0.008120025237521991,0.9540852967796168,0.037728805211112805,2.031949986953543e-06
1766,3,2,0.9501704416361804,0.041199672935126226,False,7.985389135081035e-05,0.008547949792266063,0.9501704416361804,0.041199672935126226,2.0817450896617257e-06
1767,3,2,0.9488399387156741,0.04256665668769173,False,7.880319418793954e-05,0.008512477177584368,0.9488399387156741,0.04256665668769173,2.1242248715270498e-06
1786,3,2,0.63697033465481,0.36030925342354025,False,3.1157903096111424e-11,0.0027070410554442693,0.63697033465481,0.36030925342354025,1.3370835036754548e-05
1796,3,4,0.6401913953755871,0.20845930821429862,False,6.077578483752631e-21,0.10140764715393606,0.04994164925617299,0.20845930821429862,0.6401913953755871
1797,3,4,0.7230056306615342,0.17490045944270116,False,6.231415690856521e-23,0.0796334201235392,0.02246048977222177,0.17490045944270116,0.7230056306615342
1798,3,4,0.5099014401457392,0.45361183490846263,False,3.302304744334704e-21,0.014147821153108432,0.022338903792699694,0.45361183490846263,0.5099014401457392
1860,4,1,0.9999192963021699,8.07036978433572e-05,False,1.239489467266483e-24,0.9999192963021699,6.354458909739125e-21,4.997341492549977e-16,8.07036978433572e-05
1867,4,1,0.9999999258525946,7.414740164583016e-08,False,1.6796791022857126e-24,0.9999999258525946,6.720571861038013e-28,1.0799304504365825e-21,7.414740164583016e-08
1870,4,1,0.9999999999991473,8.288750825811067e-13,False,1.3386323792113678e-25,0.9999999999991473,5.414920549857742e-38,2.491412506118328e-29,8.288750825811067e-13
1884,4,1,0.6239129090514949,0.34571926840807893,False,4.807414465119639e-22,0.6239129090514949,3.929964373690812e-08,0.030367783240782147,0.34571926840807893
1885,4,1,0.6372832439102482,0.3587477110607675,False,1.1872076644513466e-23,0.6372832439102482,9.125347291977497e-10,0.003969044116436944,0.3587477110607675
1900,4,2,0.6293957065996032,0.11915743583646479,False,3.8595837099154296e-13,0.022998959266658424,0.6293957065996032,0.22844789829688622,0.11915743583646479
1901,4,2,0.8173971442449757,0.007177574879831496,False,1.6579535486278264e-09,0.010437474514137733,0.8173971442449757,0.16498780470308994,0.007177574879831496
1902,4,2,0.830992052391706,0.006016578631936445,False,3.0437164123081845e-09,0.00997915995066391,0.830992052391706,0.1530122059819852,0.006016578631936445
1903,4,2,0.8196703599464186,0.006391938682782598,False,3.0318416903018763e-09,0.009615868274588619,0.8196703599464186,0.1643218300643786,0.006391938682782598
1904,4,2,0.7972922302929185,0.010144380877153797,False,1.632438782022599e-09,0.01101769460188252,0.7972922302929185,0.1815456925956132,0.010144380877153797
1905,4,2,0.7813610018582999,0.010548760829813058,False,2.797662173876e-09,0.012692311131144988,0.7813610018582999,0.19539792338308,0.010548760829813058
1906,4,2,0.8170947276709396,0.009778888760350223,False,9.11709087544188e-10,0.009862746645796425,0.8170947276709396,0.16326363601119573,0.009778888760350223
1907,4,2,0.8090169491498942,0.01054506441379575,False,8.824699297651371e-10,0.01022474970792319,0.8090169491498942,0.17021323584591608,0.01054506441379575
1908,4,2,0.8173361549026272,0.009811465179310743,False,9.835928527227994e-10,0.01032977676646353,0.8173361549026272,0.16252260216800174,0.009811465179310743
1909,4,2,0.8185670224301285,0.009778795788575845,False,1.000765465024054e-09,0.01014749802347677,0.8185670224301285,0.1615066827570588,0.009778795788575845
1910,4,2,0.8174395184503296,0.008530102093131445,False,1.257289016327332e-09,0.009814630532808512,0.8174395184503296,0.16421574766642896,0.008530102093131445
1911,4,2,0.7747491337005761,0.012578801180025967,False,5.667401148715939e-10,0.010439914039086682,0.7747491337005761,0.2022321505135754,0.012578801180025967
1912,4,2,0.7467869441762625,0.01890830695594718,False,1.8977939385307376e-10,0.01113347152495947,0.7467869441762625,0.22317127715304327,0.01890830695594718
1913,4,2,0.8272012751060607,0.010461855076999173,False,6.967329347940393e-11,0.015081676203890126,0.8272012751060607,0.147255193543388,0.010461855076999173
1914,4,2,0.8626453313527294,0.010037906678614747,False,1.093385000132868e-10,0.018008207761833185,0.8626453313527294,0.10930855409748662,0.010037906678614747
1915,4,2,0.8992646164138234,0.005320857530474301,False,1.0945130917182247e-10,0.018512666815907547,0.8992646164138234,0.07690185913034527,0.005320857530474301
1916,4,2,0.8930902763374872,0.00598050684394394,False,8.614404932226855e-11,0.01971316560589989,0.8930902763374872,0.08121605112653855,0.00598050684394394
1917,4,1,0.7289088535361031,3.302608715668511e-05,False,3.9322133882376607e-07,0.7289088535361031,0.2389239167509044,0.03213381040450525,3.302608715668511e-05
1918,4,2,0.8654639493582961,0.010835819530103385,False,3.0921725191456522e-12,0.011754912214071512,0.8654639493582961,0.11194531889443443,0.010835819530103385
1919,4,2,0.8377681127534239,0.013055041562048083,False,8.474535320300041e-12,0.0143661845203936,0.8377681127534239,0.13481066115566104,0.013055041562048083
1920,4,2,0.5833759099651269,0.04283379606803714,False,3.5014581371389143e-12,0.018497035709499732,0.5833759099651269,0.3552932582538437,0.04283379606803714
1921,4,2,0.7953808814110158,0.014522888885508713,False,1.1959808665551955e-11,0.016014567591125076,0.7953808814110158,0.1740816621003908,0.014522888885508713
1922,4,2,0.7898689003640585,0.014828617846763075,False,1.4702237977031238e-11,0.017765229936622138,0.7898689003640585,0.17753725183786592,0.014828617846763075
1923,4,2,0.7571792553520953,0.019782440253823086,False,4.567688940964002e-12,0.014361630444406163,0.7571792553520953,0.20867667394511666,0.019782440253823086
1924,4,2,0.4848577187307988,0.04665123649550901,False,1.6598311205219506e-12,0.012974870809330723,0.4848577187307988,0.45551617396271,0.04665123649550901
1925,4,2,0.475238358460751,0.05047297811691336,False,1.3877385836367257e-12,0.013129275456736656,0.475238358460751,0.461159387964217,0.05047297811691336
1926,4,2,0.4884523214127369,0.045500226250909326,False,1.7177299964773635e-12,0.01353638233427832,0.4884523214127369,0.4525110700003577,0.045500226250909326
1927,4,3,0.4714865702568388,0.0521756294932067,False,1.2731728584270482e-12,0.01311062463875336,0.4632271756099182,0.4714865702568388,0.0521756294932067
1928,4,2,0.4711814894927774,0.05567603438358048,False,1.1281867677627402e-12,0.013221987177059805,0.4711814894927774,0.4599204889454519,0.05567603438358048
1929,4,3,0.48386803523001387,0.07505781045431875,False,4.980055679857707e-13,0.014074841125662537,0.4269993131895044,0.48386803523001387,0.07505781045431875
1930,4,3,0.5038300920177745,0.10476833202312377,False,2.347887791217694e-13,0.014405916645277815,0.3769956593135772,0.5038300920177745,0.10476833202312377
1931,4,3,0.49627712898843396,0.0780570423190229,False,4.2027009504944454e-13,0.01535421479382631,0.4103116138983094,0.49627712898843396,0.0780570423190229
1932,4,3,0.48004048194767307,0.06450554609809113,False,6.679957406786693e-13,0.01410943732159552,0.4413445346319773,0.48004048194767307,0.06450554609809113
1933,4,2,0.47975772492133406,0.1091818606714985,False,2.2010740104944418e-13,0.025131205971041952,0.47975772492133406,0.3859292084359023,0.1091818606714985
1934,4,2,0.47405999641842955,0.13419860629988653,False,1.0504333011124045e-13,0.023810489676039083,0.47405999641842955,0.3679309076055481,0.13419860629988653
1935,4,3,0.3913812552898692,0.20094936485585857,False,4.0362503052024167e-14,0.027360735020987997,0.38030864483324656,0.3913812552898692,0.20094936485585857
1939,4,1,0.9999999832000414,1.6799961360996822e-08,False,5.603032982262669e-27,0.9999999832000414,3.984259129217513e-31,3.6207590969815627e-19,1.6799961360996822e-08
1940,4,1,0.9969351876864261,0.003064812085118169,False,6.0820673319983445e-21,0.9969351876864261,2.437803260473465e-17,2.284422335940141e-10,0.003064812085118169
1941,4,1,0.9999732129568151,2.6787043171262155e-05,False,1.1677505504325908e-27,0.9999732129568151,2.1365106268827788e-28,4.1973992714675735e-18,2.6787043171262155e-05
1942,4,2,0.7584017899746451,0.014061164418844975,False,1.5640524578670775e-10,0.015410937918924034,0.7584017899746451,0.21212610753118513,0.014061164418844975
1943,4,2,0.6715493651287303,0.05096035588288628,False,2.3819546017881397e-12,0.01264269523824128,0.6715493651287303,0.264847583747758,0.05096035588288628
1944,4,2,0.5619295508370654,0.06717977787980998,False,1.2873850622155147e-12,0.014821352301600558,0.5619295508370654,0.3560693189802499,0.06717977787980998
1945,4,2,0.5406692901451208,0.10486944841415172,False,2.498887267317715e-13,0.014682825933461218,0.5406692901451208,0.33977843550701603,0.10486944841415172
1946,4,3,0.3463107628104476,0.3416708566292914,False,2.365489978552208e-15,0.012737943521297137,0.29928043703894974,0.3463107628104476,0.3416708566292914
1956,4,2,0.3770375619157092,0.26711319805156347,False,6.5226664686621974e-15,0.015134731344984834,0.3770375619157092,0.34071450868774555,0.26711319805156347
1957,4,2,0.7064999417861524,0.05796922350748367,False,2.4150325011553956e-13,0.015233957321730322,0.7064999417861524,0.2202968773843882,0.05796922350748367
1958,4,2,0.6636086012716897,0.052704706668357595,False,1.891689943667157e-12,0.012385405137402375,0.6636086012716897,0.2713012869206571,0.052704706668357595
1959,4,2,0.7251346753335276,0.02217748675080254,False,1.6195986524461885e-11,0.012678340086720804,0.7251346753335276,0.24000949781275163,0.02217748675080254
1960,4,2,0.8112179032229132,0.010212288264174498,False,1.2392531956183916e-10,0.010764897109509192,0.8112179032229132,0.1678049112794827,0.010212288264174498
1961,4,2,0.8960485234292564,0.0005884075648593006,False,6.500118817204215e-07,0.01215629207308484,0.8960485234292564,0.09120612692091176,0.0005884075648593006
1962,4,2,0.8825580421217466,0.0006149028735261111,False,6.055114687418148e-07,0.014882112458898925,0.8825580421217466,0.10194433703435539,0.0006149028735261111
1963,4,2,0.8722750072872097,0.0006837881355467003,False,4.817769808619705e-07,0.013978951903267011,0.8722750072872097,0.11306177089699883,0.0006837881355467003
1964,4,2,0.8715694183541861,0.0004204951189521499,False,2.805242634770171e-06,0.017693472831155105,0.8715694183541861,0.1103138084530842,0.0004204951189521499
1965,4,2,0.864204948744934,0.0004113527234236033,False,6.331451262206808e-06,0.029232999173368614,0.864204948744934,0.10614436790700457,0.0004113527234236033
1966,4,2,0.865427382581586,0.0009238509018060951,False,4.0095521433904586e-07,0.01575973827866174,0.865427382581586,0.11788862728272886,0.0009238509018060951
1967,4,2,0.8406750655745049,0.0007715934296259739,False,9.904357498963883e-07,0.024797388351347607,0.8406750655745049,0.13375496220878447,0.0007715934296259739
1968,4,2,0.972289284223846,0.00019748959221404486,False,2.7284196194365354e-10,0.0046116766443378854,0.972289284223846,0.02290154926675765,0.00019748959221404486
1969,4,2,0.9771396482905935,0.000358853048050066,False,9.518665404396824e-12,0.0054633940114110924,0.9771396482905935,0.017038104640422578,0.000358853048050066
1970,4,3,0.4838757488820234,0.10816536258142524,False,3.7121891179751246e-13,0.01282635754285859,0.39513253099330853,0.4838757488820234,0.10816536258142524
1971,4,2,0.8680251323859955,0.01984283264811292,False,9.82908476151378e-14,0.015683964820998833,0.8680251323859955,0.09644807014478504,0.01984283264811292
1972,4,2,0.5094327084034326,0.2820955168170207,False,7.814553728489386e-17,0.03760120457755472,0.5094327084034326,0.17087057020199015,0.2820955168170207
1975,4,2,0.5212447502612438,0.28843473675967474,False,4.582139894191936e-18,0.057155009764558846,0.5212447502612438,0.13316550321451795,0.28843473675967474
1982,4,1,0.8574809223038461,0.022854211762586073,False,7.108823535658231e-19,0.8574809223038461,2.638653314159512e-05,0.1196384794004338,0.022854211762586073
1985,4,1,0.957533055850138,0.042462255894056396,False,3.0898415722123943e-25,0.957533055850138,1.0376525334694398e-13,4.688255702624658e-06,0.042462255894056396
1995,4,2,0.8654560128705626,0.005677447343144654,False,1.7871687858839502e-10,0.008841441139736828,0.8654560128705626,0.12002509846784105,0.005677447343144654
1996,4,2,0.867404325090752,0.005742916341681806,False,1.0015936411242833e-10,0.009904923268167118,0.867404325090752,0.11694783519925327,0.005742916341681806
1997,4,2,0.906335449026845,0.005578827536161208,False,8.766405171341229e-12,0.01131047385981453,0.906335449026845,0.07677524956841583,0.005578827536161208
1998,4,3,0.5154620143524359,0.0005608919188117465,False,2.3395783380855086e-09,0.014885334925277535,0.4690917564639041,0.5154620143524359,0.0005608919188117465
1999,4,2,0.8910895335760326,0.0061301313893285135,False,1.6594733777928075e-11,0.01271796703547528,0.8910895335760326,0.090062367982563,0.0061301313893285135
2000,4,2,0.7867907375642346,0.02084269374653522,False,9.309598975714114e-12,0.013818682856849451,0.7867907375642346,0.17854788582307995,0.02084269374653522
2001,4,2,0.4990712728427675,0.11525432689444848,False,2.2005692056325686e-13,0.0181401409351518,0.4990712728427675,0.36753425932740696,0.11525432689444848
2003,4,2,0.5443569778123254,4.341733578600297e-06,False,0.00044266768139027916,0.009072082381312022,0.5443569778123254,0.44612393039138226,4.341733578600297e-06
2004,4,2,0.8725741069164777,2.588592696189966e-05,False,0.00011169624238472505,0.005451474616102219,0.8725741069164777,0.12183683629807421,2.588592696189966e-05
2005,4,3,0.5363215993431918,6.0246832744998665e-06,False,0.0003061943179040557,0.00958890396520706,0.4537772776904315,0.5363215993431918,6.0246832744998665e-06
2006,4,2,0.9331990911135464,0.0001488329637901025,False,6.488798849088904e-05,0.010092616041649778,0.9331990911135464,0.0564945718925192,0.0001488329637901025
2007,4,2,0.9342900188483547,0.00010365881990773822,False,0.00017493321666579005,0.010825020409081008,0.9342900188483547,0.05460636870599544,0.00010365881990773822
2008,4,2,0.904682091523463,3.12801209379906e-05,False,0.016205137988024983,0.022767540651027793,0.904682091523463,0.056313949716538865,3.12801209379906e-05
2009,4,2,0.9109892176911136,3.4610537429273016e-05,False,0.01159602245958509,0.022481900468326554,0.9109892176911136,0.05489824884355834,3.4610537429273016e-05
2010,4,2,0.9176918370071643,5.5818756112459515e-05,False,0.003189063532652514,0.01835496859650223,0.9176918370071643,0.06070831210757818,5.5818756112459515e-05
2011,4,2,0.9357019313850194,4.556252866550252e-05,False,0.0016138216352014523,0.01302306725674995,0.9357019313850194,0.04961561719436734,4.556252866550252e-05
2012,4,2,0.9226200730127267,0.0002528584614888061,False,9.44386668129174e-06,0.008938735250255393,0.9226200730127267,0.06817888940885937,0.0002528584614888061
2013,4,2,0.952280080612091,0.00024052696981516347,False,2.973687273962909e-06,0.007121010659233318,0.952280080612091,0.040355408071594705,0.00024052696981516347
2014,4,2,0.9273318620519133,0.0005063612406386142,False,2.034047673625795e-06,0.009147005824507521,0.9273318620519133,0.06301273683525828,0.0005063612406386142
2015,4,2,0.8733830482054834,0.0010139779944014905,False,4.693419842612775e-07,0.010587864788763933,0.8733830482054834,0.11501463966937293,0.0010139779944014905
2016,4,2,0.8736682995230831,0.0010692831976173958,False,2.2220647318301912e-07,0.008760469659615685,0.8736682995230831,0.116501725413217,0.0010692831976173958
2017,4,2,0.8715769145218072,0.0012528641303561963,False,1.1495266374906728e-07,0.008761865240526842,0.8715769145218072,0.11840824115465089,0.0012528641303561963
2018,4,2,0.863407907764185,0.0029016342741292863,False,1.9964767984900024e-09,0.006513663372771608,0.863407907764185,0.1271767925924515,0.0029016342741292863
2023,4,1,0.9999973866671935,2.6133327812782578e-06,False,2.4637104254994163e-19,0.9999973866671935,1.983967669649939e-23,2.933488526196041e-14,2.6133327812782578e-06
2024,4,2,0.8516887623696586,0.002185485859976963,False,1.0452433342265868e-08,0.016218570819125987,0.8516887623696586,0.12990717049881864,0.002185485859976963
2025,4,2,0.8204747728023977,0.0029636485627612514,False,6.427720473660406e-09,0.01821299472279407,0.8204747728023977,0.158348577484328,0.0029636485627612514
2026,4,2,0.6556980801023679,0.046791202517263444,False,1.0971280664255466e-12,0.013676363379995017,0.6556980801023679,0.2838343539992838,0.046791202517263444
2035,4,2,0.8204724091450019,0.001665515084720974,False,4.605980751464569e-08,0.016191437534505703,0.8204724091450019,0.1616705921759762,0.001665515084720974
2036,4,2,0.7771889407096588,0.003987437441651343,False,5.892623330399662e-09,0.021014691579606993,0.7771889407096588,0.19780892437645806,0.003987437441651343
2037,4,2,0.7724801077521193,0.004730415773115581,False,3.5824413688865417e-09,0.022498411180708538,0.7724801077521193,0.20029106171160405,0.004730415773115581
2038,4,2,0.7468309324530145,0.0054764005670520045,False,1.7082021846370855e-09,0.014281449211819133,0.7468309324530145,0.23341121605992501,0.0054764005670520045
2041,4,1,0.6643843473000187,0.3343694954102499,False,4.819750656690148e-32,0.6643843473000187,2.153174983865966e-07,0.0012459419722381483,0.3343694954102499
2045,4,1,0.5974884056435749,0.40190042062602005,False,2.30005340063129e-33,0.5974884056435749,3.3439035673763504e-08,0.00061114029137301,0.40190042062602005
2066,4,1,0.9653351349668603,0.034602677997513875,False,1.1345560761306765e-22,0.9653351349668603,2.2278103742728263e-13,6.218703540959325e-05,0.034602677997513875
2067,4,2,0.5780140839820694,0.05253702299840798,False,4.742844423910355e-12,0.013184264483713033,0.5780140839820694,0.35626462853106944,0.05253702299840798
2072,4,1,0.5761281440459918,0.4238718434032649,False,1.5429615700033602e-33,0.5761281440459918,1.9631127431997064e-17,1.2550737286213842e-08,0.4238718434032649
2079,4,1,0.9999999999340048,1.2058646214689477e-14,False,1.672002173046334e-20,0.9999999999340048,2.013139788656686e-15,6.598531466090607e-11,1.2058646214689477e-14
2088,4,1,0.7237741462500424,0.27622582458679773,False,6.210281319988167e-41,0.7237741462500424,3.1412041270616115e-13,2.916283589290823e-08,0.27622582458679773
2093,4,3,0.535357715402185,1.290862801042313e-05,False,0.0001144412683540317,0.007087489295272031,0.45742744540618097,0.535357715402185,1.290862801042313e-05
2094,4,2,0.9130692776124071,2.254926717711852e-06,False,0.000536197903847326,0.003379724411666468,0.9130692776124071,0.08301254514536906,2.254926717711852e-06
2095,4,2,0.9520805090713942,5.5049826309335694e-05,False,0.0001419043735417632,0.018426172327357594,0.9520805090713942,0.029296364401394617,5.5049826309335694e-05
2096,4,2,0.951980904660805,6.220425187801975e-05,False,9.982682713445663e-05,0.018231168960240074,0.951980904660805,0.029625895299928935,6.220425187801975e-05
2097,4,2,0.9514313105477804,0.00012014681475400954,False,1.0532398979349294e-05,0.015819405936155436,0.9514313105477804,0.03261860430232498,0.00012014681475400954
2098,4,2,0.9157942094822292,0.0008704973523915036,False,5.483988560719913e-08,0.008483928476395888,0.9157942094822292,0.07485130984908804,0.0008704973523915036
2099,4,2,0.8979463296210128,0.0031379143334837795,False,4.4234421456815186e-10,0.009993230531260168,0.8979463296210128,0.08892252507189109,0.0031379143334837795
2100,4,2,0.8487340548735329,0.010737126324370006,False,4.4104744891327396e-11,0.009191927791864667,0.8487340548735329,0.1313368909661263,0.010737126324370006
2107,4,1,0.8660162065537823,0.13398369264419688,False,2.211762150542343e-24,0.8660162065537823,9.145587001736802e-13,1.0080109236201785e-07,0.13398369264419688
2109,4,1,0.6750245453488432,0.3249754053112328,False,2.0081163573043935e-26,0.6750245453488432,2.7478738549791867e-13,4.93396386545089e-08,0.3249754053112328
2119,4,1,0.9994236540796068,0.0005763458774090703,False,2.8325723014312485e-22,0.9994236540796068,4.6693787678760025e-17,4.297607464724363e-11,0.0005763458774090703
2123,4,2,0.8546577327097905,0.0031418741882358672,False,5.861223273622179e-11,0.007176850270752948,0.8546577327097905,0.1350235427726148,0.0031418741882358672
2124,4,2,0.9218857074546196,0.0012825694387544682,False,1.1710732124541903e-10,0.005526516236467721,0.9218857074546196,0.07130520675305017,0.0012825694387544682
2125,4,2,0.9214544990738587,0.0006080425466280289,False,5.308144860464299e-10,0.005147551460416611,0.9214544990738587,0.0727899063882735,0.0006080425466280289
2126,4,2,0.7486575555460242,0.005445672903623696,False,3.4190876017884727e-10,0.009417854127848787,0.7486575555460242,0.23647891708060356,0.005445672903623696
2127,4,2,0.8330265179721674,0.0015995972393289624,False,3.8269414131836175e-09,0.005420202400715951,0.8330265179721674,0.15995367856085846,0.0015995972393289624
2128,4,2,0.7998614002617364,0.002399986307716635,False,6.1756875341908206e-09,0.00872879063760981,0.7998614002617364,0.1890098166172589,0.002399986307716635
2129,4,2,0.739595426128928,0.0045452419449316115,False,2.8179833136521628e-09,0.011310412304717292,0.739595426128928,0.24454891680343283,0.0045452419449316115
2130,4,2,0.7796685988744251,0.005984166663701557,False,9.601873064940182e-11,0.00931690209576238,0.7796685988744251,0.20503033227009002,0.005984166663701557
2131,4,2,0.6276513141326677,0.12331087902274236,False,3.508871492912954e-14,0.03764843911270828,0.6276513141326677,0.2113893677318358,0.12331087902274236
2132,4,2,0.401411984651541,0.35746231905841314,False,1.6789628462148283e-15,0.046601578427637534,0.401411984651541,0.19452411786241866,0.35746231905841314
2151,4,1,0.9724599202747176,0.027532967489302618,False,3.627252929137882e-36,0.9724599202747176,5.7705123451612e-13,7.112235415459332e-06,0.027532967489302618
2152,4,1,0.9860711629504966,0.013928810372033338,False,2.5815069287361105e-25,0.9860711629504966,9.081163892006891e-20,2.667746694616935e-08,0.013928810372033338
2153,4,1,0.9771699999892368,0.02282969395514897,False,8.088339331468576e-24,0.9771699999892368,7.792943211115999e-18,3.060556188558878e-07,0.02282969395514897
2154,4,3,0.7727031265105198,0.005832663689532179,False,1.5849999874842947e-13,0.2212670860783794,0.00019712372139715453,0.7727031265105198,0.005832663689532179
2169,4,1,0.9999999999794227,2.959917424108539e-13,False,2.0279197006744202e-11,0.9999999999794227,4.766456441717322e-34,3.715171808250108e-23,2.959917424108539e-13
2173,4,3,0.7838522418224083,0.0732680310579505,False,4.219906129288582e-09,0.08012818206559531,0.06275154083412982,0.7838522418224083,0.0732680310579505
2174,4,2,0.9752842609148538,0.00028278640036802735,False,2.6780813966133707e-08,0.004571580058236804,0.9752842609148538,0.01986134584571649,0.00028278640036802735
2175,4,2,0.9656723533868423,0.0006735692784929547,False,1.780860059905153e-08,0.008301329187555448,0.9656723533868423,0.02535273033852122,0.0006735692784929547
2176,4,2,0.9752219495405954,0.00015782332916737817,False,7.261804013987689e-08,0.004883463351644608,0.9752219495405954,0.019736691160556534,0.00015782332916737817
2177,4,2,0.973681806843724,7.307269339267171e-05,False,1.9521767078737283e-07,0.004237014884706794,0.973681806843724,0.022007910360512608,7.307269339267171e-05
2178,4,2,0.5906720723871415,0.0014195435931290414,False,3.3425261270227773e-07,0.007790612180196292,0.5906720723871415,0.4001174375869225,0.0014195435931290414
2179,4,2,0.5258655574102925,0.0024536290971116734,False,2.135333728046343e-07,0.009945910554496517,0.5258655574102925,0.46173468940473816,0.0024536290971116734
2180,4,2,0.5782034830516436,0.001593542126124075,False,1.587867437331721e-07,0.006662075783946019,0.5782034830516436,0.4135407402515556,0.001593542126124075
2181,4,2,0.8787997150762294,0.0011507331206709664,False,5.4706926039852084e-08,0.015505660603003686,0.8787997150762294,0.10454383649318016,0.0011507331206709664
2182,4,2,0.4097568584557313,0.3280949238814479,False,2.4654864963006813e-13,0.024531117666367494,0.4097568584557313,0.23761709999620845,0.3280949238814479
2188,4,3,0.7308516286182724,0.00514683255273352,False,8.738724120672409e-12,0.023179873601480418,0.24082166521876758,0.7308516286182724,0.00514683255273352
2196,4,2,0.7747989741722936,0.014483864838266976,False,6.120994480401742e-11,0.011265508719958387,0.7747989741722936,0.19945165220826833,0.014483864838266976
2197,4,2,0.9641198787340061,0.0009708437268513043,False,1.2588397918493348e-11,0.0034700441788844483,0.9641198787340061,0.031439233347682755,0.0009708437268513043
2198,4,2,0.9742593434307101,0.0003211813538350955,False,2.247490498122712e-10,0.0029422384994904115,0.9742593434307101,0.02247723649120268,0.0003211813538350955
2199,4,2,0.9749728946303744,0.0002826161643323106,False,3.567547907916315e-10,0.0028246564510899944,0.9749728946303744,0.021919832397449976,0.0002826161643323106
2200,4,2,0.9822239321375396,0.0006135112339812172,False,3.3993819779044927e-10,0.0037102663321899104,0.9822239321375396,0.013452289956348144,0.0006135112339812172
2201,4,2,0.8337801500452562,0.016692900296663437,False,1.135243639448842e-12,0.014465437418991539,0.8337801500452562,0.135061512237949,0.016692900296663437
2202,4,2,0.855077561145883,0.034152230163572675,False,2.2442664104883428e-14,0.013526043986730098,0.855077561145883,0.09724416470378125,0.034152230163572675
2206,4,2,0.526980533960981,0.08131928308236899,False,1.1965322752537218e-13,0.009499443176638107,0.526980533960981,0.3822007397798783,0.08131928308236899
2207,4,2,0.847923223081356,0.0073050920163938386,False,2.422707679931072e-12,0.00950956440573073,0.847923223081356,0.13526212049409492,0.0073050920163938386
2208,4,2,0.9370866794942716,0.0006751343095141559,False,1.8641108734340585e-09,0.007085409202096684,0.9370866794942716,0.05515277513001855,0.0006751343095141559
2209,4,2,0.9476016782900004,0.00017938694460261994,False,1.5622013175835513e-08,0.004559438972180573,0.9476016782900004,0.04765948017119128,0.00017938694460261994
2213,4,1,0.9986861949211805,0.001313805052308866,False,4.003686659968538e-21,0.9986861949211805,2.2114182059210838e-17,2.6502742231662337e-11,0.001313805052308866
2214,4,2,0.9354481259571938,0.0017238007847669636,False,2.0878226652131923e-08,0.006249501186178721,0.9354481259571938,0.05657855119363853,0.0017238007847669636
2215,4,2,0.9824960091665129,0.00015601410443061607,False,3.248474812772976e-07,0.004924176140895641,0.9824960091665129,0.01242347574068694,0.00015601410443061607
2216,4,2,0.980888473722973,0.00016223770591268274,False,9.981414311210972e-07,0.00643129910546619,0.980888473722973,0.012516991324208616,0.00016223770591268274
2217,4,2,0.9807979697315168,0.0001365110927941832,False,1.8803309986451992e-06,0.0068885319401920326,0.9807979697315168,0.012175106904488935,0.0001365110927941832
2218,4,2,0.9804749880573388,0.00010633435647281453,False,1.0101193599953945e-07,0.004130382209779334,0.9804749880573388,0.015288194364480048,0.00010633435647281453
2219,4,2,0.9459028107175691,0.004342042917043122,False,5.933310270734614e-09,0.01318137259319584,0.9459028107175691,0.036573767838889944,0.004342042917043122
2220,4,2,0.8289460662463911,0.005215517686751625,False,8.18315060084797e-09,0.012002868184533276,0.8289460662463911,0.15383553969918665,0.005215517686751625
2221,4,2,0.876501015777499,0.00018227535419911733,False,1.3025359005757317e-05,0.01508720682883496,0.876501015777499,0.10821647668045742,0.00018227535419911733
2222,4,2,0.9005366000237279,0.007852562110440988,False,5.33640215446823e-10,0.008779119087027453,0.9005366000237279,0.08283171824515602,0.007852562110440988
2223,4,2,0.9016234308159768,0.0004655677010646464,False,2.833143911732331e-06,0.008232539002083414,0.9016234308159768,0.08967562933695963,0.0004655677010646464
2235,4,2,0.8490737341862149,0.0020046442070880137,False,3.395376348129014e-08,0.012397077420848484,0.8490737341862149,0.1365245102320803,0.0020046442070880137
2240,4,1,0.9344510002878831,0.0008138610935913451,False,2.5288299254396773e-13,0.9344510002878831,0.02705552107451372,0.03767961754376239,0.0008138610935913451
2241,4,2,0.8749223069936584,0.006905773752592447,False,1.9538923191844207e-12,0.008873717710052242,0.8749223069936584,0.10929820154174791,0.006905773752592447
2242,4,2,0.6636876486935671,0.10559200847708028,False,2.6300925970538042e-14,0.03303553977903532,0.6636876486935671,0.19768480305028466,0.10559200847708028
