x__1,x__2,x__3,x__4,x__5,x__6,x__7,x__8,x__9,x__10,x__11,x__12,x__13,x__14,x__15,x__16,x__17,x__18,x__19,x__20,x__21,x__22,x__23,x__24,x__25,x__26,x__27,x__28,x__29,x__30,x__31,x__32,y
799,0,917,4,661,10,524,14,381,16,236,27,95,47,944,63,0,122,841,132,705,168,579,185,28,185,441,208,303,221,169,231,0
797,0,916,5,659,10,523,13,380,16,234,29,95,46,943,63,0,121,840,132,703,169,578,185,28,185,440,208,302,221,169,231,0
798,0,916,5,660,10,523,14,380,16,235,28,95,46,943,63,0,122,840,132,704,168,578,185,28,185,440,209,302,221,169,231,0
797,0,916,4,659,10,523,14,380,16,235,27,95,46,943,63,0,122,840,132,704,168,578,185,28,185,440,209,302,221,168,231,0
798,0,916,4,659,10,523,14,380,15,234,29,95,46,943,63,0,121,840,132,704,168,578,185,28,185,440,209,302,221,169,231,0
797,0,916,6,660,11,523,15,380,17,234,29,95,47,943,64,0,123,840,133,704,169,578,186,27,186,440,209,302,222,169,232,0
797,0,916,5,660,10,523,13,380,16,234,28,95,47,943,63,0,121,840,132,703,168,578,185,27,186,440,209,302,221,169,231,0
799,0,917,3,660,8,524,12,381,15,235,28,96,45,944,62,0,121,841,131,705,168,579,184,28,185,441,207,303,220,170,230,0
798,0,916,4,660,9,523,13,380,15,234,27,95,45,943,62,0,121,840,131,704,167,578,184,28,184,440,207,302,220,169,230,0
799,0,917,4,661,8,524,12,381,15,236,27,96,45,944,62,0,121,841,131,705,167,579,184,28,184,441,207,304,221,169,230,0
797,0,916,4,659,9,523,13,380,16,234,28,95,46,943,63,0,121,840,132,704,168,578,185,27,186,440,208,302,221,168,231,0
798,0,916,3,660,9,523,13,380,15,234,28,94,46,943,62,0,120,840,131,703,168,578,184,27,184,440,207,302,220,169,230,0
797,0,916,5,660,10,523,14,380,16,235,27,94,47,942,63,0,121,840,132,703,169,578,185,28,185,440,209,302,221,169,231,0
798,0,915,4,659,9,523,14,380,16,234,28,95,46,943,64,0,122,840,132,704,168,578,185,27,185,440,208,302,221,169,231,0
798,0,915,5,659,9,524,14,380,16,235,28,95,46,943,64,0,122,840,132,704,168,578,185,27,186,440,208,302,221,169,231,0
798,0,916,5,660,10,523,14,380,15,234,28,94,45,943,63,0,121,840,132,704,168,578,185,27,185,440,208,302,221,168,231,0
798,0,916,5,660,10,523,14,380,16,234,30,95,45,943,63,0,122,840,132,704,169,578,185,27,185,440,208,302,221,169,231,0
798,0,916,5,660,10,524,14,380,16,235,29,96,46,943,63,0,122,840,132,704,169,578,185,28,185,440,208,303,222,169,231,0
798,0,916,5,661,10,523,13,380,16,234,28,95,47,943,63,0,122,840,132,704,168,578,185,28,185,440,209,302,221,169,232,0
799,0,916,3,659,8,523,13,380,15,235,26,95,45,943,62,0,121,840,131,704,167,578,184,27,184,440,208,302,220,169,230,0
798,0,916,5,659,9,523,13,380,16,235,27,95,46,943,63,0,121,840,132,704,168,578,185,27,185,440,208,302,221,169,231,0
798,0,916,6,659,11,523,14,379,17,235,29,95,46,943,64,0,122,840,132,703,169,578,185,27,186,440,209,301,222,168,232,0
798,0,916,5,659,10,523,14,380,16,234,29,95,47,943,63,0,122,840,132,704,169,578,185,28,186,440,209,302,221,169,232,0
800,0,916,4,663,9,527,12,385,14,238,26,97,43,942,62,0,119,841,130,706,166,581,182,27,182,443,205,304,218,170,228,0
796,0,911,6,659,7,523,9,382,9,236,19,96,35,939,63,0,108,838,129,703,163,27,172,578,178,439,200,302,211,168,220,0
794,1,660,5,386,0,527,4,241,7,909,9,100,20,934,67,0,90,833,130,23,153,699,160,575,172,436,190,297,198,163,204,0
658,3,384,0,907,6,525,2,241,6,99,22,934,62,0,91,833,126,25,154,699,157,575,169,437,189,298,198,164,204,-1,-1,0
790,0,655,6,904,5,381,6,522,7,238,16,99,31,932,62,0,102,832,126,698,159,25,164,574,172,437,194,298,205,164,212,0
791,0,657,4,384,0,525,2,241,7,905,8,101,20,931,64,0,90,831,128,23,153,698,158,574,170,436,189,296,198,162,204,0
787,0,902,4,654,8,521,9,381,10,237,21,98,39,930,61,0,110,831,127,698,162,24,173,574,176,437,199,298,211,164,220,0
897,0,785,0,653,13,523,20,382,27,238,45,927,52,98,68,835,122,0,143,706,161,584,181,28,204,448,210,308,229,172,244,0
904,2,792,0,661,11,529,16,388,21,243,36,934,55,100,57,841,122,0,132,712,160,590,178,28,195,453,205,313,224,175,237,0
801,0,669,5,911,5,537,5,396,4,249,14,104,30,938,59,0,102,844,123,714,156,26,166,592,169,453,191,311,205,173,213,0
803,3,398,0,671,5,540,3,251,8,912,10,106,21,939,64,0,91,844,127,715,157,25,156,592,168,453,188,310,200,170,206,0
382,0,646,8,774,5,519,4,239,6,884,14,98,19,910,69,0,86,812,132,24,150,686,160,567,169,434,187,294,197,162,201,0
378,0,640,8,515,4,235,7,879,13,98,18,906,68,0,84,808,130,23,147,681,159,563,167,430,185,291,194,160,198,-1,-1,0
763,0,636,4,377,0,870,7,512,2,235,10,97,23,897,59,0,90,804,122,680,153,25,153,565,163,433,183,295,196,164,201,0
634,1,864,0,510,1,376,1,234,12,96,28,891,52,0,96,799,117,680,147,565,160,25,158,434,181,296,196,165,204,-1,-1,0
856,0,625,12,502,15,369,20,228,36,885,52,92,57,796,119,0,127,676,154,563,171,27,188,433,196,297,216,167,229,-1,-1,0
847,0,619,15,497,22,365,31,878,49,225,51,91,73,792,117,0,147,674,155,562,175,434,204,29,207,299,227,170,244,-1,-1,0
856,2,750,0,625,11,502,14,369,19,230,34,886,52,93,55,795,120,0,126,675,155,562,171,27,188,433,197,296,216,167,228,0
865,0,631,4,507,5,372,7,231,20,94,36,894,52,0,107,799,119,677,152,562,166,26,169,431,188,293,204,164,214,-1,-1,0
379,0,237,2,98,10,514,8,638,16,764,19,871,30,0,74,897,83,23,136,801,141,677,165,562,171,430,184,292,190,161,191,0
99,0,232,5,370,15,503,34,628,54,0,54,864,89,14,117,883,146,137,182,261,195,776,196,529,202,397,202,646,208,-1,-1,0
98,0,230,3,367,9,496,26,617,41,740,51,0,55,846,70,16,117,866,126,764,177,141,179,265,188,527,188,640,191,399,192,0
227,0,95,1,363,3,491,16,611,28,732,34,837,50,0,58,859,104,18,119,761,157,639,175,527,175,144,176,268,182,400,182,0
356,0,220,4,484,6,603,13,90,11,830,25,0,72,853,77,20,132,758,134,637,158,526,164,400,177,268,183,146,183,-1,-1,0
718,2,596,5,350,0,478,2,216,7,822,9,87,20,847,61,0,83,754,122,23,142,635,150,525,159,401,175,270,186,150,190,0
810,0,589,2,472,2,345,3,212,14,85,29,837,50,0,94,748,112,632,142,25,152,525,154,403,174,273,188,154,195,-1,-1,0
700,0,587,4,352,0,476,2,796,5,218,9,87,22,821,54,0,87,738,113,630,141,26,146,529,151,410,170,281,184,159,191,0
793,0,589,6,479,8,355,12,220,27,86,47,820,46,742,109,0,117,639,141,540,156,31,176,422,181,294,201,171,215,-1,-1,0
696,0,788,4,586,6,477,7,354,8,219,19,86,36,814,51,0,105,736,110,635,140,536,153,30,164,420,176,292,194,170,204,0
209,1,336,0,87,6,452,8,556,15,750,29,0,63,772,75,20,120,690,124,586,146,490,151,377,162,255,167,142,168,-1,-1,0
211,0,338,0,88,5,454,7,559,15,664,17,753,28,0,62,774,75,20,119,693,125,590,145,494,150,381,162,258,167,144,167,0
213,0,88,3,339,1,455,12,560,20,666,24,755,38,0,58,774,85,19,115,692,133,587,152,491,155,378,165,140,165,255,167,0
212,0,88,3,338,2,455,12,561,20,668,25,757,37,0,59,777,85,20,116,694,133,589,153,491,157,378,166,141,167,255,168,0
212,0,88,3,339,3,455,15,562,24,669,30,759,42,0,58,777,91,19,115,693,139,588,157,491,160,140,168,377,169,255,170,0
214,0,89,0,342,5,459,17,565,28,671,34,761,49,0,55,779,98,18,113,695,145,589,162,492,164,140,167,255,171,378,171,0
213,0,88,0,341,4,459,16,567,27,676,32,767,48,0,56,785,98,18,115,698,145,590,164,492,166,140,169,377,174,254,173,0
216,0,90,1,345,5,464,18,573,29,681,35,773,50,0,57,791,100,19,115,704,147,596,166,497,167,142,170,258,174,382,175,0
92,0,219,5,349,15,469,33,578,49,0,55,691,60,784,80,16,115,798,133,705,177,136,175,251,184,492,189,593,191,375,191,0
94,0,221,8,352,22,472,43,0,51,582,62,694,76,787,98,16,113,800,151,134,177,250,189,706,193,492,199,374,199,593,203,0
96,0,225,12,356,31,0,48,475,58,585,79,14,111,790,122,801,177,132,178,249,194,373,209,705,215,491,213,593,221,-1,-1,0
96,0,225,15,354,35,0,46,473,63,582,87,692,106,12,107,782,133,129,177,792,186,245,195,369,212,486,218,699,222,587,227,0
98,0,225,17,353,39,0,45,472,68,579,91,11,106,688,113,778,142,127,176,789,194,243,196,367,214,484,221,695,228,584,232,0
97,0,223,15,351,37,0,44,469,65,577,88,685,108,10,105,775,136,125,174,785,188,241,193,364,210,481,218,692,223,581,227,0
97,0,222,15,350,35,0,46,468,61,576,83,685,102,11,106,774,128,126,173,785,180,241,190,364,207,481,212,693,216,581,221,0
97,0,222,13,349,32,0,46,467,58,574,80,680,97,11,105,774,124,126,172,786,176,241,189,365,205,481,210,693,212,582,218,0
96,0,221,13,349,33,0,45,466,59,573,81,682,99,10,105,772,125,124,172,784,178,240,189,363,205,480,210,691,213,580,219,0
95,0,220,12,346,29,0,46,464,53,571,74,680,91,11,105,770,116,784,167,125,170,240,186,362,200,690,204,479,204,579,212,0
95,0,218,12,346,28,0,47,463,51,570,70,679,87,11,106,771,110,784,161,126,170,240,184,692,199,363,198,480,201,580,207,0
95,0,220,11,347,28,0,47,464,51,570,70,679,87,11,106,769,110,783,162,127,171,241,184,692,198,365,198,481,201,581,207,0
95,0,220,9,347,23,464,44,0,50,571,61,679,76,769,97,13,108,783,148,129,171,245,182,693,187,484,194,368,193,583,198,0
95,0,222,7,350,20,467,40,573,55,0,49,681,69,770,90,14,108,784,140,133,169,695,181,249,181,489,189,373,190,587,192,0
95,0,222,7,350,17,468,35,573,48,0,53,679,59,768,78,16,112,784,127,698,169,137,171,254,179,592,183,494,182,379,186,0
98,0,229,9,359,24,478,46,0,50,583,63,688,77,774,98,15,112,789,148,140,176,703,188,260,187,501,195,386,196,599,199,0
100,0,232,11,364,27,483,50,0,50,588,68,693,83,778,106,16,111,792,155,141,176,262,188,707,194,388,199,505,199,602,203,0
99,0,233,9,366,24,485,45,0,51,590,62,696,77,781,97,17,112,796,146,144,175,711,186,266,187,510,194,394,195,608,197,0
99,0,232,8,363,25,481,48,0,50,586,66,692,81,776,102,16,110,790,151,141,175,262,186,704,191,504,197,388,196,601,201,0
99,0,229,8,360,21,478,42,0,50,582,58,686,71,772,92,15,110,786,140,141,171,701,180,260,182,501,188,386,190,598,191,0
94,0,222,0,349,8,465,21,569,33,672,39,760,56,0,53,776,103,16,110,694,147,590,163,494,165,138,164,256,170,380,171,0
94,0,222,3,351,9,468,24,573,38,0,53,766,62,784,110,16,111,702,154,140,168,598,169,500,169,258,173,384,175,-1,-1,0
97,0,226,3,355,11,473,25,579,39,685,47,0,53,772,63,791,111,17,112,709,156,142,170,604,171,506,171,262,175,390,177,0
98,0,230,1,363,6,482,19,588,32,782,54,0,55,801,102,17,117,719,150,615,167,516,168,146,173,398,177,269,177,-1,-1,0
361,0,228,3,590,12,483,6,697,11,95,11,786,20,810,66,0,72,731,118,22,131,628,142,529,150,411,166,281,175,157,179,0
606,6,374,0,497,3,236,6,802,11,98,18,827,57,0,82,749,111,646,138,23,144,546,149,426,168,292,181,163,188,-1,-1,0
707,0,600,4,798,5,492,5,369,5,233,15,97,31,822,50,0,98,745,107,642,136,542,150,23,158,423,172,289,188,161,200,0
779,0,686,1,577,14,469,21,347,30,810,45,215,49,85,74,735,110,634,147,0,148,536,166,420,196,30,207,290,222,169,240,0
786,0,584,20,475,30,352,41,817,45,218,64,85,94,743,113,643,153,0,172,545,175,429,209,32,230,299,238,175,260,-1,-1,0
807,0,714,1,604,14,493,21,367,30,837,47,226,51,87,77,762,115,661,152,0,155,563,173,445,205,34,217,311,231,184,252,0
819,3,725,0,614,11,503,15,375,20,232,38,848,49,91,59,770,113,0,135,667,148,566,166,448,193,32,197,311,217,182,234,0
617,5,378,0,505,3,822,8,236,8,94,23,848,57,0,92,765,117,661,145,561,157,29,156,440,178,304,194,175,202,-1,-1,0
380,0,238,4,618,15,507,8,97,11,730,16,823,26,847,75,0,76,762,132,25,141,656,156,556,163,434,180,297,189,168,193,0
376,0,235,4,505,8,616,14,96,12,729,15,826,26,850,78,0,78,762,136,24,143,654,161,550,169,428,185,291,194,164,197,0
375,0,232,4,619,12,504,6,94,14,736,14,836,25,859,79,0,80,765,140,22,147,651,166,547,173,422,190,284,198,159,201,0
239,0,100,2,380,2,506,15,617,27,728,32,821,47,0,63,844,98,21,128,757,151,651,171,549,174,427,185,160,187,289,189,0
238,0,98,2,379,2,503,14,613,25,815,44,0,62,839,94,22,126,753,146,649,166,549,170,428,181,162,183,290,185,-1,-1,0
248,0,103,4,391,2,516,14,624,24,731,28,821,41,0,66,845,90,22,133,764,143,662,164,563,169,442,183,301,189,169,190,0
109,0,256,3,401,11,528,27,635,42,740,50,0,59,829,68,850,117,20,128,769,166,667,184,568,186,168,192,445,195,303,196,0
251,0,106,2,395,0,519,12,625,23,730,28,818,41,0,64,841,90,22,132,761,143,661,164,565,169,443,182,302,189,169,189,0
375,0,236,4,496,7,601,14,97,11,796,24,822,72,0,77,743,127,23,142,644,151,548,159,430,176,293,188,166,192,-1,-1,0
231,0,96,3,368,1,488,13,594,25,789,43,0,60,815,92,20,124,733,143,632,163,535,166,417,176,156,180,282,183,-1,-1,0
366,0,230,4,94,10,487,8,591,17,787,30,0,71,814,76,735,132,23,134,636,153,540,160,422,174,287,185,162,187,-1,-1,0
231,0,95,4,367,1,488,13,0,62,816,89,20,127,734,144,633,163,537,166,418,178,157,183,282,184,-1,-1,-1,-1,-1,-1,0
95,0,228,0,363,4,483,17,588,31,690,38,784,53,0,56,807,101,19,120,725,152,624,169,528,170,411,178,154,178,277,182,0
227,0,94,3,363,0,483,11,586,22,781,40,0,59,806,87,21,122,725,140,626,159,530,161,414,172,156,177,280,179,-1,-1,0
361,0,227,6,481,6,585,13,93,15,778,22,805,68,0,75,728,123,23,136,630,146,535,153,419,169,285,181,161,186,-1,-1,0
689,2,585,5,362,0,482,2,778,7,226,12,91,25,806,52,0,90,733,110,637,137,542,148,26,151,427,169,293,187,169,196,0
365,0,589,6,484,3,780,10,229,9,92,22,808,55,0,86,734,113,637,139,544,149,26,148,428,168,293,186,169,194,-1,-1,0
363,0,588,10,483,4,228,7,93,17,781,18,808,63,0,79,732,120,634,144,23,141,539,152,423,170,288,184,163,189,-1,-1,0
811,0,592,23,477,32,849,43,350,45,214,72,83,101,773,115,665,155,0,174,559,177,436,211,31,232,300,242,174,263,-1,-1,0
829,0,726,1,608,12,492,17,363,24,225,45,863,46,92,67,780,115,0,137,668,151,561,166,434,196,27,197,296,221,168,236,0
835,0,612,6,495,7,365,10,226,26,92,44,868,47,784,114,0,111,671,145,560,158,26,171,433,182,295,203,167,214,-1,-1,0
840,1,737,0,617,9,500,10,369,14,230,30,93,49,873,49,789,114,0,117,675,147,564,161,25,177,437,185,298,207,168,218,0
376,0,632,6,510,2,863,9,235,10,98,23,895,58,0,87,805,122,683,149,23,148,568,157,436,176,294,191,162,196,-1,-1,0
381,0,638,8,515,4,872,12,239,11,100,23,903,62,0,86,813,126,23,148,690,153,573,161,439,179,297,193,163,197,-1,-1,0
388,0,647,8,523,3,244,9,881,14,104,20,911,64,0,85,820,127,22,147,696,154,578,162,443,179,299,193,163,197,-1,-1,0
392,0,530,4,247,7,658,12,107,17,897,19,928,71,0,81,833,134,20,145,704,161,583,167,445,184,299,196,161,198,-1,-1,0
427,0,729,8,879,5,269,6,582,4,1010,17,116,19,1045,80,0,94,931,151,20,164,779,184,638,194,480,213,321,220,171,224,0
437,0,276,5,741,10,593,6,119,18,1016,19,1048,84,0,95,936,153,22,167,786,186,646,197,488,216,330,223,175,226,-1,-1,0
430,0,734,8,270,6,587,5,1015,16,116,18,1045,82,0,95,930,151,23,166,778,185,638,196,482,215,326,222,174,225,-1,-1,0
431,0,737,8,889,6,271,4,589,5,1018,18,116,17,1049,82,0,94,933,150,24,164,781,183,640,194,484,213,326,219,175,222,0
887,0,733,7,1019,8,425,5,583,7,266,14,112,30,1051,75,0,110,932,146,25,180,779,184,637,198,481,220,325,229,176,235,0
733,6,888,2,424,0,264,6,582,4,1021,15,111,19,1051,82,0,97,930,152,24,168,775,186,634,198,478,218,323,223,174,227,0
270,0,431,3,115,6,590,14,741,22,899,27,1031,45,0,80,1055,115,23,152,929,179,772,206,630,212,171,218,318,221,473,224,0
270,0,116,2,431,5,591,20,743,33,900,40,1034,62,0,71,1057,131,22,142,928,190,168,210,769,213,627,216,315,216,469,223,0
911,0,757,4,442,1,276,7,605,4,1042,11,115,20,1071,78,0,103,952,145,28,174,798,182,658,198,500,220,340,224,187,232,0
910,0,755,7,1040,10,441,7,603,9,275,14,114,30,1070,76,0,114,952,145,800,184,29,185,659,202,501,225,343,232,189,241,0
909,0,756,7,1038,8,605,11,443,11,276,20,114,37,1069,73,0,122,953,142,803,183,30,192,663,202,506,227,347,236,192,247,0
907,0,1036,4,756,13,605,22,443,27,276,42,113,65,1069,68,956,141,0,156,808,187,670,211,34,226,514,242,355,257,200,274,0
903,0,1031,4,753,15,603,25,442,32,276,48,1066,66,114,73,956,140,0,164,810,187,671,212,31,234,514,245,353,262,198,281,0
1025,0,904,1,760,19,614,30,452,41,1059,60,283,63,114,93,959,137,822,186,0,190,689,215,536,253,37,262,374,279,214,303,0
1017,0,897,2,754,22,609,36,449,49,1051,59,280,73,113,107,952,139,815,190,0,205,684,220,533,260,38,276,372,288,214,315,0
1004,0,884,0,742,17,599,27,441,37,275,59,1037,58,112,88,937,135,801,182,0,180,670,208,520,244,35,251,361,270,206,292,0
877,0,996,2,736,12,595,19,439,25,275,43,1029,59,113,66,927,131,0,151,791,174,662,196,33,220,512,227,353,247,200,265,0
983,0,867,0,731,13,594,20,440,28,277,47,1016,58,114,73,919,131,0,162,789,175,663,198,516,231,34,232,358,255,204,275,0
881,0,746,7,994,6,609,6,455,7,289,19,122,36,1024,63,0,121,927,131,797,168,670,186,29,192,521,213,359,231,201,244,0
467,0,759,9,297,7,621,6,1004,18,126,19,1033,75,0,101,935,140,806,173,27,176,679,188,528,212,363,224,201,234,-1,-1,0
469,0,299,5,760,12,624,6,893,10,127,16,1003,22,1030,79,0,98,932,144,802,177,26,174,677,190,527,213,361,224,200,233,0
460,0,293,4,749,11,613,6,124,16,994,22,1021,80,0,97,921,144,28,171,791,176,667,189,518,210,356,221,198,228,-1,-1,0
872,1,739,5,451,0,604,3,984,10,286,8,120,23,1013,67,0,105,914,134,785,168,29,179,661,183,514,208,353,222,198,233,0
868,0,735,4,448,0,600,3,980,7,282,10,118,24,1009,65,0,105,910,131,782,166,30,177,658,181,512,206,353,220,198,231,0
452,0,738,7,604,4,286,7,983,13,120,22,1011,72,0,102,913,137,785,170,29,175,661,185,514,208,354,221,199,231,-1,-1,0
451,0,737,10,286,5,871,8,604,5,121,17,981,18,1009,76,0,97,911,140,29,171,782,173,659,186,512,207,352,219,197,227,0
297,0,466,1,126,6,620,11,754,20,886,23,994,38,0,82,1021,94,925,153,28,157,798,181,675,191,526,208,362,216,202,219,0
311,0,485,2,132,6,644,13,779,23,1018,41,0,84,1045,97,951,157,32,162,826,185,701,195,550,213,382,222,215,226,-1,-1,0
867,0,736,6,975,5,603,6,452,6,285,18,119,36,1004,61,0,120,908,129,783,165,662,183,30,193,517,210,357,229,202,242,0
444,0,282,4,725,15,593,8,119,14,855,14,965,27,991,85,0,91,891,148,27,165,764,178,643,189,499,209,341,218,191,224,0
438,0,850,6,719,9,276,6,586,5,961,16,115,18,988,74,0,96,889,139,29,168,763,171,642,183,498,205,342,216,192,225,0
848,0,717,4,436,0,584,2,958,8,274,9,113,25,987,64,0,105,889,131,763,165,31,176,644,180,501,204,346,219,196,229,0
836,0,947,6,705,7,574,8,426,8,267,20,109,39,976,62,0,121,879,131,755,168,635,185,30,191,494,211,340,228,193,241,0
825,0,934,4,696,9,567,12,422,14,264,29,107,50,965,58,871,127,0,129,749,164,631,182,30,198,492,210,339,229,192,242,0
885,2,753,5,466,0,619,3,997,9,295,11,123,28,1030,65,0,110,935,134,810,168,687,183,32,186,539,210,372,229,211,241,0
458,0,608,4,740,12,869,9,292,9,979,17,123,22,1012,72,0,99,916,143,794,173,27,176,672,184,525,207,359,225,200,233,0
856,0,720,6,973,7,587,1,436,0,272,13,111,31,1011,61,0,105,913,134,783,167,659,178,29,178,512,202,349,222,196,231,0
731,4,445,0,984,7,597,2,279,14,116,32,1021,62,0,109,924,136,796,169,671,181,29,183,522,206,356,227,200,236,-1,-1,0
455,0,609,5,745,12,882,10,287,11,1000,18,122,25,1036,75,0,101,936,148,805,178,28,176,678,188,525,210,357,228,199,235,0
454,0,610,6,748,13,286,11,1009,20,121,24,1045,78,0,97,942,151,26,173,808,181,677,189,523,210,354,227,196,231,-1,-1,0
451,0,608,5,749,11,892,8,1016,16,284,12,120,25,1054,75,0,100,949,149,26,174,811,180,679,189,522,211,353,228,195,233,0
467,0,630,3,775,9,1051,12,295,13,126,29,1090,73,0,105,983,151,840,182,27,181,702,192,540,215,366,235,201,241,-1,-1,0
473,0,639,3,788,11,1069,16,299,12,128,26,1109,76,0,103,999,154,27,178,852,186,711,194,546,216,371,234,203,239,-1,-1,0
482,0,651,4,801,11,1087,15,305,14,131,29,1128,75,0,108,1017,156,27,186,867,189,724,198,556,222,378,242,207,248,-1,-1,0
814,7,491,0,1105,7,661,2,311,16,134,34,1146,69,0,116,1036,150,884,186,28,194,738,197,568,223,385,245,211,253,-1,-1,0
499,0,985,2,1121,6,828,7,672,1,316,16,136,35,1163,69,0,117,1051,152,899,187,27,196,749,200,575,225,391,249,213,257,0
503,0,836,9,678,2,1132,8,319,16,139,33,1175,71,0,116,1061,154,905,191,27,196,753,202,578,228,392,251,212,258,-1,-1,0
1133,0,828,4,666,0,491,1,311,20,134,40,1177,62,0,122,1059,149,897,187,26,200,742,199,565,227,382,250,205,258,-1,-1,0
1124,0,812,7,649,4,475,7,299,27,130,47,1168,63,0,128,1047,151,880,189,722,202,25,203,546,229,367,252,196,261,-1,-1,0
1127,0,810,6,645,4,472,5,298,23,130,44,1169,66,0,124,1046,154,875,192,22,199,715,204,537,230,360,251,191,259,-1,-1,0
476,0,986,1,1134,7,817,7,650,1,301,15,132,33,1175,74,0,110,1049,160,22,187,876,195,715,204,536,227,359,245,189,249,0
480,0,656,3,823,10,1144,11,304,15,134,32,1184,78,0,108,1057,164,21,183,882,197,719,205,538,227,361,244,188,246,-1,-1,0
1149,1,999,0,825,10,655,6,478,7,302,26,133,47,1191,70,0,126,1064,160,886,198,22,202,721,210,538,235,362,257,189,262,0
1155,1,1005,0,830,13,658,12,480,16,303,38,133,63,1197,68,0,144,1072,160,893,201,726,216,24,222,544,245,367,269,192,278,0
1158,2,1007,0,831,9,659,4,481,5,306,23,135,45,1198,69,0,124,1070,160,890,197,21,199,722,209,538,234,363,255,188,260,0
1147,1,996,0,821,12,648,10,472,14,300,34,133,58,1188,67,0,136,1061,158,880,198,20,209,711,211,528,238,356,260,183,268,0
1129,0,801,17,630,19,457,25,289,47,128,74,1171,67,0,153,1044,161,861,204,693,220,21,226,512,248,343,272,176,281,-1,-1,0
1111,0,780,20,608,23,438,31,277,54,1154,66,122,79,0,158,1027,160,842,204,673,221,21,230,495,250,332,273,171,282,-1,-1,0
1117,0,965,2,791,16,620,19,449,25,285,47,1159,65,126,74,0,153,1035,157,853,201,684,217,21,225,505,246,341,270,176,280,0
1125,0,799,16,627,19,455,26,289,49,1166,66,129,75,0,156,1041,160,858,204,689,221,20,229,509,250,343,274,176,284,-1,-1,0
1124,0,788,24,614,32,441,43,279,68,1167,68,122,99,1037,168,0,182,850,216,679,236,23,254,500,269,338,294,176,307,-1,-1,0
1130,0,970,6,786,27,609,35,436,47,1172,69,275,74,121,106,1037,173,0,188,846,221,672,241,22,260,493,274,332,300,172,312,0
1182,0,1018,4,827,23,641,28,458,38,288,65,1224,72,125,95,1086,175,0,181,890,223,710,243,27,256,522,275,356,300,186,311,0
1203,0,1040,1,849,15,660,15,474,20,300,42,132,71,1243,75,0,157,1105,175,907,221,24,235,725,237,534,266,363,287,188,295,0
1211,0,1046,1,855,16,666,17,479,23,305,45,135,73,1251,75,0,161,1112,175,913,222,729,239,23,240,536,269,363,291,187,300,0
1209,0,1041,3,847,23,659,28,473,38,300,64,1250,74,133,95,1108,180,0,184,906,229,722,249,23,261,529,282,358,307,184,318,0
1200,0,1030,6,834,27,643,33,459,44,290,71,1245,76,127,103,1100,183,0,191,895,234,709,254,23,267,517,288,350,312,179,323,0
1200,0,821,40,629,54,446,70,1247,77,281,102,123,137,1099,192,0,226,887,249,698,273,23,300,507,311,342,338,176,352,-1,-1,0
1194,0,1011,19,807,56,614,78,1247,78,432,103,270,141,116,183,1097,205,882,270,0,277,691,302,502,347,27,352,341,380,178,400,0
1200,0,804,60,1253,79,608,82,426,108,264,148,114,191,1099,204,879,274,0,284,686,307,496,353,26,358,336,386,174,406,-1,-1,0
1207,0,1018,17,808,51,610,71,1259,79,426,94,264,131,113,171,1103,205,0,262,882,269,688,298,27,337,497,340,337,370,175,387,0
1221,0,1034,15,823,45,626,61,440,80,1271,81,275,114,120,151,1113,203,0,242,892,263,696,290,26,317,503,328,340,357,176,371,0
1237,0,1047,13,836,43,635,57,447,77,1287,81,281,109,121,147,1128,204,0,239,906,264,709,289,27,316,513,328,347,355,181,370,0
1259,0,1069,11,856,41,653,55,460,73,1310,82,287,108,125,145,1151,205,0,240,928,265,729,292,28,320,529,332,359,360,187,376,0
1294,0,1103,13,887,44,681,59,482,78,1346,83,303,114,132,154,1186,208,0,252,961,272,759,299,28,334,553,342,376,372,195,389,0
1303,0,1109,13,891,43,684,57,484,76,1354,83,303,112,133,151,1193,208,0,249,965,271,761,299,28,330,554,341,375,371,194,387,0
1312,0,1114,13,892,46,682,60,481,80,1365,85,301,117,131,155,1199,214,0,255,966,279,760,306,27,336,551,348,373,378,193,394,0
1323,0,1120,17,891,51,678,69,1378,86,476,92,298,131,129,173,1206,220,0,272,968,286,758,316,29,353,548,360,371,391,192,408,0
1326,0,1120,18,890,54,674,72,1383,90,472,96,295,135,128,177,1209,227,0,278,967,295,755,325,29,360,545,368,368,401,192,417,0
1331,0,1122,17,889,53,672,71,1387,89,470,94,294,132,127,176,1210,225,0,274,967,292,753,322,28,355,542,364,366,396,189,411,0
1340,0,1128,17,892,52,674,70,470,93,1395,89,293,132,127,173,1215,226,0,272,968,294,752,323,28,353,540,365,365,396,188,411,0
1351,0,1138,14,901,46,681,61,476,81,1406,90,297,116,129,157,1225,225,0,255,976,290,758,317,27,338,543,357,367,385,188,398,0
1368,0,1155,11,918,43,695,55,487,72,1423,92,305,106,135,146,1239,226,0,243,989,289,769,314,26,327,552,352,371,378,190,390,0
1384,0,1166,9,926,40,701,52,491,69,1439,93,308,103,135,140,1252,228,0,240,997,290,774,314,28,326,554,352,374,378,190,389,0
1408,0,1182,18,935,60,703,83,1470,95,490,109,305,151,132,196,1280,243,0,304,1020,317,792,351,34,389,569,398,386,430,201,448,0
1425,0,1199,19,951,64,716,88,1486,99,497,116,309,160,132,208,1299,248,0,324,1041,328,812,366,37,411,588,417,402,450,213,472,0
1434,0,1207,23,957,70,719,97,1497,101,498,126,307,172,130,222,1310,252,1049,335,0,338,819,376,38,427,593,428,407,462,216,485,0
1458,0,1228,23,972,72,729,102,1522,102,505,132,311,178,130,229,1330,255,1067,341,0,350,834,384,41,439,605,439,416,472,223,497,0
1474,0,1234,27,974,82,1542,107,727,116,500,152,306,200,128,254,1344,264,1075,356,0,379,839,405,609,463,44,468,418,497,227,524,0
1488,0,1242,29,975,89,1561,109,724,129,496,167,301,217,122,273,1358,271,1084,369,0,399,845,421,612,481,46,488,422,514,230,543,0
1500,0,1249,35,978,101,1573,114,724,148,491,192,295,245,1370,282,117,307,1096,388,0,441,856,447,625,513,53,530,436,548,244,582,0
1521,0,1263,28,984,88,1595,115,727,134,492,172,292,219,115,274,1382,272,1101,373,0,403,858,429,53,491,624,489,437,513,244,544,0
1533,0,1272,31,993,96,1606,119,732,144,495,185,293,234,1393,278,113,293,1113,385,0,428,869,444,635,508,55,516,444,535,252,568,0
1338,0,1574,4,1074,28,823,43,578,54,354,80,147,117,1628,115,0,240,1417,241,1152,312,42,339,917,346,673,386,460,398,248,413,0
1328,0,1570,4,1057,27,803,41,560,52,341,77,141,113,1626,118,0,231,1407,243,1134,313,41,327,896,344,653,380,444,389,239,401,0
1552,0,1312,0,1044,30,794,47,553,61,335,89,1612,112,137,126,1398,239,0,244,1130,311,43,337,894,343,653,382,445,393,242,407,0
1303,0,1046,9,570,6,805,9,1529,14,352,19,151,43,1578,124,0,149,1367,232,34,244,1106,285,877,301,429,326,639,325,224,327,0
1302,0,1042,9,562,7,799,9,1532,14,345,20,145,44,1586,126,0,150,1376,238,36,247,1113,291,882,306,434,330,229,331,642,330,0
1309,0,1046,9,563,4,801,8,345,17,1543,16,147,39,1591,129,0,143,33,238,1376,241,1109,290,875,304,223,323,425,324,635,326,0
1302,0,1530,10,1044,15,803,21,565,23,347,42,146,69,1584,121,0,178,1375,235,37,273,1115,293,886,314,647,342,436,347,232,352,0
1297,0,1524,6,1039,19,799,28,562,36,343,58,143,90,1579,113,0,202,1373,231,38,296,1116,293,888,319,651,352,440,361,237,371,0
1297,0,1523,4,1040,21,799,33,562,41,343,66,143,99,1577,111,0,213,1371,231,1114,295,40,307,887,323,651,358,442,370,238,381,0
1295,0,1523,5,1038,23,795,34,558,44,341,67,141,101,1579,113,0,214,1371,234,1114,297,40,308,886,324,649,359,440,370,237,381,0
1293,0,1517,6,1040,19,801,28,565,34,347,56,145,89,1571,112,0,200,1369,228,1115,290,40,295,890,315,654,349,444,359,239,369,0
1289,0,1505,6,1042,17,808,25,573,31,354,51,148,82,1561,108,0,194,1368,222,1122,281,40,288,899,307,664,341,452,352,244,362,0
1297,0,1507,7,1056,16,823,21,588,26,367,45,156,76,1562,107,0,190,1375,219,1133,280,38,288,912,306,676,341,459,354,245,365,0
1305,0,1513,8,1065,15,834,20,598,22,373,41,160,72,1565,110,0,185,1380,222,1140,282,38,285,920,306,683,341,466,353,247,363,0
1304,0,1062,12,1514,9,830,13,595,13,372,29,161,56,1565,111,0,168,1377,222,36,267,1134,278,912,300,674,331,457,340,241,348,0
1303,0,1063,8,596,0,830,5,374,12,1514,16,162,36,1563,118,0,143,1372,227,33,243,1128,277,906,293,667,320,453,325,236,327,0
1300,0,1058,9,591,1,825,5,370,14,1512,16,161,38,1563,116,0,144,1371,225,33,243,1126,276,903,293,665,319,449,325,235,327,0
588,0,1299,5,1055,10,822,5,368,12,1511,20,159,35,1561,123,0,139,1368,230,30,239,1120,280,897,295,658,320,443,323,230,325,0
1298,0,1052,11,1512,11,583,10,817,11,364,25,157,53,1563,115,0,159,1368,228,31,257,1119,281,894,300,656,327,444,335,231,339,0
1292,0,1510,8,1046,17,810,19,576,22,359,41,154,71,1564,110,0,180,1370,227,36,276,1120,283,894,305,657,336,444,347,235,354,0
1505,1,1286,0,1040,21,805,31,571,41,355,65,151,99,1563,103,0,213,1372,224,1123,289,37,308,897,316,660,354,447,370,238,381,0
1301,0,1518,9,1054,14,817,14,583,15,364,33,158,61,1571,112,0,170,1377,228,32,269,1126,283,898,304,658,334,445,344,231,350,0
1307,0,1059,8,588,3,823,6,1524,13,369,17,161,41,1577,116,0,148,1380,230,33,247,1127,280,899,296,658,323,444,329,231,331,0
586,0,369,7,821,9,1060,19,1312,16,162,26,1533,36,0,128,1584,143,27,227,1381,252,1121,297,888,305,220,318,432,323,645,324,0
590,0,371,8,826,10,1065,21,1316,18,163,26,1536,38,0,128,1587,144,27,228,1385,253,1125,298,893,306,220,319,435,325,649,325,0
596,0,375,8,833,10,1073,22,1323,19,166,25,1543,38,0,130,1593,146,28,231,1392,256,1133,301,902,309,224,324,440,329,656,329,0
606,0,383,9,845,10,1085,20,1334,18,171,29,1554,37,0,132,1604,143,29,234,1404,252,1146,298,913,308,227,326,448,330,666,328,0
613,0,390,4,177,17,852,17,1090,37,1339,42,1557,65,0,111,1607,171,20,214,1406,280,214,314,1146,314,910,314,438,326,659,327,0
612,0,847,9,390,14,1083,23,1327,19,177,34,1542,35,0,131,1596,135,20,232,1402,251,1146,293,912,299,662,319,217,324,439,329,0
604,0,835,5,1065,17,1303,10,1512,19,386,18,176,41,1568,113,0,135,1383,230,19,232,1133,273,903,280,657,305,214,318,435,321,0
1451,0,1002,51,775,63,1515,82,555,87,352,130,158,173,1336,223,0,271,1087,287,861,313,24,358,624,359,412,400,207,417,-1,-1,0
1269,0,1340,65,847,89,640,115,452,152,290,206,1185,213,135,258,938,288,719,326,0,347,506,382,13,420,331,437,158,463,-1,-1,0
1276,0,1346,64,850,95,643,123,456,164,293,219,1189,214,136,271,940,293,719,334,0,363,506,394,13,438,330,451,156,479,-1,-1,0
1389,0,1472,65,906,113,676,144,475,188,1290,240,305,250,142,307,1002,325,753,366,0,399,518,430,8,477,333,493,151,520,-1,-1,0
1384,0,1468,65,902,125,673,161,472,210,1288,244,303,275,142,333,1001,338,751,383,0,430,515,450,8,505,333,518,152,550,-1,-1,0
1361,0,1443,62,877,143,649,186,455,240,1259,253,296,308,965,355,141,371,713,405,0,468,483,477,7,544,311,550,138,583,-1,-1,0
1353,0,1433,61,864,151,637,196,445,252,1248,258,290,323,950,362,139,386,698,416,0,483,471,491,5,559,302,564,132,599,-1,-1,0
1333,0,1415,59,850,159,623,206,1233,260,435,265,285,336,935,370,135,402,683,425,0,500,459,504,4,575,294,577,125,612,-1,-1,0
1329,0,1410,59,845,162,619,212,1226,261,432,272,283,344,927,377,135,410,675,433,0,510,450,512,3,586,288,588,123,624,-1,-1,0
1341,0,1424,64,843,169,615,220,1232,278,427,280,280,352,921,390,136,419,664,446,1,516,438,524,0,592,280,599,116,632,-1,-1,0
1349,0,1435,60,843,185,612,242,1241,278,424,307,278,385,926,401,135,455,666,465,440,550,0,555,2,630,282,630,119,668,-1,-1,0
1374,0,1463,61,861,193,626,252,1266,285,436,320,287,399,946,413,140,474,680,479,448,567,0,575,2,653,287,650,119,690,-1,-1,0
1363,0,1453,60,839,214,605,280,1253,299,417,354,273,437,927,437,133,514,662,509,434,601,0,617,278,687,3,694,116,729,-1,-1,0
1425,0,813,173,580,244,1226,247,397,322,899,393,261,407,125,484,635,469,415,565,0,589,267,653,4,663,112,694,-1,-1,-1,-1,0
1254,0,1352,71,733,270,506,354,1156,355,343,437,818,527,556,616,0,716,351,716,3,798,92,838,-1,-1,-1,-1,-1,-1,-1,-1,0
1330,0,760,263,522,344,352,422,842,553,566,634,0,696,355,728,93,834,-1,-1,-1,-1,-1,-1,-1,-1,-1,-1,-1,-1,-1,-1,0
1390,0,1507,105,769,268,519,347,345,421,860,598,568,671,0,686,350,755,4,777,-1,-1,-1,-1,-1,-1,-1,-1,-1,-1,-1,-1,0
1417,0,765,268,510,345,336,414,852,611,0,669,559,678,5,757,343,753,94,823,-1,-1,-1,-1,-1,-1,-1,-1,-1,-1,-1,-1,0
1428,0,1533,137,758,245,502,315,328,377,1255,455,0,621,548,661,5,710,336,726,-1,-1,-1,-1,-1,-1,-1,-1,-1,-1,-1,-1,0
1386,0,1502,138,737,238,487,306,318,366,1229,451,0,603,826,596,334,712,-1,-1,-1,-1,-1,-1,-1,-1,-1,-1,-1,-1,-1,-1,0
1354,0,1469,141,727,239,481,310,314,371,203,429,814,594,0,614,535,653,331,717,-1,-1,-1,-1,-1,-1,-1,-1,-1,-1,-1,-1,0
1342,0,1452,139,724,232,479,300,314,360,805,583,0,601,529,641,10,688,328,705,-1,-1,-1,-1,-1,-1,-1,-1,-1,-1,-1,-1,0
1335,0,725,214,483,277,318,334,0,567,799,568,527,620,-1,-1,-1,-1,-1,-1,-1,-1,-1,-1,-1,-1,-1,-1,-1,-1,-1,-1,0
1333,0,1432,146,725,201,483,259,319,312,209,362,109,426,1169,428,0,539,793,555,520,602,321,658,-1,-1,-1,-1,-1,-1,-1,-1,0
1365,0,725,165,1456,162,480,210,316,251,206,292,1165,434,0,455,3,540,774,534,501,560,-1,-1,-1,-1,-1,-1,-1,-1,-1,-1,0
1363,0,1032,71,730,158,1452,161,483,198,318,237,208,277,0,438,776,525,504,550,307,587,-1,-1,-1,-1,-1,-1,-1,-1,-1,-1,0
1366,0,1044,68,746,152,1461,158,496,193,327,234,215,275,0,441,802,525,524,554,319,594,86,615,-1,-1,-1,-1,-1,-1,-1,-1,0
1370,0,736,172,1471,165,485,218,319,262,208,304,1190,441,0,475,798,548,520,581,319,624,-1,-1,-1,-1,-1,-1,-1,-1,-1,-1,0
1382,0,1051,78,749,174,1481,162,496,224,325,269,212,312,0,489,815,555,532,592,328,638,95,663,-1,-1,-1,-1,-1,-1,-1,-1,0
1353,0,1463,164,724,213,472,279,303,334,194,386,0,575,821,593,544,647,19,665,343,704,-1,-1,-1,-1,-1,-1,-1,-1,-1,-1,0
1034,0,1502,76,720,118,464,183,296,236,1204,379,0,468,806,507,527,554,330,604,108,634,-1,-1,-1,-1,-1,-1,-1,-1,-1,-1,0
1397,0,1513,180,714,212,459,275,293,326,0,551,803,607,521,649,323,696,-1,-1,-1,-1,-1,-1,-1,-1,-1,-1,-1,-1,-1,-1,0
1423,0,1046,84,722,187,1543,195,463,240,295,283,189,323,0,501,1226,491,806,604,518,635,-1,-1,-1,-1,-1,-1,-1,-1,-1,-1,0
1504,0,1109,42,767,112,492,142,316,169,203,196,0,364,1258,486,825,561,527,566,319,583,-1,-1,-1,-1,-1,-1,-1,-1,-1,-1,0
1348,0,958,25,606,82,313,102,121,122,0,148,1438,228,1090,475,341,543,653,542,117,555,-1,-1,-1,-1,-1,-1,-1,-1,-1,-1,0
1061,0,703,61,411,84,223,107,103,132,0,183,1558,200,1194,456,749,524,211,538,-1,-1,-1,-1,-1,-1,-1,-1,-1,-1,-1,-1,0
1593,0,1159,40,792,108,504,135,321,160,206,186,111,235,1696,247,0,352,1299,514,531,578,314,588,839,579,-1,-1,-1,-1,-1,-1,0
1629,0,1161,68,779,163,484,208,302,243,191,275,1756,255,0,455,1349,555,866,648,547,659,334,677,-1,-1,-1,-1,-1,-1,-1,-1,0
1171,0,787,93,491,137,305,172,193,203,1767,191,0,383,1355,490,111,587,871,579,554,589,335,607,-1,-1,-1,-1,-1,-1,-1,-1,0
1651,0,1176,61,789,150,492,191,307,224,196,253,103,308,1774,263,0,433,1357,557,869,642,550,648,331,663,-1,-1,-1,-1,-1,-1,0
72,0,0,25,168,28,267,59,4,89,343,95,403,123,98,173,185,201,288,221,363,234,414,251,470,254,-1,-1,-1,-1,-1,-1,0
73,0,174,28,0,29,277,58,355,93,5,92,418,120,102,175,191,201,549,216,297,221,376,232,488,251,431,248,-1,-1,-1,-1,0
71,0,174,24,0,32,279,49,360,79,7,94,425,104,108,172,199,194,562,197,306,209,387,218,503,232,443,232,-1,-1,-1,-1,0
72,0,177,20,0,33,283,40,366,68,10,95,114,168,577,178,206,188,315,199,397,205,517,216,-1,-1,-1,-1,-1,-1,-1,-1,0
78,0,185,21,0,35,295,43,380,73,450,96,8,97,114,172,600,186,211,193,325,204,410,211,538,221,472,224,-1,-1,-1,-1,0
80,0,188,22,0,35,296,46,383,76,455,100,6,97,587,148,112,172,603,192,209,194,322,208,409,216,540,228,473,229,-1,-1,0
79,0,190,18,0,34,301,38,390,65,463,89,9,96,600,132,118,167,616,173,218,187,332,197,420,203,555,210,485,214,-1,-1,0
83,0,196,19,0,35,309,41,398,70,473,94,9,96,609,138,120,169,626,180,221,189,336,201,427,207,562,216,493,218,-1,-1,0
84,0,198,19,0,34,310,42,401,70,475,95,8,95,118,168,628,180,219,187,335,200,426,206,563,216,491,218,-1,-1,-1,-1,0
84,0,198,18,0,34,312,39,404,67,478,91,9,95,120,165,636,176,223,184,339,196,430,202,570,211,497,213,-1,-1,-1,-1,0
84,0,199,16,313,34,0,37,406,59,483,80,560,98,10,96,625,119,642,161,122,164,225,180,341,189,433,193,576,198,504,202,0
83,0,198,15,312,32,0,39,405,55,482,76,10,98,625,113,641,155,123,164,225,179,341,187,434,189,577,192,504,197,-1,-1,0
82,0,195,10,308,22,402,42,0,42,480,59,626,90,14,99,643,130,126,158,579,169,228,169,434,172,342,173,505,178,-1,-1,0
78,0,191,6,305,14,400,30,479,45,0,44,626,71,15,100,644,112,581,153,129,157,436,161,507,164,344,165,231,164,-1,-1,0
79,0,193,4,307,11,402,27,483,39,0,44,630,66,15,101,649,106,585,148,439,157,130,156,510,159,346,162,232,162,-1,-1,0
80,0,193,6,307,14,402,31,483,46,0,47,632,72,14,104,650,113,585,154,128,161,438,164,510,166,345,168,231,168,-1,-1,0
79,0,192,3,307,9,402,24,483,37,0,48,635,61,654,102,16,104,588,144,513,157,439,157,130,159,346,163,232,164,-1,-1,0
78,0,190,1,304,5,401,18,483,29,636,50,0,49,657,91,16,106,591,135,513,150,440,150,346,159,130,158,232,161,-1,-1,0
300,0,185,4,484,11,399,6,73,11,643,21,666,62,0,66,600,110,20,120,521,131,446,136,351,151,237,160,136,163,-1,-1,0
300,0,185,3,74,8,399,7,484,13,644,25,0,62,666,67,600,114,19,117,520,134,444,140,348,153,235,161,134,163,-1,-1,0
188,0,75,2,304,2,403,13,489,19,574,26,650,38,0,54,669,82,17,110,601,127,520,144,443,147,346,157,131,159,232,160,0
193,0,79,2,309,2,410,12,498,20,658,39,0,56,677,81,17,112,607,127,524,144,447,148,350,158,234,162,132,162,-1,-1,0
79,0,193,1,311,5,412,17,499,28,663,48,0,53,682,93,17,110,608,137,525,154,447,156,130,162,349,163,233,165,-1,-1,0
79,0,193,1,311,6,412,19,499,29,664,51,0,52,683,95,16,108,609,139,525,155,446,156,129,161,347,164,231,165,-1,-1,0
79,0,193,0,311,5,413,17,500,27,664,48,0,51,683,93,16,107,610,136,526,152,448,154,130,159,349,162,233,163,-1,-1,0
194,0,78,3,311,1,413,11,502,19,590,24,667,37,0,56,689,82,15,113,617,129,534,147,454,151,355,161,131,164,236,165,0
309,0,190,4,500,10,412,6,74,13,670,21,696,63,0,69,627,115,19,125,544,136,464,142,364,157,244,168,139,171,-1,-1,0
310,0,503,9,414,4,189,8,673,16,74,17,700,60,0,75,632,114,20,133,549,137,469,144,369,160,247,173,142,178,-1,-1,0
311,0,190,6,506,10,415,6,73,14,678,21,705,66,0,71,637,120,22,128,555,141,475,147,373,162,251,174,145,177,-1,-1,0
316,0,193,4,75,9,420,8,510,14,679,29,0,64,706,73,638,125,22,122,556,144,478,148,377,161,254,172,146,172,-1,-1,0
319,0,195,6,76,11,424,8,514,14,685,28,714,70,0,67,646,124,21,126,563,144,484,148,382,162,256,174,147,175,-1,-1,0
326,0,198,5,435,7,76,13,528,16,707,27,741,72,0,70,672,130,23,132,588,151,505,154,399,168,268,182,155,184,-1,-1,0
330,0,443,6,200,8,538,14,76,16,756,69,0,74,688,128,26,136,603,149,516,154,408,170,275,185,160,187,-1,-1,-1,-1,0
333,0,447,5,543,11,201,10,77,19,731,20,765,65,0,77,695,126,27,138,609,148,523,153,414,169,279,186,162,190,-1,-1,0
334,0,447,6,203,8,543,11,77,18,730,23,765,68,0,75,696,127,26,136,609,149,522,153,413,169,279,185,162,187,-1,-1,0
332,0,202,6,78,12,443,8,538,16,721,31,0,68,753,76,684,132,24,130,599,152,514,155,408,168,275,182,159,183,-1,-1,0
79,0,201,0,327,0,434,14,526,28,701,48,0,49,732,93,22,110,662,145,497,157,579,158,392,165,151,167,264,172,-1,-1,0
82,0,203,6,327,12,433,29,522,45,0,46,692,74,20,108,720,118,649,167,145,168,485,172,383,175,567,177,257,178,-1,-1,0
80,0,200,5,322,12,427,30,0,42,516,46,687,79,17,102,713,123,139,165,643,169,477,173,375,175,249,175,559,179,-1,-1,0
81,0,199,9,320,19,423,40,0,41,510,60,16,101,704,138,136,165,245,178,634,182,369,181,471,181,551,190,-1,-1,-1,-1,0
81,0,197,10,317,22,0,39,420,43,507,63,674,100,15,98,698,144,133,164,241,178,364,182,465,184,627,188,545,194,-1,-1,0
82,0,198,13,317,27,0,37,418,51,504,74,13,97,668,112,692,157,130,164,237,181,359,187,460,191,620,199,540,202,-1,-1,0
82,0,198,13,317,28,0,37,417,53,503,77,13,96,667,117,688,161,128,164,235,182,357,189,456,194,619,202,535,205,-1,-1,0
82,0,197,11,316,23,0,40,418,45,503,66,14,97,693,145,130,162,237,176,358,181,460,183,622,188,538,193,-1,-1,-1,-1,0
82,0,197,6,316,12,419,30,506,48,0,42,672,76,16,99,696,119,134,158,628,163,464,166,362,168,242,169,544,172,-1,-1,0
82,0,196,8,314,17,415,36,0,39,503,55,670,86,14,96,694,127,130,156,622,171,236,169,457,171,356,171,539,178,-1,-1,0
82,0,196,12,312,25,0,36,411,47,495,69,12,92,657,105,678,147,124,156,229,172,348,178,447,181,608,187,527,191,-1,-1,0
83,0,197,14,310,30,0,35,408,55,493,76,11,92,650,116,120,158,668,160,224,175,341,184,439,190,597,199,516,201,-1,-1,0
82,0,195,12,309,26,0,36,407,48,490,70,12,92,649,106,668,149,122,156,226,172,342,178,440,183,599,188,517,192,-1,-1,0
83,0,196,11,311,24,0,38,409,45,495,63,13,94,654,102,674,142,125,156,230,170,347,175,445,178,606,181,523,186,-1,-1,0
85,0,199,11,315,24,0,36,415,47,500,69,10,92,665,104,683,148,121,155,226,170,344,178,445,181,612,186,527,191,-1,-1,0
84,0,197,10,312,22,0,37,414,43,503,61,10,92,669,98,688,141,120,153,226,168,344,174,446,177,616,181,527,186,-1,-1,0
84,0,198,9,313,20,0,38,415,40,504,60,674,94,11,93,695,137,121,153,228,167,345,173,449,174,622,177,534,183,-1,-1,0
83,0,197,7,313,15,416,33,0,42,506,51,678,81,12,97,700,125,124,156,627,168,231,167,453,169,349,170,538,176,-1,-1,0
192,1,79,3,309,0,412,11,503,21,679,38,0,49,703,80,16,103,632,128,542,143,457,143,354,150,130,152,235,155,-1,-1,0
79,2,191,0,308,1,412,11,505,23,680,40,0,49,705,82,16,101,633,129,542,144,456,144,352,151,130,152,235,155,-1,-1,0
78,1,191,0,309,1,416,12,513,24,697,44,0,47,721,88,14,100,644,135,458,149,549,150,126,151,351,155,232,157,-1,-1,0
190,0,308,0,76,6,417,10,516,17,707,35,0,53,730,81,16,105,651,130,553,146,461,147,353,154,127,155,233,159,-1,-1,0
191,0,310,0,78,2,417,9,514,19,700,35,0,51,722,81,17,104,644,128,549,144,460,145,353,153,130,153,235,156,-1,-1,0
81,0,195,2,313,8,420,22,516,36,0,47,699,60,14,102,719,107,639,150,125,156,454,161,544,163,230,163,348,165,-1,-1,0
82,0,197,3,315,9,422,25,517,40,0,45,698,66,14,100,717,111,638,153,126,154,455,162,231,162,349,165,543,165,-1,-1,0
83,0,198,5,315,15,422,32,518,50,0,44,699,79,12,98,716,125,121,156,636,167,227,166,451,171,345,172,539,176,-1,-1,0
85,0,200,6,318,16,426,34,521,50,0,44,620,62,704,81,13,99,722,128,123,157,640,168,229,167,453,173,347,174,542,178,0
85,0,202,6,320,19,428,39,0,44,523,56,706,90,12,100,724,137,121,159,227,171,641,176,346,179,454,180,544,185,-1,-1,0
88,0,203,14,321,32,0,40,428,57,521,80,618,97,9,96,700,121,115,161,713,169,221,179,338,193,445,199,630,204,533,208,0
88,0,202,13,321,30,0,40,427,55,521,76,618,94,9,96,700,119,115,160,715,167,220,177,338,191,444,197,630,202,533,206,0
87,0,202,13,320,30,0,41,427,55,521,76,619,94,9,97,701,118,115,161,715,166,220,178,338,192,445,197,630,202,533,207,0
86,0,202,10,321,26,0,40,427,50,522,70,9,95,702,111,718,158,116,159,222,175,340,188,447,192,634,195,536,201,-1,-1,0
84,0,200,4,319,12,428,28,525,42,0,46,710,70,13,100,729,117,124,157,647,160,231,166,459,168,549,172,351,171,-1,-1,0
82,0,198,2,319,8,429,23,528,35,627,46,0,47,714,63,15,102,736,110,655,155,128,158,468,165,236,166,558,167,358,169,0
325,0,201,1,81,5,434,8,530,17,712,33,0,58,737,77,19,115,661,128,568,147,480,149,374,160,140,166,250,167,-1,-1,0
83,1,204,0,329,1,439,12,535,23,716,45,0,52,739,90,18,110,661,140,570,155,482,156,375,164,139,164,250,168,-1,-1,0
82,1,203,0,329,2,439,14,534,24,631,33,717,46,0,53,741,93,18,112,664,143,574,159,487,159,379,167,141,167,253,171,0
82,0,204,0,330,2,439,14,533,28,711,49,0,51,738,95,19,111,661,145,489,160,573,160,381,168,144,167,255,172,-1,-1,0
82,0,206,0,337,0,450,14,547,25,735,50,0,52,763,97,19,113,684,150,503,164,592,165,146,170,393,172,260,176,-1,-1,0
83,0,208,1,339,5,452,19,549,32,736,60,0,52,766,108,19,113,686,160,507,172,595,174,146,175,396,178,262,182,-1,-1,0
84,2,214,0,349,0,461,14,559,24,744,50,0,56,775,96,22,122,700,152,612,169,525,168,414,178,158,182,277,185,-1,-1,0
85,1,215,0,351,0,466,14,563,25,748,51,0,56,781,98,24,123,707,153,619,171,533,170,421,180,162,184,282,189,-1,-1,0
87,0,217,2,352,5,466,20,561,36,744,62,0,54,775,109,22,122,700,165,530,179,615,181,420,187,160,187,281,193,-1,-1,0
86,0,217,6,352,14,464,33,558,48,0,52,736,83,22,121,764,133,691,187,158,192,526,194,608,199,418,198,278,201,-1,-1,0
214,0,352,6,465,26,559,43,0,47,21,118,773,128,697,183,159,190,531,192,613,197,421,197,278,200,-1,-1,-1,-1,-1,-1,0
83,0,216,7,359,12,477,33,573,50,0,55,670,65,761,86,23,127,797,139,720,198,167,202,551,205,636,210,439,210,290,213,0
82,0,216,6,357,11,472,32,568,47,0,54,25,127,788,134,715,193,552,201,171,202,633,206,441,207,294,212,-1,-1,-1,-1,0
87,0,222,16,363,30,0,51,475,57,565,79,22,129,167,214,697,232,290,230,543,231,435,231,619,241,-1,-1,-1,-1,-1,-1,0
89,0,225,16,368,31,0,50,481,58,572,81,23,129,777,181,170,216,705,237,295,233,551,234,443,234,628,245,-1,-1,-1,-1,0
88,0,227,14,370,29,0,49,484,58,574,80,25,130,784,181,175,218,711,238,301,234,558,235,450,235,634,245,-1,-1,-1,-1,0
89,0,228,20,371,37,0,49,485,68,574,94,24,131,780,198,779,198,778,200,173,223,300,242,449,245,709,253,556,248,633,260,0
91,0,231,23,375,46,0,46,485,81,22,130,769,220,170,229,296,252,445,259,551,264,697,274,623,278,-1,-1,-1,-1,-1,-1,0
89,0,230,20,377,40,0,47,490,73,26,132,783,208,180,228,307,250,458,254,567,257,713,266,639,271,-1,-1,-1,-1,-1,-1,0
105,0,261,40,0,38,417,77,536,125,21,136,192,263,334,301,501,318,616,332,767,355,692,355,-1,-1,-1,-1,-1,-1,-1,-1,0
112,0,0,32,268,49,423,95,16,133,540,150,629,194,183,270,326,315,832,338,495,340,608,360,758,391,684,387,-1,-1,-1,-1,0
125,0,0,26,287,60,446,113,16,131,563,174,191,282,340,333,840,368,509,362,622,385,695,413,766,421,-1,-1,-1,-1,-1,-1,0
140,0,0,25,316,66,490,123,15,137,617,189,709,243,370,357,556,389,681,415,762,449,839,457,-1,-1,-1,-1,-1,-1,-1,-1,0
152,0,0,24,346,63,536,118,17,139,679,186,228,304,409,363,1025,404,613,394,752,422,847,455,937,466,-1,-1,-1,-1,-1,-1,0
160,0,0,21,362,66,556,126,14,139,704,198,816,257,229,311,417,376,629,411,1066,432,777,443,875,480,973,491,-1,-1,-1,-1,0
168,0,0,22,375,68,581,129,13,139,740,203,233,315,431,384,655,425,816,460,923,500,1029,514,-1,-1,-1,-1,-1,-1,-1,-1,0
175,0,0,22,394,66,610,126,14,143,781,201,910,268,247,322,457,393,695,434,1207,460,870,469,986,512,1100,525,-1,-1,-1,-1,0
185,0,0,26,413,65,636,123,18,147,816,197,264,328,485,398,733,434,1265,452,916,466,1038,508,1156,521,-1,-1,-1,-1,-1,-1,0
200,0,0,24,438,66,672,124,12,147,862,202,266,332,502,405,763,445,1340,469,959,481,1095,525,1223,540,-1,-1,-1,-1,-1,-1,0
205,0,0,30,449,59,692,110,13,152,892,183,273,330,1345,362,517,399,786,434,1401,447,995,466,1141,510,1279,522,-1,-1,-1,-1,0
235,0,494,40,2,39,753,74,988,136,0,153,1186,205,1571,301,253,311,525,369,1635,391,816,394,1076,422,1279,468,1479,476,-1,-1,0
239,0,497,40,5,39,757,73,996,135,0,153,1201,204,1602,302,246,307,518,367,1666,395,812,394,1078,424,1289,471,1502,480,-1,-1,0
235,0,491,31,4,45,749,59,992,116,0,155,1205,181,1623,271,241,302,513,357,1690,365,804,378,1075,404,1296,448,1519,455,-1,-1,0
1386,0,1068,21,764,69,517,86,338,105,214,134,102,171,1447,156,0,262,12,343,807,404,550,409,108,423,351,426,-1,-1,-1,-1,0
1385,0,1061,18,756,63,508,79,333,96,210,123,101,159,1443,164,0,249,11,329,1159,352,105,409,540,406,797,403,343,419,-1,-1,0
1382,0,1057,19,748,63,499,79,327,95,204,119,98,154,1441,174,0,246,14,326,1155,361,106,408,533,410,789,410,340,422,-1,-1,0
1380,0,1049,19,737,67,488,86,316,104,196,129,92,164,1443,179,0,258,16,339,1157,367,230,432,531,422,788,421,338,434,-1,-1,0
1370,0,1037,24,728,78,480,103,310,124,192,150,91,188,1439,177,0,284,21,364,1153,370,116,445,790,432,534,440,345,456,-1,-1,0
1372,0,1031,19,721,75,471,102,302,122,186,149,86,186,1441,177,0,284,21,365,1155,371,119,446,789,434,534,443,344,458,-1,-1,0
1382,0,713,89,461,120,289,143,176,167,80,209,1464,191,0,311,27,392,1176,387,804,459,544,471,354,487,-1,-1,-1,-1,-1,-1,0
1384,0,1029,26,713,91,459,126,288,149,174,175,79,215,1471,192,0,318,28,399,1180,387,808,461,549,477,360,493,-1,-1,-1,-1,0
1395,0,717,84,461,118,290,140,176,164,79,202,1483,195,0,307,30,388,1188,386,135,470,813,460,554,473,363,488,-1,-1,-1,-1,0
1402,0,1036,26,714,91,458,130,285,153,172,175,76,218,1496,200,0,324,1200,395,822,472,559,489,368,506,-1,-1,-1,-1,-1,-1,0
1407,0,1037,25,713,94,454,134,279,158,165,179,1507,203,0,332,1209,398,831,478,569,496,376,514,-1,-1,-1,-1,-1,-1,-1,-1,0
850,0,592,8,459,11,329,15,206,29,89,47,881,54,0,109,781,123,637,157,16,163,507,170,372,190,249,201,130,207,-1,-1,0
838,0,583,18,452,25,323,33,201,50,871,57,86,72,776,129,0,136,636,166,508,182,20,189,376,206,254,221,135,230,-1,-1,0
837,0,584,17,454,25,325,32,203,49,868,55,87,71,773,127,0,136,633,163,506,180,19,189,374,204,252,219,135,229,-1,-1,0
834,0,585,17,456,25,327,33,205,51,865,54,87,74,772,125,0,139,634,163,508,180,20,193,378,205,256,221,137,231,-1,-1,0
830,0,580,17,452,25,323,32,201,50,861,54,86,71,768,124,0,136,630,161,505,178,19,188,374,202,253,218,135,227,-1,-1,0
811,0,569,31,443,46,844,49,317,61,197,86,83,114,757,123,625,168,0,182,503,191,375,223,22,233,256,246,139,263,-1,-1,0
796,0,553,47,832,50,428,70,304,93,188,125,747,133,78,160,616,186,494,216,0,233,369,255,23,283,253,286,139,308,-1,-1,0
796,0,546,44,832,48,420,66,297,87,183,117,744,127,74,152,610,177,487,206,0,220,361,242,24,268,247,272,135,292,-1,-1,0
800,0,557,32,432,45,833,50,308,59,191,84,80,111,744,125,610,168,0,176,489,189,363,219,21,227,247,243,135,258,-1,-1,0
806,0,571,26,447,39,837,47,322,52,201,77,85,104,752,119,623,160,0,170,502,181,375,211,21,221,256,235,138,251,-1,-1,0
827,0,594,18,467,25,340,35,855,47,216,54,93,78,767,116,0,141,637,151,515,168,18,193,385,194,262,216,139,228,-1,-1,0
800,0,567,39,834,47,443,56,319,75,200,105,753,124,84,137,624,171,505,196,0,207,379,232,23,257,260,263,142,283,-1,-1,0
795,0,560,42,829,45,437,61,314,82,196,114,749,124,82,148,621,171,501,199,0,218,375,236,22,267,258,270,140,291,-1,-1,0
796,0,560,41,831,45,436,59,313,80,195,110,751,124,83,144,621,171,500,198,0,212,374,234,21,261,256,267,139,287,-1,-1,0
799,0,563,43,835,45,439,62,315,84,198,115,753,126,84,150,624,174,502,201,0,219,376,238,22,268,257,272,140,294,-1,-1,0
791,0,556,46,826,45,432,65,309,88,193,121,747,126,81,157,619,175,498,204,0,227,373,243,23,277,256,278,140,300,-1,-1,0
793,0,558,45,829,45,434,65,311,87,195,120,748,125,83,155,619,173,499,201,0,225,374,239,23,274,256,274,141,297,-1,-1,0
794,0,560,45,829,44,436,64,313,86,197,118,749,124,83,153,621,172,501,200,0,223,375,237,23,272,258,272,141,295,-1,-1,0
797,0,562,42,831,43,438,58,315,78,197,110,749,123,84,144,620,169,500,195,0,211,374,231,22,261,256,265,138,285,-1,-1,0
792,0,557,44,827,44,434,61,312,82,196,114,746,122,83,148,616,169,496,196,0,215,370,232,21,263,252,266,137,287,-1,-1,0
790,0,555,42,825,43,433,60,311,81,195,112,744,123,82,146,615,169,494,194,0,212,369,231,21,262,251,264,135,285,-1,-1,0
796,0,562,33,829,42,439,46,316,62,199,90,85,120,746,118,616,161,495,182,0,184,369,214,20,233,251,245,134,261,-1,-1,0
819,0,588,19,463,23,338,32,848,44,215,52,95,75,763,113,0,133,631,146,509,159,14,184,378,184,254,208,131,218,-1,-1,0
822,0,591,19,467,23,341,32,851,44,217,54,96,78,767,114,0,138,637,148,514,161,383,187,16,189,259,213,134,223,-1,-1,0
806,0,573,20,450,24,327,33,836,43,208,55,91,78,750,114,0,135,618,147,497,160,15,185,368,184,247,209,129,219,-1,-1,0
805,0,571,23,448,28,325,39,835,44,206,62,91,85,750,116,0,143,619,149,497,164,369,189,16,193,247,214,129,225,-1,-1,0
804,0,571,29,447,37,836,43,323,50,204,76,89,102,752,118,621,154,0,162,499,171,371,199,17,211,251,228,132,241,-1,-1,0
816,0,581,24,456,29,331,41,847,43,210,65,92,90,761,116,0,149,629,151,506,166,376,193,16,200,252,219,132,232,-1,-1,0
817,0,582,26,457,34,849,44,331,45,210,70,92,95,763,118,631,154,0,156,508,169,377,197,17,207,254,225,134,239,-1,-1,0
836,0,597,9,472,9,344,14,219,31,97,50,864,46,0,105,774,113,639,142,515,150,13,157,381,171,254,190,131,198,-1,-1,0
834,0,593,11,467,10,340,14,217,31,96,49,864,46,0,105,772,115,637,144,511,152,13,157,377,172,252,193,129,197,-1,-1,0
831,0,587,17,460,20,333,27,211,47,862,47,93,68,771,118,0,125,634,149,509,161,14,176,376,183,250,206,129,213,-1,-1,0
833,0,591,16,464,17,337,24,213,43,866,47,94,64,776,118,0,120,639,148,513,159,15,172,380,181,254,202,131,211,-1,-1,0
362,0,227,6,99,13,499,8,631,21,894,34,0,64,929,89,12,122,825,154,548,169,681,172,405,177,134,177,264,183,-1,-1,0
366,0,229,5,101,11,502,9,634,23,892,36,0,62,926,90,13,120,824,153,551,168,681,170,407,176,137,176,267,182,-1,-1,0
370,0,234,3,102,8,506,12,637,27,892,44,0,57,924,97,12,116,822,158,552,170,137,173,680,174,409,176,268,180,-1,-1,0
375,0,238,3,105,9,512,10,642,24,895,40,0,61,927,94,13,121,827,156,559,170,688,172,416,177,140,177,273,184,-1,-1,0
924,0,668,9,532,9,390,12,248,30,109,50,959,53,0,117,863,127,722,160,589,171,17,177,441,195,296,216,154,223,-1,-1,0
926,0,667,13,531,15,389,20,246,39,961,53,108,60,865,127,0,128,723,163,588,177,18,190,441,203,296,224,154,234,-1,-1,0
917,0,643,33,500,46,953,56,358,62,224,89,95,119,852,141,701,188,0,194,563,211,418,244,22,252,285,271,153,288,-1,-1,0
927,0,652,35,508,49,964,56,364,66,227,95,96,127,865,140,715,189,0,203,576,215,430,249,26,261,295,278,160,296,-1,-1,0
969,0,839,3,688,19,539,25,389,33,245,55,1003,60,106,81,897,141,0,156,742,183,599,202,22,219,446,231,304,252,161,264,0
976,0,846,3,693,16,544,23,393,30,247,50,1011,61,106,74,905,141,0,148,749,182,605,200,24,212,451,227,308,247,164,257,0
996,0,866,7,713,28,561,39,406,53,1033,60,255,80,109,111,929,146,0,193,774,195,628,219,471,254,26,258,323,281,175,299,0
1004,0,719,27,565,39,408,53,1042,60,257,80,109,111,938,146,782,195,0,195,635,220,477,256,28,260,328,283,178,302,-1,-1,0
1021,0,732,29,575,42,416,57,1058,61,262,84,112,117,953,149,794,201,0,204,646,227,484,265,27,270,334,292,181,312,-1,-1,0
1020,0,885,9,727,34,570,51,1059,61,411,68,258,98,110,134,952,151,792,206,0,222,642,235,481,275,28,287,330,305,180,327,0
1027,0,890,9,729,32,570,46,410,61,1066,64,257,88,109,121,956,153,793,205,0,207,640,233,478,270,27,272,328,295,177,315,0
1042,0,902,6,738,27,576,41,415,54,1081,66,261,78,112,110,968,154,0,196,800,207,645,233,26,263,480,269,328,291,175,309,0
1085,0,926,5,746,29,574,48,405,62,1129,75,250,83,104,115,1000,164,0,206,817,223,653,254,31,274,483,289,330,303,180,320,0
926,0,1085,2,743,18,571,31,403,39,249,54,104,81,1128,79,995,163,0,168,810,216,29,236,643,241,474,270,323,277,173,289,0
1077,0,915,6,735,34,563,56,395,73,1122,76,241,96,98,127,992,165,0,219,810,225,646,259,33,284,478,296,329,309,181,328,0
1076,0,916,6,736,34,564,57,1122,73,396,75,241,98,97,132,993,162,0,225,812,225,650,260,33,291,482,299,333,313,184,334,0
1084,0,923,5,741,31,568,53,400,68,1130,78,244,89,99,122,998,166,0,215,816,227,651,260,33,281,483,297,332,309,183,327,0
929,1,1092,0,744,23,570,40,399,51,243,69,1134,78,98,96,996,163,0,186,811,218,646,247,32,251,478,277,328,285,181,300,0
961,0,1132,7,768,15,587,25,411,29,250,39,102,61,1168,89,0,148,1019,169,32,214,824,216,654,237,330,262,481,261,181,270,0
971,0,777,14,1141,9,594,23,416,26,253,35,102,56,1178,94,0,146,1029,175,32,216,834,223,664,245,336,267,489,268,185,274,0
982,0,1153,5,788,17,604,29,424,35,258,47,103,71,1189,91,0,162,1040,173,846,223,34,232,675,248,499,274,345,277,191,286,0
989,0,1160,6,794,17,609,29,428,35,259,48,104,71,1198,92,0,164,1048,175,854,226,35,235,683,251,506,278,349,279,194,290,0
1254,0,1065,15,851,59,1302,88,650,98,451,128,267,163,1143,197,100,210,938,278,0,325,756,327,567,380,51,395,398,401,231,433,0
1260,0,1070,15,855,57,1309,90,652,94,452,122,268,156,1148,198,100,201,941,277,0,314,757,325,567,375,49,386,396,396,230,426,0
1269,0,1078,12,861,49,657,82,1317,92,457,105,272,135,103,177,1153,196,943,272,0,288,757,316,47,361,565,362,394,377,226,404,0
1276,0,1083,7,866,42,661,73,1323,91,460,94,275,122,105,162,1156,195,945,267,0,272,757,310,46,345,565,353,393,367,224,392,0
1280,0,1087,4,870,39,665,66,463,85,1325,92,277,110,107,148,1159,195,0,256,946,264,759,304,44,331,565,345,392,357,223,380,0
1098,1,1289,0,880,29,675,52,472,67,284,88,1332,94,111,122,1165,191,0,231,952,257,765,293,45,307,570,332,397,340,224,360,0
1262,0,1073,4,860,34,658,57,460,74,277,97,1307,90,108,132,1145,189,0,237,936,255,751,292,43,312,559,331,389,342,220,363,0
1074,0,1259,1,862,23,662,40,465,50,283,68,1300,92,113,99,1136,185,0,201,928,245,39,276,743,277,552,311,381,317,212,333,0
1060,2,1247,0,847,27,648,47,453,60,273,79,1289,91,108,111,1126,186,0,213,916,248,732,281,40,285,542,315,374,323,209,339,0
1230,0,1043,3,831,30,634,51,442,65,268,86,1273,89,107,119,1111,186,0,218,901,249,718,282,38,290,530,316,365,325,203,341,0
1185,0,1006,6,804,35,614,56,429,73,1231,85,260,97,105,131,1081,184,0,228,880,246,701,280,37,299,519,316,358,330,199,348,0
1173,0,802,30,615,49,433,63,265,86,1217,82,108,120,1070,179,0,215,872,240,696,271,34,287,514,307,353,321,193,337,-1,-1,0
1162,0,985,7,788,38,602,60,423,77,1208,81,260,103,107,138,1059,183,0,233,859,246,681,278,33,302,501,316,342,333,186,350,0
1118,0,945,17,752,56,1170,76,571,85,399,110,241,146,99,186,1032,186,837,256,0,280,662,294,486,338,32,347,332,365,182,388,0
1099,0,930,20,743,60,1151,74,566,89,396,116,242,153,1018,184,99,196,827,254,0,289,656,292,483,339,33,354,330,368,181,393,0
1079,0,913,20,729,61,1132,69,555,92,388,121,238,159,1002,181,98,202,814,252,645,291,0,296,474,339,31,360,323,371,176,397,0
1022,0,699,52,1071,65,536,77,378,102,233,136,954,167,97,177,780,231,0,264,621,265,459,309,29,327,314,340,171,364,-1,-1,0
1019,0,707,45,546,64,1065,66,389,84,243,116,103,152,951,163,781,221,0,239,624,252,462,293,28,303,316,322,170,344,-1,-1,0
1027,0,882,7,716,28,556,40,399,53,1068,65,251,79,110,109,950,156,0,190,778,205,621,228,24,256,458,262,311,286,164,301,0
1016,0,870,8,705,30,545,40,389,52,1057,64,243,77,105,106,939,153,0,184,767,202,610,223,22,247,449,255,303,278,159,291,0
1012,0,702,29,543,41,388,54,1054,64,244,80,106,109,937,156,0,186,765,203,609,225,22,249,447,257,302,280,158,294,-1,-1,0
1010,0,698,39,539,55,1056,62,385,73,242,104,105,138,942,159,769,212,0,218,611,239,448,277,22,281,303,305,158,323,-1,-1,0
1038,0,718,41,555,57,1087,63,396,75,247,107,107,141,970,162,793,217,0,223,631,243,463,282,23,287,314,312,164,329,-1,-1,0
1091,0,765,45,1142,63,597,63,431,85,272,121,119,162,1026,166,847,227,0,251,679,259,502,304,22,321,336,340,176,364,-1,-1,0
1093,0,766,48,1146,64,599,68,430,92,269,130,116,170,1031,169,854,232,0,263,688,265,511,312,27,335,346,350,183,375,-1,-1,0
1111,0,780,43,610,59,1165,65,439,80,275,115,119,154,1046,170,866,228,0,244,697,258,518,302,25,316,349,338,184,360,-1,-1,0
1162,0,812,44,634,60,1220,66,454,82,283,119,120,158,1092,177,904,238,0,250,730,266,542,311,28,324,364,348,194,370,-1,-1,0
1173,0,816,49,1231,66,636,68,455,91,283,130,120,171,1100,179,911,240,0,263,734,271,544,317,28,336,364,356,194,380,-1,-1,0
1158,0,808,48,1217,64,632,66,452,91,279,131,117,173,1090,177,906,238,0,266,733,270,547,317,30,337,368,357,200,381,-1,-1,0
1144,0,808,38,635,52,1198,64,457,71,283,107,119,145,1075,168,898,224,0,235,731,252,548,294,30,308,370,331,201,352,-1,-1,0
1129,0,805,26,638,34,462,48,1178,63,287,78,120,111,1054,161,0,197,885,209,726,231,548,268,29,269,369,300,202,317,-1,-1,0
1135,0,812,25,645,33,469,46,1184,65,292,77,123,109,1061,162,0,197,892,211,732,233,554,270,29,270,373,302,204,319,-1,-1,0
1143,0,818,25,650,32,472,44,1194,66,294,74,124,106,1071,162,0,192,900,212,740,233,30,267,559,269,376,301,206,318,-1,-1,0
1127,0,813,19,650,24,474,34,296,61,1178,64,125,90,1059,158,0,177,897,203,742,223,31,252,565,258,382,288,210,304,-1,-1,0
1109,4,973,0,815,7,659,4,487,4,307,22,132,41,1152,66,0,125,1041,150,888,187,740,201,29,203,568,228,385,251,212,262,0
505,0,674,8,323,10,824,17,141,22,1099,26,1138,87,0,101,1031,161,26,180,886,193,745,201,576,223,392,240,214,245,-1,-1,0
499,0,320,7,664,9,140,16,810,22,1078,34,1114,94,0,95,1010,166,23,173,869,195,730,202,564,222,382,236,207,239,-1,-1,0
143,0,322,2,499,7,659,25,800,45,1058,74,0,69,1087,135,20,149,983,198,711,219,845,219,197,224,549,228,370,232,-1,-1,0
136,0,307,2,476,7,633,26,773,46,912,56,0,66,1030,76,1060,137,18,142,952,200,681,217,185,218,813,219,522,224,350,226,0
123,0,281,1,443,5,593,22,731,40,869,50,0,61,987,68,1016,128,17,133,909,188,640,204,172,203,770,207,487,211,325,212,0
125,0,286,4,447,11,597,32,731,53,0,58,868,66,981,86,19,130,1008,146,905,203,176,205,643,214,330,215,771,218,491,218,0
136,0,303,11,470,23,621,50,0,57,754,75,886,91,995,115,18,132,1020,172,182,212,918,225,342,226,661,231,508,233,788,238,0
133,0,297,5,458,15,603,35,728,55,0,60,951,86,15,130,972,140,877,193,175,202,636,206,755,209,331,211,492,212,-1,-1,0
389,0,246,1,105,7,525,9,649,20,775,23,882,36,0,67,908,89,19,131,813,147,688,169,572,172,437,183,158,187,293,189,0
843,0,611,3,488,3,358,4,223,17,93,33,875,51,0,97,785,115,661,145,21,154,546,156,416,177,280,192,154,198,-1,-1,0
385,0,246,3,108,9,515,8,633,17,847,28,0,70,870,76,785,131,18,128,669,153,557,157,427,171,289,179,155,180,-1,-1,0
238,2,374,0,103,8,501,10,618,20,830,33,0,65,853,81,16,122,769,134,653,155,543,158,414,170,279,176,150,176,-1,-1,0
232,0,365,0,102,3,491,11,605,22,818,40,0,57,840,89,15,115,755,140,638,158,528,159,401,167,142,168,269,172,-1,-1,0
369,0,236,2,103,9,495,8,611,18,822,31,0,65,846,78,15,122,761,131,645,152,535,156,407,167,145,173,274,174,-1,-1,0
366,0,234,3,493,6,101,11,609,14,820,24,0,69,843,72,761,127,18,127,645,149,536,154,409,166,276,176,149,176,-1,-1,0
367,0,610,10,494,5,233,8,821,16,100,19,845,62,0,79,763,119,19,137,650,143,541,150,414,166,281,179,153,183,-1,-1,0
369,0,612,9,496,4,234,8,823,14,101,19,847,60,0,78,767,115,21,135,654,139,544,147,418,163,285,176,156,180,-1,-1,0
810,0,599,1,484,0,359,0,227,12,98,25,836,44,0,86,756,101,643,129,534,138,19,141,409,158,278,174,151,182,-1,-1,0
797,0,583,8,469,8,345,12,218,27,93,44,825,46,0,105,745,108,631,137,521,148,20,159,398,169,270,189,147,198,-1,-1,0
793,0,578,9,464,10,341,15,215,30,821,44,91,48,743,106,0,109,628,136,518,148,20,162,395,170,268,190,147,200,-1,-1,0
792,0,577,8,463,8,340,13,214,28,91,45,822,44,742,106,0,106,627,135,518,146,20,159,395,167,268,187,146,196,-1,-1,0
797,0,583,4,468,1,344,3,217,16,93,30,825,45,0,88,746,104,631,131,520,140,19,142,397,159,269,176,146,183,-1,-1,0
805,2,590,4,351,0,475,1,222,13,96,26,832,47,0,84,751,106,635,132,18,138,525,139,399,157,269,174,145,179,-1,-1,0
353,0,478,4,594,12,224,10,812,15,97,20,840,60,0,75,756,119,15,129,636,142,525,146,398,160,266,174,141,175,-1,-1,0
354,0,225,6,479,6,97,14,596,16,815,24,0,67,842,71,15,122,758,128,638,147,525,149,397,160,141,171,266,172,-1,-1,0
362,0,101,4,229,2,488,11,605,26,825,42,0,54,850,89,14,110,763,143,530,155,643,159,400,163,140,164,268,170,-1,-1,0
103,3,233,1,366,0,493,12,610,28,830,47,0,49,854,95,13,105,766,148,531,157,139,160,645,161,401,162,267,168,-1,-1,0
361,0,229,3,100,7,487,10,606,24,830,39,0,55,858,87,13,111,768,142,530,155,644,158,399,162,138,162,265,169,-1,-1,0
374,0,237,2,104,5,506,11,628,27,861,45,0,54,890,93,13,111,797,150,551,160,669,165,415,165,142,166,274,174,-1,-1,0
376,0,237,6,512,8,103,11,638,21,882,33,0,63,914,83,16,121,819,145,566,159,688,162,427,168,150,174,283,179,-1,-1,0
435,0,593,8,274,10,120,20,741,23,1030,35,0,74,1072,90,16,139,958,164,655,180,802,183,490,191,167,200,323,205,-1,-1,0
444,0,606,7,280,12,758,20,122,24,1058,29,0,80,1100,87,17,147,982,164,671,183,821,186,502,196,171,208,329,212,-1,-1,0
465,0,634,5,294,12,129,24,791,21,1099,30,0,82,1146,89,17,152,1025,169,706,189,861,192,529,202,181,215,348,220,-1,-1,0
480,0,655,6,301,14,817,20,132,26,1137,30,0,89,1186,92,20,161,1063,177,732,200,893,200,549,214,190,227,363,232,-1,-1,0
1284,0,919,13,732,8,533,14,334,41,146,67,1342,68,0,150,1201,172,1009,212,826,224,25,231,619,253,411,284,218,293,-1,-1,0
1289,5,740,0,541,1,926,9,340,23,149,46,1345,75,0,125,1204,175,26,209,1013,213,831,219,623,245,413,271,218,276,-1,-1,0
557,0,762,9,349,14,954,24,152,29,1156,26,1329,37,0,108,1383,115,24,196,1231,211,1033,243,846,244,632,262,219,274,417,277,0
164,7,580,0,368,3,786,19,972,41,1169,52,1335,74,0,86,1382,153,22,178,1232,240,857,261,1039,265,223,267,645,273,428,278,0
173,0,387,1,606,5,813,30,1000,57,1191,73,0,81,1353,99,1394,180,22,179,1246,264,233,278,878,282,1058,287,666,290,446,291,0
175,0,393,5,615,12,826,40,1014,71,0,81,1206,88,1367,117,25,181,1408,199,1257,280,240,282,888,295,453,297,1068,301,675,300,0
182,0,408,9,635,22,847,56,1034,91,0,79,1225,113,1383,146,26,182,1419,229,247,290,1269,307,465,309,904,315,691,317,1083,325,0
180,1,408,0,637,3,852,27,1042,53,1233,66,1393,91,0,90,1432,173,31,192,1282,257,1096,285,918,284,258,290,704,296,478,299,0
618,0,393,4,173,12,832,17,1024,36,1219,41,1385,60,0,105,1426,144,30,205,1274,233,1083,267,902,271,688,289,250,295,465,297,0
392,3,617,0,172,9,831,18,1023,38,1219,46,1385,68,0,99,1426,152,29,199,1272,240,1080,272,899,275,247,290,685,290,461,295,0
614,0,389,5,169,14,830,16,1024,34,1222,39,1389,60,0,110,1431,145,32,211,1276,236,1085,272,902,278,687,296,251,301,465,304,0
612,0,387,6,168,17,828,15,1024,31,1226,36,1396,55,0,112,1438,141,31,211,1278,233,1082,269,899,275,683,294,248,299,459,302,0
606,0,381,9,827,11,1028,24,164,23,1236,26,1412,44,0,120,1457,134,31,219,1291,228,1089,268,900,277,680,298,455,306,245,306,0
613,0,383,5,165,15,833,16,1036,34,1243,38,1420,61,0,112,1464,150,30,213,1297,242,1095,280,906,285,686,303,247,305,460,309,0
621,0,391,7,844,12,168,20,1048,26,1255,28,1431,48,0,123,1476,138,34,225,1309,234,1107,274,919,284,698,306,470,314,255,314,0
626,0,393,10,852,12,1056,24,170,22,1266,25,1445,45,0,127,1489,134,1320,230,35,228,1116,272,926,283,703,305,473,314,258,316,0
625,0,393,8,852,10,1059,19,1273,21,169,23,1454,39,0,127,1500,130,1328,226,33,228,1122,270,928,282,702,306,471,313,254,316,0
1370,0,1559,12,1146,18,921,32,673,39,413,59,166,91,1598,111,1412,211,0,232,1200,280,1005,320,58,335,775,366,536,378,310,406,0
1364,0,1549,12,1142,17,922,32,675,38,417,57,168,88,1587,110,1403,209,0,229,1195,277,1003,317,56,332,774,362,536,375,309,402,0
1375,0,1149,17,1565,13,924,31,674,36,415,53,166,85,1601,115,1410,214,0,223,1198,281,1002,320,56,327,770,363,532,373,307,399,0
1396,0,1168,11,1586,16,942,20,690,21,425,33,170,60,1616,119,0,201,1424,216,1211,279,57,307,1014,316,782,356,541,362,312,384,0
1405,0,1179,11,1592,19,699,19,954,20,432,29,173,57,1622,121,0,198,1430,217,1217,279,59,304,1022,315,790,355,548,360,317,383,0
1418,0,1192,6,711,8,440,15,965,11,1603,21,178,38,1631,123,0,180,1438,217,1225,277,59,289,1031,312,797,349,553,351,319,371,0
1459,2,1228,6,454,2,733,0,995,9,185,21,1648,28,1675,134,0,161,1473,224,57,274,1255,282,1054,314,563,345,814,348,324,362,0
1461,0,1228,5,453,2,731,0,995,8,185,21,1654,26,1681,133,0,164,1477,224,57,275,1257,283,1054,316,561,346,812,350,322,363,0
1470,0,1234,6,453,5,732,3,997,9,1665,26,182,29,1686,133,0,169,1486,227,58,282,1262,286,1058,319,562,352,815,355,323,369,0
1470,0,1232,5,450,10,730,4,995,9,1663,25,182,31,1683,133,0,172,1486,225,1262,286,58,284,1058,320,561,353,813,356,322,370,0
1469,0,1231,6,449,14,729,7,994,12,1662,25,181,36,1681,134,0,180,1486,226,1262,287,59,290,1058,322,562,357,813,358,323,375,0
1470,0,1233,4,451,9,732,2,998,9,1663,24,183,27,1687,130,0,171,1486,224,1263,284,58,283,1060,318,564,352,816,354,324,369,0
1469,0,1234,5,453,7,733,2,998,9,1662,24,183,28,1688,130,0,170,1485,224,1263,284,58,282,1060,318,564,351,817,354,325,369,0
1471,0,1235,4,456,5,736,1,1000,8,1663,23,185,25,1690,131,0,170,1487,223,1266,283,60,281,1063,317,568,350,820,353,327,368,0
1468,0,1233,5,454,8,734,3,1000,10,1661,23,185,27,1689,131,0,172,1485,223,1265,284,59,284,1062,319,566,352,819,354,326,371,0
1468,0,1233,5,454,10,734,4,1000,11,1660,22,184,32,1689,130,0,176,1485,223,1263,283,58,287,1062,318,566,354,819,355,326,372,0
1465,0,1231,7,452,14,732,7,997,13,1658,23,183,35,1686,130,0,177,1483,223,1262,285,57,290,1061,320,565,356,817,357,325,375,0
1467,0,1233,6,455,9,736,4,998,10,1658,24,185,31,1688,132,0,173,1484,223,1264,283,59,285,1062,317,567,352,819,353,326,371,0
1459,0,1226,6,453,13,731,6,993,11,1651,21,185,33,1681,127,0,174,1480,219,1261,280,58,285,1059,315,565,351,817,352,324,371,0
1441,0,1213,9,1632,20,724,15,983,17,450,25,185,49,1666,121,0,189,1470,215,1254,278,56,298,1053,315,813,355,561,357,321,379,0
1417,0,1188,16,1611,14,958,29,703,34,435,51,178,81,1648,115,1458,217,0,223,1241,286,1041,327,54,331,800,373,549,381,313,407,0
1405,0,1177,14,1596,16,950,24,697,26,432,43,178,70,1633,116,0,209,1448,216,1232,283,51,317,1032,321,792,364,542,372,307,395,0
1385,0,1160,14,1576,15,937,22,688,23,428,39,178,67,1618,115,0,202,1433,216,1220,282,48,308,1021,317,782,358,533,367,300,389,0
1364,0,1144,13,1552,14,926,21,681,22,425,39,178,66,1596,112,0,201,1418,215,1210,279,47,308,1012,314,777,355,531,367,298,388,0
1341,0,1525,10,1124,15,909,24,669,29,417,51,174,82,1572,105,1401,212,0,217,1198,278,1003,313,48,323,772,358,528,376,297,400,0
1299,0,1482,6,1087,19,877,29,644,38,401,66,1534,96,168,100,1369,207,0,232,1171,273,980,308,48,335,753,355,514,380,290,406,0
1278,0,1455,10,1072,11,868,13,640,15,402,34,171,61,1505,99,0,182,1346,202,1150,259,962,286,42,285,739,325,503,345,280,362,0
181,0,409,2,633,8,834,33,1007,56,1178,69,1321,92,0,89,1358,169,29,192,1224,247,1061,275,900,277,261,288,700,291,478,294,0
189,0,420,7,648,17,850,45,1021,72,1191,88,0,87,1332,112,1368,190,27,191,1236,265,1073,291,912,291,262,293,711,302,484,303,0
192,0,419,13,645,30,847,63,0,81,1023,95,1197,115,1344,146,19,186,1380,225,1240,299,244,295,465,312,903,315,1069,321,695,320,0
189,0,410,17,634,35,837,72,0,79,1016,106,1196,129,1348,164,17,184,1384,248,234,297,1238,322,452,318,891,331,681,331,1063,340,0
186,0,406,13,629,31,835,67,0,78,1015,101,1200,125,1355,161,16,181,1395,244,230,292,448,314,1244,321,889,327,677,328,1064,338,0
185,0,408,9,631,24,838,56,1019,87,0,79,1203,108,1360,140,20,182,1403,222,239,291,1257,300,458,309,902,314,689,318,1077,321,0
191,0,416,11,642,26,848,58,1029,90,0,80,1211,111,1366,141,17,186,1407,226,238,296,1264,305,461,315,910,319,695,323,1084,326,0
186,0,417,35,626,71,0,118,1017,204,31,284,949,353,813,394,690,417,480,421,292,424,-1,-1,-1,-1,-1,-1,-1,-1,-1,-1,0
195,0,429,32,640,69,0,131,1029,195,29,301,958,350,820,396,694,423,485,429,296,440,-1,-1,-1,-1,-1,-1,-1,-1,-1,-1,0
209,0,455,26,674,62,814,101,1066,174,0,153,973,329,29,325,831,390,703,424,489,432,296,452,-1,-1,-1,-1,-1,-1,-1,-1,0
203,0,451,16,672,44,814,78,1072,142,0,161,905,355,30,329,838,368,707,406,492,420,299,447,-1,-1,-1,-1,-1,-1,-1,-1,0
215,0,472,10,703,35,851,66,1117,123,0,174,876,362,34,346,742,406,520,424,318,459,-1,-1,-1,-1,-1,-1,-1,-1,-1,-1,0
222,0,485,9,720,35,869,64,1137,122,0,178,894,366,37,355,755,412,530,431,325,467,-1,-1,-1,-1,-1,-1,-1,-1,-1,-1,0
220,0,486,9,722,33,874,63,1143,119,1158,194,0,183,1046,286,970,348,900,366,36,360,762,413,533,433,327,471,-1,-1,-1,-1,0
224,0,491,7,727,30,879,58,1150,113,0,184,1055,283,908,363,38,363,769,411,540,432,332,472,-1,-1,-1,-1,-1,-1,-1,-1,0
227,0,497,7,734,30,886,58,1155,112,1170,190,0,186,1060,281,913,364,38,367,774,413,544,435,335,477,-1,-1,-1,-1,-1,-1,0
229,0,499,6,738,29,890,58,1158,110,0,190,1067,282,987,341,916,363,37,370,779,413,548,436,337,479,-1,-1,-1,-1,-1,-1,0
510,2,236,0,753,23,909,49,1182,100,0,196,934,361,39,380,794,413,558,439,343,486,-1,-1,-1,-1,-1,-1,-1,-1,-1,-1,0
512,3,234,0,760,24,919,51,1199,104,0,197,1101,276,943,368,37,380,799,421,559,444,342,489,-1,-1,-1,-1,-1,-1,-1,-1,0
514,4,235,0,766,27,927,55,1213,108,0,196,1110,285,952,375,37,380,804,427,561,448,342,492,-1,-1,-1,-1,-1,-1,-1,-1,0
514,2,234,0,766,23,927,48,1214,102,0,198,1115,277,1114,283,1031,343,956,371,38,381,809,424,564,447,346,493,-1,-1,-1,-1,0
230,0,505,5,751,27,908,55,1189,110,0,192,937,370,40,374,793,421,556,443,341,485,-1,-1,-1,-1,-1,-1,-1,-1,-1,-1,0
226,0,498,8,738,32,893,62,1169,119,0,186,993,351,920,372,38,366,778,420,546,439,337,479,-1,-1,-1,-1,-1,-1,-1,-1,0
230,0,503,16,742,45,893,77,1163,139,0,177,40,354,913,376,776,419,548,435,339,470,-1,-1,-1,-1,-1,-1,-1,-1,-1,-1,0
235,0,507,11,743,35,894,65,1161,120,0,177,1071,280,992,336,919,356,41,354,782,402,556,423,345,462,-1,-1,-1,-1,-1,-1,0
235,0,505,10,737,33,888,61,1154,116,0,177,1067,274,992,338,919,354,36,354,556,423,342,465,-1,-1,-1,-1,-1,-1,-1,-1,0
92,0,227,25,0,45,362,51,465,85,548,112,20,125,719,218,158,218,276,239,412,250,508,256,649,263,578,267,-1,-1,-1,-1,0
95,0,229,27,0,44,363,55,466,90,549,118,18,123,155,216,719,226,273,240,408,253,506,260,647,270,576,272,-1,-1,-1,-1,0
94,0,228,27,0,44,362,54,466,90,549,118,17,122,702,174,152,215,721,225,268,239,404,252,502,259,648,269,573,272,-1,-1,0
95,0,227,26,0,44,360,52,464,86,548,114,15,121,707,169,148,210,723,219,263,233,397,247,499,253,646,262,572,265,-1,-1,0
92,0,223,18,356,39,0,45,460,69,546,93,15,118,705,141,724,193,146,200,261,219,394,229,496,232,648,237,571,243,-1,-1,0
89,0,218,15,349,31,0,48,454,58,540,79,701,122,18,118,721,171,149,195,263,210,648,217,495,217,393,216,570,225,-1,-1,0
89,0,218,15,348,30,0,49,453,55,540,76,701,118,17,119,722,166,147,193,260,207,646,212,491,213,390,212,567,220,-1,-1,0
88,0,215,9,346,19,452,39,541,56,0,51,706,91,19,118,729,138,654,187,149,185,496,193,263,195,393,196,574,197,-1,-1,0
84,0,211,1,342,3,451,18,541,31,715,53,0,55,740,101,22,120,666,153,583,169,503,169,398,178,154,180,268,184,-1,-1,0
209,0,84,2,338,1,447,13,539,23,712,44,0,58,737,91,22,121,664,144,582,161,499,163,396,173,154,178,267,180,-1,-1,0
81,2,206,0,333,2,441,14,532,24,704,46,0,57,729,93,22,119,657,145,574,161,494,163,391,173,151,177,263,179,-1,-1,0
202,1,327,0,80,3,433,10,524,18,612,25,691,38,0,59,715,82,22,120,645,133,565,151,485,154,385,165,261,174,150,173,0
321,0,199,1,79,5,425,10,513,16,678,35,0,59,701,78,21,118,632,128,552,146,475,149,375,161,254,169,146,169,-1,-1,0
305,0,189,4,407,6,74,10,493,10,652,23,676,64,0,64,613,114,21,121,536,134,461,139,365,153,247,164,143,167,-1,-1,0
80,0,195,0,312,3,409,16,493,27,646,47,0,48,667,88,18,104,601,133,525,147,450,148,356,156,136,157,239,160,-1,-1,0
79,0,186,18,0,32,292,40,380,67,454,91,9,87,592,133,109,154,204,173,605,175,311,187,399,195,538,206,466,206,-1,-1,0
77,0,180,21,0,32,283,43,370,72,7,86,443,97,581,141,103,153,195,174,593,183,300,190,387,199,526,213,454,212,-1,-1,0
74,0,174,21,0,29,274,44,358,73,6,81,428,98,559,143,98,146,187,167,570,182,287,184,371,194,505,209,435,207,-1,-1,0
74,0,173,19,0,30,273,40,357,67,7,82,428,90,559,133,99,145,188,164,570,172,289,179,372,188,506,200,436,200,-1,-1,0
75,0,174,18,0,30,273,40,357,67,7,80,427,90,560,132,100,144,188,164,571,172,289,179,372,188,507,200,437,199,-1,-1,0
74,0,173,17,0,30,273,37,357,63,427,85,7,81,100,145,189,163,573,167,290,177,373,185,508,196,439,196,-1,-1,-1,-1,0
75,0,174,19,0,30,275,42,357,70,6,81,430,92,561,137,98,146,187,167,571,177,288,183,371,192,507,205,437,204,-1,-1,0
76,0,173,22,0,29,273,45,357,74,5,81,428,99,559,146,95,147,183,169,569,186,284,187,368,198,503,212,434,210,-1,-1,0
76,0,174,24,0,27,274,52,3,79,355,84,425,111,90,149,556,162,178,174,278,195,565,203,361,209,427,224,498,228,-1,-1,0
78,0,185,7,298,19,401,39,0,39,494,57,675,91,10,90,691,139,109,148,208,161,322,171,426,174,609,176,512,183,-1,-1,0
80,0,187,9,300,22,0,39,405,44,499,62,9,90,682,101,699,148,108,149,207,164,322,175,427,180,613,184,515,189,-1,-1,0
81,0,189,12,303,27,0,38,408,50,504,71,604,89,8,90,690,112,106,151,706,161,207,168,322,181,428,188,618,196,518,199,0
83,0,192,15,307,35,0,35,414,62,511,87,6,87,701,137,102,151,203,173,714,187,318,191,427,203,519,217,622,218,-1,-1,0
85,0,194,18,0,33,309,40,414,70,6,85,512,96,700,149,103,152,203,176,317,196,712,199,425,209,517,226,621,229,-1,-1,0
86,0,195,18,0,33,309,41,414,71,5,85,511,99,611,122,696,150,102,152,203,175,317,195,708,199,424,209,516,225,618,228,0
86,0,196,17,0,33,310,39,416,68,5,86,513,96,700,148,102,153,203,175,318,195,713,197,426,208,519,224,622,227,-1,-1,0
96,0,1,23,208,31,323,68,0,78,429,111,527,151,92,159,196,195,713,227,312,230,423,256,721,278,518,284,625,299,-1,-1,0
99,0,3,21,210,34,324,73,0,76,430,118,527,160,91,160,194,199,309,235,713,241,420,265,719,293,515,295,623,311,-1,-1,0
100,0,3,20,210,36,0,74,324,78,429,125,90,160,526,168,192,199,628,209,307,239,711,253,418,270,512,301,716,304,619,321,0
100,0,4,19,211,37,0,74,325,79,429,127,89,160,525,171,191,201,305,242,709,256,416,273,510,305,713,309,616,325,-1,-1,0
102,0,5,18,213,36,0,73,326,79,429,128,89,159,525,174,191,200,305,241,708,260,414,274,508,307,711,313,615,328,-1,-1,0
94,0,208,24,0,30,325,53,3,85,433,90,534,125,100,160,726,190,207,190,323,218,436,237,735,242,533,260,641,269,-1,-1,0
91,0,206,14,326,33,0,37,436,61,538,85,7,92,735,134,111,158,219,179,749,185,338,196,452,206,658,220,549,220,-1,-1,0
204,0,86,2,327,3,441,14,545,25,739,45,0,53,760,92,17,107,677,139,574,156,478,157,134,159,366,163,245,164,-1,-1,0
209,0,88,3,332,4,445,15,549,25,741,44,0,54,761,91,16,108,679,138,576,154,481,156,135,160,368,163,247,164,-1,-1,0
208,0,330,1,87,4,445,9,548,18,742,33,0,57,763,79,17,111,682,127,579,145,483,149,371,158,136,160,249,161,-1,-1,0
331,0,207,2,86,7,445,8,549,16,654,18,743,29,0,60,765,74,18,114,685,123,581,143,485,147,372,158,137,162,250,163,0
330,0,207,2,86,8,445,8,549,15,742,27,0,62,765,73,18,116,684,123,582,143,487,148,374,159,252,165,139,165,-1,-1,0
334,0,209,2,87,7,447,8,550,17,740,30,0,61,762,75,18,116,684,125,583,145,489,149,377,160,254,166,141,165,-1,-1,0
329,0,204,5,543,12,441,6,84,13,645,12,733,22,757,67,0,69,679,119,20,124,581,141,488,146,377,160,254,168,142,171,0
327,0,203,4,439,7,82,12,538,14,726,25,0,66,749,71,670,122,21,122,574,143,484,148,376,160,253,168,143,169,-1,-1,0
320,0,530,5,629,4,431,2,198,7,715,11,79,19,740,55,0,77,664,109,570,133,22,131,482,140,375,157,253,169,144,174,0
526,2,712,4,429,0,318,0,196,10,78,23,738,48,0,82,663,102,570,128,23,135,481,138,375,155,255,170,146,176,-1,-1,0
322,0,200,5,436,4,539,9,644,9,82,14,734,17,757,63,0,68,677,114,18,121,574,137,480,143,368,157,247,164,137,166,0
323,0,540,9,437,4,200,7,83,14,736,16,760,62,0,70,680,114,20,123,577,137,482,143,370,157,249,165,138,167,-1,-1,0
322,0,539,8,436,4,200,6,735,15,81,16,759,60,0,72,679,113,19,125,577,136,481,143,370,157,248,166,138,169,-1,-1,0
322,0,538,6,435,3,199,7,734,11,81,17,758,57,0,74,679,110,19,127,577,134,482,142,371,157,249,167,139,170,-1,-1,0
322,0,539,6,436,2,200,5,735,11,82,16,758,57,0,72,680,109,19,125,578,133,482,140,371,155,249,165,138,167,-1,-1,0
324,0,202,4,540,10,438,5,645,9,84,12,736,19,759,65,0,68,680,115,19,121,577,138,482,144,370,157,248,164,137,166,0
324,0,202,3,438,6,84,11,542,12,739,23,0,65,762,69,681,120,17,118,578,141,481,147,369,159,246,164,135,166,-1,-1,0
324,0,202,3,543,11,438,5,83,12,647,11,738,20,762,67,0,67,681,118,18,120,578,140,482,146,369,158,247,165,136,166,0
688,0,507,6,413,8,305,12,188,29,719,38,74,47,652,96,0,104,563,124,478,135,25,156,374,157,254,179,147,189,-1,-1,0
688,0,505,13,410,18,302,25,718,40,184,46,71,67,655,100,0,126,565,129,479,142,375,167,26,175,256,193,149,206,-1,-1,0
694,0,509,8,411,11,303,16,184,34,728,38,70,53,660,98,0,111,570,125,482,137,377,160,25,161,256,183,148,195,-1,-1,0
697,0,512,7,415,6,306,10,187,26,72,42,728,42,662,99,0,99,573,125,485,135,25,151,379,156,258,177,149,187,-1,-1,0
703,0,516,3,421,2,311,4,191,19,75,34,733,41,0,91,666,99,577,123,489,133,24,144,382,153,259,173,149,181,-1,-1,0
708,0,520,6,424,6,313,10,190,27,742,40,73,45,674,102,0,102,584,128,496,137,26,155,389,159,264,181,154,192,-1,-1,0
525,2,429,0,317,3,193,18,75,35,746,38,0,92,678,98,589,124,501,133,26,146,393,154,267,176,155,184,-1,-1,-1,-1,0
530,1,432,0,320,4,195,22,751,35,75,41,683,99,0,101,594,126,505,137,26,156,397,160,270,184,157,195,-1,-1,-1,-1,0
80,0,208,6,341,10,453,30,0,48,726,80,23,113,759,128,688,182,159,182,523,184,414,188,604,192,277,192,-1,-1,-1,-1,0
86,0,212,13,345,27,0,38,454,54,542,78,21,107,741,171,156,186,273,204,408,208,512,212,669,221,591,224,-1,-1,-1,-1,0
93,0,221,31,0,30,352,61,454,101,14,102,537,135,146,196,264,228,718,245,399,245,500,260,573,280,647,284,-1,-1,-1,-1,0
94,0,227,33,0,31,359,64,460,105,15,107,154,206,273,238,717,249,410,254,509,267,649,293,578,289,-1,-1,-1,-1,-1,-1,0
95,0,229,33,0,31,361,63,462,103,16,108,156,208,276,239,713,245,413,253,512,265,648,290,579,286,-1,-1,-1,-1,-1,-1,0
93,0,229,27,0,34,363,52,468,88,20,111,168,207,727,219,290,233,429,241,528,250,666,267,597,268,-1,-1,-1,-1,-1,-1,0
92,0,228,27,0,35,363,51,469,86,23,112,171,207,737,218,294,233,433,240,535,248,674,267,604,266,-1,-1,-1,-1,-1,-1,0
104,0,0,29,256,37,406,70,524,114,24,113,186,223,321,260,818,272,476,274,588,290,666,314,745,319,-1,-1,-1,-1,-1,-1,0
110,0,0,27,264,42,418,79,21,113,537,128,186,229,326,272,484,289,834,296,600,308,678,336,759,342,-1,-1,-1,-1,-1,-1,0
116,0,281,31,0,37,443,56,572,96,29,124,671,132,211,233,896,248,361,265,530,271,652,281,823,304,738,303,-1,-1,-1,-1,0
116,0,285,21,454,38,0,42,588,74,693,105,33,129,934,213,224,232,556,254,381,256,683,259,860,275,774,277,-1,-1,-1,-1,0
120,0,483,5,302,5,633,28,749,55,0,57,1022,142,40,145,944,216,746,216,848,227,606,224,249,233,418,244,-1,-1,-1,-1,0
135,0,326,8,517,11,676,36,801,65,0,59,38,152,1086,159,1002,231,784,234,634,241,896,244,255,245,436,257,-1,-1,-1,-1,0
143,0,343,11,538,19,700,48,0,59,826,80,37,154,1117,180,1028,254,805,254,261,255,650,258,918,265,448,270,-1,-1,-1,-1,0
185,0,416,24,635,46,0,54,815,87,955,129,29,163,1215,185,1258,251,282,283,728,310,502,311,905,312,1158,323,1034,330,-1,-1,0
1028,0,716,17,560,24,400,34,245,57,1073,62,102,81,952,148,0,156,788,192,637,209,23,219,473,237,312,257,168,268,-1,-1,0
1014,0,708,22,554,29,396,39,241,62,1058,63,100,87,939,149,0,161,778,192,629,209,24,223,468,237,310,259,167,269,-1,-1,0
999,0,858,4,699,23,547,31,391,43,1045,59,239,67,98,92,930,145,0,167,772,189,626,207,26,229,467,237,310,259,169,272,0
988,0,694,20,545,27,391,36,239,59,1032,59,99,83,918,142,0,157,765,184,621,203,24,218,464,231,308,252,167,264,-1,-1,0
979,0,688,17,541,22,388,31,237,53,1022,59,98,76,909,141,0,149,757,181,616,198,24,210,460,226,306,245,166,256,-1,-1,0
960,0,678,12,534,14,385,20,236,38,98,58,1000,60,0,129,891,136,743,174,605,188,23,190,453,213,302,230,163,237,-1,-1,0
931,0,803,3,658,17,518,23,373,31,229,52,968,58,95,73,862,135,0,145,718,174,585,191,23,204,439,218,292,236,159,247,0
905,2,783,0,643,10,507,12,367,15,226,30,94,48,939,60,0,116,834,131,695,165,22,175,566,178,425,200,285,214,155,221,0
645,4,372,0,511,2,901,7,232,9,98,23,931,64,0,88,826,129,21,147,688,158,562,167,423,184,284,194,153,196,-1,-1,0
644,3,374,0,512,1,897,4,233,9,99,22,927,60,0,87,825,124,20,145,690,153,564,163,425,181,284,190,154,195,-1,-1,0
900,0,645,3,512,3,373,4,233,16,99,33,931,57,0,101,829,125,692,158,18,161,565,171,424,192,284,203,151,209,-1,-1,0
912,1,787,0,642,13,506,20,364,26,223,43,93,62,944,60,834,132,0,134,691,172,562,189,22,193,420,213,280,227,153,237,0
925,0,795,4,646,22,504,32,359,43,959,61,218,64,88,89,844,136,0,163,697,181,564,202,25,220,420,230,280,247,153,260,0
928,0,795,3,642,20,501,31,355,42,214,62,964,60,87,85,849,136,0,157,698,177,563,198,23,211,417,224,277,240,150,251,0
927,0,638,25,495,39,349,53,968,57,209,76,83,102,855,134,0,173,704,181,568,202,25,226,422,232,280,250,154,263,-1,-1,0
903,0,772,8,624,33,484,50,944,58,342,67,205,92,80,121,837,137,692,187,0,196,560,213,418,246,27,251,280,268,156,285,0
894,0,768,5,622,24,485,38,345,50,931,57,209,72,83,98,825,133,0,172,683,177,554,200,26,227,414,231,278,249,154,263,0
902,0,631,12,494,19,353,25,215,41,87,61,936,59,826,129,0,132,683,168,554,186,24,189,414,210,277,222,152,231,-1,-1,0
899,0,774,2,630,19,493,29,352,38,214,57,934,60,86,81,827,133,0,155,686,175,557,196,25,212,418,224,282,240,155,252,0
900,2,777,0,635,15,498,24,358,31,218,48,932,60,88,69,827,130,0,143,686,171,559,190,25,201,420,216,284,231,157,242,0
385,0,240,5,668,10,530,7,811,9,101,15,934,22,958,87,0,86,842,150,21,150,697,179,568,188,426,202,286,205,154,206,0
385,0,238,3,672,14,530,8,100,12,818,13,942,27,0,80,965,92,21,143,848,154,701,180,571,187,427,199,155,199,286,201,0
382,0,237,3,667,12,527,7,99,12,812,12,937,25,0,79,960,90,21,141,843,151,697,178,567,185,152,197,423,198,283,198,0
380,0,234,4,670,10,526,6,819,8,98,14,949,22,0,81,973,89,20,143,850,151,699,179,565,186,419,198,149,198,280,199,0
386,0,239,4,670,10,531,6,814,9,101,12,936,21,0,83,960,85,24,144,846,147,703,175,574,183,431,197,291,200,159,200,0
385,0,239,4,669,12,530,7,814,11,100,14,935,22,0,82,959,86,23,146,846,148,702,176,573,184,430,198,290,201,158,201,0
384,0,238,3,668,10,529,6,813,10,99,13,935,23,0,82,958,85,22,145,845,147,701,175,572,184,429,197,289,200,157,200,0
385,0,239,4,670,11,530,6,814,10,100,13,936,23,0,83,960,86,23,146,846,148,702,176,573,184,430,198,291,201,158,201,0
511,0,363,4,660,9,213,22,814,30,74,67,918,103,0,166,927,221,22,308,840,340,124,414,709,422,569,475,258,478,414,498,1
512,0,364,4,660,10,214,23,815,31,74,68,919,103,0,167,927,221,23,308,840,340,125,414,710,421,569,475,259,477,415,498,1
512,0,363,4,660,10,213,23,815,32,75,67,918,103,0,167,928,222,23,308,840,340,125,414,710,422,569,476,259,478,415,499,1
529,0,379,1,676,13,225,17,826,36,79,60,925,108,0,161,933,224,22,306,848,341,127,416,721,422,581,476,266,480,426,501,1
541,0,386,3,694,10,229,21,853,34,81,67,960,107,0,169,970,228,20,318,881,351,126,431,745,436,598,494,268,498,434,519,1
411,0,570,6,247,11,726,27,91,49,888,59,995,140,0,151,1003,267,11,311,908,391,116,436,766,475,264,517,610,529,437,547,1
428,0,261,8,589,10,746,35,100,40,908,72,0,138,1016,154,1024,279,3,298,928,404,105,429,781,486,255,515,617,537,436,552,1
398,0,557,5,241,13,722,25,94,48,899,58,2,141,1019,142,1027,279,0,290,913,412,87,414,747,494,220,502,572,538,391,545,1
397,0,558,3,242,13,725,24,96,50,907,58,2,142,1029,143,1035,284,0,291,83,416,916,419,745,502,214,505,567,546,384,551,1
540,0,382,4,712,14,232,24,901,39,92,66,1032,124,3,159,1041,272,0,305,917,417,78,427,737,506,203,514,554,553,369,559,1
703,0,900,3,527,7,368,30,220,70,1042,71,82,129,1072,220,0,233,11,382,962,385,103,497,788,499,604,570,240,572,415,598,1
749,0,959,5,562,8,392,32,235,72,1113,78,88,133,1141,238,0,242,7,399,1020,413,100,523,830,533,243,605,631,607,428,636,1
790,0,589,6,1017,6,412,30,249,72,1185,88,96,134,0,244,1213,264,0,410,1073,456,86,542,859,581,230,635,640,653,422,675,1
822,0,1065,2,611,9,427,37,261,82,1245,88,105,148,5,262,1273,276,0,432,1119,481,85,569,885,616,227,667,651,691,424,712,1
839,0,624,5,1088,6,437,31,269,75,1274,97,113,139,8,252,1301,296,0,425,1136,507,78,568,891,641,218,673,648,713,416,727,1
911,0,684,1,1166,13,479,24,287,66,1356,108,111,134,0,259,1389,303,3,449,1236,514,108,602,999,652,278,710,752,734,502,757,1
699,0,924,1,1172,18,491,19,295,60,1356,111,113,128,0,255,1394,299,8,448,1255,502,125,604,1029,641,303,710,789,725,538,753,1
751,0,534,10,977,13,1221,38,322,44,124,107,1399,139,0,238,1432,324,8,445,1298,521,137,612,1080,655,332,725,840,739,581,770,1
776,0,558,7,997,12,1229,39,337,41,128,104,1398,134,0,242,1433,309,14,454,1314,497,160,622,1115,631,885,722,371,727,628,762,1
723,0,519,2,926,18,311,27,1140,49,115,80,1296,143,0,208,1328,307,14,410,1219,480,152,572,1036,601,350,676,827,682,591,713,1
861,0,1074,4,663,6,469,30,1239,76,276,78,98,147,1291,230,0,276,1203,409,30,463,1035,544,172,602,835,643,371,683,606,696,1
701,0,504,5,896,15,303,32,1100,41,114,85,1245,128,0,210,1273,281,17,402,1168,443,153,551,995,558,797,636,345,643,573,671,1
536,0,742,6,324,18,941,31,121,69,1147,69,1288,168,0,197,1305,327,18,403,1191,488,159,564,1013,600,356,666,813,673,587,702,1
544,0,755,8,325,18,962,35,119,68,1172,77,1313,181,0,202,1324,345,23,410,1201,506,168,571,1018,615,364,673,817,684,593,710,1
556,0,772,8,333,14,982,37,122,67,1199,82,1339,192,0,204,1344,361,18,416,1211,524,160,580,1019,633,355,685,812,702,585,726,1
550,0,772,2,324,21,990,25,1217,67,115,81,1364,180,0,226,1367,355,30,438,1228,524,176,598,1032,637,370,697,824,709,597,735,1
550,0,773,3,323,20,992,27,1219,70,113,78,1363,183,0,223,1363,356,31,431,1222,521,177,590,1026,631,370,688,819,701,595,725,1
552,0,774,6,327,15,995,31,117,70,1223,76,1369,192,0,212,1370,366,26,422,1228,531,169,583,1028,640,361,686,817,708,588,729,1
576,0,339,9,810,13,1042,47,120,63,1280,101,0,208,1425,229,1409,409,26,422,1248,572,171,586,1037,672,361,693,819,732,588,743,1
573,0,811,8,336,13,1050,38,116,73,1297,89,1448,217,0,219,1434,402,29,430,1268,568,173,593,1050,672,366,699,827,733,594,746,1
891,0,682,5,1115,6,479,30,278,78,1285,87,97,152,1328,251,0,288,1226,435,34,481,1046,573,179,622,841,672,376,705,610,722,1
671,0,871,0,1085,13,475,17,281,57,1244,93,100,124,0,250,1280,252,1179,426,24,437,1002,555,160,578,801,643,349,663,576,686,1
1070,0,836,14,627,38,1254,63,435,81,254,142,90,224,1315,230,0,354,1214,432,30,533,1023,587,160,664,808,695,344,741,574,753,1
1069,0,824,29,1266,57,609,65,418,118,244,188,1332,233,87,276,0,407,1221,452,28,582,1014,619,149,709,787,734,326,784,550,795,1
1058,0,808,39,1262,54,593,84,406,144,239,219,1333,236,87,312,0,446,1218,473,26,623,1003,653,140,752,771,776,310,829,532,840,1
988,0,1202,34,739,67,531,133,358,210,1289,220,211,299,76,401,1179,483,0,536,960,691,23,708,124,832,726,832,283,904,492,908,1
1069,0,1270,41,827,45,614,94,425,159,1353,207,252,241,92,342,1260,439,0,481,1059,629,27,663,829,770,154,792,579,854,342,861,1
1097,0,868,12,662,32,1275,62,468,70,283,128,107,209,1337,223,0,338,1239,423,16,524,1046,580,142,663,822,694,334,745,574,757,1
674,0,890,9,471,10,1129,35,279,42,105,103,1296,139,0,227,1314,319,14,412,1170,501,127,560,956,619,296,661,736,687,508,706,1
680,0,917,5,467,16,1179,29,269,53,93,121,1364,147,0,256,1376,348,29,445,1213,543,149,595,986,663,319,696,758,731,530,745,1
777,0,541,1,1024,22,313,24,1284,64,107,90,1456,192,0,237,1456,387,37,447,1291,567,182,608,1068,681,374,714,839,747,602,762,1
572,0,812,5,336,18,1056,31,1311,79,120,79,1477,207,0,228,1477,400,30,446,1315,579,176,616,1093,693,377,727,861,762,615,778,1
867,0,1118,11,612,10,1379,45,356,45,119,128,1549,164,0,301,1559,359,54,537,1410,552,1198,688,234,704,970,782,462,800,719,826,1
420,0,540,2,300,9,666,13,175,33,755,61,61,74,774,154,0,156,716,256,23,273,616,332,115,358,502,384,235,405,371,413,1
445,2,323,0,563,13,194,13,684,33,71,45,765,87,0,124,780,176,15,244,718,271,104,336,617,338,500,384,226,391,366,406,1
549,0,424,3,680,6,298,17,174,46,775,54,57,92,799,150,0,178,740,258,27,297,638,339,122,381,520,398,246,426,386,431,1
436,0,314,4,557,8,187,22,681,24,67,59,767,76,0,137,783,169,17,258,721,267,617,339,106,347,500,388,227,399,366,412,1
316,0,191,5,435,8,552,27,71,28,671,54,0,99,749,113,755,203,5,216,686,292,84,311,580,351,196,373,462,387,330,398,1
316,0,193,2,435,11,73,22,552,32,672,61,0,91,749,123,2,208,752,214,679,302,77,304,570,358,186,369,449,391,317,398,1
565,0,725,3,401,13,891,18,233,44,1007,85,77,101,1028,208,0,214,949,340,39,370,819,438,166,480,673,508,327,539,504,547,1
466,0,655,1,272,18,841,19,1033,53,94,71,1157,148,0,195,1160,296,28,374,1044,440,154,509,878,536,319,591,703,598,512,621,1
319,0,531,7,118,35,737,33,937,77,1144,142,0,156,1263,263,5,351,1238,424,120,510,1085,560,284,619,891,639,484,677,692,680,1
85,0,212,1,345,25,457,60,6,70,558,103,659,155,0,218,727,234,728,331,82,351,663,418,196,446,567,471,332,495,459,499,1
93,0,224,1,357,25,472,61,8,71,573,104,675,155,0,220,741,234,738,330,80,354,669,417,195,447,571,469,462,497,332,494,1
193,0,323,6,69,16,437,25,542,53,650,89,0,94,726,156,11,234,737,251,682,344,103,351,593,406,224,427,488,446,363,457,1
199,0,75,7,326,13,435,39,532,72,0,82,633,113,699,183,2,225,706,274,89,346,649,361,562,418,204,427,461,453,338,462,1
108,0,229,15,354,53,25,63,456,101,544,154,633,216,0,213,688,301,64,357,676,397,163,463,605,477,511,520,287,524,408,538,1
82,0,215,7,355,39,3,75,473,84,575,137,681,201,0,244,753,292,757,403,86,401,694,499,209,515,597,556,355,577,489,585,1
261,0,436,5,615,27,96,31,799,65,989,120,0,136,1102,233,12,302,1087,380,110,440,953,500,251,537,780,567,423,592,603,600,1
414,0,603,3,240,12,805,22,81,61,1026,62,0,173,1172,175,27,334,1170,340,134,465,1026,483,279,555,836,565,457,605,645,607,1
648,0,854,6,449,12,1070,29,257,38,82,105,1214,128,0,237,1225,287,49,413,1104,443,186,541,930,547,748,615,357,617,553,642,1
869,0,655,0,450,17,1098,19,254,50,80,121,1255,120,0,256,1267,285,51,433,1138,450,190,561,955,560,764,633,363,637,563,661,1
691,0,477,6,911,11,271,32,1142,44,86,97,1290,154,0,235,1289,323,49,421,1150,481,190,556,962,584,366,638,769,647,567,669,1
700,0,484,6,922,12,275,30,1155,45,88,96,1304,157,0,235,1302,327,49,422,1159,486,190,557,968,587,367,640,773,651,570,672,1
689,0,912,7,474,12,1146,32,267,42,84,112,1301,141,0,252,1302,311,50,435,1162,475,192,568,972,582,369,647,777,651,572,675,1
871,0,648,5,1117,13,441,26,248,64,1293,116,79,136,0,269,1318,293,45,446,1183,471,179,579,984,590,355,661,778,665,563,691,1
638,0,442,8,853,11,258,33,1092,42,93,89,1262,153,0,210,1282,339,17,389,1139,516,125,537,929,628,287,641,710,679,489,680,1
688,0,505,6,886,15,330,31,1109,38,161,66,1276,112,39,147,1311,261,0,295,1171,425,68,429,938,529,212,532,686,583,432,590,1
538,0,723,2,361,16,922,26,186,43,1145,61,53,116,1308,143,0,265,1329,298,56,404,1174,455,194,515,928,548,410,583,668,590,1
526,1,403,0,283,11,657,10,166,34,747,65,58,77,0,158,762,164,695,270,21,273,587,346,103,357,469,396,212,407,341,420,1
534,1,410,0,663,9,290,12,171,36,751,61,61,79,766,159,0,160,699,265,19,275,591,341,101,358,472,392,211,407,341,418,1
512,0,391,3,641,7,275,16,162,41,731,57,57,83,749,153,0,161,683,259,17,270,576,334,94,351,457,386,201,399,329,410,1
341,0,208,1,468,12,78,23,588,35,710,67,0,100,789,131,793,226,6,227,721,318,91,331,611,379,211,398,489,416,352,427,1
545,0,425,2,668,6,304,15,178,43,757,52,61,90,780,144,0,178,726,249,26,299,630,330,122,383,518,390,247,426,386,427,1
448,0,321,3,572,9,190,19,698,27,66,55,783,84,0,142,795,179,22,267,730,278,627,350,117,358,510,400,239,411,378,424,1
209,0,344,5,78,20,471,22,593,49,716,86,0,97,791,156,5,224,788,252,87,329,709,340,596,395,202,399,473,427,338,432,1
392,0,540,2,237,14,684,15,829,40,86,53,925,109,0,154,936,220,17,302,858,334,734,416,123,415,593,474,267,481,433,501,1
408,0,554,4,261,8,120,29,703,30,849,80,12,112,917,178,0,236,890,303,84,348,783,401,208,421,645,452,351,465,500,474,1
408,0,555,4,261,8,120,28,704,30,849,80,12,112,916,178,0,236,890,304,84,348,783,400,208,421,645,452,351,465,500,474,1
409,0,555,5,261,8,120,28,704,30,849,80,12,112,916,178,0,235,891,304,84,348,783,401,208,421,645,452,351,465,500,474,1
409,0,554,4,261,8,120,28,704,30,849,80,11,113,916,178,0,236,890,304,84,348,783,400,208,421,645,452,351,465,500,474,1
408,0,555,5,261,7,120,28,703,30,849,80,11,112,916,178,0,236,890,303,84,348,783,400,208,421,645,452,351,464,500,474,1
408,0,555,4,261,8,120,28,704,30,849,79,12,112,917,178,0,236,890,304,84,348,783,401,208,421,645,452,351,465,500,474,1
408,0,555,4,261,8,120,28,704,31,849,80,12,112,917,178,0,236,890,304,85,347,783,401,208,421,645,452,351,465,500,474,1
408,0,555,4,261,8,120,28,703,30,849,80,12,112,916,178,0,236,890,304,84,348,783,400,208,421,645,452,351,465,500,474,1
408,0,554,4,261,8,120,28,703,30,849,80,12,112,916,178,0,236,890,304,84,348,783,400,208,421,645,452,351,465,500,474,1
408,0,555,4,261,8,120,27,704,30,849,80,12,112,916,178,0,236,891,304,84,348,783,400,208,421,645,452,351,465,500,475,1
408,0,555,4,261,7,119,29,704,30,849,79,11,112,916,178,0,236,891,304,84,348,783,400,208,421,645,452,351,465,500,474,1
409,0,554,4,261,8,120,29,704,31,849,80,12,112,916,179,0,236,891,304,84,348,783,400,208,421,645,452,351,465,500,474,1
409,0,554,4,261,8,120,28,704,30,849,80,12,112,916,178,0,236,890,304,84,348,783,400,208,421,645,452,351,464,500,474,1
407,0,554,4,260,8,120,29,704,30,849,79,12,112,917,178,0,236,891,304,84,348,783,400,208,421,645,452,351,465,500,474,1
408,0,554,4,261,7,120,28,704,31,849,79,11,113,916,179,0,236,890,304,84,347,783,401,208,421,645,452,351,465,500,474,1
408,0,554,4,261,8,120,28,703,30,849,80,12,112,916,178,0,236,890,304,84,348,783,401,208,421,645,452,351,464,500,475,1
408,0,554,4,262,8,120,28,704,30,849,80,12,112,916,178,0,236,890,304,84,348,783,401,208,421,645,452,351,465,500,474,1
408,0,555,4,261,8,120,28,703,30,849,80,12,112,916,178,0,236,890,304,84,348,783,401,208,421,645,452,351,464,500,474,1
408,0,555,4,261,8,120,27,703,30,849,80,11,112,916,178,0,236,890,304,84,348,783,401,208,421,645,452,351,464,500,474,1
408,0,554,5,261,8,119,29,703,30,849,80,12,112,916,178,0,236,890,304,84,348,783,401,208,421,645,452,351,465,500,474,1
408,0,554,4,261,8,119,29,704,30,849,79,12,112,916,178,0,236,890,303,85,348,783,401,208,421,645,452,351,465,500,474,1
408,0,554,4,261,8,120,29,703,31,849,80,12,112,916,178,0,236,890,304,84,348,783,401,208,421,645,452,351,465,500,474,1
408,0,554,4,261,8,120,28,703,30,849,79,12,112,916,178,0,236,890,303,84,348,783,401,208,421,645,452,351,465,500,474,1
408,0,555,4,261,8,120,28,704,30,849,79,12,112,917,178,0,236,890,303,84,348,783,401,208,421,645,452,351,465,500,475,1
409,0,555,5,261,9,120,30,703,31,849,81,12,113,917,179,0,237,891,305,84,349,783,402,208,422,645,453,351,465,500,476,1
408,0,555,4,261,8,120,28,704,30,849,79,11,112,916,178,0,236,890,304,84,348,783,401,208,421,645,452,351,464,500,474,1
407,0,555,4,261,8,120,29,703,30,849,80,12,112,916,178,0,236,890,304,84,348,783,401,208,421,645,452,351,465,500,474,1
408,0,554,4,261,7,120,28,703,30,849,80,11,113,916,178,0,236,890,304,84,348,783,401,208,421,645,452,351,465,500,474,1
409,0,555,5,261,8,120,28,703,30,849,79,12,112,917,178,0,236,890,303,84,348,783,401,208,421,645,452,351,465,500,474,1
408,0,554,4,261,8,120,28,704,31,849,80,12,112,917,178,0,236,891,304,84,348,783,400,208,421,645,452,351,465,500,475,1
409,0,555,4,262,8,121,28,705,30,850,80,13,112,917,179,0,236,891,303,85,348,784,400,209,421,646,452,352,465,501,474,1
408,0,555,4,261,8,119,29,703,30,849,80,11,112,916,178,0,236,890,304,84,348,783,400,208,421,645,452,351,465,500,474,1
409,0,554,4,261,8,120,28,704,31,849,80,12,112,916,178,0,236,891,304,84,348,783,401,208,421,645,452,351,465,500,474,1
408,0,555,4,261,8,120,28,703,30,849,80,11,112,916,178,0,236,891,304,84,348,783,401,208,421,645,452,351,465,500,474,1
408,0,555,4,261,8,120,28,703,30,849,80,12,112,916,178,0,235,890,304,84,348,783,400,208,421,645,452,351,465,500,475,1
408,0,555,5,261,8,120,28,703,30,849,79,12,112,916,178,0,236,890,304,84,348,783,400,208,421,645,452,351,465,500,474,1
409,0,556,4,262,8,121,28,704,30,850,80,13,112,917,178,0,236,891,304,85,348,784,401,209,421,646,452,352,465,501,475,1
408,0,555,4,261,8,120,28,703,30,849,80,12,112,916,178,0,235,890,304,84,348,783,401,208,421,645,452,351,464,500,474,1
409,0,556,4,262,8,121,28,705,30,850,80,13,112,916,178,0,236,891,304,85,348,784,401,209,421,646,452,352,465,501,475,1
408,0,555,4,261,7,120,28,704,30,849,80,12,112,916,178,0,236,890,304,84,348,783,401,208,421,645,452,351,465,500,474,1
409,0,556,4,262,8,121,28,704,30,850,80,13,112,917,178,0,236,891,304,85,348,784,400,209,421,646,452,352,464,501,474,1
408,0,554,5,261,8,120,29,704,31,849,81,12,113,916,179,0,237,890,305,84,349,783,401,208,422,645,453,351,466,500,476,1
408,0,555,4,261,8,119,29,703,30,849,80,12,112,916,178,0,236,890,303,84,348,783,400,208,421,645,452,351,465,500,474,1
408,0,554,5,262,9,119,30,704,31,849,81,12,113,915,179,0,237,891,305,84,349,783,402,208,422,645,453,351,466,500,475,1
408,0,555,4,261,8,121,27,703,30,849,80,12,112,916,178,0,236,890,304,84,348,783,400,208,421,645,452,351,465,500,474,1
409,0,555,4,261,8,120,29,703,30,849,79,11,112,916,178,0,236,890,303,84,348,783,401,208,421,645,452,351,465,500,474,1
408,0,555,4,261,8,120,29,704,30,849,80,11,112,916,178,0,236,890,304,84,348,783,400,208,421,645,452,351,465,500,474,1
408,0,554,5,261,9,120,29,704,31,849,80,12,113,916,179,0,237,891,305,84,349,783,401,208,422,645,453,351,466,500,475,1
409,0,555,4,261,8,120,28,703,30,849,80,11,112,916,178,0,236,890,304,84,348,783,401,208,421,645,452,351,465,500,475,1
407,0,554,4,261,8,120,29,703,30,849,79,11,113,916,178,0,236,890,304,84,348,783,400,208,421,645,452,351,464,500,474,1
408,0,554,4,261,8,120,28,704,30,849,80,11,112,916,178,0,236,890,304,84,348,783,400,208,421,645,452,351,465,500,474,1
408,0,555,4,261,8,119,29,704,30,849,80,13,111,916,178,0,236,890,304,84,348,783,400,208,421,645,452,351,465,500,475,1
408,0,555,4,261,8,120,28,704,30,849,80,12,112,916,178,0,236,890,304,84,348,783,401,208,421,645,452,351,465,500,475,1
408,0,555,5,261,8,120,29,703,30,849,80,12,112,916,178,0,236,891,304,84,348,783,401,208,421,645,452,351,465,500,475,1
408,0,555,4,261,8,120,28,703,30,849,80,11,112,917,178,0,235,891,304,84,348,783,401,208,421,645,452,351,465,500,474,1
407,0,555,5,261,7,121,27,704,30,850,80,11,112,916,178,0,236,890,304,84,348,783,401,208,421,645,452,351,465,500,475,1
408,0,554,5,261,8,120,28,703,30,849,80,12,112,916,178,0,235,890,304,84,348,783,401,208,421,645,452,351,465,500,474,1
408,0,555,6,261,8,121,29,703,31,849,81,12,113,916,180,0,237,890,305,84,349,783,402,208,422,645,453,351,466,500,475,1
408,0,554,4,261,8,120,28,703,30,849,80,12,112,916,178,0,236,891,304,84,348,783,401,208,421,645,452,351,465,500,474,1
409,0,554,5,261,9,120,29,703,31,849,80,12,112,916,179,0,236,891,305,84,348,783,401,208,421,645,453,351,465,500,475,1
407,0,554,4,261,7,120,28,703,30,849,80,12,111,916,178,0,235,890,303,84,347,782,400,208,420,644,452,350,464,499,474,1
409,0,555,5,262,8,121,28,704,30,850,79,12,112,916,178,0,235,891,303,84,346,783,399,208,420,645,451,350,464,500,473,1
408,0,554,5,260,9,118,29,702,30,848,79,11,112,916,177,0,236,892,302,85,349,786,398,211,422,649,451,355,465,504,474,1
409,0,556,6,262,8,120,28,704,31,849,81,10,112,917,178,0,237,894,303,87,350,789,399,214,423,653,451,359,466,508,474,1
410,0,556,6,263,8,123,26,703,33,847,82,14,110,913,179,0,233,888,304,83,345,782,400,206,420,644,452,349,464,499,474,1
409,0,554,4,263,8,122,29,703,30,847,77,13,112,915,175,0,235,890,300,83,347,783,397,207,420,645,449,350,463,500,472,1
410,0,555,4,264,8,124,27,704,30,849,78,15,109,917,176,0,231,891,301,82,342,782,397,204,416,643,449,346,460,496,470,1
410,0,555,3,263,8,123,28,703,29,849,77,14,110,917,174,0,234,893,299,83,345,787,397,207,419,648,449,350,463,501,472,1
410,0,555,4,263,9,123,28,703,29,848,77,14,111,917,173,0,233,893,298,82,344,786,396,205,417,646,447,349,460,500,470,1
408,0,554,3,262,9,703,27,124,30,852,74,16,111,923,172,0,233,898,300,81,344,788,399,202,418,645,451,345,463,497,474,1
409,0,556,3,263,9,707,27,124,29,856,76,16,112,926,175,0,233,901,302,80,345,790,400,202,419,646,453,345,464,497,475,1
423,0,577,1,270,13,740,26,127,36,902,75,17,120,979,179,0,244,951,317,80,358,827,421,203,435,671,475,351,483,511,497,1
582,0,425,1,270,15,747,22,126,40,914,71,16,127,994,177,0,253,967,317,81,367,843,425,206,444,684,482,357,493,520,505,1
447,0,612,2,286,11,785,30,136,34,961,84,20,120,1044,197,0,249,1011,344,80,369,207,453,876,454,362,508,705,508,532,526,1
615,0,447,1,283,15,792,24,132,40,973,78,16,131,1060,193,0,263,1033,341,85,385,898,458,217,468,727,516,377,521,551,538,1
452,0,621,0,288,14,797,25,134,39,975,76,16,131,1063,189,0,267,1038,338,90,390,909,453,226,474,740,514,389,526,565,539,1
646,0,472,2,301,19,828,24,141,48,1012,76,17,146,1103,192,0,289,1078,347,93,419,945,470,235,504,770,537,406,556,589,566,1
486,0,664,0,312,15,849,27,148,43,1036,81,19,142,1127,200,0,287,1100,359,95,420,964,482,240,509,786,549,414,564,601,576,1
521,0,343,5,700,11,175,21,886,50,34,111,1073,115,1164,242,0,259,1134,403,85,405,231,509,991,526,411,579,803,585,608,604,1
529,0,347,7,715,10,178,23,910,49,35,111,1109,117,1205,249,0,257,82,401,1170,417,224,506,1013,541,405,581,813,597,607,611,1
529,0,345,8,718,9,175,26,919,48,35,114,1124,117,1224,253,0,260,80,404,1188,424,222,511,1026,551,403,588,819,609,608,621,1
536,0,350,6,729,11,178,22,933,55,37,110,1142,128,0,255,1242,267,80,402,1202,442,221,512,1034,568,402,591,823,621,609,630,1
534,0,348,7,726,11,176,24,929,53,34,115,1135,124,0,264,1235,264,85,412,1198,439,230,522,1035,567,412,599,829,622,618,633,1
534,0,350,3,175,16,719,15,909,58,30,106,1099,127,1192,255,0,257,93,406,1163,418,246,513,1019,539,431,585,830,597,631,612,1
475,0,691,2,275,19,928,25,99,74,1194,76,0,199,1367,212,16,384,1354,413,124,536,1166,587,278,646,927,680,477,711,698,720,1
846,0,617,3,1111,17,417,23,241,62,84,129,1299,133,0,254,1310,340,22,426,1137,535,124,565,905,650,272,663,679,709,465,714,1
641,0,817,5,468,19,993,38,291,54,122,102,1086,139,0,221,1082,287,6,374,978,419,131,494,829,506,298,558,663,562,482,582,1
667,0,490,12,845,14,309,40,1021,52,133,81,1112,156,2,197,1104,303,0,353,994,432,124,481,840,516,293,552,668,568,481,582,1
680,0,501,7,858,17,318,31,1034,61,140,68,1125,168,6,183,1114,318,0,342,1002,447,122,474,845,529,291,551,670,578,481,587,1
696,0,513,8,881,17,325,33,1066,62,144,71,1161,174,7,189,1149,330,0,351,1031,463,124,487,866,547,296,567,686,596,490,604,1
713,0,525,9,901,18,334,34,1087,64,150,74,1182,179,8,194,1167,339,0,359,1046,476,124,499,877,561,298,581,693,611,495,620,1
720,0,529,10,913,18,335,38,1105,64,149,78,1203,181,7,200,1189,344,0,367,1064,484,125,508,892,571,302,591,704,621,502,630,1
732,0,538,8,927,18,342,34,1122,66,154,74,1221,185,10,195,1206,350,0,363,1078,490,125,505,902,577,303,591,710,626,505,633,1
739,0,544,7,936,20,346,34,1133,69,157,71,1235,189,11,192,1220,355,0,361,1091,497,125,506,913,583,304,594,718,632,509,638,1
764,0,562,12,970,18,357,41,1176,65,161,84,1286,188,11,211,1275,363,0,386,1144,512,132,536,957,607,320,625,754,661,535,669,1
787,0,999,14,577,16,366,51,1212,58,161,102,1327,184,6,239,1321,365,0,425,1191,525,142,579,1003,628,342,667,795,691,568,706,1
796,0,1012,13,582,20,1230,55,364,60,157,112,1347,182,2,254,1342,366,0,444,1211,530,147,599,1022,637,352,686,812,704,582,723,1
814,0,1031,15,598,15,377,51,1249,61,165,102,1367,189,5,244,1361,373,0,437,1230,535,151,597,1040,641,360,686,827,707,594,725,1
837,0,618,11,1057,22,393,44,1275,72,177,91,1391,204,10,231,1381,390,0,427,1245,552,148,593,1050,657,358,689,833,720,595,733,1
872,0,647,6,1094,27,417,34,192,78,1315,83,1428,221,16,219,1413,412,0,422,1272,575,150,596,1074,679,365,699,851,739,608,749,1
895,0,665,6,1123,28,429,35,198,80,1348,86,17,222,1461,227,1446,421,0,429,1300,587,153,605,1095,691,372,710,869,752,621,761,1
911,0,677,5,1144,29,438,32,204,75,1373,91,18,220,1489,234,1472,432,0,430,1322,599,153,611,1111,704,374,719,879,765,626,772,1
920,0,682,6,1157,29,440,34,206,77,1394,91,20,221,1513,239,0,432,1495,440,1339,611,151,614,1122,717,372,725,883,777,625,782,1
931,0,688,9,1177,27,441,41,204,88,1422,87,1550,238,18,237,1535,449,0,450,1377,627,154,635,1153,739,380,748,906,801,641,807,1
940,0,695,12,1186,25,445,47,1431,82,204,95,1562,231,14,249,1554,441,0,468,1403,622,164,656,1184,739,401,766,938,807,668,819,1
986,0,734,9,1235,27,474,43,1482,89,221,93,1611,241,19,253,1600,454,0,483,1446,640,171,680,1224,760,418,794,974,833,697,849,1
993,0,740,9,1244,28,479,43,1492,89,222,94,1622,241,19,255,1611,455,0,487,1456,641,173,684,1235,762,423,799,982,836,703,852,1
994,0,742,7,1244,31,480,38,226,86,1493,94,1624,248,22,246,1612,462,0,476,1455,647,169,675,1231,767,416,792,977,838,697,849,1
996,0,742,6,1246,30,481,38,225,87,1496,94,21,244,1625,249,1612,464,0,475,1454,649,168,674,1228,768,415,793,974,839,694,850,1
994,0,741,7,1245,31,480,37,225,86,1494,95,21,244,1624,251,1611,466,0,476,1453,652,169,676,1228,771,414,795,973,842,694,853,1
994,0,742,5,1244,32,479,36,225,81,1492,98,21,238,1620,253,1606,467,0,469,1449,651,169,669,1225,767,415,789,973,837,694,847,1
952,0,702,10,1200,27,450,44,1450,89,207,93,1578,243,17,247,1562,456,0,467,1402,638,159,656,1175,753,391,769,927,819,657,826,1
931,0,687,11,1179,25,438,46,1426,84,201,95,1555,236,16,246,1540,447,0,461,1381,627,157,645,1158,740,385,756,911,805,646,813,1
918,0,676,10,1161,26,432,43,1403,84,197,92,1530,233,15,241,1517,440,0,454,1362,618,157,636,1143,729,382,746,901,793,640,800,1
905,0,669,10,1144,26,427,43,1380,84,195,92,1504,230,14,238,1491,433,0,448,1339,606,154,627,1124,717,376,735,887,780,630,788,1
878,0,648,11,1105,22,411,46,1333,78,183,96,1450,217,9,243,1437,413,0,450,1294,581,157,623,1092,690,376,722,868,755,622,768,1
826,0,609,14,1044,19,385,50,1259,67,170,98,1374,196,6,241,1366,380,0,437,1233,542,150,599,1043,648,361,690,830,713,596,730,1
821,0,608,9,1034,22,386,40,1244,74,173,85,1354,203,10,223,1343,385,0,418,1210,543,147,581,1022,644,353,675,813,705,583,717,1
819,0,608,5,1028,26,388,30,176,70,1234,83,13,203,1338,214,1321,393,0,394,1187,544,141,558,1000,639,341,654,792,694,567,702,1
804,0,595,4,1010,27,380,27,171,67,1215,84,12,196,1317,214,0,383,1299,391,1164,539,138,544,978,631,332,640,773,683,553,688,1
786,0,580,3,369,26,990,28,166,65,1192,84,12,190,1292,214,0,373,1273,389,132,531,1136,535,952,623,320,626,750,672,534,675,1
752,0,556,3,355,24,946,25,163,58,1139,80,15,177,1235,202,0,350,1216,368,125,501,1086,507,908,591,304,591,716,637,508,639,1
742,0,549,2,351,22,931,26,161,56,1120,79,15,171,1215,200,0,341,1196,363,123,490,1069,498,895,581,299,580,705,626,501,627,1
726,0,538,3,343,22,913,25,155,56,1098,76,11,174,1191,195,0,344,1176,355,1056,489,126,491,889,572,303,579,704,619,504,623,1
535,0,718,0,343,16,895,27,157,47,1070,80,13,160,1156,194,0,327,1139,346,1021,473,122,473,861,552,296,558,684,597,491,601,1
528,0,705,3,340,15,880,30,158,42,1053,82,16,152,1138,195,0,314,1121,345,117,457,1005,469,286,544,845,545,669,588,478,589,1
613,1,409,0,208,8,813,24,1018,66,56,74,1242,121,1411,211,0,231,1450,360,81,389,1322,504,261,523,1089,589,527,607,820,625,1
187,3,380,0,579,7,772,36,46,66,965,83,1175,141,0,227,1334,234,1373,378,90,387,1261,516,274,523,1052,598,532,609,808,628,1
527,0,401,0,663,9,282,11,167,35,758,64,59,76,0,155,776,167,17,268,705,276,590,353,95,353,466,402,203,407,333,424,1
516,0,393,1,648,7,276,14,163,39,741,60,58,81,0,160,759,161,691,271,16,273,579,350,92,358,457,401,198,409,327,425,1
673,0,495,8,848,17,307,31,1014,65,127,72,1090,174,0,195,1065,320,3,357,949,442,128,482,800,520,290,551,641,568,467,580,1
679,0,499,7,852,18,311,29,1019,65,129,68,1094,174,0,192,1067,318,3,350,953,438,129,477,804,514,293,544,644,561,470,574,1
673,0,497,8,845,16,308,31,1012,61,129,70,1088,167,0,192,1065,310,3,350,952,430,129,474,805,507,293,540,645,555,471,568,1
667,0,839,3,489,20,1007,38,302,57,121,111,1090,142,0,246,1075,288,12,408,970,418,827,508,146,526,671,570,316,582,497,597,1
662,0,832,4,486,21,999,37,299,57,120,111,1082,138,0,244,1072,280,14,404,972,408,833,497,152,521,679,560,323,574,506,588,1
689,0,859,9,510,15,315,47,1024,48,128,97,1103,150,0,233,1088,293,15,401,986,419,846,505,159,522,692,566,335,578,520,594,1
687,0,856,8,510,18,1017,46,317,51,131,102,1095,149,0,240,1077,294,8,405,972,420,832,509,146,528,678,571,320,584,504,599,1
839,0,670,0,495,26,1004,30,305,68,123,128,1087,130,0,269,1077,276,978,408,17,435,841,503,159,550,690,571,333,599,518,606,1
841,0,667,4,1010,29,488,34,296,81,1095,130,116,144,1084,280,0,290,982,417,20,454,843,515,161,567,689,585,333,615,517,621,1
834,0,664,5,1001,26,487,36,296,84,1086,125,115,152,1078,271,0,298,982,407,24,464,847,506,170,575,698,579,345,617,528,619,1
835,0,668,3,997,28,493,31,302,76,1082,125,119,141,1074,268,0,289,984,401,26,457,854,498,177,569,708,571,540,612,355,611,1
845,0,680,2,1005,30,505,28,312,71,1086,127,125,134,1077,270,0,284,984,402,22,455,855,499,709,572,174,570,540,614,354,613,1
849,0,684,0,509,24,1009,31,314,68,1087,128,126,128,1079,271,0,278,985,401,21,448,855,498,172,565,709,570,538,610,352,608,1
851,0,686,0,509,26,1012,30,315,69,1090,128,126,133,1081,273,0,284,985,405,20,456,854,503,171,572,708,577,537,617,351,617,1
853,0,686,0,509,26,1015,32,314,70,1094,131,126,132,1081,275,0,282,987,408,20,456,855,505,170,572,707,578,350,616,535,618,1
855,1,686,0,508,26,1017,32,313,69,1095,131,125,132,1082,277,0,281,984,410,18,451,850,506,165,567,701,578,343,613,528,616,1
850,0,683,2,1013,30,506,28,312,73,1094,129,124,136,1085,274,0,287,988,407,21,457,857,505,172,573,707,577,350,616,536,618,1
851,0,684,2,1011,29,508,30,315,75,1091,126,125,140,1082,269,0,292,990,402,23,465,861,501,715,575,177,579,545,618,358,620,1
852,0,686,3,1012,27,509,32,314,80,1092,125,125,146,1083,270,0,301,990,405,23,476,861,505,716,582,176,589,545,627,358,629,1
852,0,686,5,1014,28,509,34,315,82,1094,125,125,149,1086,269,0,304,995,402,25,477,867,503,722,580,181,589,550,624,364,629,1
864,0,692,15,1031,18,511,56,1119,110,312,117,118,199,1122,255,0,366,1037,396,912,505,40,541,768,593,212,643,597,652,404,669,1
878,0,707,12,1045,23,524,49,321,108,1134,118,124,187,1132,264,0,354,1049,405,923,513,38,534,778,599,212,641,604,656,408,670,1
902,0,730,5,1065,26,546,37,338,89,1149,121,132,164,1146,265,0,332,1060,400,936,505,35,515,790,589,214,626,614,644,415,657,1
909,0,738,2,1072,29,553,32,344,79,1154,127,136,153,1149,270,0,321,1062,406,935,509,34,507,789,592,211,622,612,645,413,657,1
897,2,724,0,542,25,1058,36,336,69,135,134,1136,138,1125,285,0,292,1029,420,24,476,895,520,747,596,187,597,571,639,378,641,1
897,2,727,0,543,23,1058,38,337,66,136,129,1136,141,1122,289,0,289,1024,424,22,472,890,523,741,598,184,595,566,641,372,640,1
874,0,700,4,1041,28,518,35,318,85,1123,129,124,154,1114,278,0,312,1018,416,28,487,885,517,735,595,186,601,561,639,372,642,1
859,0,688,8,1027,26,507,42,310,95,1113,125,121,166,1106,274,0,323,1011,413,28,496,878,517,729,595,184,607,555,641,367,646,1
850,0,670,15,1026,18,486,58,292,119,1118,117,110,195,1114,271,0,351,1016,414,34,517,880,521,728,602,188,620,554,649,368,656,1
842,0,1018,14,661,19,479,64,1115,109,286,128,105,209,1117,259,0,368,1027,404,894,513,42,532,746,598,203,630,574,649,387,661,1
851,0,1035,12,668,23,482,72,1133,108,288,138,106,222,1134,263,0,381,1039,411,902,523,42,545,748,609,201,644,573,662,384,674,1
853,0,1037,12,668,21,481,69,1137,108,287,136,105,218,1139,261,0,377,1045,408,908,519,43,541,754,604,204,640,578,657,389,669,1
870,0,1061,15,677,20,485,66,1161,118,289,129,108,210,1154,277,0,365,1047,427,35,527,899,536,736,617,187,630,556,663,367,667,1
901,0,712,8,1084,24,519,43,316,94,1178,126,121,167,1171,278,0,323,1069,418,35,491,926,520,766,596,197,599,583,639,387,641,1
908,0,710,9,1103,25,513,46,310,98,1199,133,121,168,1183,292,0,317,1066,437,25,484,907,538,174,597,737,612,356,643,549,649,1
944,0,728,2,522,32,1161,37,316,76,130,135,1265,159,0,275,1241,336,5,440,1097,487,135,568,911,585,311,635,716,646,510,664,1
720,0,921,14,522,12,320,37,1119,63,132,83,1212,184,0,213,1185,347,4,376,1051,480,133,508,877,563,306,582,693,612,498,619,1
723,0,922,12,526,15,324,44,1117,58,134,90,1209,176,0,221,1182,337,5,386,1051,470,137,516,880,555,312,587,699,608,505,620,1
724,0,923,12,527,14,325,42,1117,59,134,88,1208,177,0,221,1183,337,5,387,1052,471,138,517,881,555,313,588,700,609,506,620,1
728,0,929,13,528,14,327,40,1125,62,136,86,1214,182,0,218,1183,345,2,382,1047,478,130,514,872,562,302,586,688,612,494,622,1
719,0,923,7,518,18,317,51,1125,50,130,101,1221,170,0,234,1194,336,7,395,1057,474,137,523,881,561,309,593,696,613,501,625,1
715,0,922,3,514,23,1127,42,313,61,127,114,1228,160,0,249,1204,326,9,410,1068,465,140,534,892,557,314,600,705,614,508,630,1
716,0,922,5,515,22,1128,45,315,58,128,112,1229,163,0,246,1209,331,8,410,1075,474,140,538,898,566,316,607,710,622,512,638,1
725,0,929,9,525,19,323,50,1131,54,132,102,1228,174,0,236,1205,341,5,402,1072,481,138,534,897,570,315,606,710,626,512,639,1
744,0,952,15,540,13,336,40,1160,65,143,86,1259,190,2,217,1235,364,0,386,1095,505,130,527,911,592,309,608,716,643,510,650,1
739,0,952,11,533,17,330,50,1166,57,138,99,1274,183,0,233,1254,359,2,403,1114,506,135,541,927,598,315,621,728,652,519,661,1
752,0,543,14,969,17,337,42,1185,68,141,89,1292,198,0,222,1271,378,0,397,1128,525,134,541,938,615,317,627,736,666,524,671,1
766,0,554,12,984,17,344,40,1201,69,147,84,1308,201,0,219,1285,381,1,396,1141,528,136,542,950,618,322,629,746,669,531,674,1
760,0,986,17,545,14,339,45,1216,69,146,91,1333,207,3,224,1309,396,0,398,127,546,1154,548,308,637,950,639,736,688,516,688,1
775,0,557,9,1004,22,347,35,152,79,1237,83,6,209,1351,227,0,387,1321,422,126,541,1159,574,305,638,951,660,513,696,734,702,1
764,0,542,13,1007,19,336,42,1256,79,147,87,7,214,1379,233,0,383,1340,436,117,532,1159,591,286,630,934,672,487,693,708,707,1
742,0,519,15,990,17,319,46,1249,80,136,94,4,220,1376,239,0,387,1333,450,112,533,1145,607,275,632,913,687,469,698,686,717,1
694,0,945,7,478,25,289,63,1217,58,121,114,1364,218,1,236,0,394,1329,440,104,535,1136,606,258,632,895,688,447,696,663,718,1
697,0,953,9,480,23,293,61,1230,62,125,112,2,237,1378,230,0,398,1340,462,102,543,1138,631,255,644,441,714,893,711,658,738,1
686,0,944,11,470,22,287,58,1229,69,123,108,5,229,1381,243,0,389,1340,479,98,534,245,638,1130,649,427,713,879,724,642,745,1
663,0,921,7,448,28,271,68,1208,61,112,123,1365,240,0,249,4,410,1326,487,104,553,250,655,1119,659,428,728,869,738,636,759,1
658,0,915,2,444,30,1198,51,267,73,110,130,1355,228,0,258,5,419,1316,474,108,560,1112,648,254,659,431,728,866,729,638,754,1
668,0,921,13,459,19,285,53,1200,76,127,102,8,223,1349,256,0,385,1303,500,92,533,233,641,1094,668,406,720,846,739,614,756,1
656,0,913,10,446,23,273,60,1200,70,117,112,1,236,1359,258,0,398,1317,512,93,547,236,655,1104,687,409,737,851,759,617,775,1
649,0,911,5,438,28,266,68,1207,61,114,122,1,247,1371,251,0,406,1325,512,91,552,228,660,1102,691,399,741,843,764,606,778,1
672,0,931,13,458,21,283,55,1219,76,124,107,6,229,1373,266,0,393,1324,518,94,543,236,654,1108,689,411,735,854,760,620,773,1
672,0,928,11,457,23,281,59,1211,71,119,113,1,242,1368,256,0,409,1330,508,101,561,250,669,1125,683,429,749,876,761,642,781,1
673,0,929,8,462,24,284,63,1212,65,124,116,4,245,1369,248,0,412,1330,499,99,563,245,672,1125,678,425,750,873,759,639,781,1
668,0,927,7,457,26,282,66,1216,64,123,121,4,249,1376,250,0,415,1336,511,92,567,236,677,1122,693,413,758,864,773,626,792,1
1065,0,777,19,540,73,362,148,1267,158,227,227,101,313,0,454,1277,474,0,621,1075,745,78,766,202,867,812,886,363,933,568,945,1
1044,0,760,13,527,62,356,133,1239,165,225,204,105,287,6,421,1234,483,0,582,67,724,1022,745,181,826,758,872,328,897,522,918,1
993,0,719,12,496,58,332,125,1184,169,211,191,99,271,6,398,1176,486,0,553,61,691,966,741,164,792,708,857,300,866,481,893,1
921,0,673,3,467,43,315,103,202,164,1092,161,96,238,6,360,1084,457,0,509,57,643,896,694,154,741,660,804,282,812,451,838,1
904,0,657,6,454,47,306,108,196,169,1074,162,93,244,6,367,1066,462,0,515,56,648,878,702,152,746,647,811,276,817,440,844,1
897,0,653,6,451,48,301,109,1063,163,89,247,5,370,1054,464,0,518,57,651,869,703,153,748,642,811,276,818,440,844,-1,-1,1
890,0,644,7,445,50,297,111,190,172,1057,163,88,248,6,370,1045,463,0,516,56,646,856,701,149,743,269,813,628,807,429,839,1
877,0,634,7,436,51,292,113,1045,161,87,251,5,373,1036,464,0,519,56,650,853,703,148,746,267,816,625,810,427,843,-1,-1,1
870,0,627,10,431,56,285,119,1038,161,181,182,85,259,5,380,1030,466,0,526,56,656,847,709,148,753,265,822,621,817,422,849,1
885,0,638,8,438,51,293,113,1054,167,88,249,7,370,1040,475,0,516,52,647,848,716,142,745,259,817,617,820,417,848,-1,-1,1
902,0,651,9,445,53,298,116,190,177,1076,170,92,252,9,373,1058,485,0,519,52,650,855,729,141,750,257,825,619,831,417,857,1
916,0,655,5,449,49,191,173,1092,174,91,248,8,370,1072,495,0,517,52,651,143,751,867,739,259,827,626,839,421,863,-1,-1,1
461,0,333,4,602,15,214,18,102,43,746,54,14,115,820,147,0,219,801,275,62,315,694,372,160,382,555,421,280,426,415,439,1
470,0,342,1,220,12,611,19,107,33,752,61,15,105,823,157,0,210,801,283,61,309,160,378,693,378,280,424,555,425,415,440,1
353,0,482,3,231,7,114,26,622,26,761,73,19,95,829,169,0,200,803,293,59,301,158,373,694,385,278,422,554,429,414,441,1
359,0,489,3,235,7,117,25,629,26,769,71,19,95,837,167,0,202,813,291,61,304,162,377,705,385,286,425,566,429,424,443,1
356,0,487,0,234,9,628,21,116,30,769,65,19,102,840,160,0,209,818,287,62,310,162,381,709,382,287,429,569,430,425,445,1
482,0,351,2,227,15,626,17,109,39,770,58,14,114,843,154,0,223,823,283,64,324,716,383,167,394,575,434,292,439,432,453,1
479,0,346,5,624,14,223,20,106,47,771,54,13,123,848,151,0,232,829,282,66,332,719,384,168,400,577,436,294,444,433,457,1
477,0,344,7,626,14,221,24,104,51,776,52,12,129,854,150,0,239,834,283,67,338,723,387,169,406,580,440,294,449,434,461,1
353,0,482,1,230,7,623,22,112,28,762,66,17,100,832,161,0,207,810,285,63,308,164,379,704,379,566,425,288,425,425,441,1
346,0,474,0,224,9,612,21,110,29,751,64,16,100,820,158,0,205,798,281,61,303,160,373,692,374,281,418,555,419,416,434,1
458,0,330,4,210,17,597,16,97,42,738,54,10,117,812,147,0,222,796,271,66,319,694,368,168,385,561,418,290,427,424,438,1
461,0,334,3,215,15,597,16,101,38,733,54,11,111,804,143,0,215,790,261,67,310,692,354,170,374,562,403,293,414,427,425,1
463,0,337,2,218,14,597,16,104,36,732,55,12,109,801,143,0,213,784,261,65,308,688,354,167,374,558,403,289,414,423,424,1
454,0,331,1,214,12,587,17,103,33,720,56,14,103,787,144,0,204,768,261,62,298,669,352,159,363,540,399,277,404,407,416,1
439,0,317,3,203,15,571,16,96,37,707,53,11,105,777,141,0,204,760,259,61,295,662,349,157,358,533,395,272,399,401,411,1
436,0,317,2,203,12,567,15,97,34,701,52,12,102,770,138,0,199,752,254,59,290,654,343,153,352,526,389,267,393,395,406,1
430,0,311,3,559,13,199,16,93,39,691,49,10,108,761,135,0,205,746,250,61,295,652,341,155,357,526,388,270,396,397,407,1
428,0,314,3,205,13,553,14,99,35,677,49,14,102,741,130,0,198,727,241,58,287,636,329,150,348,514,376,263,386,389,395,1
425,0,311,1,202,12,549,15,98,33,674,50,14,98,739,132,0,193,725,242,56,282,633,330,148,343,511,375,260,383,384,394,1
423,0,309,2,200,13,546,14,97,35,672,48,15,101,738,130,0,196,724,242,57,285,633,331,148,346,511,378,260,386,383,396,1
414,0,299,4,538,12,192,16,90,39,665,44,10,106,733,125,0,200,722,236,59,287,632,325,152,346,511,372,263,383,386,391,1
315,0,430,0,206,8,552,18,100,26,674,56,15,90,735,138,0,186,718,246,57,275,627,330,148,337,506,373,259,377,382,389,1
319,0,435,2,208,6,102,22,561,22,686,63,16,86,748,148,0,182,729,258,57,272,148,337,634,341,260,379,510,381,383,395,1
322,0,439,2,210,8,565,20,104,26,692,60,17,90,755,145,0,186,736,257,56,277,148,341,640,342,260,384,514,384,385,398,1
437,0,318,1,206,10,566,17,100,30,696,56,14,96,762,142,0,195,746,257,59,287,650,345,153,351,524,390,268,393,395,406,1
443,0,322,2,208,13,572,17,99,33,703,55,12,102,770,141,0,202,754,256,61,294,658,345,157,357,532,391,274,398,402,409,1
444,0,318,3,202,15,582,15,92,38,723,54,9,109,796,145,0,210,777,267,63,302,675,358,161,365,543,404,278,407,408,420,1
448,0,323,4,206,16,586,14,95,40,726,52,9,112,799,143,0,213,781,262,65,304,679,355,163,368,546,402,281,408,412,420,1
445,0,586,10,316,9,196,25,731,45,86,53,3,131,808,135,0,234,794,259,68,325,693,356,171,386,561,408,292,423,426,431,1
438,0,583,7,308,10,188,29,733,41,78,58,816,132,0,137,0,239,804,258,72,329,703,357,176,389,569,409,298,426,432,433,1
490,0,345,2,214,12,646,21,92,37,803,73,3,121,874,184,0,232,838,321,72,334,176,404,718,415,298,452,574,458,433,471,1
474,0,333,3,204,15,629,16,83,42,786,63,0,125,863,166,4,236,837,297,83,333,727,390,192,397,589,436,316,440,451,453,1
483,0,342,3,212,14,637,18,90,40,790,66,2,123,861,172,0,234,828,304,74,333,713,397,179,399,574,442,301,444,435,457,1
472,0,331,7,628,14,203,21,84,50,786,58,0,136,860,162,1,245,831,295,76,340,715,391,181,404,575,439,302,445,436,457,1
468,0,327,7,624,14,200,21,82,50,783,56,0,134,861,160,3,240,833,291,79,334,718,387,183,397,578,433,305,438,439,451,1
452,0,605,4,315,13,189,34,763,38,75,66,848,131,0,151,11,255,834,258,93,343,731,357,203,398,597,410,328,431,462,435,1
459,0,608,9,323,10,199,26,759,45,81,59,839,138,0,143,5,250,824,263,85,341,724,359,196,399,592,413,322,434,457,439,1
460,0,609,8,325,9,199,26,760,44,82,57,839,137,0,141,5,248,824,263,84,340,724,359,195,398,592,412,321,433,456,438,1
462,0,326,8,610,11,200,24,761,48,83,53,0,138,839,142,4,244,824,267,83,337,723,362,194,396,591,415,320,432,455,439,1
464,0,329,6,613,12,203,20,85,48,763,52,0,132,840,146,2,240,823,272,81,334,721,366,191,394,589,418,317,433,452,440,1
465,0,329,6,614,12,203,19,84,47,764,53,0,131,840,148,3,239,823,273,82,333,722,367,193,394,590,418,319,433,454,441,1
464,0,329,7,613,11,202,22,84,51,763,50,0,135,840,143,3,243,824,268,83,336,723,363,193,395,591,414,320,432,455,439,1
463,0,328,7,611,12,202,21,84,50,762,51,0,132,839,145,1,240,821,269,80,333,719,364,189,393,586,415,315,430,450,438,1
466,0,329,7,617,13,202,21,84,49,769,53,0,132,848,150,1,241,829,278,78,336,725,374,188,398,589,425,314,438,451,446,1
469,0,331,6,620,13,203,20,84,49,775,53,0,132,854,151,1,240,835,279,79,335,727,376,188,398,591,426,315,438,451,447,1
468,0,330,7,621,11,202,22,84,51,778,51,0,135,859,150,3,244,840,279,80,338,732,376,189,401,594,427,316,441,453,450,1
469,0,331,8,624,12,203,23,84,52,782,51,0,137,864,150,2,246,845,281,81,341,736,379,190,403,597,430,318,443,456,453,1
470,0,330,9,626,11,202,24,785,50,83,55,0,140,868,150,2,249,849,282,81,343,739,381,191,406,598,433,318,446,457,455,1
473,0,332,9,630,11,202,24,790,51,84,54,0,140,873,152,2,249,853,283,81,344,742,383,191,406,600,435,318,447,457,456,1
474,0,333,10,633,11,203,26,796,52,83,58,0,143,879,153,2,253,858,287,81,349,745,387,190,412,602,440,319,452,458,463,1
477,0,637,11,334,10,203,27,802,50,84,58,0,145,887,153,4,254,866,288,83,350,752,389,193,413,607,441,322,453,462,464,1
479,0,643,10,335,10,203,28,810,49,83,60,0,147,897,153,3,257,875,290,83,352,758,391,192,416,610,445,321,457,463,467,1
480,0,644,9,335,11,203,29,813,49,83,61,0,148,901,154,4,257,879,292,83,353,762,394,194,417,613,448,323,459,465,469,1
484,0,337,10,648,11,205,28,818,51,84,59,0,146,905,157,3,257,882,295,82,354,763,398,193,418,614,450,323,460,466,472,1
486,0,651,9,339,10,205,30,823,50,84,61,0,150,911,157,4,261,887,296,84,358,768,400,195,422,618,453,326,464,469,475,1
486,0,651,9,338,11,205,29,823,49,83,63,0,151,912,155,5,263,890,295,86,360,772,399,198,424,622,453,329,465,473,476,1
488,0,655,7,340,12,206,32,828,46,85,66,917,151,0,156,5,267,896,292,87,364,778,397,200,427,627,453,333,467,477,477,1
486,0,652,7,338,12,205,31,825,46,83,65,916,151,0,154,4,266,895,291,87,362,777,396,199,425,626,452,331,465,477,475,1
484,0,649,7,338,12,204,31,821,45,83,65,911,149,0,154,5,265,891,289,87,361,774,394,199,425,625,450,331,465,476,474,1
482,0,646,8,336,12,204,32,817,46,83,65,907,148,0,153,4,264,888,287,86,359,772,391,200,422,624,448,331,462,476,471,1
485,0,648,10,339,10,206,27,816,51,84,60,0,149,904,155,4,262,883,294,85,360,768,397,199,424,622,451,331,465,474,474,1
487,0,341,9,648,11,209,25,814,52,86,57,0,144,900,155,3,256,879,291,85,353,764,393,198,417,619,446,329,458,473,468,1
486,0,342,10,645,11,210,27,808,50,87,58,0,145,892,152,3,258,874,285,83,355,762,387,197,418,618,442,329,458,473,466,1
483,0,340,8,642,11,209,25,804,51,87,55,0,142,889,154,0,255,870,290,80,354,759,392,193,419,615,446,325,460,468,470,1
488,0,344,9,647,11,211,26,809,50,87,59,0,147,894,152,5,260,877,286,88,359,768,388,204,422,626,444,337,462,481,469,1
487,0,646,8,342,12,210,31,809,45,87,64,895,144,0,152,5,264,878,277,89,359,770,379,205,421,628,437,338,458,482,464,1
489,0,646,7,346,11,213,32,807,43,89,65,893,140,0,154,3,268,880,274,86,366,774,379,204,427,633,439,340,464,486,468,1
500,0,353,9,662,13,216,27,826,54,90,59,0,150,912,158,2,268,894,298,86,370,782,403,205,436,636,460,340,478,488,486,1
647,0,484,3,339,24,817,26,205,54,83,96,914,122,0,191,908,262,9,306,802,378,98,401,658,447,220,457,509,485,359,488,1
649,0,486,2,340,23,820,27,207,53,85,95,917,124,0,190,911,267,7,306,804,385,95,403,658,454,217,461,506,492,356,494,1
496,0,662,3,348,16,835,37,213,41,88,79,931,136,0,171,921,279,5,289,91,388,810,394,212,451,659,460,353,489,505,491,1
503,0,671,7,352,14,215,38,846,43,90,75,942,149,0,169,5,289,930,297,90,392,814,412,211,458,661,476,351,500,505,506,1
512,0,682,10,360,12,221,34,858,50,93,68,953,159,0,162,2,283,938,308,87,390,819,422,209,459,663,484,351,503,505,511,1
520,0,697,5,363,16,221,42,883,43,91,81,984,155,0,178,5,301,967,311,94,407,844,431,218,475,682,496,361,518,520,526,1
523,0,704,5,364,18,221,45,896,40,91,85,1001,156,0,185,6,309,986,316,96,416,859,440,221,486,694,507,366,529,528,537,1
532,0,716,4,371,19,909,40,225,48,93,90,1016,154,0,192,6,318,1001,317,97,426,873,443,225,495,705,513,374,538,537,545,1
541,0,729,2,376,20,927,38,228,50,93,94,1036,156,0,198,1020,321,6,328,101,438,889,452,231,508,719,523,382,551,548,558,1
551,0,745,4,383,21,949,41,232,51,96,96,1059,163,0,202,6,333,1039,333,100,444,902,464,232,516,727,536,384,561,552,568,1
559,0,758,4,388,21,969,42,234,51,97,95,1084,168,0,202,4,334,1063,344,98,448,921,478,230,523,738,549,385,570,558,580,1
562,0,764,2,388,21,981,43,235,52,97,98,1099,173,0,204,5,337,1077,353,96,453,929,490,228,530,742,561,383,579,558,591,1
565,0,770,2,389,24,991,41,235,56,97,102,1114,171,0,211,8,345,1095,354,103,461,947,494,236,538,757,568,394,588,572,599,1
576,0,783,4,398,20,241,50,1006,46,100,95,1130,176,0,202,4,338,1110,358,100,455,959,498,236,534,767,569,395,586,576,600,1
584,0,793,2,403,21,1019,42,244,54,100,100,1147,175,0,211,6,351,1132,362,105,471,984,507,245,552,789,583,411,605,596,616,1
838,0,618,1,427,29,1071,38,258,67,106,120,1203,173,0,242,1190,368,10,391,119,517,1039,524,271,597,841,610,446,647,641,652,1
637,0,861,2,439,24,1099,44,265,61,108,112,1233,183,0,235,1217,378,12,388,126,516,1063,533,281,598,861,616,461,649,659,655,1
658,0,885,5,458,21,279,55,1124,51,115,106,1256,192,0,231,10,387,1237,389,126,519,1080,542,284,605,877,626,469,658,670,666,1
672,0,903,10,467,20,283,53,1145,59,117,101,1278,206,0,228,9,388,1258,406,124,527,1099,559,286,616,891,643,475,672,681,682,1
688,0,925,12,479,19,292,49,1172,67,122,99,1307,219,0,226,8,388,1282,425,123,530,1116,580,286,623,902,661,475,684,685,698,1
693,0,938,13,482,17,294,47,1198,72,124,96,0,221,1333,233,1,383,1298,447,110,527,1113,605,267,625,886,682,454,691,664,711,1
697,0,949,11,482,20,291,52,1219,71,122,101,0,228,1361,238,2,392,1323,459,113,537,1133,621,270,636,899,700,458,704,673,727,1
706,0,963,8,485,21,292,56,1239,64,120,109,1388,231,0,237,6,403,1354,456,122,548,1164,620,285,645,927,702,478,714,697,733,1
968,1,705,0,481,30,1254,49,288,72,116,129,1415,215,0,264,12,431,1389,447,132,575,1197,622,300,670,955,713,497,735,719,751,1
989,1,721,0,493,32,1279,48,294,76,118,137,1440,217,0,279,17,451,1416,452,142,598,1226,632,316,693,985,726,520,755,746,768,1
751,0,1024,2,515,30,1315,54,308,75,124,136,1473,225,0,282,18,461,1444,460,152,609,1252,639,333,706,1010,735,540,767,771,777,1
801,0,1093,5,549,31,1405,63,330,75,133,140,1571,245,0,293,17,481,1535,496,156,641,1326,683,345,744,1066,782,565,812,811,826,1
180,0,265,22,30,31,335,49,0,123,450,136,30,221,440,279,89,291,379,330,164,337,311,353,240,357,-1,-1,-1,-1,-1,-1,1
186,0,273,22,32,34,344,48,0,127,464,138,482,208,32,226,453,285,92,297,390,338,169,344,320,361,247,364,-1,-1,-1,-1,1
176,0,264,21,27,35,336,47,398,82,0,129,460,136,35,229,459,284,99,299,399,338,179,347,330,362,256,367,-1,-1,-1,-1,1
168,0,248,18,28,36,314,42,423,123,0,127,33,222,418,260,91,287,363,312,164,330,301,338,236,345,-1,-1,-1,-1,-1,-1,1
164,0,245,18,312,40,26,40,423,118,0,131,34,225,93,290,366,310,166,331,304,337,239,346,-1,-1,-1,-1,-1,-1,-1,-1,1
164,0,246,18,313,39,26,40,370,71,426,118,0,131,35,225,425,258,94,290,370,312,168,332,307,339,241,347,-1,-1,-1,-1,1
161,0,244,16,309,37,24,43,0,134,36,228,97,292,372,307,170,332,310,336,244,345,-1,-1,-1,-1,-1,-1,-1,-1,-1,-1,1
164,0,247,15,313,34,25,45,0,137,35,230,429,247,97,293,375,303,172,331,246,343,-1,-1,-1,-1,-1,-1,-1,-1,-1,-1,1
165,0,248,13,316,33,25,47,0,139,37,231,97,292,378,300,173,330,247,341,-1,-1,-1,-1,-1,-1,-1,-1,-1,-1,-1,-1,1
171,0,256,14,325,32,26,50,442,106,0,143,35,235,438,247,95,296,381,303,315,333,171,334,246,345,-1,-1,-1,-1,-1,-1,1
172,0,257,12,328,30,388,55,27,54,447,103,0,148,466,166,36,240,384,301,96,300,173,337,248,346,-1,-1,-1,-1,-1,-1,1
170,0,256,10,328,25,24,59,451,94,0,155,450,236,38,246,393,296,101,304,179,339,255,346,-1,-1,-1,-1,-1,-1,-1,-1,1
167,0,256,6,330,16,21,69,457,79,479,144,0,166,459,224,41,255,401,287,106,310,335,324,186,341,264,343,-1,-1,-1,-1,1
169,0,259,5,332,17,22,71,460,78,0,167,461,223,42,256,403,286,107,310,335,322,186,339,264,342,-1,-1,-1,-1,-1,-1,1
170,0,261,4,334,14,461,73,21,72,484,136,0,169,461,217,41,256,403,280,106,308,334,318,186,337,264,338,-1,-1,-1,-1,1
165,0,255,2,330,9,460,64,17,77,0,174,43,260,408,273,111,311,341,314,270,337,190,337,-1,-1,-1,-1,-1,-1,-1,-1,1
164,0,255,2,329,10,19,77,482,129,0,173,44,259,407,272,111,310,341,312,270,335,191,336,-1,-1,-1,-1,-1,-1,-1,-1,1
163,0,252,1,327,8,456,62,18,76,0,173,45,258,405,268,339,308,113,308,270,331,192,333,-1,-1,-1,-1,-1,-1,-1,-1,1
164,0,252,1,326,8,455,61,18,78,0,174,44,259,405,267,340,308,112,309,270,331,193,333,-1,-1,-1,-1,-1,-1,-1,-1,1
165,0,254,1,329,9,458,64,19,76,0,173,44,258,407,270,111,308,340,309,271,333,192,333,-1,-1,-1,-1,-1,-1,-1,-1,1
166,0,255,3,328,10,459,65,20,76,0,173,45,259,408,271,113,310,342,312,272,335,194,336,-1,-1,-1,-1,-1,-1,-1,-1,1
165,0,254,2,328,10,457,65,18,76,481,128,0,173,42,259,406,272,110,310,340,312,270,335,191,336,-1,-1,-1,-1,-1,-1,1
166,0,256,2,329,10,458,65,20,76,0,172,45,258,408,270,341,310,112,308,272,333,193,334,-1,-1,-1,-1,-1,-1,-1,-1,1
166,0,255,2,329,10,457,66,20,75,0,171,463,206,43,257,406,271,110,308,338,310,268,333,190,334,-1,-1,-1,-1,-1,-1,1
168,0,256,5,329,15,21,71,456,73,0,168,42,254,402,275,109,307,336,313,266,335,189,334,-1,-1,-1,-1,-1,-1,-1,-1,1
171,0,260,10,332,25,22,63,460,94,0,162,42,258,411,307,108,320,343,343,192,355,272,361,-1,-1,-1,-1,-1,-1,-1,-1,1
185,0,97,0,357,31,26,60,488,108,0,166,511,182,42,267,428,329,113,333,356,365,197,372,281,381,-1,-1,-1,-1,-1,-1,1
187,0,283,13,362,31,26,59,497,109,0,166,502,266,45,269,441,332,118,337,369,369,206,376,293,385,-1,-1,-1,-1,-1,-1,1
181,0,278,10,356,25,426,55,21,67,495,101,524,173,0,177,507,261,49,281,450,331,127,348,380,371,218,386,304,391,-1,-1,1
186,0,362,27,23,65,0,177,504,259,52,281,450,325,129,347,381,366,219,382,305,387,-1,-1,-1,-1,-1,-1,-1,-1,-1,-1,1
195,0,293,13,372,31,439,62,27,65,506,109,0,178,511,268,47,287,451,337,124,355,380,378,215,393,304,399,-1,-1,-1,-1,1
193,0,98,4,295,9,377,25,23,74,518,100,0,192,53,302,472,339,135,370,400,385,231,406,321,409,-1,-1,-1,-1,-1,-1,1
186,0,290,2,373,12,445,35,518,77,17,88,0,208,536,242,59,315,480,320,411,371,144,376,333,401,241,405,-1,-1,-1,-1,1
193,0,297,2,379,12,94,12,451,34,521,75,19,90,548,145,0,210,532,234,477,310,59,313,407,360,143,371,330,391,240,397,1
201,0,305,3,389,14,100,12,528,78,22,93,0,215,534,239,475,314,56,319,403,363,142,377,327,395,236,402,-1,-1,-1,-1,1
203,0,308,2,391,10,101,15,463,31,531,71,22,96,0,218,536,229,477,304,58,320,405,354,141,374,328,388,237,397,-1,-1,1
300,0,195,2,384,6,94,20,455,25,18,105,537,224,0,229,482,303,63,332,412,356,149,384,337,392,246,404,-1,-1,-1,-1,1
304,0,200,1,388,7,98,18,459,26,527,65,21,103,535,225,0,227,478,302,60,329,407,355,147,382,331,391,242,402,-1,-1,1
303,0,198,1,387,5,96,18,459,26,529,64,20,103,535,224,0,226,478,302,60,327,407,354,145,380,330,389,241,400,-1,-1,1
305,0,199,0,390,7,98,17,461,27,531,67,21,102,557,138,537,229,0,225,478,306,60,327,407,358,143,381,328,392,239,403,1
301,0,194,2,386,5,94,20,458,25,529,63,18,106,556,134,538,227,0,230,481,306,60,332,410,359,146,385,333,395,243,406,1
301,0,194,3,386,5,459,25,92,22,530,64,17,108,558,135,539,228,0,233,481,307,60,336,410,361,146,388,333,397,244,409,1
301,0,195,3,389,5,462,25,92,22,534,64,18,110,561,137,542,230,0,235,483,310,60,337,411,364,146,391,334,400,243,412,1
300,0,386,4,192,5,461,23,88,26,533,62,15,114,561,134,543,227,0,241,486,308,63,342,415,363,152,394,339,400,249,413,1
302,0,388,4,193,4,464,24,90,25,537,63,16,114,547,230,0,242,491,311,66,344,419,366,153,397,341,403,251,416,-1,-1,1
301,0,388,4,192,4,463,24,88,25,537,63,14,114,550,231,0,241,492,312,64,343,420,367,153,397,343,404,250,416,-1,-1,1
297,0,386,4,189,4,462,20,536,62,13,113,0,240,494,309,66,342,423,365,156,395,346,401,254,414,-1,-1,-1,-1,-1,-1,1
300,0,192,2,387,6,90,20,462,26,534,66,15,108,564,140,547,234,0,236,490,315,64,340,420,369,152,395,343,405,252,416,1
303,0,194,3,390,5,89,22,539,66,16,109,552,235,0,237,493,316,65,341,421,370,153,396,344,406,253,417,-1,-1,-1,-1,1
305,0,197,2,395,7,93,20,469,25,544,68,17,106,555,237,0,232,496,317,64,337,422,371,152,393,343,406,251,416,-1,-1,1
303,0,192,2,390,6,464,27,538,66,15,106,568,140,552,235,0,233,494,315,62,337,422,370,151,393,344,405,251,416,-1,-1,1
303,0,195,1,389,7,93,18,536,68,17,104,0,231,548,236,490,316,63,337,419,370,150,392,341,406,248,415,-1,-1,-1,-1,1
197,0,304,1,390,9,535,74,18,99,0,226,545,241,488,320,61,333,416,373,148,390,339,407,247,415,-1,-1,-1,-1,-1,-1,1
197,0,304,4,92,12,390,15,460,40,530,83,16,96,0,226,540,248,485,325,65,335,417,376,154,393,340,409,251,417,-1,-1,1
197,0,305,1,393,11,89,16,465,34,536,75,12,105,564,148,550,239,0,237,497,317,72,345,431,370,167,399,356,406,267,419,1
216,0,106,4,327,11,413,30,20,85,554,108,576,183,0,219,558,273,66,334,498,345,429,393,159,398,350,422,260,427,-1,-1,1
149,0,251,14,353,43,53,58,432,74,496,115,555,173,0,173,29,291,522,335,97,369,445,395,186,421,363,426,277,437,-1,-1,1
151,0,252,14,353,44,53,58,434,75,500,117,0,172,557,177,28,290,525,338,98,371,448,399,186,422,363,429,277,440,-1,-1,1
253,0,354,31,54,42,434,62,499,105,0,156,558,165,28,275,524,327,94,355,446,387,184,408,361,417,276,427,-1,-1,-1,-1,1
151,0,253,16,354,47,54,57,435,79,0,172,558,182,27,292,524,345,96,374,447,406,185,427,363,436,277,446,-1,-1,-1,-1,1
152,0,253,15,355,46,55,58,435,78,499,120,0,171,557,180,27,290,522,342,95,371,444,401,183,423,360,432,275,442,-1,-1,1
151,0,253,13,355,43,54,59,435,74,500,115,558,175,0,174,28,293,523,339,96,373,446,400,184,425,361,431,275,443,-1,-1,1
132,0,235,3,340,22,423,45,42,69,555,134,0,188,534,301,39,303,462,369,113,376,380,407,205,418,297,427,-1,-1,-1,-1,1
217,0,324,8,113,9,408,22,480,48,30,88,547,94,0,211,541,262,50,319,475,336,398,383,130,382,318,412,225,413,-1,-1,1
211,0,321,4,408,13,106,14,482,37,553,80,26,97,0,220,552,249,486,326,55,326,409,376,138,385,328,407,235,412,-1,-1,1
297,0,190,4,386,5,457,24,87,25,531,63,13,116,546,231,0,244,488,312,66,347,155,399,343,405,254,418,-1,-1,-1,-1,1
301,0,389,2,193,5,89,29,534,56,13,124,0,254,485,307,65,355,415,364,339,404,153,405,251,420,-1,-1,-1,-1,-1,-1,1
314,0,403,3,203,4,96,27,549,62,18,122,553,234,0,254,490,318,62,358,417,375,148,411,338,414,248,428,-1,-1,-1,-1,1
309,0,398,4,198,4,472,23,93,26,545,63,16,119,0,249,491,314,63,351,419,370,152,403,339,407,250,421,-1,-1,-1,-1,1
303,0,392,2,194,6,466,18,87,32,537,55,13,127,548,222,0,258,492,305,68,358,422,363,345,404,158,406,256,421,-1,-1,1
310,0,400,3,201,6,95,29,545,60,17,124,551,226,0,255,492,308,66,356,421,365,344,404,155,405,254,421,-1,-1,-1,-1,1
310,0,397,1,200,6,93,31,543,56,570,129,16,126,552,224,0,257,493,306,66,358,421,364,344,404,155,406,254,421,-1,-1,1
310,0,397,2,200,5,93,30,544,57,570,129,16,125,551,224,0,256,493,306,65,357,422,364,344,404,155,406,253,421,-1,-1,1
312,0,400,2,201,6,475,16,95,30,548,56,16,126,554,224,0,257,495,306,65,358,423,364,344,405,154,407,254,422,-1,-1,1
311,0,399,2,200,6,474,15,93,32,547,55,574,127,16,127,554,222,0,257,496,304,66,358,423,362,346,403,155,406,254,421,1
312,0,402,2,201,6,472,21,95,31,548,55,575,128,16,126,555,223,0,257,496,306,64,358,423,365,345,406,154,407,253,422,1
315,0,407,2,203,7,482,15,96,33,557,56,17,130,562,227,0,261,501,311,64,362,425,369,346,411,154,411,254,427,-1,-1,1
405,0,315,0,202,7,483,17,95,33,556,55,16,129,564,226,0,261,502,311,64,362,427,370,347,411,154,411,255,427,-1,-1,1
391,0,303,2,465,14,192,11,86,41,539,49,12,140,552,218,0,272,495,303,425,365,67,372,349,409,159,418,259,430,-1,-1,1
389,0,300,1,463,13,190,12,86,41,537,48,11,141,553,216,0,274,497,302,427,364,70,373,351,408,161,418,260,429,-1,-1,1
387,0,299,3,462,13,188,15,537,46,82,45,10,145,552,215,0,277,499,302,428,364,70,376,353,410,160,422,262,431,-1,-1,1
388,0,300,2,462,12,190,13,85,43,537,47,11,143,551,215,0,275,497,301,427,364,69,375,351,408,161,420,260,430,-1,-1,1
388,0,300,3,465,13,190,15,539,47,85,46,12,147,555,216,0,279,500,303,429,366,69,378,353,412,162,424,262,434,-1,-1,1
388,0,299,3,465,14,188,15,539,47,84,45,11,145,555,217,0,278,500,304,431,366,71,377,353,412,161,422,262,433,-1,-1,1
381,0,291,6,456,9,182,21,531,42,78,55,8,157,554,211,0,289,501,300,434,365,75,387,359,413,166,430,268,437,-1,-1,1
386,0,297,3,460,13,186,15,535,46,9,148,553,215,0,280,499,302,69,379,354,412,161,424,262,434,-1,-1,-1,-1,-1,-1,1
388,0,299,2,462,12,188,14,536,46,84,44,12,144,553,215,0,277,499,302,430,365,69,376,354,411,161,421,263,432,-1,-1,1
386,0,296,4,460,13,186,18,536,45,82,49,10,150,556,214,0,283,502,303,433,366,72,381,357,413,164,426,266,435,-1,-1,1
383,0,295,4,184,17,535,44,80,50,9,151,555,213,0,284,502,302,432,366,70,382,356,413,163,427,265,436,-1,-1,-1,-1,1
385,0,297,4,461,12,186,16,536,45,80,48,9,149,556,214,0,282,502,302,433,366,71,381,356,412,163,425,264,435,-1,-1,1
383,0,293,5,458,10,182,20,535,42,77,54,7,155,559,213,0,288,505,302,437,368,72,387,360,415,165,431,268,439,-1,-1,1
378,0,289,6,454,11,179,22,530,42,75,56,7,158,0,290,501,300,434,365,73,387,359,414,166,431,268,438,-1,-1,-1,-1,1
381,0,294,5,456,12,183,18,530,44,79,50,8,151,0,283,499,299,431,362,72,381,357,410,165,425,265,433,-1,-1,-1,-1,1
395,0,307,1,196,9,470,13,90,37,543,51,571,123,15,135,556,220,0,269,500,306,429,367,69,370,352,411,160,418,261,431,1
394,0,306,0,194,9,469,15,542,51,13,137,556,221,0,271,499,307,429,369,69,374,353,414,159,421,260,433,-1,-1,-1,-1,1
390,0,301,2,466,14,190,13,85,43,540,48,12,143,557,217,0,277,503,305,433,367,70,378,357,413,163,424,265,435,-1,-1,1
391,0,302,3,467,15,192,14,85,44,542,49,11,144,559,219,0,279,505,307,71,381,359,417,164,427,266,438,-1,-1,-1,-1,1
391,0,300,3,467,13,187,17,542,47,80,48,8,151,563,220,0,287,508,310,438,374,73,388,361,420,167,433,270,443,-1,-1,1
389,0,299,3,466,13,186,16,542,46,80,48,7,151,563,218,0,288,510,307,441,372,74,388,365,419,169,434,273,443,-1,-1,1
387,0,297,5,464,13,184,19,542,46,77,52,576,118,5,156,565,218,0,293,513,308,445,375,75,394,368,423,172,439,276,448,1
389,0,298,5,467,11,184,21,545,44,77,55,5,160,571,217,0,299,518,309,449,376,77,399,372,425,174,443,279,451,-1,-1,1
389,0,471,8,295,10,178,30,554,39,69,70,1,179,587,217,534,312,0,319,464,384,83,419,386,436,182,460,291,465,-1,-1,1
393,0,476,9,297,9,179,29,559,40,69,69,599,117,0,177,592,219,539,314,0,317,469,385,80,417,388,437,183,460,292,465,1
403,0,304,7,486,10,186,27,571,41,75,65,610,117,2,173,601,223,0,314,545,320,472,390,81,416,391,442,183,461,292,468,1
399,0,485,9,301,9,180,30,571,40,69,69,0,178,608,221,553,318,1,318,482,390,85,419,400,442,189,463,300,470,-1,-1,1
394,0,297,8,480,10,178,28,567,41,68,65,609,116,0,172,604,221,0,312,553,318,482,389,85,414,401,440,191,460,302,467,1
399,0,303,4,483,13,184,20,568,47,73,53,1,157,602,226,0,297,550,320,478,388,83,401,398,437,188,450,298,460,-1,-1,1
398,0,302,3,482,15,183,18,569,50,73,48,612,125,1,148,607,229,0,288,555,322,483,389,85,394,404,437,189,445,302,458,1
309,0,406,3,190,9,491,23,78,33,577,62,4,128,620,140,613,244,0,267,559,335,83,379,485,398,188,436,403,440,302,455,1
302,0,399,4,184,8,486,24,73,29,574,64,0,119,618,244,0,255,565,334,86,367,493,395,192,426,410,435,307,448,-1,-1,1
303,0,400,5,185,9,488,25,74,29,576,65,2,116,622,141,619,243,0,250,569,332,84,361,495,393,193,421,411,431,307,443,1
303,0,402,6,185,8,491,28,74,28,581,68,1,114,629,145,626,249,0,248,574,339,85,362,499,399,192,424,414,437,310,448,1
305,0,404,6,186,7,74,25,494,28,586,69,0,109,635,144,636,245,1,242,587,334,91,354,514,392,203,416,428,429,322,440,1
307,0,188,6,407,7,497,31,590,72,0,104,640,148,0,236,642,250,591,338,89,350,518,396,201,415,430,432,322,441,-1,-1,1
313,0,192,5,412,8,78,21,503,32,597,74,1,103,646,151,0,236,647,253,595,342,91,351,520,400,202,417,433,435,325,443,1
316,0,193,6,416,8,78,22,508,32,602,73,1,103,653,150,0,237,655,251,603,340,90,351,527,398,206,416,439,433,328,442,1
331,0,441,6,205,7,84,25,540,30,642,73,3,108,696,153,0,242,694,260,636,351,92,357,553,410,210,424,456,445,338,452,1
335,0,445,7,207,7,85,23,548,32,651,74,3,106,704,154,0,240,702,260,642,352,92,355,557,410,210,422,458,445,340,451,1
344,0,215,5,454,8,91,20,555,34,657,77,5,101,710,157,0,234,706,263,646,353,91,351,559,411,210,419,459,444,340,449,1
346,0,215,5,457,8,90,21,560,33,663,77,2,104,718,158,0,239,717,264,657,355,94,357,570,414,217,425,468,449,349,455,1
350,0,219,5,464,7,92,20,567,32,671,75,2,103,726,155,0,238,725,261,666,352,97,356,579,411,221,424,478,446,355,453,1
367,0,230,6,483,9,97,21,590,34,697,78,2,108,752,160,0,247,750,267,689,360,101,368,601,420,231,436,495,457,369,465,1
380,0,240,7,502,7,103,24,613,33,723,78,5,112,780,163,0,255,775,275,708,371,99,379,612,434,230,449,503,471,373,479,1
392,0,518,7,246,8,106,27,636,34,753,80,7,116,812,168,0,258,806,284,733,383,100,383,631,445,233,455,514,482,379,488,1
399,0,529,7,252,8,110,27,650,34,770,81,8,115,832,169,0,258,824,286,100,382,748,386,643,448,235,455,523,484,383,489,1
402,0,533,6,253,9,111,29,655,32,778,78,7,118,841,167,0,260,835,285,758,385,101,384,651,449,237,457,529,486,387,491,1
407,0,540,5,256,10,663,30,112,31,788,75,8,120,852,165,0,262,844,285,767,386,100,387,657,451,237,460,533,488,389,494,1
410,0,546,5,259,9,115,29,672,31,798,77,9,119,862,168,0,262,855,289,101,387,775,392,664,456,238,462,537,493,391,497,1
418,0,265,7,553,8,120,25,680,35,808,84,11,115,871,177,0,258,861,298,98,386,780,400,666,463,236,463,537,499,390,501,1
421,0,269,6,559,9,122,23,685,38,811,88,13,111,873,181,0,255,863,303,98,384,781,405,234,462,665,467,537,501,389,502,1
419,0,556,7,266,8,119,27,685,35,813,82,12,117,877,175,0,261,869,298,101,388,788,401,674,465,240,465,544,501,395,503,1
422,0,269,4,557,9,123,20,683,39,811,89,13,108,874,183,0,253,864,304,98,383,781,405,236,462,668,467,538,501,391,502,1
276,0,428,1,130,9,562,16,686,50,17,94,810,105,870,199,0,238,857,319,96,371,773,417,231,455,659,475,384,500,531,504,1
280,0,431,4,133,7,563,21,685,57,20,87,808,114,866,209,0,231,852,329,92,366,769,425,226,453,654,481,379,501,526,508,1
279,1,134,0,426,9,551,30,667,67,18,73,782,123,840,212,0,216,834,323,99,353,764,415,239,442,659,469,394,489,538,496,1
281,0,135,4,427,5,551,23,664,59,19,81,777,110,833,198,0,228,831,310,102,367,763,405,244,453,662,463,544,496,401,496,1
399,0,253,7,523,10,109,22,639,38,755,83,4,106,825,167,0,255,836,281,779,384,116,389,686,450,266,468,572,492,428,501,1
402,0,255,4,527,12,109,16,641,42,760,89,3,98,829,174,0,249,841,290,119,386,787,392,695,458,273,469,580,498,436,505,1
404,0,258,3,528,12,111,15,644,41,762,87,5,96,831,171,0,248,843,284,789,386,118,386,695,452,272,467,581,492,435,501,1
399,0,252,6,524,9,106,20,640,38,761,82,2,103,831,167,0,254,846,282,794,385,121,392,702,454,277,472,588,496,443,505,1
398,0,250,8,524,9,105,23,640,37,761,80,0,107,833,164,1,259,849,279,797,382,125,395,707,451,281,474,593,495,447,506,1
399,0,251,7,524,10,105,20,641,38,761,82,0,105,833,165,1,257,848,279,797,382,125,393,708,450,283,473,594,493,449,504,1
402,0,253,6,529,10,105,20,645,40,765,85,1,104,837,170,0,259,851,286,800,389,123,398,708,459,282,479,595,501,449,511,1
405,0,254,7,534,11,106,21,653,40,778,87,0,106,852,174,0,262,866,293,812,399,124,403,719,468,284,486,602,512,453,521,1
414,0,259,5,546,12,108,18,668,44,796,92,1,104,872,183,0,262,888,306,126,409,832,414,736,485,289,496,616,528,464,535,1
426,0,267,6,562,11,110,20,688,43,819,94,0,110,896,189,1,278,913,316,857,429,133,430,759,503,303,519,637,548,480,558,1
451,0,284,6,590,15,119,18,719,49,854,101,0,109,936,196,2,283,958,325,905,440,147,442,808,517,329,537,684,565,520,576,1
469,0,296,2,125,9,612,20,742,60,1,101,878,117,961,216,0,285,984,350,149,459,931,470,834,549,340,563,707,599,537,607,1
135,0,308,1,479,8,621,33,747,78,5,87,878,141,957,242,0,274,976,375,147,455,922,492,824,568,336,566,699,612,532,617,1
148,0,322,11,491,30,628,64,16,77,748,117,872,186,0,266,944,291,958,423,138,460,902,536,323,583,806,607,516,643,682,646,1
144,0,316,10,485,27,620,59,11,82,738,109,860,175,932,277,0,273,947,407,145,464,895,518,332,581,803,591,684,633,524,635,1
149,0,320,13,487,32,620,66,14,80,735,117,854,184,0,271,921,286,933,413,142,462,880,523,325,579,788,593,671,633,513,634,1
154,0,323,17,487,40,619,76,20,77,730,130,847,199,0,265,911,302,920,430,135,458,863,538,312,579,770,605,496,639,652,642,1
151,0,319,17,482,41,612,78,19,75,722,132,838,202,0,264,901,305,908,433,132,457,852,540,307,578,761,606,488,639,644,643,1
150,0,317,17,478,42,607,79,20,74,716,134,829,205,0,261,892,307,899,434,131,454,842,540,303,576,750,606,483,636,637,641,1
149,0,315,17,476,42,603,80,18,76,712,134,821,205,0,264,881,306,888,431,131,456,833,537,303,576,743,603,479,635,630,638,1
152,0,315,21,475,48,22,74,601,89,708,146,819,218,0,260,878,323,880,449,124,454,820,554,290,577,728,617,463,641,615,649,1
155,0,318,24,478,55,25,71,601,98,709,157,817,233,0,259,874,338,123,455,874,465,813,568,285,581,720,629,458,648,606,660,1
165,0,328,32,485,70,30,67,609,117,712,181,816,259,0,254,867,365,117,456,860,490,798,588,278,586,704,646,447,657,593,672,1
173,0,333,34,39,64,489,74,610,124,711,189,0,249,812,270,859,376,108,451,848,501,262,584,781,598,685,653,428,658,573,676,1
172,0,333,37,36,60,488,83,607,137,708,205,0,247,806,290,853,398,108,455,843,523,260,593,775,619,680,672,425,671,567,693,1
331,0,39,18,484,47,600,103,697,174,0,205,793,260,837,369,103,412,822,493,249,552,755,588,411,633,660,639,550,657,-1,-1,1
160,0,317,29,473,65,32,65,596,113,698,178,0,248,804,259,854,369,107,447,846,497,257,580,779,597,684,653,424,656,571,676,1
188,0,362,33,534,73,38,68,670,125,786,194,0,261,904,280,959,397,117,474,950,533,288,617,876,639,768,699,473,699,637,723,1
691,0,501,16,907,15,333,49,1137,59,174,88,37,186,1261,201,0,334,1226,408,67,474,1038,571,194,576,364,646,801,649,572,673,1
688,0,500,14,902,19,332,43,1129,66,173,81,35,176,1251,206,0,323,1216,408,68,463,197,566,1031,568,367,637,799,643,573,665,1
691,0,504,9,903,23,337,35,177,70,1125,74,37,164,1239,218,0,312,1199,421,64,454,192,559,1014,575,359,632,785,645,563,663,1
673,0,486,16,888,17,319,48,1116,64,164,87,32,184,1235,208,0,329,1194,413,66,467,191,568,1005,572,356,638,775,645,555,665,1
652,0,470,12,865,16,310,40,163,75,1097,66,36,166,1220,212,0,304,1176,419,58,438,171,539,980,574,326,614,742,639,519,650,1
638,0,457,11,856,21,301,36,157,71,1094,76,33,161,1220,234,0,299,54,435,1171,450,164,541,966,604,312,622,724,662,502,665,1
631,0,449,11,850,20,294,37,150,72,1088,76,30,164,1215,232,0,302,58,436,1168,449,168,540,967,601,318,620,727,659,507,663,1
608,0,832,13,425,15,269,43,1085,68,129,82,17,184,1229,232,0,327,68,464,1197,462,188,571,1001,624,344,652,761,687,539,696,1
612,0,425,15,838,17,269,42,127,83,1091,76,15,189,1231,246,0,336,73,475,1194,476,196,581,998,635,352,663,763,697,543,705,1
600,0,837,13,410,18,253,46,1105,72,114,89,7,197,1255,249,0,342,76,479,1215,484,200,582,1010,643,356,664,770,701,549,706,1
593,0,832,14,403,16,246,43,107,85,1102,76,4,192,1251,254,0,335,80,470,1209,488,203,573,1004,642,356,656,765,697,546,700,1
597,0,403,11,839,20,244,32,104,71,1110,93,3,176,1250,274,0,316,80,448,1194,499,202,549,353,630,985,637,537,677,749,681,1
596,0,399,11,843,22,240,33,101,72,1120,97,0,180,1264,285,1,321,81,456,1207,514,205,557,354,641,993,654,539,691,753,697,1
600,0,404,6,243,24,844,27,102,60,1113,106,0,165,1251,293,1,308,83,443,1193,514,206,546,358,629,985,647,540,679,751,686,1
602,0,405,7,243,26,843,24,101,62,1111,105,0,171,1249,289,2,315,87,451,1195,513,214,554,368,637,992,647,551,686,761,690,1
614,0,413,9,248,29,858,25,101,69,1126,101,0,183,1264,285,5,333,98,471,1212,509,231,574,1014,645,389,653,786,694,577,696,1
623,0,420,7,252,27,867,26,103,67,1132,102,0,183,1270,286,8,336,105,477,1222,507,242,580,1028,646,404,659,803,696,594,700,1
643,0,436,5,263,23,888,31,110,62,1151,111,0,179,1285,295,6,336,104,481,1233,517,246,586,1040,653,411,667,814,704,603,708,1
642,0,436,4,264,21,890,31,110,59,1157,113,0,174,1292,301,4,329,100,474,1235,522,239,580,402,663,1035,659,593,708,806,706,1
639,0,431,6,259,24,890,30,108,61,1165,113,0,176,1303,303,4,331,99,475,1247,529,236,582,400,667,1042,666,592,713,808,713,1
441,0,657,0,266,14,922,39,111,48,1214,137,0,164,1,322,1356,344,93,473,229,588,1287,580,392,683,1063,715,588,741,814,752,1
447,0,665,1,268,13,933,42,113,47,1230,141,0,162,1,319,1376,351,92,470,227,586,1303,591,392,683,1072,723,589,744,817,758,1
664,0,443,3,266,18,936,35,113,54,1242,133,0,169,1,325,1395,345,93,476,228,592,1323,591,395,689,1087,727,595,749,828,763,1
664,0,442,6,265,22,941,33,111,63,1255,128,0,181,2,338,1415,346,96,488,232,605,1344,598,400,703,1104,740,604,764,839,778,1
659,0,437,11,259,33,941,27,105,77,1263,117,0,198,1427,335,8,356,104,505,1361,593,243,619,412,714,1120,739,617,771,855,780,1
657,0,432,14,941,22,255,38,102,84,1266,109,0,206,1431,325,10,364,109,510,1365,583,250,620,419,712,1125,729,623,766,859,773,1
658,0,434,15,943,23,256,39,103,85,1269,109,0,208,1434,323,12,364,110,510,1371,580,251,621,421,711,1130,728,627,765,864,772,1
659,0,436,11,943,25,258,33,105,78,1266,115,0,201,1433,332,12,359,111,508,1371,587,253,620,423,714,1131,734,629,769,866,777,1
658,0,434,13,940,24,256,37,101,82,1261,109,0,206,1428,324,12,366,114,513,1365,580,257,623,428,714,1131,726,633,767,869,772,1
663,0,439,14,940,21,259,37,103,85,1252,103,0,212,1420,306,18,373,127,520,1368,554,278,627,1147,703,454,713,893,756,663,758,1
671,0,447,13,951,22,265,38,106,84,1264,106,0,211,1431,313,14,374,123,524,1376,562,274,634,1152,714,452,722,896,767,661,769,1
679,0,450,15,960,25,266,39,108,88,1276,106,0,218,1444,316,17,382,127,533,1389,569,279,644,1163,723,458,732,905,779,669,780,1
683,0,454,12,968,25,269,37,108,82,1286,112,0,211,1451,326,16,376,123,529,1389,581,276,641,454,731,1159,731,664,780,900,782,1
680,0,450,15,967,23,265,42,107,88,1291,108,0,217,1462,321,17,381,125,532,1401,576,277,643,455,732,1167,731,666,781,904,782,1
677,0,448,17,966,20,265,43,107,91,1292,105,0,218,1463,317,13,379,119,529,1398,575,267,639,445,727,1161,726,656,777,895,778,1
698,0,968,12,478,22,293,57,1271,77,130,107,7,230,1435,270,0,394,1389,531,93,548,238,662,1160,710,420,750,890,782,642,793,1
701,0,968,9,483,26,301,64,1266,67,138,116,13,237,1421,253,0,396,1372,514,87,545,226,656,1140,693,404,739,870,766,620,781,1
693,0,947,10,483,22,304,58,1228,63,142,104,17,217,1384,235,0,371,1340,478,82,515,219,622,1119,653,395,702,854,727,610,741,1
671,0,908,8,471,25,1165,53,300,64,143,112,1308,208,18,223,0,377,1275,435,83,518,1078,609,219,618,394,689,835,690,602,715,1
672,0,894,10,478,20,307,57,1132,55,148,102,1262,200,19,210,0,363,1232,410,84,503,1052,576,221,601,824,658,397,666,602,687,1
677,0,897,11,485,20,312,55,1130,55,151,101,1257,197,20,208,0,361,1229,401,86,501,1055,564,227,598,831,647,405,661,611,678,1
680,0,897,13,489,19,316,53,1125,54,155,96,1250,191,22,201,0,352,1225,389,86,490,1054,549,227,585,833,632,406,647,613,663,1
684,0,898,11,494,18,322,51,1125,53,161,95,1248,187,26,197,0,346,1223,384,83,483,1052,544,223,579,831,627,403,641,610,658,1
694,0,504,11,909,20,331,37,168,74,1136,72,31,173,1258,212,0,323,1229,412,78,466,215,570,1053,567,393,641,827,643,603,666,1
706,0,511,7,924,25,334,30,170,62,1156,82,32,159,1280,229,0,308,1249,431,78,454,216,562,1067,582,395,637,835,653,606,670,1
736,0,538,6,950,25,351,31,177,64,1173,80,31,165,1289,220,0,323,1261,410,89,471,1094,562,241,576,874,639,433,645,650,667,1
740,0,540,8,959,22,351,34,174,71,1186,74,29,173,1307,211,0,331,1282,402,93,478,1115,556,249,582,892,637,444,648,665,667,1
758,0,555,4,363,25,979,27,182,57,1209,84,33,159,1331,228,0,317,1305,421,92,470,1133,575,247,580,905,652,446,653,672,678,1
587,0,795,0,386,20,1019,34,198,49,1251,98,39,151,1371,244,0,318,1343,441,93,478,255,594,1168,597,461,672,935,674,696,700,1
593,0,804,4,390,17,198,42,1027,40,1259,107,38,145,1379,254,0,313,1352,449,96,475,263,594,1179,602,473,674,949,677,709,702,1
610,0,402,9,818,12,206,28,1032,55,1249,128,39,127,1357,271,0,299,1326,458,101,467,273,588,1163,601,485,668,946,673,717,696,1
417,0,621,3,217,7,819,27,1015,79,44,98,1206,157,0,268,1295,292,102,436,1262,459,276,558,1112,585,484,638,916,647,705,667,1
218,0,413,2,610,14,798,43,47,84,982,99,1159,178,0,247,1238,308,97,414,1203,462,264,535,1061,577,465,615,875,632,675,646,1
210,0,400,3,591,19,772,52,44,82,948,110,1118,191,0,243,1191,319,96,410,1155,470,258,531,1019,580,450,611,842,631,651,643,1
581,0,376,2,778,12,175,23,971,49,1154,118,16,139,1233,242,0,312,1198,398,123,465,1062,518,300,561,887,588,498,618,699,624,1
376,0,580,3,177,16,778,21,973,64,18,127,1157,138,1233,268,0,296,1191,424,117,449,1048,538,288,549,868,599,481,610,679,626,1
373,0,575,2,179,14,772,19,968,62,22,117,1155,136,1232,264,0,277,1187,417,110,424,274,522,1038,527,854,582,464,585,662,605,1
376,0,575,6,182,15,771,25,969,70,26,121,1158,149,1236,283,0,285,106,438,1188,443,267,543,1036,558,455,613,848,615,653,636,1
358,2,558,0,757,11,168,23,961,49,1158,122,18,134,1240,257,0,296,1195,420,109,445,1041,539,270,544,852,602,458,608,657,627,1
542,0,744,2,341,13,954,30,154,43,1161,95,12,158,1252,227,0,319,1211,394,113,460,1057,521,277,552,866,590,467,610,668,622,1
544,0,755,2,339,12,975,31,150,44,1195,103,11,160,1291,244,0,321,1243,421,110,465,1075,549,272,560,872,615,462,623,667,642,1
761,0,547,0,339,13,985,31,149,46,1210,102,9,164,1308,244,0,327,1259,422,114,471,1089,553,278,566,884,619,470,629,676,646,1
563,0,782,4,350,10,1008,38,154,41,1232,114,10,160,1325,262,0,329,1270,443,116,478,1097,573,282,576,890,638,475,641,682,663,1
789,0,566,0,351,14,1022,32,154,48,1255,105,9,170,1354,253,0,338,1300,437,117,486,1122,570,285,583,908,639,482,647,694,666,1
792,0,565,8,1031,25,345,29,143,72,1270,93,0,203,1380,244,0,378,1336,437,128,528,1163,581,306,623,949,659,512,683,731,696,1
807,0,581,2,359,19,1041,29,152,57,1272,99,2,188,1373,246,0,366,1327,429,132,517,1158,568,314,612,950,644,521,669,737,680,1
804,0,579,4,357,23,1035,27,150,62,1264,95,0,197,1366,239,0,377,1326,424,135,530,1162,566,320,623,958,646,528,678,746,686,1
807,0,582,6,360,27,1037,25,151,68,1264,91,2,201,1363,232,0,380,1321,417,135,529,1157,558,318,621,953,638,526,675,742,679,1
817,0,590,5,365,25,1050,28,153,67,1276,95,0,204,1375,241,0,385,1329,427,136,538,1163,568,322,631,959,649,531,685,748,690,1
834,0,601,3,371,22,1072,29,156,64,1305,101,0,203,1403,251,0,385,1350,440,136,540,1177,581,322,636,967,660,533,691,752,699,1
850,0,610,3,375,21,1098,32,157,63,1338,107,1,200,1437,263,0,383,1377,457,134,540,1193,598,320,638,975,674,531,698,754,710,1
871,0,622,4,380,25,1129,32,158,66,1383,111,0,208,1488,272,0,397,1429,473,141,557,1238,619,332,657,1011,698,550,720,781,733,1
668,0,934,2,408,17,1208,42,169,57,1471,131,0,208,1573,305,3,409,1503,514,153,580,1300,663,356,688,1062,740,584,757,823,773,1
679,0,944,4,419,11,1215,47,175,51,1474,138,0,203,1574,309,4,405,1505,515,158,577,1304,659,364,686,1070,736,594,752,833,769,1
517,0,786,8,258,13,1051,39,1311,108,43,143,1562,217,0,365,1661,397,137,577,1594,612,352,724,1386,763,604,821,1132,836,871,858,1
549,0,284,3,819,15,1077,55,1325,133,56,127,1562,247,0,353,1659,429,135,577,1599,640,356,736,1403,791,617,842,1154,862,892,883,1
1072,0,850,12,1290,28,621,57,378,124,1403,152,147,212,1397,338,0,402,1275,512,38,611,1105,642,914,740,230,747,694,796,457,797,1
1111,0,892,0,660,32,1320,40,410,85,1418,166,164,165,1400,347,0,355,1276,511,30,571,1105,630,225,713,916,721,458,769,695,771,1
1112,2,894,0,662,30,1321,45,411,80,165,156,1417,170,1398,349,0,343,1272,510,30,556,1101,627,224,701,910,715,454,756,691,761,1
1108,0,886,0,653,33,1321,42,403,85,160,164,1417,168,1396,351,0,348,1265,513,31,560,1091,630,221,701,899,718,447,757,680,762,1
1101,0,877,2,1314,39,644,37,395,94,1412,167,156,174,1387,351,0,358,1255,514,31,564,1078,630,218,701,886,717,439,756,669,761,1
1097,0,870,6,1317,38,632,43,385,103,1418,168,152,183,1391,356,0,368,1252,522,31,570,1072,640,214,704,876,724,430,760,658,768,1
1100,0,870,6,1321,37,633,45,385,107,1423,168,151,188,1395,357,0,371,1256,524,32,574,1075,642,216,708,878,728,433,764,661,770,1
1096,0,868,5,1315,36,630,43,383,104,1418,166,149,186,1394,351,0,368,1258,517,35,570,1078,635,220,703,883,720,438,757,667,764,1
892,0,1113,6,659,27,1326,50,410,74,166,147,1430,180,0,327,1414,363,1287,526,27,544,1112,642,221,693,917,726,453,757,693,767,1
911,0,1132,16,678,18,426,57,1344,67,176,122,1450,200,0,300,1437,384,21,524,1312,548,1135,662,216,689,935,744,456,764,705,782,1
756,0,571,3,411,25,975,34,251,51,1209,94,87,128,1321,257,0,267,5,418,1241,491,85,546,224,650,986,663,431,712,693,721,1
833,0,623,9,1072,17,455,44,322,89,190,142,1207,166,59,235,0,373,1146,426,16,508,89,615,900,639,207,697,624,726,387,739,1
810,0,1053,6,599,17,435,60,306,111,1192,151,178,170,53,267,0,406,1136,417,16,538,91,642,894,641,208,720,619,737,385,756,1
1042,0,796,0,586,26,421,74,295,128,1186,141,170,190,48,289,0,428,1133,414,19,557,889,643,92,659,208,734,614,743,384,767,1
1029,0,784,6,575,36,412,87,287,147,1179,139,163,209,43,311,1136,410,0,450,24,581,901,646,100,680,220,752,630,753,398,782,1
1024,0,788,7,576,37,410,96,1180,115,284,164,158,233,39,341,1145,383,0,485,33,614,924,626,119,710,660,748,247,773,427,790,1
1055,0,815,6,606,32,440,83,1202,126,308,143,176,204,48,305,1168,374,0,445,30,575,943,602,114,672,673,717,245,737,434,756,1
1096,0,858,5,646,27,475,75,336,135,1242,127,196,196,58,298,1211,375,0,444,25,582,987,610,112,686,707,732,253,756,453,776,1
1123,0,876,9,655,39,476,94,1277,125,331,162,186,230,49,343,1255,381,0,498,1037,625,40,640,140,741,760,758,293,805,504,815,1
934,0,702,12,1194,12,512,52,352,107,198,163,1351,152,55,267,1316,398,0,418,40,561,1083,619,148,668,795,728,309,741,529,765,1
708,0,937,1,1189,27,519,30,359,76,203,124,1334,170,55,223,0,372,1296,408,38,515,1068,611,145,625,306,703,786,708,524,734,1
687,0,924,11,491,20,329,56,1192,59,175,99,41,199,1346,223,0,348,1308,471,53,495,170,611,1082,658,333,699,804,735,550,745,1
680,0,921,8,482,23,317,62,1193,54,164,108,32,215,1350,222,0,369,1314,476,63,518,186,633,1093,667,353,719,820,748,569,762,1
659,0,909,13,454,20,284,53,1190,73,128,100,9,219,1349,256,0,379,1314,505,86,529,224,641,1101,683,396,726,845,753,607,767,1
672,0,466,14,923,21,294,42,137,84,1200,89,13,201,1351,275,0,362,83,515,1306,523,219,630,1090,691,389,720,835,758,600,764,1
667,0,460,9,290,31,919,28,135,71,1200,106,12,185,1351,303,0,345,81,500,1301,553,212,620,378,717,1081,714,585,769,822,770,1
670,0,464,2,293,18,921,35,139,54,1200,123,18,164,0,322,1341,327,79,476,1276,573,205,596,365,695,1050,721,565,755,796,763,1
651,0,444,5,273,25,908,30,123,62,1197,116,7,174,0,329,1346,320,81,480,1283,567,209,596,369,692,1053,716,567,750,797,759,1
652,0,444,3,276,20,909,34,125,56,1196,123,10,166,0,321,1343,330,80,472,1277,576,205,591,364,689,1047,722,560,750,790,763,1
448,0,653,0,278,15,909,39,128,48,1192,131,11,157,0,311,1336,338,79,462,204,582,1267,583,362,681,1038,724,556,744,784,760,1
447,0,654,1,279,15,909,39,128,48,1192,132,11,156,0,310,1334,341,78,461,203,580,1264,583,359,680,1034,724,554,742,782,758,1
447,1,654,0,277,17,909,37,127,50,1193,129,11,160,0,314,1335,337,79,464,203,583,1265,581,360,681,1036,722,555,743,781,759,1
651,0,443,1,274,17,907,36,123,53,1192,126,10,161,0,316,1335,333,80,466,204,584,1266,577,362,682,1037,718,558,741,784,756,1
651,0,445,1,275,16,908,37,124,50,1192,129,8,160,0,314,1335,334,77,465,205,583,1265,578,362,680,1035,720,555,742,783,755,1
651,0,443,3,275,18,907,36,125,54,1192,127,9,164,0,317,1335,333,79,467,205,584,1268,577,363,682,1038,720,557,743,783,758,1
649,0,443,2,274,20,905,33,124,56,1191,121,9,166,0,320,1337,327,80,469,1271,572,207,586,365,683,1043,715,561,743,789,754,1
650,0,444,2,275,20,906,35,126,53,1192,123,11,162,0,315,1339,330,77,465,203,583,1271,577,361,681,1040,720,556,743,786,757,1
647,0,442,3,274,21,903,32,126,57,1191,119,11,167,0,320,1342,325,77,470,1277,577,202,588,360,687,1046,723,557,749,789,761,1
641,0,435,6,269,26,898,31,122,63,1188,115,10,172,0,325,1343,321,78,475,1283,573,204,592,363,690,1053,721,560,751,793,764,1
636,0,431,9,265,30,893,28,118,69,1184,110,6,181,1341,313,0,335,81,484,1286,566,208,600,368,697,1059,719,569,755,801,765,1
639,0,433,9,268,31,897,27,121,70,1188,107,8,183,1344,315,0,338,81,488,1286,570,208,605,367,702,1056,725,566,761,798,770,1
627,0,420,15,886,20,257,42,112,86,1181,92,2,202,1345,295,0,355,83,503,1292,554,213,616,374,708,1063,715,572,762,804,767,1
625,0,420,15,883,20,256,42,112,86,1178,94,3,201,1341,298,0,356,82,505,1287,559,210,618,371,711,1060,719,569,766,801,770,1
625,0,422,12,882,21,259,38,114,81,1176,99,4,196,1338,306,0,351,81,502,1283,568,208,618,367,713,1055,728,564,771,796,777,1
617,0,415,17,873,17,254,46,112,92,1168,87,2,208,1336,290,0,364,83,513,1290,554,212,627,374,719,1065,721,573,773,806,776,1
627,0,426,9,266,32,880,28,122,71,1167,112,9,186,1321,323,0,344,77,497,1261,589,200,617,354,717,1033,745,548,778,776,790,1
623,0,421,10,263,32,875,27,119,73,1163,110,8,186,1321,321,0,342,77,494,1262,585,199,613,354,711,1033,741,548,772,776,785,1
623,0,421,11,264,34,875,26,122,77,1165,111,10,192,1322,329,0,351,74,507,1262,602,194,629,349,731,1029,764,542,794,772,807,1
614,0,412,13,868,22,258,39,116,82,1161,102,7,197,1323,320,0,355,76,507,1264,591,197,627,349,727,1031,754,542,788,772,799,1
611,0,412,4,261,23,871,37,126,59,1176,139,15,168,0,323,1338,384,61,479,165,610,1253,676,305,725,489,808,990,827,719,845,1
605,0,406,10,257,35,864,30,122,75,1174,126,14,189,0,346,1340,375,63,502,168,631,1256,674,307,743,492,821,995,830,721,855,1
680,0,901,6,436,15,1104,45,198,51,1297,117,16,200,1377,258,0,415,1339,439,1195,586,153,595,1012,679,361,695,813,736,591,745,1
892,0,671,1,425,24,1095,31,187,67,1288,97,8,224,1370,235,1336,415,0,442,1197,565,161,614,1017,664,372,707,822,727,602,745,1
883,0,661,2,418,26,1083,30,181,70,1275,95,1358,230,3,229,1327,409,0,449,1194,560,166,621,1019,660,380,711,827,726,609,747,1
879,0,663,2,419,26,1078,29,182,71,1266,92,1348,225,4,230,1319,402,0,449,1187,550,164,619,1015,651,379,706,825,717,608,739,1
881,0,664,4,1079,27,423,28,187,73,1268,89,1349,221,8,233,1320,396,0,449,1187,545,164,617,1014,645,377,703,823,713,606,735,1
878,0,663,3,420,25,1077,27,182,69,1265,91,1347,223,2,229,1316,396,0,446,1185,544,166,616,1014,643,380,700,825,710,609,733,1
876,0,660,8,1076,23,417,37,1264,81,179,86,1344,211,1,252,1312,383,0,465,1182,530,168,626,1011,631,824,702,383,703,610,729,1
698,0,911,4,450,16,1102,39,200,55,1279,107,6,221,1351,238,1316,407,0,450,1189,549,177,626,1024,646,400,710,841,713,630,739,1
692,0,907,7,447,13,1100,45,200,49,1278,115,8,209,1353,250,1318,421,0,438,1189,564,172,619,1021,660,391,709,836,725,621,745,1
690,0,903,8,444,14,1097,46,196,50,1275,116,5,209,1351,250,1320,421,0,439,1194,565,176,620,1030,661,399,712,845,726,631,747,1
732,0,532,13,929,16,327,42,1123,66,135,88,1212,189,0,219,1183,355,0,390,1049,492,129,526,875,578,303,603,692,629,496,638,1
730,0,931,11,529,20,323,55,1128,57,132,107,1220,180,0,243,1193,351,6,414,1058,493,139,548,885,584,313,621,702,640,507,654,1
728,0,926,9,528,20,1122,54,322,56,131,109,1214,174,0,247,1190,342,9,417,1059,482,144,549,888,573,320,618,708,630,514,647,1
736,0,937,10,534,19,326,55,1134,56,133,107,1223,178,0,245,1191,346,6,415,1055,486,139,546,882,575,313,616,700,630,506,645,1
735,0,937,12,533,17,325,51,1133,59,132,101,1222,182,0,238,1193,348,8,406,1057,486,142,537,883,574,315,609,701,627,508,640,1
733,0,935,10,530,18,322,53,1134,57,131,104,1224,180,0,239,1193,345,8,407,1056,483,141,536,882,571,313,607,698,625,505,638,1
734,0,936,11,530,18,323,52,1133,59,130,104,1221,181,0,241,1188,346,11,409,1052,483,144,536,879,570,317,606,698,623,507,636,1
737,0,939,10,534,18,325,52,1136,58,132,104,1221,181,0,245,1187,347,11,414,1049,483,146,543,878,571,318,610,698,624,508,639,1
732,0,933,7,527,20,1129,53,321,58,129,112,1216,174,0,250,1182,339,13,416,1046,475,147,541,875,563,319,606,696,617,508,634,1
734,0,937,4,528,23,1136,47,320,64,127,122,1223,169,0,265,1189,336,15,432,1051,475,151,555,880,566,323,618,701,623,511,641,1
728,0,931,4,524,25,1129,45,316,66,126,123,1218,165,0,263,1186,330,15,429,1049,468,152,550,879,558,324,612,701,616,513,635,1
925,1,723,0,521,27,1123,40,314,70,124,130,1213,159,0,272,1182,324,17,437,1049,464,880,556,154,557,703,616,327,617,515,638,1
918,0,716,0,515,31,1115,36,310,76,121,138,1206,152,0,283,1180,317,20,449,1051,458,885,553,161,566,711,616,336,623,524,641,1
916,0,716,1,516,29,1111,34,311,75,122,135,1200,148,0,278,1176,312,20,442,1048,451,884,544,161,559,710,606,335,616,524,633,1
911,2,714,0,518,25,1103,39,315,65,126,123,1192,151,0,265,1170,311,18,428,1045,448,882,539,158,548,710,600,333,606,523,625,1
718,0,914,4,520,23,1104,44,317,60,127,116,1191,157,0,258,1165,316,16,424,1040,453,878,543,156,545,706,603,331,604,520,625,1
720,0,915,5,524,21,1105,47,320,56,127,111,1192,159,0,249,1167,316,14,415,1042,450,154,536,880,539,707,598,330,597,520,619,1
726,0,917,7,530,19,325,52,1104,50,132,105,1190,164,0,244,1162,321,13,412,1039,455,153,537,879,543,329,599,706,602,520,623,1
724,0,917,7,528,19,1104,49,324,53,131,107,1189,162,0,244,1162,317,12,411,1038,450,151,533,876,538,328,595,705,597,518,617,1
730,0,922,8,533,19,329,52,1108,50,134,105,1193,162,0,242,1168,319,13,410,1044,450,154,535,884,539,333,596,712,598,524,619,1
721,0,918,5,525,22,1110,44,321,61,130,116,1202,158,0,255,1182,318,14,423,1058,456,895,549,155,548,719,610,335,611,529,633,1
167,0,123,1,78,7,208,8,36,20,243,30,6,49,259,64,0,84,252,98,17,121,220,125,53,141,183,145,96,152,139,153,2
137,0,179,2,93,4,221,8,48,9,260,28,11,33,275,45,0,65,256,75,216,85,135,89,174,89,15,92,98,94,54,99,2
137,0,179,2,92,4,221,8,48,9,260,28,11,33,274,47,0,65,256,76,215,87,134,90,173,91,15,93,98,95,54,99,2
123,0,167,0,78,5,207,8,36,16,242,26,6,44,257,61,0,79,250,97,17,117,219,125,53,139,183,146,96,151,139,153,2
137,0,179,2,92,4,221,8,48,9,260,28,11,33,275,45,0,66,256,74,216,85,175,90,135,91,15,93,98,96,54,100,2
131,0,174,1,88,4,215,7,44,10,256,18,273,35,8,37,259,62,0,65,220,78,179,87,141,91,21,97,102,99,59,106,2
138,0,180,2,93,4,49,9,222,9,261,28,12,32,275,48,0,65,256,78,216,89,135,92,174,92,15,93,98,96,54,100,2
160,0,117,1,72,7,201,8,31,21,238,29,3,52,257,61,0,89,252,95,221,122,19,125,184,142,55,145,142,152,99,154,2
137,0,180,2,93,4,49,9,222,9,261,29,12,33,275,50,0,65,256,79,216,89,15,93,134,93,173,94,97,97,53,100,2
131,0,175,1,88,4,215,6,44,9,256,18,8,36,274,36,259,63,0,64,220,80,179,89,141,92,20,97,102,100,59,106,2
133,0,175,2,89,5,217,7,46,10,258,21,9,35,273,44,0,65,258,71,218,86,176,93,134,94,19,97,98,98,56,104,2
131,0,174,1,88,4,215,7,44,9,256,19,8,36,274,37,0,65,260,65,220,81,179,90,141,94,20,97,102,101,59,107,2
117,0,161,0,74,6,202,7,33,20,240,24,5,51,257,54,0,87,250,87,218,116,17,124,182,140,53,145,141,153,96,156,2
164,0,120,1,77,7,205,9,37,18,243,28,7,47,259,62,0,82,251,96,16,119,219,124,52,140,182,145,94,153,138,155,2
131,0,175,1,88,4,215,6,45,9,256,18,274,35,8,37,260,63,0,65,221,80,180,90,142,95,21,98,102,103,59,109,2
125,0,169,0,81,6,210,10,40,18,246,32,8,47,262,65,0,79,252,99,16,116,218,125,51,139,181,146,93,154,138,156,2
138,0,181,2,94,4,50,9,223,9,262,30,12,33,274,52,0,65,256,82,15,93,216,93,134,96,173,97,97,99,53,101,2
144,0,100,1,185,6,56,9,224,20,17,23,251,47,0,51,254,78,6,90,229,109,30,127,196,135,68,146,156,151,111,156,2
136,0,179,2,92,4,220,9,259,29,11,31,274,49,0,64,258,79,218,91,16,94,137,98,176,98,99,102,54,104,-1,-1,2
131,0,174,1,88,4,215,7,45,9,256,19,8,36,274,38,0,65,260,66,221,83,179,92,141,96,20,98,102,103,59,108,2
170,0,127,1,83,7,212,9,42,19,247,30,9,48,260,65,0,79,250,100,15,117,216,126,49,139,179,147,91,153,135,156,2
131,0,174,1,88,3,215,6,45,9,256,18,274,35,8,37,260,63,0,66,221,80,180,91,142,96,21,99,102,104,59,109,2
131,0,174,2,88,4,216,8,255,27,8,31,272,47,0,65,258,75,218,89,17,96,135,98,177,98,99,101,55,104,-1,-1,2
133,0,175,2,89,5,217,7,45,10,258,21,9,35,273,44,0,65,258,72,218,87,134,95,177,95,19,97,98,99,55,105,2
121,0,165,0,76,6,205,9,34,18,241,31,5,45,258,65,0,79,251,99,18,117,220,128,55,136,97,149,184,149,140,154,2
132,0,175,1,89,3,216,6,45,10,257,21,7,35,275,38,0,61,261,69,224,85,21,93,184,94,143,96,106,101,61,103,2
135,0,177,2,91,4,219,8,47,9,259,28,10,31,274,47,0,64,257,77,217,89,15,94,176,96,136,97,98,102,53,104,2
133,0,176,1,89,3,217,8,9,30,256,30,272,51,0,63,257,80,217,92,17,94,135,96,175,98,99,99,55,102,-1,-1,2
123,0,167,0,78,5,207,8,36,17,242,26,6,45,257,61,0,79,250,98,17,118,220,126,53,139,183,147,96,152,140,154,2
137,0,181,1,94,4,51,8,222,8,261,26,11,32,273,53,0,59,255,82,17,91,96,93,130,93,215,94,54,98,172,98,2
156,0,112,1,69,7,197,7,28,20,235,24,1,50,255,57,0,85,250,90,220,118,20,122,186,141,57,144,144,155,100,156,2
131,0,174,1,88,4,215,7,45,9,256,20,8,36,274,38,0,65,260,67,221,84,180,93,141,97,20,98,102,104,59,109,2
137,0,179,0,94,3,51,6,220,6,261,21,12,26,275,45,0,53,259,75,16,85,219,92,55,97,99,98,134,98,177,99,2
132,0,175,1,89,4,216,6,45,10,257,21,7,35,275,38,0,62,261,69,224,86,21,93,183,95,143,97,105,101,61,104,2
122,0,166,0,78,4,206,9,36,15,242,28,5,46,259,61,0,81,252,93,17,119,220,122,54,141,184,143,96,154,141,154,2
138,0,181,1,94,3,50,8,222,8,261,29,12,32,274,52,0,64,255,83,14,92,215,94,134,96,173,98,96,99,53,100,2
131,0,174,1,88,4,215,7,45,9,256,20,8,37,274,37,260,65,0,66,221,83,180,93,142,98,20,99,102,105,59,110,2
119,0,163,0,75,6,204,10,33,18,240,31,4,45,257,65,0,79,251,100,20,116,220,130,58,134,97,149,185,153,142,157,2
131,0,174,2,88,4,216,8,255,28,8,31,272,47,0,65,257,76,218,90,17,96,135,99,177,99,98,102,54,105,-1,-1,2
117,0,161,0,73,5,201,8,31,19,239,25,3,49,257,56,0,84,251,90,220,120,18,123,186,142,55,144,143,154,99,155,2
133,0,175,2,89,5,217,8,46,10,258,21,9,35,273,45,0,65,258,73,218,88,176,96,134,97,18,98,98,100,55,105,2
135,0,178,2,92,4,220,8,47,9,259,29,11,31,274,48,0,64,258,78,218,91,15,94,176,98,136,99,98,103,53,104,2
137,0,180,2,94,5,49,9,222,9,261,29,12,33,276,48,0,66,258,79,218,93,14,94,136,100,176,100,53,103,97,103,2
131,0,174,1,88,4,215,7,44,10,256,24,7,35,274,43,0,62,263,76,227,90,22,91,146,98,185,98,108,101,64,102,2
131,0,173,1,87,4,214,7,44,9,256,21,8,33,274,42,0,64,260,71,222,88,19,95,137,99,181,99,99,100,57,103,2
132,0,175,2,89,5,217,8,46,10,258,22,9,35,273,46,0,65,258,74,218,89,18,98,134,98,176,98,97,101,55,106,2
132,0,175,1,89,4,216,6,45,10,257,22,7,35,275,38,0,62,261,70,224,87,21,94,183,96,143,99,105,103,61,105,2
148,0,105,2,189,7,61,8,228,22,21,23,252,49,0,51,250,80,1,91,221,112,22,129,188,137,59,148,147,153,102,158,2
138,0,181,1,94,3,50,7,222,9,261,30,12,32,274,54,0,64,255,84,13,92,215,95,133,98,172,99,96,100,52,101,2
137,0,179,0,94,4,51,6,220,6,261,22,12,26,275,45,0,54,259,75,16,85,219,93,54,97,99,98,134,99,177,101,2
123,0,167,0,79,5,208,10,39,16,243,33,6,45,260,69,0,76,255,101,20,113,223,129,56,135,186,149,98,151,142,156,2
139,0,182,2,95,4,51,7,223,9,13,31,262,31,274,55,0,64,255,86,14,92,215,97,133,99,96,101,173,101,52,102,2
131,0,174,2,88,4,216,8,255,28,8,31,271,48,0,65,257,77,217,92,16,97,134,101,176,101,97,103,53,105,-1,-1,2
167,0,123,1,78,7,207,8,36,20,243,31,6,50,259,65,0,84,252,99,16,122,219,127,52,142,183,147,95,154,139,155,2
133,0,176,1,89,4,217,7,45,9,258,21,9,34,273,45,0,64,257,73,218,90,18,97,134,98,176,98,97,101,54,106,2
145,0,101,1,186,6,57,8,225,21,18,23,252,48,0,51,254,79,6,90,229,111,30,127,196,136,68,147,156,152,111,156,2
132,0,174,1,88,4,215,7,45,9,257,22,8,37,274,41,0,66,260,69,221,86,180,96,20,99,141,100,102,106,59,110,2
131,0,173,1,87,4,214,7,44,9,256,21,8,34,273,43,0,64,260,72,221,90,19,96,137,100,181,100,99,101,57,104,2
133,0,176,1,90,3,45,8,217,8,9,30,256,30,272,52,0,63,256,81,16,94,217,94,134,98,175,99,98,101,54,103,2
132,0,175,2,89,4,216,8,256,28,9,31,272,49,0,65,257,78,218,93,16,97,134,102,176,102,98,104,53,106,-1,-1,2
137,0,181,1,94,4,50,8,222,8,261,27,11,32,272,54,0,59,255,84,16,91,95,96,130,96,214,97,53,100,171,101,2
131,0,174,1,88,4,215,7,44,10,256,24,7,35,274,44,0,61,262,77,22,92,226,92,146,99,185,99,107,102,63,103,2
131,0,174,1,88,4,215,7,45,9,257,21,8,37,274,40,0,65,260,69,221,87,180,96,19,99,141,100,101,106,58,110,2
132,0,175,1,89,4,216,7,45,10,257,22,7,35,275,40,0,62,261,71,224,89,21,94,183,98,142,100,105,104,61,106,2
137,0,179,0,94,4,51,6,220,6,261,22,12,26,275,46,0,54,259,77,15,86,219,94,54,98,98,100,134,101,177,103,2
161,0,118,1,73,7,202,8,31,21,239,29,4,51,257,62,0,88,252,96,221,123,18,125,184,144,55,145,142,153,99,155,2
136,0,179,1,93,4,49,8,220,8,260,25,10,33,272,50,0,62,253,78,213,93,16,96,129,98,93,100,170,100,51,106,2
137,0,180,1,94,4,50,8,221,8,261,25,11,33,273,51,0,61,254,79,214,94,16,97,130,99,171,101,93,102,51,106,2
136,0,179,1,93,3,48,8,220,8,11,29,259,30,274,53,0,62,257,82,15,93,217,95,135,100,175,100,53,103,97,103,2
127,0,171,0,83,4,212,10,41,12,245,33,9,38,258,69,0,71,248,103,13,110,215,131,48,134,89,151,178,151,133,157,2
138,0,182,1,95,4,51,8,223,9,262,27,12,32,273,55,0,59,255,85,17,91,95,97,130,98,215,98,54,100,172,103,2
133,0,176,1,89,4,217,7,46,9,258,21,9,34,272,46,0,64,257,75,218,91,17,98,176,99,134,100,97,102,54,106,2
169,0,126,1,83,7,211,9,41,20,246,30,8,48,259,65,0,80,250,100,15,118,216,127,49,140,179,147,91,155,135,157,2
141,0,185,1,98,3,56,6,225,8,266,26,15,27,275,47,0,55,252,77,12,90,211,94,127,102,89,103,169,103,45,104,2
131,0,174,1,88,4,215,7,44,10,256,25,7,35,274,45,0,61,262,79,21,92,226,94,145,101,184,101,62,104,107,104,2
131,0,173,1,87,4,214,8,44,9,256,21,8,34,273,44,0,64,260,73,221,91,19,96,98,102,137,102,180,102,56,104,2
171,0,127,2,84,8,211,9,41,22,243,36,9,53,259,75,0,82,248,104,14,122,213,126,47,144,178,146,90,157,134,157,2
134,0,177,1,90,4,218,7,46,9,259,22,10,34,273,47,0,64,258,76,219,92,18,98,177,100,135,101,97,103,55,107,2
163,0,119,1,76,7,204,9,36,18,242,28,6,48,258,61,0,83,251,96,16,120,218,124,51,141,181,145,94,154,138,156,2
161,0,118,1,75,5,203,6,32,13,244,22,1,40,267,42,0,69,262,75,230,91,150,98,28,99,190,99,114,101,70,104,2
132,0,175,1,88,4,216,7,45,10,257,23,7,35,275,41,0,62,261,72,224,90,20,94,183,99,142,101,104,105,60,106,2
108,0,151,0,64,5,192,7,23,18,229,20,0,46,253,46,249,80,2,83,221,113,22,122,188,140,58,145,146,156,101,158,2
135,0,178,1,92,4,219,8,48,9,260,25,10,35,273,46,0,65,256,75,215,91,17,100,173,100,132,101,94,106,52,110,2
123,0,166,0,79,5,207,9,38,16,245,29,8,44,257,55,0,81,245,92,12,116,213,122,46,141,177,146,87,156,133,158,2
137,0,180,1,94,3,49,8,221,8,12,29,261,29,275,50,0,62,257,80,15,93,218,94,136,101,175,101,52,105,96,105,2
136,0,179,2,93,4,49,7,220,8,260,28,10,30,274,51,0,59,257,82,17,91,217,96,134,100,174,101,98,103,55,106,2
122,0,166,0,77,5,206,8,35,17,241,26,6,45,256,62,0,80,249,98,16,119,219,126,53,141,183,147,96,154,139,155,2
139,0,182,2,95,3,51,7,223,9,13,31,262,31,274,56,0,64,255,88,13,93,215,99,132,101,95,102,51,103,172,103,2
135,0,178,1,92,4,220,8,48,9,260,25,10,35,273,47,0,65,256,75,215,92,16,100,173,100,132,102,94,106,51,111,2
131,0,174,1,88,4,215,7,45,9,257,21,8,37,274,41,0,66,260,70,221,88,180,98,19,99,141,101,101,107,58,111,2
131,0,173,1,87,4,214,8,44,10,256,22,8,34,273,44,0,65,260,73,222,91,19,98,181,102,99,104,137,104,56,106,2
119,0,163,0,75,6,204,7,33,19,240,29,5,50,257,64,0,87,251,98,17,124,220,124,53,144,183,145,97,154,140,154,2
131,0,173,1,87,4,214,8,44,9,256,22,8,34,273,45,0,64,260,74,221,93,18,97,98,103,136,103,180,103,56,105,2
161,0,118,1,75,5,203,7,32,13,244,23,0,40,267,44,0,69,261,78,230,93,28,99,149,100,189,101,113,102,69,104,2
117,0,161,0,73,5,201,8,31,19,239,25,4,49,257,56,0,85,251,90,221,120,19,124,186,143,56,145,144,155,99,156,2
157,0,113,1,70,7,198,7,29,20,236,25,2,50,255,58,0,85,251,91,221,119,21,122,187,143,57,144,145,156,100,157,2
138,0,181,1,95,4,51,8,223,9,261,28,12,32,273,56,0,59,255,86,16,92,95,98,130,100,215,100,53,101,172,105,2
131,0,174,1,88,4,215,7,45,9,257,23,8,37,273,44,0,66,260,73,221,90,19,99,179,99,141,102,101,107,58,111,2
161,0,117,1,73,7,202,8,31,21,238,30,3,51,257,63,0,88,251,97,220,125,18,126,183,145,54,146,141,155,98,156,2
130,0,173,1,87,4,215,7,254,27,8,32,272,47,0,66,257,76,219,92,16,99,178,103,135,104,98,107,53,108,-1,-1,2
133,0,177,1,90,4,218,7,47,9,259,22,9,34,273,48,0,65,258,76,218,93,17,98,134,102,177,102,97,104,54,108,2
170,0,127,2,84,6,212,7,43,17,246,28,10,44,258,61,0,76,247,98,13,113,214,126,47,137,178,148,88,155,134,158,2
132,0,175,1,89,4,216,7,45,10,257,23,7,35,275,41,0,62,261,73,224,91,20,95,183,101,142,103,104,106,60,107,2
130,0,174,1,85,5,214,15,43,18,245,43,10,47,0,76,262,84,252,110,14,115,215,131,48,138,179,151,89,155,135,160,2
141,0,184,1,98,3,56,5,225,8,14,24,264,26,0,50,276,51,255,82,13,83,49,97,215,98,94,101,128,103,172,107,2
161,0,117,1,73,7,201,8,32,22,240,25,5,53,256,53,249,87,0,90,217,118,17,128,182,143,52,149,141,157,95,160,2
133,0,176,2,90,4,217,8,257,29,9,30,272,51,0,64,257,81,217,96,15,97,133,105,176,105,96,106,52,107,-1,-1,2
160,0,116,1,73,7,201,8,32,19,239,25,5,49,255,54,0,87,248,88,217,119,15,122,182,143,51,144,139,156,94,157,2
132,0,175,1,89,4,216,7,45,9,258,21,9,37,275,42,0,66,261,71,222,89,20,99,181,99,142,103,102,108,58,112,2
140,0,183,2,96,3,52,7,224,10,14,31,263,32,275,57,0,64,255,89,13,93,216,100,51,103,132,103,95,104,173,105,2
136,0,179,2,93,4,49,7,220,8,260,28,10,30,274,51,0,59,256,82,17,92,217,97,134,101,174,102,98,104,55,106,2
138,0,180,0,95,4,52,6,221,6,262,23,12,26,276,48,0,54,259,79,16,86,220,97,54,99,98,102,134,104,178,106,2
145,0,101,1,186,6,57,8,225,21,18,23,251,49,0,51,253,81,5,90,228,112,29,127,195,138,67,147,154,153,110,157,2
133,0,176,1,90,3,218,6,46,8,257,25,10,32,274,44,0,66,259,74,221,91,15,95,180,101,138,104,54,106,99,107,2
119,0,162,0,74,6,203,8,32,21,240,26,4,52,257,58,0,88,251,91,219,120,18,126,184,143,55,147,143,155,98,158,2
132,0,175,1,89,5,216,7,45,8,257,23,7,35,274,48,0,62,262,79,21,95,225,95,141,102,104,103,183,103,60,105,2
121,0,166,0,77,6,206,10,35,17,241,33,6,44,257,68,0,79,249,102,17,117,218,130,53,137,94,151,181,152,138,157,2
137,0,180,2,94,3,49,8,221,9,12,29,260,32,274,56,0,61,256,86,14,92,217,99,51,103,134,103,174,104,96,105,2
135,0,178,1,92,4,220,8,48,9,260,25,10,35,273,48,0,65,255,76,215,93,16,100,172,102,132,103,93,107,51,111,2
133,0,176,2,90,4,218,8,46,9,258,27,10,33,274,46,0,67,259,76,220,92,15,96,179,103,138,106,54,107,98,108,2
170,0,127,2,85,6,212,7,43,17,246,28,10,44,257,62,0,78,247,98,13,114,214,127,47,139,177,149,88,155,133,159,2
136,0,179,2,93,4,49,8,220,8,260,28,10,30,274,51,0,59,256,82,17,92,217,97,134,102,174,103,98,105,54,107,2
117,0,161,0,74,7,202,9,33,19,240,26,6,49,256,55,0,87,248,90,218,120,16,122,51,145,182,145,94,158,139,158,2
132,0,174,1,88,4,215,8,45,9,257,22,8,34,274,46,0,64,260,76,222,94,19,97,181,104,98,105,137,105,56,106,2
137,0,180,1,94,3,49,8,221,8,12,29,260,29,274,52,0,62,257,81,14,93,217,95,175,102,135,103,51,105,95,106,2
174,0,131,1,86,5,215,10,45,16,250,33,10,42,261,64,0,69,250,101,16,109,217,130,50,136,180,151,91,155,136,160,2
132,0,175,1,88,4,216,7,45,9,257,21,8,37,274,44,0,65,260,72,221,90,19,99,180,101,140,104,100,108,57,111,2
169,0,125,1,82,7,210,9,40,20,246,30,8,49,259,65,0,82,250,99,15,120,217,127,50,143,180,148,92,157,136,158,2
134,0,177,2,91,4,218,8,258,29,10,30,272,53,0,64,257,82,16,97,217,97,133,106,176,106,96,107,52,108,-1,-1,2
118,0,161,0,75,4,203,6,32,12,244,22,0,38,267,44,0,68,261,78,230,94,27,98,149,101,189,101,112,102,69,104,2
145,0,102,1,187,6,58,8,19,22,226,22,252,50,0,51,253,82,6,90,228,113,29,127,195,139,66,148,154,155,109,158,2
141,0,184,1,98,3,56,5,225,8,14,25,264,26,0,50,276,50,256,81,13,84,50,98,215,99,94,102,129,104,173,107,2
132,0,176,1,89,4,216,7,46,9,258,21,9,37,275,43,0,66,261,72,222,90,20,100,181,100,141,104,101,110,58,113,2
119,0,162,1,76,7,204,7,246,20,4,39,269,43,0,69,261,75,225,96,23,99,106,104,141,105,63,106,184,106,-1,-1,2
172,0,128,1,83,5,212,9,41,15,245,34,9,41,258,72,0,75,249,106,13,115,215,133,47,138,178,152,89,153,133,159,2
134,0,176,1,90,4,218,7,47,9,259,23,9,34,273,49,0,65,258,77,218,95,17,98,134,103,177,104,96,105,54,108,2
138,0,181,1,95,3,49,8,222,8,13,29,261,30,275,52,0,62,257,83,14,93,217,96,135,104,175,104,51,106,95,107,2
141,0,184,2,98,3,55,6,226,9,15,27,265,27,275,49,0,55,252,80,11,91,211,97,45,105,88,105,126,105,169,106,2
121,0,165,0,76,6,206,8,35,19,241,31,6,49,257,67,0,86,250,102,16,124,219,129,52,143,181,148,95,155,138,156,2
132,0,175,1,89,4,216,7,45,9,257,23,7,36,274,48,0,62,262,79,21,95,225,96,142,104,183,104,104,105,60,106,2
132,0,175,1,88,4,216,7,45,10,257,24,7,35,274,42,0,62,260,75,224,93,20,95,183,102,142,104,104,107,59,108,2
121,0,165,1,77,4,205,13,34,16,239,38,5,46,0,77,261,78,257,105,20,116,223,130,56,141,187,151,98,157,144,161,2
132,0,175,1,89,4,216,8,45,9,257,24,8,37,274,47,0,66,260,76,221,93,19,99,180,102,140,104,101,109,57,112,2
167,0,123,1,78,7,207,8,36,20,243,31,6,50,258,66,0,84,251,101,16,122,219,129,52,143,182,150,95,155,138,157,2
134,0,177,2,91,4,219,8,47,9,259,27,11,33,275,46,0,67,260,77,221,93,16,96,180,104,139,107,54,108,99,109,2
135,0,178,1,92,4,219,8,48,9,260,25,10,35,272,49,0,65,255,77,214,94,15,101,172,103,131,104,93,108,50,112,2
132,0,175,0,89,3,216,7,45,9,257,25,7,34,275,46,0,60,262,81,21,92,226,96,145,103,62,104,185,104,106,105,2
119,0,162,0,74,6,203,8,32,21,240,26,5,53,257,58,0,89,251,91,219,121,18,127,184,144,55,148,143,156,98,159,2
140,0,183,2,96,3,52,7,224,10,14,31,263,33,274,59,0,64,255,91,13,93,215,102,51,104,132,104,94,105,172,107,2
116,0,160,0,73,6,201,7,32,21,239,25,5,53,256,55,249,88,0,89,217,119,17,127,182,143,53,149,140,157,96,160,2
136,0,179,2,93,4,49,8,220,8,260,28,10,30,274,51,0,59,256,83,17,92,217,98,134,103,174,104,97,106,54,108,2
119,0,162,1,76,4,204,7,32,13,245,24,1,39,267,46,0,69,262,80,230,96,28,99,149,103,113,104,190,104,69,106,2
138,0,181,1,95,4,51,8,222,9,261,27,12,33,273,53,0,62,254,82,15,97,214,98,129,104,93,105,171,105,50,108,2
138,0,180,1,95,4,52,6,221,6,262,24,12,26,276,49,0,54,259,80,15,87,219,98,54,100,98,103,134,105,177,107,2
164,0,119,1,74,7,204,10,35,22,238,32,3,54,255,63,0,77,248,96,17,116,216,123,51,140,180,146,93,157,139,159,2
131,0,174,2,88,4,215,8,45,9,257,23,8,34,273,47,0,64,260,77,221,95,18,97,56,106,98,106,136,106,180,106,2
161,0,118,2,75,7,203,7,34,19,238,27,4,48,256,65,0,81,251,98,20,119,221,126,55,142,186,148,98,157,142,159,2
114,0,158,0,69,6,199,11,27,21,234,34,1,51,254,71,0,86,253,107,22,124,226,132,60,141,189,152,102,154,145,158,2
135,0,178,1,91,3,46,8,219,9,10,29,257,31,272,56,0,63,256,86,14,94,216,99,133,103,52,105,96,105,174,105,2
133,0,176,1,90,4,217,7,46,9,258,21,9,37,275,44,0,65,261,73,222,92,19,99,181,102,140,105,101,109,58,112,2
121,0,165,0,77,4,205,9,35,16,241,29,5,48,258,61,0,83,251,94,18,122,220,123,54,145,184,145,142,157,97,158,2
118,0,161,1,203,6,75,7,246,19,3,39,268,43,0,70,260,75,225,96,23,100,106,106,141,106,63,107,184,107,-1,-1,2
141,0,184,2,98,4,55,7,225,8,265,24,14,27,276,44,0,56,253,76,11,92,213,95,45,107,172,107,89,109,128,109,2
122,0,166,0,77,5,206,9,35,17,242,27,6,47,256,62,0,81,250,99,17,120,219,128,53,143,184,149,96,156,140,158,2
118,0,161,1,75,7,203,7,245,20,3,39,268,43,0,69,260,75,225,96,23,99,105,105,141,105,183,106,63,107,-1,-1,2
128,0,172,0,84,4,213,11,42,12,246,34,10,38,0,71,258,71,248,106,14,111,48,134,214,134,89,152,177,153,133,160,2
132,0,175,1,89,5,216,8,45,10,258,21,9,37,274,44,0,66,261,73,222,92,19,100,181,102,141,106,101,111,58,113,2
133,0,176,1,90,4,217,8,256,30,10,32,273,53,0,66,258,83,16,98,219,98,178,106,136,107,54,109,98,109,-1,-1,2
161,0,117,1,73,7,202,9,33,20,240,27,5,50,256,56,0,87,248,91,217,122,15,123,51,145,181,146,93,159,139,159,2
134,0,177,2,91,4,218,8,10,30,257,30,272,54,0,64,256,83,15,97,217,99,132,107,51,108,175,108,95,109,-1,-1,2
140,0,182,1,97,3,55,6,224,8,264,25,14,26,275,50,0,52,256,81,13,85,216,99,50,100,94,104,130,106,174,108,2
157,0,113,1,70,7,198,7,29,21,235,26,2,50,255,59,0,85,250,93,220,121,20,123,56,145,186,145,99,158,144,158,2
139,0,182,1,95,4,51,9,223,9,262,28,12,34,274,55,0,62,256,85,16,96,216,100,95,104,132,104,52,106,174,107,2
136,0,179,2,93,4,49,8,220,8,260,28,10,30,274,52,0,59,256,83,16,93,217,99,134,104,174,105,97,107,54,108,2
145,0,102,1,186,7,58,8,19,22,225,23,0,51,251,51,252,84,5,90,227,115,27,128,193,141,64,148,152,156,108,159,2
132,0,175,1,89,4,216,7,45,10,257,24,7,35,274,43,0,62,260,76,224,94,20,95,183,104,142,106,59,108,104,109,2
116,0,160,0,72,5,200,8,30,20,239,26,3,51,256,56,0,87,251,90,220,121,19,126,186,145,56,147,144,157,99,159,2
119,0,162,0,76,6,204,6,246,19,4,38,268,43,0,68,261,75,225,96,23,98,63,106,106,106,141,106,184,107,-1,-1,2
132,0,175,1,89,4,216,7,45,9,257,26,7,34,274,48,0,60,262,82,21,92,226,97,61,105,144,105,105,106,184,106,2
126,0,169,0,83,4,211,10,41,16,246,32,8,44,259,68,0,76,248,102,15,115,214,129,49,140,177,150,90,156,134,159,2
162,0,76,4,203,5,33,13,245,18,269,36,1,40,0,69,264,69,232,87,27,100,193,101,153,106,113,110,69,111,-1,-1,2
114,0,158,0,70,6,199,8,30,21,237,25,3,52,255,55,249,88,0,89,219,119,18,127,184,144,54,149,142,158,97,160,2
162,0,76,4,204,5,33,13,245,18,269,36,1,40,0,69,264,69,232,87,27,100,193,101,153,106,113,110,69,111,-1,-1,2
123,0,167,0,80,5,209,10,39,16,245,31,9,44,257,59,0,81,245,96,11,116,212,126,45,141,175,149,86,158,131,160,2
128,0,171,1,86,5,212,7,42,9,253,21,6,36,272,43,0,66,260,73,223,92,20,101,182,103,141,106,102,109,58,112,2
167,0,123,1,79,7,208,8,38,21,244,30,7,51,258,64,0,83,249,99,16,122,216,127,50,145,180,149,92,159,136,160,2
119,0,162,0,76,4,204,6,32,12,245,24,1,38,267,46,0,68,261,81,230,96,27,98,112,104,149,104,190,105,68,106,2
170,0,126,1,82,5,210,9,40,16,244,33,8,43,258,71,0,78,250,105,15,118,217,132,49,140,179,153,91,156,135,160,2
138,0,180,1,95,4,52,6,221,6,261,24,12,26,275,49,0,54,258,81,15,87,219,100,53,101,97,105,133,107,177,109,2
138,0,181,2,95,4,50,8,223,9,262,30,13,32,277,50,0,64,258,83,13,93,219,99,51,106,177,108,95,109,135,109,2
119,0,162,0,74,6,203,8,33,22,240,26,5,53,257,58,0,90,250,92,219,122,18,128,184,145,55,150,143,158,98,161,2
133,0,176,1,90,4,217,7,46,9,258,21,9,37,274,45,0,65,261,74,222,93,19,100,181,104,140,106,100,110,57,113,2
140,0,183,2,96,4,54,7,224,8,264,23,14,29,275,42,0,58,253,74,12,94,214,94,173,107,46,109,129,110,90,111,2
141,0,183,1,97,3,55,6,224,8,264,25,14,26,276,50,0,53,256,81,13,86,217,100,50,102,94,106,130,107,174,109,2
136,0,179,2,93,4,49,8,220,9,260,29,10,31,274,52,0,59,256,83,16,93,217,99,134,105,174,106,97,108,54,109,2
117,0,161,0,72,6,201,9,30,21,236,33,3,51,255,71,0,87,253,107,21,124,225,132,58,143,187,152,101,155,144,158,2
157,0,113,2,70,7,198,7,29,21,235,26,2,50,254,60,0,86,250,94,20,123,220,123,56,146,185,146,98,159,143,159,2
136,0,179,1,92,3,47,8,220,9,11,29,258,31,272,57,0,62,256,88,14,94,216,101,52,105,133,105,95,106,174,107,2
128,0,171,1,85,5,212,7,42,9,253,21,6,36,272,43,0,66,260,73,223,92,20,101,182,103,141,106,102,109,58,112,2
121,0,166,0,77,6,206,11,35,17,241,34,6,44,255,70,0,79,249,104,16,117,217,133,52,138,93,153,181,155,137,160,2
128,0,171,1,86,5,212,7,42,9,253,21,6,36,272,42,0,66,260,73,223,92,21,101,182,103,141,106,102,109,58,112,2
162,0,76,5,204,5,33,13,245,19,268,36,1,40,0,69,264,70,232,88,27,100,193,101,153,107,69,111,113,111,-1,-1,2
134,0,177,2,91,4,47,9,218,9,258,29,10,32,274,50,0,66,259,80,14,96,220,96,179,106,53,108,137,108,98,109,2
135,0,178,2,92,4,219,9,11,30,258,30,273,55,0,64,257,84,14,97,217,100,51,109,95,109,133,109,175,109,-1,-1,2
111,0,155,1,66,7,195,8,27,22,233,24,252,52,2,55,246,85,0,93,216,116,18,131,183,143,54,153,142,159,97,163,2
141,0,184,2,97,4,55,7,225,8,265,25,14,28,275,45,0,57,253,77,11,92,213,97,45,108,172,108,88,110,128,110,2
121,0,165,0,76,6,206,8,35,19,241,32,6,49,256,68,0,86,250,103,16,125,218,130,51,144,181,150,94,156,137,158,2
132,0,176,1,89,5,216,8,45,10,258,22,9,37,274,44,0,66,261,74,222,93,19,100,181,104,141,107,101,112,57,114,2
146,0,102,1,187,7,59,8,20,22,226,23,0,50,251,53,252,85,5,90,226,117,27,128,193,142,64,149,152,157,107,160,2
131,0,174,2,88,4,215,8,44,9,257,23,8,33,273,48,0,65,259,78,18,97,221,97,55,107,97,107,136,107,180,107,2
123,0,167,0,80,5,209,10,39,16,245,32,9,44,257,61,0,81,245,97,11,117,212,127,45,142,175,150,86,158,131,161,2
134,0,176,1,90,4,218,7,47,9,259,23,9,37,275,48,0,65,261,76,222,95,19,99,180,105,139,106,100,109,57,112,2
134,0,177,1,91,4,219,8,47,9,259,24,10,34,273,50,0,65,258,80,219,97,17,98,134,106,177,106,96,107,53,109,2
172,0,129,1,84,5,213,11,43,17,249,34,9,44,260,65,0,72,248,102,16,112,216,131,50,139,180,153,90,158,136,163,2
142,0,185,2,99,3,55,4,226,10,15,24,265,31,0,51,274,54,251,85,13,86,210,101,48,105,89,105,124,105,167,108,2
128,0,171,1,86,5,212,7,42,9,253,21,6,36,272,43,0,66,260,74,223,93,20,101,182,104,141,107,102,110,58,113,2
132,0,175,2,89,4,216,8,46,9,257,24,9,33,273,49,0,64,260,79,18,98,222,98,55,108,97,108,136,108,180,108,2
133,0,176,1,89,4,217,7,46,10,258,25,8,35,275,44,0,63,261,77,224,95,20,96,184,105,142,107,59,109,104,110,2
117,0,161,0,73,7,201,9,33,20,239,28,5,49,256,61,0,86,248,96,16,124,217,125,51,146,181,148,93,159,138,159,2
140,0,183,2,96,3,52,7,224,11,13,31,262,34,273,60,0,64,12,93,254,93,50,104,215,105,94,106,131,107,172,109,2
131,0,174,1,88,4,215,7,44,10,256,22,7,37,274,40,0,65,261,72,225,91,20,98,184,104,143,108,60,111,104,112,2
136,0,179,2,93,4,49,8,220,9,260,29,10,31,274,52,0,60,256,84,16,93,217,100,134,106,175,107,96,109,54,110,2
120,0,164,0,76,4,204,9,34,17,240,29,5,49,257,61,0,85,250,94,219,123,18,124,54,146,184,146,141,159,96,160,2
126,0,169,0,83,4,210,5,42,9,252,20,8,31,271,45,0,61,259,77,19,93,222,97,57,104,101,105,137,105,180,107,2
132,0,174,1,89,4,216,7,45,9,257,26,7,34,274,49,0,60,261,84,20,92,226,99,61,106,144,107,184,107,105,108,2
136,0,179,1,93,4,220,8,49,9,260,26,11,35,273,51,0,65,255,79,215,97,15,101,172,106,131,107,92,110,50,113,2
132,0,175,1,89,4,217,7,46,9,258,21,8,37,274,46,0,65,261,75,222,94,19,100,181,105,139,108,100,111,57,113,2
151,0,107,1,192,6,63,7,23,20,231,21,0,48,251,52,1,86,248,87,220,120,21,125,186,145,57,147,144,160,99,161,2
118,0,161,1,203,6,75,7,34,16,245,19,3,39,268,42,0,70,261,75,226,96,23,100,106,107,142,107,185,107,63,108,2
118,0,161,0,73,5,202,8,30,20,236,33,3,51,255,71,0,86,252,107,19,124,224,132,56,143,186,152,99,156,142,159,2
139,0,182,1,96,3,50,8,222,8,13,28,261,30,274,54,0,61,256,85,13,93,216,100,49,107,134,107,174,107,94,109,2
125,0,168,0,82,4,209,5,41,9,251,20,7,31,270,45,0,62,258,77,18,94,221,97,56,105,100,106,137,106,179,107,2
167,0,125,1,80,4,208,8,39,16,245,27,8,45,255,55,0,82,242,92,13,122,211,124,46,148,176,149,88,163,133,163,2
134,0,177,1,91,3,218,7,47,8,258,27,10,32,274,47,0,66,259,78,14,95,220,95,179,106,53,108,137,108,97,110,2
115,0,159,0,72,6,200,8,31,21,238,25,4,54,255,55,248,89,0,90,216,120,17,128,181,145,52,150,140,159,95,162,2
131,0,174,0,88,4,215,6,44,8,256,22,7,36,273,47,0,64,262,78,225,96,20,97,183,106,142,107,103,108,59,109,2
110,0,154,1,66,6,195,11,24,22,230,34,0,52,251,72,1,87,252,108,24,124,227,134,63,142,191,155,104,156,147,161,2
131,0,174,1,88,4,215,7,44,10,256,24,7,36,275,45,0,63,263,79,22,95,227,96,187,106,147,108,62,109,107,110,2
169,0,126,1,83,6,211,7,42,18,245,29,10,46,256,62,0,81,246,99,13,117,213,128,46,142,177,150,88,159,133,161,2
138,0,180,1,95,4,52,6,221,7,261,24,12,26,275,50,0,54,258,82,15,87,53,101,219,101,97,106,133,109,177,111,2
116,0,159,0,71,5,199,8,29,21,238,26,3,51,255,56,0,88,249,90,219,121,18,127,185,146,55,149,143,159,98,161,2
120,0,163,1,76,5,205,7,33,13,246,25,1,39,268,48,0,69,262,83,27,99,231,99,69,107,112,107,149,107,190,108,2
172,0,128,1,84,5,213,11,43,17,248,34,9,44,260,65,0,72,248,102,16,112,216,132,49,140,180,154,90,159,136,164,2
132,0,175,1,89,5,216,8,45,10,258,22,8,37,274,45,0,66,261,75,222,94,19,101,181,105,141,108,100,113,57,115,2
129,0,172,1,86,4,213,6,42,10,254,22,6,36,274,42,0,64,263,74,227,93,22,97,187,105,146,108,62,110,106,111,2
146,0,103,1,187,7,59,8,19,22,226,24,0,50,251,54,251,87,4,90,225,118,26,128,192,144,63,149,150,158,106,161,2
135,0,178,1,92,3,219,7,48,8,259,27,11,32,275,48,0,65,259,79,14,95,220,96,179,107,53,108,137,109,97,111,2
123,0,167,0,80,5,209,11,39,16,245,32,9,44,257,62,0,81,245,98,11,117,212,128,45,142,175,151,86,159,131,162,2
135,0,179,1,92,3,47,8,219,9,11,29,258,32,271,59,0,62,255,89,13,94,216,102,50,106,132,106,94,107,173,109,2
167,0,125,2,209,6,82,8,40,22,241,28,9,52,253,66,0,86,244,102,13,126,211,127,175,150,46,152,132,163,87,164,2
116,0,160,0,73,6,201,8,31,20,239,26,4,51,254,57,0,88,247,91,215,121,16,127,180,146,51,150,138,160,93,162,2
125,0,168,0,82,5,209,5,41,9,251,20,7,31,270,45,0,62,259,77,18,95,221,97,57,105,100,107,137,107,179,108,2
115,0,159,0,71,6,200,8,31,21,238,26,4,52,256,57,0,89,249,90,218,121,18,127,183,145,54,150,141,159,96,162,2
138,0,181,2,94,4,51,8,222,9,261,28,12,33,272,55,0,62,253,84,14,98,213,101,91,107,128,107,170,108,48,110,2
114,0,159,0,71,6,199,7,30,21,237,25,4,52,254,53,247,88,0,89,217,120,17,127,183,145,52,149,140,160,95,162,2
140,0,182,1,96,4,54,6,223,7,263,25,13,26,275,49,0,54,256,81,13,88,217,100,50,104,94,108,131,110,175,110,2
118,0,162,0,74,6,203,8,34,19,240,28,6,49,255,58,0,87,247,93,15,122,216,124,50,146,181,148,92,160,137,160,2
126,0,170,1,82,5,211,14,40,16,244,38,8,45,256,72,0,74,246,109,12,116,212,132,44,143,174,151,86,158,132,160,2
141,0,185,2,99,3,56,4,226,10,15,24,265,31,0,51,274,55,13,86,251,86,210,102,48,106,89,106,124,106,167,109,2
120,0,165,0,76,6,205,9,35,21,239,33,4,53,256,64,0,76,248,98,17,116,216,125,51,141,181,148,93,158,139,161,2
136,0,179,1,93,3,49,7,220,8,260,28,10,30,274,51,0,59,256,83,16,93,217,99,134,106,175,107,54,109,96,109,2
167,0,123,1,79,6,208,11,39,19,244,33,8,50,258,66,0,85,248,101,13,123,214,129,47,146,177,151,89,160,134,161,2
162,0,76,5,204,5,32,13,245,19,268,37,1,40,0,69,264,70,232,89,27,101,193,103,153,108,69,112,113,112,-1,-1,2
159,0,116,1,72,7,200,7,32,22,238,25,253,53,4,54,244,88,0,90,215,119,17,130,181,146,52,153,139,161,95,165,2
136,0,179,2,93,4,48,8,220,9,259,31,12,32,275,53,0,65,259,84,14,95,220,100,53,108,179,109,97,110,136,110,2
127,0,171,0,83,4,212,11,41,13,245,35,9,39,257,71,0,73,247,106,13,113,213,135,47,137,88,155,177,155,132,162,2
133,0,176,1,89,4,217,7,46,10,258,25,8,35,275,45,0,63,261,78,20,96,224,97,183,107,142,109,59,110,103,111,2
132,0,175,2,89,4,216,8,45,9,257,24,9,33,273,50,0,65,260,80,17,98,221,99,55,108,97,109,136,110,180,110,2
136,0,179,1,93,4,220,8,49,9,260,27,11,35,272,52,0,65,254,81,214,98,14,101,130,108,172,108,92,111,49,113,2
109,0,153,1,64,6,193,12,22,22,229,34,0,52,250,72,3,88,253,109,27,124,230,135,66,143,107,157,194,157,151,163,2
135,0,179,2,92,4,220,9,11,29,259,31,272,57,0,63,256,87,13,97,216,103,50,110,93,111,132,111,174,112,-1,-1,2
139,0,182,1,96,4,52,8,224,9,262,29,13,32,273,58,0,59,256,89,16,92,94,103,52,104,216,105,130,106,174,111,2
121,0,165,0,76,6,205,8,35,19,240,32,6,49,256,69,0,86,249,104,15,125,218,132,51,145,181,152,94,157,137,160,2
133,0,175,1,90,4,217,7,46,9,257,27,8,34,274,50,0,60,262,85,21,92,226,101,61,106,144,108,105,109,185,109,2
141,0,184,2,97,3,53,7,225,11,14,31,263,35,274,61,0,64,12,93,254,94,50,105,215,106,94,108,131,108,172,111,2
129,0,172,0,87,4,213,6,43,8,254,20,7,35,272,43,0,65,261,74,224,94,21,100,183,105,142,107,102,111,58,113,2
120,0,163,0,74,6,204,8,35,20,240,29,6,51,256,63,0,87,249,97,16,126,217,126,52,149,182,149,139,161,94,162,2
136,0,179,1,93,3,49,7,220,8,260,28,10,30,274,51,0,59,256,83,16,93,217,100,134,107,175,108,54,110,96,110,2
134,0,177,1,91,4,219,8,47,9,259,24,10,36,274,45,0,66,258,75,218,94,18,101,178,105,137,109,97,114,54,117,2
131,0,174,1,88,5,215,7,44,10,256,22,7,38,274,48,0,65,262,78,225,97,20,99,184,108,142,109,103,111,59,112,2
123,0,167,0,80,5,209,11,39,16,245,33,9,44,256,62,0,81,244,99,11,117,212,129,45,142,174,152,86,159,131,162,2
136,0,179,2,93,4,49,9,220,9,260,26,11,35,272,52,0,65,254,82,214,100,14,101,130,109,172,109,92,111,49,113,2
118,0,162,0,74,6,203,9,34,19,240,29,6,49,255,59,0,87,246,95,14,122,215,126,49,146,179,149,91,161,136,162,2
140,0,183,1,97,3,51,8,223,8,14,28,262,31,275,55,0,61,256,86,13,93,216,101,49,107,133,108,174,108,93,110,2
117,0,161,0,74,6,202,9,32,20,239,27,5,51,255,59,0,88,246,93,215,123,16,127,180,147,51,151,138,161,93,163,2
129,0,172,1,86,4,213,6,42,10,254,22,6,36,0,64,263,74,227,93,22,97,187,104,146,107,63,110,107,110,-1,-1,2
136,0,179,2,92,4,48,8,220,9,11,31,259,31,274,53,0,65,259,85,14,95,220,101,52,108,178,110,96,111,136,111,2
132,0,176,1,89,4,216,7,46,9,258,22,8,37,274,47,0,65,260,76,222,96,18,100,180,107,139,109,99,112,56,114,2
120,0,163,1,76,4,205,8,33,13,245,26,1,39,268,49,0,68,262,84,27,99,231,100,68,108,112,108,149,109,190,109,2
117,0,160,1,202,6,74,7,33,16,245,19,3,40,267,42,0,71,260,75,226,96,23,102,185,108,106,109,142,109,62,110,2
127,0,170,0,82,4,211,11,40,14,244,34,8,40,257,70,0,75,247,105,14,114,214,134,48,138,178,155,89,156,133,162,2
134,0,177,1,91,4,218,8,47,9,259,26,10,36,275,51,0,64,261,80,222,98,19,99,180,108,138,109,100,111,57,112,2
158,0,114,1,71,7,199,7,30,20,236,26,3,50,254,61,0,85,249,95,20,123,220,124,56,146,185,147,98,160,142,160,2
136,0,180,2,93,3,48,8,220,9,11,29,259,32,271,60,0,62,255,90,14,94,216,104,51,107,94,108,132,108,173,110,2
132,0,175,1,89,5,216,8,45,10,258,23,8,37,274,46,0,66,260,76,222,96,18,101,180,107,140,110,100,114,56,115,2
129,0,172,1,85,4,213,7,42,10,254,23,6,36,274,43,0,64,262,76,227,95,22,98,186,107,145,110,62,111,106,112,2
162,0,118,1,74,6,203,9,31,21,237,34,4,52,255,72,0,87,251,108,19,125,222,133,55,145,185,154,98,158,141,161,2
117,0,160,1,202,6,74,7,33,16,244,19,3,41,268,42,0,72,261,74,226,97,23,103,186,108,143,109,106,110,63,111,2
118,0,162,0,73,7,202,8,32,22,239,27,5,54,255,59,0,90,249,93,218,123,17,129,184,147,53,152,142,161,97,163,2
129,0,172,0,86,4,213,6,43,8,254,20,7,35,272,44,0,65,260,75,223,95,20,101,182,106,141,109,101,112,58,113,2
122,0,166,0,78,5,207,11,37,17,241,34,6,46,257,72,0,78,252,105,18,117,220,133,53,141,183,154,94,157,139,162,2
125,0,167,0,80,3,208,8,39,15,244,28,8,44,254,55,0,81,242,92,13,121,211,124,46,147,176,149,87,163,133,163,2
158,0,114,1,71,7,199,7,30,20,235,27,3,50,254,63,0,85,249,97,19,123,219,125,55,147,184,148,97,160,142,161,2
172,0,128,1,84,5,213,12,43,17,248,36,9,44,259,68,0,72,247,105,15,112,215,135,49,140,179,156,89,160,134,165,2
162,0,76,5,204,5,32,13,245,19,268,38,1,40,0,69,264,71,232,90,27,101,194,104,153,109,69,112,112,113,-1,-1,2
117,0,162,0,74,6,202,8,33,21,240,27,5,52,255,58,0,89,247,93,215,123,16,127,180,148,50,151,138,161,93,163,2
142,0,185,2,99,3,56,4,226,11,15,24,265,32,0,51,273,56,13,86,250,87,210,104,47,106,88,107,123,107,167,111,2
151,0,107,1,63,7,192,7,23,20,230,23,0,49,250,54,0,86,247,90,219,122,20,125,185,148,55,149,97,162,143,162,2
134,0,177,1,91,4,219,8,47,9,259,25,10,34,273,52,0,65,257,82,16,99,218,100,133,109,95,110,176,110,52,111,2
130,0,174,1,88,5,44,8,215,8,256,23,7,34,273,49,0,62,262,81,21,97,225,100,59,110,103,110,141,110,183,110,2
119,0,163,0,75,4,203,9,34,17,239,29,5,50,256,61,0,86,250,94,218,124,18,125,183,148,53,149,141,160,96,161,2
138,0,182,2,95,4,52,8,223,9,262,28,13,33,272,56,0,62,254,85,15,98,213,102,91,108,128,108,49,110,171,110,2
125,0,168,0,82,5,209,5,41,9,252,20,7,32,270,45,0,63,259,77,18,95,221,98,57,107,138,108,180,108,100,109,2
132,0,175,2,89,4,45,9,216,9,257,25,9,33,273,51,0,65,259,81,17,98,221,100,54,109,96,110,135,111,180,111,2
135,0,178,1,92,3,219,7,47,8,259,27,11,32,274,48,0,65,258,80,13,95,220,98,179,108,52,109,137,111,97,112,2
140,0,183,1,97,3,51,7,223,8,13,28,262,31,274,56,0,61,255,87,12,93,215,102,48,108,132,110,173,110,92,111,2
122,0,166,0,78,5,207,8,36,17,241,32,6,45,256,69,0,80,249,103,15,120,217,132,50,143,180,153,92,158,136,162,2
142,0,186,2,99,4,56,6,227,10,15,27,266,30,275,53,0,55,251,85,10,92,211,103,44,107,87,110,125,111,169,113,2
123,0,167,0,79,5,209,11,39,16,245,33,9,45,256,63,0,81,244,100,11,117,211,130,44,142,174,153,85,160,130,163,2
131,0,174,0,88,4,215,6,44,9,256,21,7,37,274,46,0,65,263,77,226,97,21,99,184,107,143,109,103,111,59,112,2
162,0,118,1,74,7,203,8,33,21,240,27,5,52,255,59,0,88,247,94,215,125,16,127,180,149,50,151,137,163,93,164,2
135,0,178,2,91,4,46,8,219,9,10,30,258,30,272,56,0,63,256,86,13,97,216,102,50,109,131,110,174,110,94,111,2
126,0,169,0,81,4,210,11,39,14,243,34,8,41,256,70,0,76,246,105,13,116,214,134,48,140,177,155,89,157,133,163,2
162,0,118,1,74,6,203,9,31,21,237,34,4,52,255,72,0,87,251,108,19,126,222,134,55,146,185,154,98,159,141,162,2
147,0,103,1,60,8,188,8,20,21,227,25,0,50,250,57,3,89,250,90,224,122,24,128,190,147,60,150,148,161,103,162,2
133,0,177,1,90,4,217,8,47,9,259,23,9,37,275,48,0,65,261,77,222,97,19,100,181,108,140,111,56,114,100,114,2
121,0,164,1,77,5,206,8,34,13,246,26,2,39,268,50,0,68,262,86,27,100,231,102,68,109,111,109,149,110,191,111,2
141,0,184,2,97,3,53,7,225,11,14,31,262,35,273,62,0,64,12,93,254,96,49,106,215,108,93,109,131,110,172,113,2
120,0,163,0,74,6,204,9,35,20,240,30,6,51,256,63,0,88,249,97,16,127,217,127,51,150,181,150,139,162,94,163,2
139,0,181,1,95,4,53,7,222,7,262,25,13,27,275,49,0,56,257,81,13,90,218,101,50,106,94,111,132,112,176,112,2
133,0,175,1,89,4,217,7,46,9,257,27,8,34,273,51,0,60,261,87,20,92,226,103,60,107,104,110,143,110,184,111,2
128,0,172,0,84,5,213,12,43,16,247,36,9,43,259,69,0,71,247,105,15,111,215,135,48,139,178,156,89,159,134,165,2
116,0,160,0,71,5,200,8,30,21,237,26,3,53,254,57,0,90,249,92,219,123,19,128,186,147,55,151,143,162,98,163,2
136,0,179,2,93,3,49,7,220,8,260,28,10,30,274,52,0,59,256,84,16,94,217,101,134,109,175,109,53,112,95,112,2
165,0,120,1,76,6,205,10,35,21,239,34,4,53,255,66,0,76,248,100,17,116,216,128,50,142,181,150,92,159,138,162,2
125,0,168,0,82,5,209,5,41,9,251,20,7,32,270,45,0,63,259,77,18,96,222,98,57,108,138,109,180,109,100,110,2
126,0,169,0,83,5,210,6,42,9,252,21,8,31,271,46,0,62,259,79,18,95,222,100,56,107,100,109,137,110,180,110,2
167,0,123,1,78,7,207,9,36,20,242,33,7,50,257,69,0,84,250,105,16,123,218,133,51,145,182,155,93,159,138,163,2
134,0,177,1,90,4,218,8,47,10,259,26,9,35,275,47,0,63,261,81,20,96,224,99,183,110,58,111,142,111,103,113,2
162,0,76,5,204,6,32,13,245,20,268,38,1,40,0,69,264,72,232,92,27,101,194,105,153,111,68,113,112,114,-1,-1,2
158,0,114,1,71,7,199,7,30,20,235,27,3,50,253,64,0,85,248,98,19,124,219,127,55,147,184,149,97,161,141,162,2
113,0,157,1,68,7,197,9,29,22,235,26,3,54,252,55,246,88,0,93,217,120,18,131,183,146,54,154,142,162,97,165,2
137,0,180,1,94,3,49,8,221,9,12,29,259,33,272,61,0,62,256,91,14,94,216,105,50,107,95,109,132,109,173,111,2
150,0,106,1,63,7,191,8,23,23,230,25,0,52,250,56,246,88,0,91,217,120,18,130,183,145,54,152,141,161,96,163,2
117,0,160,1,202,6,74,7,33,16,244,19,3,41,268,42,0,72,261,74,227,97,23,103,186,109,143,110,107,111,63,112,2
133,0,176,1,90,5,217,8,46,10,258,23,9,37,275,47,0,66,261,77,222,97,19,101,181,108,141,112,100,115,56,116,2
122,0,165,0,77,5,206,8,36,18,240,32,6,46,256,69,0,81,249,103,15,121,217,132,50,144,181,153,92,159,137,162,2
109,0,153,0,64,6,193,12,23,22,228,35,0,52,250,73,3,89,253,109,28,125,230,136,66,144,194,158,107,159,151,165,2
141,0,184,2,97,4,55,7,225,9,265,26,15,28,275,48,0,57,252,80,10,93,212,100,44,110,87,113,171,113,127,114,2
119,0,163,0,75,6,204,9,34,19,241,30,7,49,255,61,0,87,246,97,14,123,215,127,49,147,179,151,91,162,136,163,2
138,0,180,1,95,4,52,6,221,7,261,25,12,26,274,51,0,54,258,83,14,88,52,103,219,104,96,108,133,112,177,114,2
129,0,173,1,87,5,43,8,214,8,255,23,7,35,272,49,0,63,261,81,20,98,224,100,58,111,140,111,183,111,102,112,2
138,0,182,2,95,4,52,8,223,10,262,28,12,33,272,57,0,62,254,87,14,98,213,104,90,110,128,110,48,111,171,112,2
123,0,167,0,79,5,209,11,39,16,244,34,9,45,256,64,0,81,244,101,11,117,211,131,44,143,174,153,85,160,130,164,2
135,0,178,1,92,4,220,7,48,9,260,25,11,33,275,41,0,66,259,74,221,95,14,96,181,109,53,111,139,115,97,116,2
116,0,161,0,73,6,201,8,32,21,239,27,5,52,255,57,0,89,247,93,217,124,16,127,182,149,52,151,140,162,94,164,2
136,0,179,1,93,3,220,7,48,8,260,28,12,31,275,50,0,65,259,81,14,95,220,99,52,109,179,110,137,112,97,113,2
139,0,181,1,95,4,53,7,222,7,262,24,13,28,275,48,0,56,257,81,14,91,218,101,50,107,95,112,134,113,177,113,2
129,0,173,0,85,5,214,12,44,16,248,36,10,43,259,68,0,71,248,105,16,111,216,135,49,139,179,156,90,159,135,165,2
141,0,185,2,99,3,56,4,226,11,14,24,265,32,0,51,273,57,12,87,250,88,210,105,47,107,88,109,123,110,167,113,2
123,0,167,0,79,5,209,12,39,16,244,34,9,45,256,65,0,81,244,102,11,117,211,132,44,143,174,154,85,160,130,164,2
130,0,174,1,88,5,215,7,44,10,256,22,8,38,274,47,0,67,263,78,226,98,21,101,185,109,143,112,59,114,103,114,2
126,0,168,0,81,3,209,9,40,15,245,29,9,44,255,58,0,81,242,95,13,121,211,126,45,148,176,151,87,164,133,165,2
114,0,159,0,71,6,199,8,31,22,237,26,4,55,253,56,246,90,0,92,215,121,17,130,181,147,52,153,139,162,94,165,2
125,0,168,0,82,5,209,5,41,9,252,20,7,32,270,45,0,64,259,77,18,97,222,98,57,109,139,110,181,110,101,111,2
168,0,125,2,210,7,82,8,40,22,241,30,8,52,252,70,0,87,243,106,13,126,210,131,45,153,174,154,131,165,86,166,2
137,0,180,2,93,4,49,8,221,9,12,31,259,31,274,56,0,65,259,87,14,95,220,104,52,108,96,112,136,113,178,113,2
130,0,173,0,87,4,214,7,43,8,255,22,7,34,272,48,0,63,261,80,20,98,225,99,183,110,141,111,58,112,102,112,2
117,0,162,0,74,6,202,8,33,21,239,28,5,52,254,59,0,89,246,95,214,125,15,128,179,150,49,151,136,163,91,164,2
133,0,176,2,90,4,46,9,217,9,258,25,10,33,273,52,0,65,260,82,17,98,221,102,54,110,96,111,136,113,180,113,2
134,0,177,2,91,5,218,9,47,10,259,27,10,36,274,48,0,66,258,78,219,97,17,102,178,108,137,113,97,117,54,119,2
115,0,159,0,71,7,200,9,31,20,237,28,5,51,254,61,0,89,247,96,216,126,16,127,50,150,180,150,93,163,137,163,2
116,0,159,1,201,6,73,7,32,16,243,19,2,41,267,41,0,73,260,74,226,97,23,104,186,109,143,111,62,113,106,113,2
136,0,179,1,93,3,49,7,221,8,260,28,10,30,274,52,0,59,256,84,16,94,217,102,175,110,134,111,53,112,95,113,2
162,0,76,5,204,6,33,13,245,20,268,39,1,40,0,69,264,73,233,93,27,102,194,107,154,112,68,114,112,115,-1,-1,2
126,0,169,0,81,4,210,11,39,15,244,34,8,41,256,70,0,77,247,105,14,117,214,134,48,142,178,155,89,159,134,163,2
142,0,186,2,99,4,56,6,227,10,15,27,266,31,274,54,0,55,251,86,10,92,211,105,44,108,86,112,125,113,169,114,2
164,0,120,1,77,8,206,9,36,22,241,30,6,54,256,65,0,88,248,100,16,126,216,129,51,150,180,152,93,164,137,164,2
134,0,177,1,91,4,47,9,219,9,259,28,9,36,274,54,0,64,260,83,17,99,221,102,179,111,137,112,55,113,98,113,2
122,0,166,0,77,5,206,8,36,18,241,32,6,47,256,69,0,82,250,103,16,122,218,132,51,145,182,154,93,160,138,163,2
121,0,164,1,77,5,206,8,34,12,246,27,1,39,268,51,0,68,262,87,26,100,231,104,67,110,111,111,148,112,190,113,2
162,0,119,2,76,7,204,9,34,19,239,32,5,48,254,67,0,83,247,101,16,122,215,130,50,147,179,153,91,163,136,164,2
139,0,182,1,96,4,52,8,224,9,261,30,13,32,0,59,273,60,256,92,15,93,52,105,93,107,217,108,129,111,174,116,2
147,0,103,1,60,8,188,8,20,21,226,26,0,50,250,58,2,89,249,92,223,123,23,128,188,148,59,151,146,162,102,163,2
141,0,97,3,184,3,53,7,225,11,14,31,262,36,273,63,0,64,11,93,254,97,49,107,93,110,215,110,130,112,172,115,2
108,0,152,0,64,6,193,6,23,19,231,23,0,48,250,55,0,86,246,91,218,123,20,125,54,149,184,149,97,163,142,163,2
124,0,168,0,80,6,209,12,39,18,244,36,8,49,258,70,0,82,249,106,15,120,215,133,49,145,178,154,90,162,135,164,2
135,0,178,1,92,4,220,8,48,9,259,26,11,34,273,53,0,65,258,84,16,99,219,103,52,112,95,112,133,113,177,113,2
118,0,162,0,73,6,202,8,32,22,239,27,5,54,255,59,0,90,248,93,217,124,17,129,183,149,53,153,141,163,96,165,2
136,0,179,1,93,4,220,8,49,9,261,26,12,33,276,42,0,66,259,76,14,96,222,96,182,111,53,112,97,117,139,117,2
136,0,180,2,93,4,48,8,221,9,12,29,259,31,272,58,0,63,256,88,14,97,216,104,49,110,94,113,131,113,174,113,2
120,0,164,0,76,6,205,8,34,19,240,33,6,50,255,69,0,87,249,104,16,126,218,132,51,147,181,154,94,160,138,162,2
125,0,168,0,82,5,209,5,41,9,251,20,7,33,270,45,0,64,260,77,19,97,222,98,57,110,181,110,139,111,101,112,2
133,0,175,1,90,4,217,8,46,9,257,28,8,34,273,53,0,60,261,88,20,93,226,105,59,108,104,112,143,112,184,113,2
122,0,166,0,78,5,207,11,37,17,241,35,6,46,257,73,0,79,250,106,17,118,219,135,53,143,182,156,94,159,138,164,2
134,0,177,1,90,4,218,8,46,10,259,27,8,35,275,48,0,63,261,82,19,96,224,101,58,112,183,112,141,113,102,115,2
128,0,172,0,84,5,213,12,43,16,247,37,9,44,258,70,0,71,248,107,15,111,215,136,48,140,178,158,89,160,134,166,2
133,0,176,1,90,5,217,8,47,9,259,24,9,37,274,49,0,65,260,79,222,99,18,101,181,111,139,114,55,116,99,116,2
112,0,157,1,68,7,197,9,29,22,235,27,3,55,252,56,245,90,0,93,216,122,18,132,182,147,53,155,140,163,95,166,2
137,0,180,2,94,4,50,9,221,9,260,28,12,35,273,54,0,65,254,84,14,102,214,102,172,112,130,113,91,114,48,115,2
163,0,120,1,204,6,77,7,35,22,241,25,6,52,255,57,0,87,246,94,16,126,215,126,180,151,50,152,92,166,137,166,2
161,0,118,1,73,6,202,9,30,22,236,34,3,52,254,72,0,88,250,108,18,126,221,134,54,148,184,155,97,161,141,163,2
159,0,115,1,72,7,200,8,31,20,236,28,4,50,254,65,0,85,249,99,19,124,219,128,55,147,184,151,97,162,142,163,2
116,0,160,1,201,6,73,7,32,17,243,19,267,41,3,42,0,74,261,74,227,97,23,105,186,109,144,112,107,113,63,114,2
138,0,182,2,95,4,51,8,223,10,261,29,12,33,272,57,0,62,253,88,13,98,213,105,90,111,47,112,127,112,170,114,2
165,0,122,1,206,6,78,7,37,21,242,27,7,51,255,59,0,85,245,97,15,125,214,128,49,151,179,153,90,166,135,166,2
163,0,120,1,204,6,76,7,35,22,241,25,6,52,254,57,0,87,245,94,15,126,214,126,49,152,179,152,91,166,136,166,2
138,0,180,1,95,4,52,6,221,7,261,25,12,26,274,51,0,54,257,84,14,88,52,103,219,105,95,110,132,114,177,116,2
141,0,185,2,99,3,55,4,226,11,14,24,264,33,0,51,273,58,12,87,250,90,209,107,46,108,87,110,123,112,167,115,2
128,0,172,0,84,5,213,12,43,16,247,37,9,43,258,70,0,71,247,107,15,111,215,136,48,140,178,158,88,160,133,166,2
140,0,184,1,97,3,52,7,224,8,14,28,262,32,273,58,0,60,254,90,11,93,215,105,46,109,131,112,172,112,91,113,2
140,0,183,2,96,4,54,8,224,9,264,26,14,31,276,49,0,60,255,82,13,95,216,102,48,111,175,114,132,115,92,116,2
129,0,173,1,87,5,214,7,43,10,255,22,7,39,273,47,0,67,262,78,225,98,20,102,184,110,143,113,58,115,102,115,2
120,0,164,0,75,6,204,9,35,21,240,31,6,51,255,65,0,88,248,99,16,128,216,128,51,151,181,152,93,164,138,164,2
136,0,179,2,93,3,49,8,221,8,260,28,11,30,274,52,0,59,256,85,16,95,217,102,175,111,134,112,53,113,95,114,2
130,0,173,2,87,4,214,8,44,11,256,23,9,36,272,47,0,69,259,77,221,98,18,103,181,112,54,115,137,115,98,116,2
129,0,173,1,87,5,214,8,43,9,255,23,7,36,272,49,0,64,262,81,20,100,225,100,184,112,142,113,58,114,102,114,2
124,0,168,0,80,5,210,12,40,16,245,35,10,45,256,66,0,81,245,103,12,118,212,133,44,143,174,155,85,161,130,165,2
162,0,76,5,204,6,33,13,245,20,269,39,1,40,0,70,264,74,233,94,27,102,194,108,153,114,68,115,112,117,-1,-1,2
115,0,158,1,200,6,72,8,31,17,242,19,266,41,2,42,0,74,260,74,226,97,22,106,186,110,144,113,62,115,106,115,2
159,0,115,1,72,7,200,8,31,20,235,29,3,50,253,66,0,86,248,101,19,124,218,129,54,148,184,152,96,163,141,164,2
115,0,159,1,200,6,72,8,31,17,242,19,266,41,2,42,260,73,0,74,227,97,22,106,187,110,144,113,106,115,62,116,2
167,0,123,1,78,7,207,9,36,20,241,34,7,50,256,71,0,85,249,106,16,124,218,136,51,146,182,157,93,161,137,165,2
141,0,97,3,184,3,53,8,225,11,14,32,262,36,273,63,0,64,11,94,254,97,49,107,215,110,93,111,130,113,172,116,2
148,0,104,1,60,8,189,8,21,21,227,27,0,50,250,60,3,89,249,94,223,125,23,128,188,150,59,151,146,163,102,164,2
129,0,172,1,86,4,214,7,253,28,8,34,270,49,0,69,257,79,219,99,15,104,179,112,52,116,136,116,97,118,-1,-1,2
117,0,161,0,74,6,202,9,32,21,239,29,5,51,253,62,0,89,245,97,214,127,15,128,178,151,49,152,136,164,91,165,2
135,0,178,1,92,4,48,9,220,9,259,26,11,34,273,54,0,65,257,84,15,100,219,104,52,113,94,114,133,114,177,115,2
133,0,176,2,90,5,217,8,46,10,258,24,9,37,274,49,0,66,260,79,222,99,18,102,181,111,140,114,56,117,99,117,2
125,0,169,0,80,4,209,11,38,15,243,34,8,43,255,70,0,78,246,105,14,118,214,134,48,143,177,156,89,160,134,164,2
138,0,181,1,95,3,50,7,222,9,13,28,259,34,0,61,272,63,13,94,255,94,49,108,216,109,93,111,131,112,173,115,2
138,0,180,1,94,4,52,7,221,7,262,24,12,29,275,48,0,58,257,80,14,93,219,101,51,110,178,114,95,115,134,116,2
165,0,120,1,76,6,205,10,35,21,239,35,4,52,254,68,0,76,247,103,16,116,215,130,49,143,180,152,91,160,137,163,2
130,0,173,0,87,4,214,7,44,8,255,22,7,35,272,47,0,65,261,78,224,99,20,101,182,111,141,114,57,115,100,115,2
116,0,161,0,73,7,201,9,32,21,238,28,5,52,254,59,0,90,246,95,216,126,16,128,181,150,51,152,138,164,93,165,2
126,0,169,0,81,3,210,10,40,15,245,31,9,44,255,60,0,81,241,98,12,121,210,129,44,148,175,153,86,165,131,166,2
121,0,165,1,78,5,206,8,34,12,247,27,2,38,268,53,0,68,262,88,26,100,231,105,67,110,110,112,148,114,190,115,2
118,0,162,0,73,6,202,8,32,22,239,28,5,54,255,60,0,91,248,94,217,125,17,130,183,150,53,154,141,164,96,166,2
121,0,165,0,77,6,205,8,35,19,240,32,6,47,256,69,0,83,249,103,16,123,218,132,51,146,182,154,93,162,138,164,2
128,0,172,0,84,5,213,13,43,16,247,38,9,44,0,71,258,72,247,109,15,112,215,138,48,141,178,159,88,161,133,168,2
117,0,161,0,72,6,202,11,31,19,236,34,3,47,253,71,0,82,248,106,19,121,218,136,55,142,95,159,183,160,140,166,2
113,0,158,1,69,7,198,10,30,22,236,27,4,55,252,58,246,92,0,93,216,123,18,132,182,149,53,155,140,164,95,168,2
116,0,160,0,71,6,200,9,30,22,237,27,3,54,254,58,0,91,248,93,218,125,18,130,185,150,54,153,142,164,97,166,2
168,0,125,2,82,8,210,8,40,22,240,31,9,52,252,72,0,87,243,108,12,127,210,133,45,153,174,155,86,166,130,167,2
137,0,180,2,93,4,49,8,220,9,12,31,259,32,273,58,0,64,258,90,13,95,219,106,51,108,95,113,134,115,177,115,2
119,0,163,0,75,6,204,9,33,20,239,32,5,50,255,69,0,88,248,104,15,127,217,133,51,148,181,154,94,162,137,163,2
136,0,179,1,93,3,48,7,220,8,11,28,259,31,272,58,0,62,255,88,13,96,215,105,48,109,92,113,131,113,174,114,2
162,0,117,1,73,6,202,9,30,22,236,34,4,53,254,72,0,89,250,108,18,127,221,135,54,149,184,156,97,162,141,164,2
133,0,176,1,89,4,217,8,46,11,258,23,10,38,272,48,0,70,258,77,219,98,16,106,179,111,136,115,52,118,96,118,2
168,0,125,1,82,6,210,8,41,19,243,30,10,49,254,65,0,85,244,102,12,121,212,131,45,147,176,155,86,163,132,166,2
118,0,162,1,74,5,202,10,33,19,238,31,5,53,255,63,0,89,248,97,217,127,17,128,183,151,52,152,140,164,95,165,2
141,0,184,1,98,3,53,7,224,9,15,27,262,33,273,59,0,60,254,91,11,93,214,107,46,109,90,114,130,114,172,114,2
120,0,164,0,75,5,204,9,34,18,239,29,5,48,254,65,0,84,247,101,16,124,217,131,51,148,182,154,94,162,139,164,2
133,0,176,1,90,5,217,8,47,9,258,24,9,37,274,50,0,65,260,80,17,101,222,101,180,113,138,115,55,116,98,117,2
120,0,164,0,76,6,205,9,34,19,239,32,5,48,255,69,0,84,249,103,16,124,218,132,51,147,182,155,94,162,138,165,2
119,0,162,0,76,6,204,6,35,15,246,19,4,39,268,44,0,70,260,78,225,100,21,102,61,112,104,113,141,113,184,113,2
110,0,154,0,67,5,195,9,25,18,233,28,1,46,250,55,0,84,243,93,17,124,215,125,51,149,181,151,93,165,138,165,2
118,0,163,0,75,6,204,9,34,21,240,29,6,52,255,62,0,89,246,97,214,127,15,128,49,152,179,152,136,165,91,166,2
164,0,120,1,75,6,204,9,35,21,240,31,6,51,255,65,0,89,248,99,16,128,216,129,50,152,181,153,138,165,93,166,2
133,0,176,2,90,4,46,9,217,9,258,27,10,33,273,54,0,65,259,85,16,99,220,105,53,111,95,113,135,116,179,116,2
138,0,180,1,95,4,52,6,221,7,261,26,12,27,274,52,0,54,257,85,14,88,52,104,219,106,95,112,133,116,177,118,2
114,0,158,0,70,6,199,9,30,21,236,28,4,51,253,61,0,89,246,96,215,127,15,128,50,151,180,151,92,164,137,164,2
162,0,76,5,204,6,33,13,245,21,1,40,268,40,0,70,264,75,233,95,27,102,194,110,68,115,153,115,112,118,-1,-1,2
142,0,185,2,98,4,56,7,226,10,15,28,266,28,275,51,0,57,251,84,10,94,212,105,43,112,86,116,171,117,126,118,2
124,0,168,0,80,5,209,12,40,16,244,35,10,45,256,68,0,82,244,105,11,118,211,134,44,144,174,157,85,162,130,166,2
130,0,173,1,86,4,214,7,43,10,255,25,7,36,273,46,0,64,262,80,21,99,227,100,186,113,60,114,144,116,105,117,2
138,0,182,2,95,4,51,8,223,10,261,30,12,33,272,58,0,62,252,89,13,99,213,107,89,112,47,113,127,114,170,115,2
159,0,116,1,72,8,200,9,32,23,238,28,4,55,252,57,0,93,242,93,213,125,16,132,179,151,50,156,137,166,93,168,2
135,0,178,0,92,4,48,8,220,9,259,29,10,35,274,56,0,62,260,86,17,97,221,105,54,113,98,114,136,115,180,115,2
166,0,121,1,76,7,206,10,36,21,240,35,4,52,254,70,0,76,247,105,16,116,215,133,49,144,180,155,90,162,136,165,2
140,0,184,2,97,4,54,8,225,9,265,28,14,30,274,50,0,60,252,83,11,97,213,104,44,114,171,116,87,118,128,118,2
138,0,181,2,95,4,51,9,222,9,261,29,12,35,273,56,0,65,254,86,14,103,215,105,172,115,48,116,90,116,129,116,2
166,0,123,1,80,6,208,7,38,19,243,29,7,49,255,62,0,83,244,100,14,123,212,131,47,150,176,155,87,166,133,168,2
118,0,162,1,74,5,202,10,33,19,238,31,5,53,254,63,0,89,248,97,217,127,17,129,182,151,52,153,95,165,140,165,2
119,0,163,0,75,6,204,9,33,20,239,33,5,51,255,69,0,88,249,104,16,128,218,133,51,149,181,155,94,162,138,164,2
130,0,174,0,88,4,215,6,44,9,256,22,8,38,273,47,0,67,263,79,226,100,21,102,185,112,143,115,59,116,102,117,2
119,0,163,0,76,6,205,10,35,18,241,32,7,49,254,64,0,87,245,101,13,123,213,131,47,148,177,154,88,164,134,166,2
141,0,184,3,97,4,53,8,225,11,14,32,262,36,273,63,0,65,11,95,254,97,48,109,215,111,92,114,131,115,172,117,2
125,0,169,0,80,4,209,11,38,15,243,34,8,44,255,70,0,79,246,105,14,119,214,134,48,145,178,156,90,161,134,165,2
115,0,159,1,199,6,72,8,31,17,242,19,267,40,2,43,261,73,0,75,227,97,23,107,187,111,145,114,63,117,107,117,2
119,0,163,0,75,6,204,8,34,20,240,29,6,51,255,62,0,88,246,98,15,127,215,128,49,152,179,153,91,166,136,166,2
129,0,172,1,86,5,213,8,42,9,254,23,6,37,272,48,0,66,261,81,225,101,20,102,184,113,58,116,142,116,102,117,2
133,0,176,1,90,5,217,8,46,10,258,25,9,37,273,50,0,65,260,81,17,101,222,102,180,114,138,116,54,117,97,118,2
133,0,176,1,90,4,218,8,46,9,258,28,8,34,274,53,0,60,261,90,20,93,226,107,60,109,104,114,143,115,184,115,2
138,0,180,1,95,4,52,7,221,7,261,26,13,27,274,52,0,55,258,85,15,88,52,105,219,107,95,112,133,117,178,119,2
148,0,104,1,60,8,189,9,20,21,227,28,0,50,249,61,2,89,248,95,222,126,22,128,187,151,58,152,100,165,145,165,2
130,0,173,0,87,4,214,7,44,8,255,22,7,35,272,48,0,65,260,79,223,100,19,101,182,113,140,115,56,116,100,117,2
124,0,168,1,80,5,209,14,40,16,245,37,9,45,256,65,0,80,243,103,13,120,211,134,45,147,174,157,85,165,130,168,2
152,0,108,1,64,6,193,7,24,19,231,25,0,48,249,58,0,86,245,94,18,125,217,126,53,150,182,152,95,165,140,165,2
139,0,183,2,97,4,52,8,224,10,262,30,13,33,272,59,0,62,253,90,13,99,213,108,47,113,89,114,127,115,171,117,2
133,0,176,2,90,5,217,8,46,10,258,24,9,37,274,49,0,66,260,80,222,101,17,102,180,113,139,116,55,118,98,119,2
137,0,179,1,93,4,51,7,220,7,261,24,12,29,275,47,0,59,257,80,14,94,219,102,50,111,178,114,94,117,134,117,2
159,0,115,1,72,7,200,8,31,20,235,30,3,50,252,67,0,86,247,102,19,124,218,130,53,149,183,153,95,164,140,165,2
118,0,162,0,73,6,202,8,31,21,236,33,4,52,253,71,0,88,250,107,18,127,221,134,54,148,184,156,97,162,141,164,2
118,0,162,1,74,6,203,10,33,21,239,30,6,51,254,64,0,89,245,99,15,128,214,129,49,153,178,153,136,166,91,167,2
137,0,180,2,94,4,49,8,221,9,12,29,260,32,272,60,0,63,255,91,12,97,215,108,48,111,92,115,130,116,173,116,2
135,0,178,1,91,4,219,8,47,10,259,28,9,35,275,50,0,63,260,85,19,97,224,104,57,113,183,115,102,117,141,117,2
118,0,162,0,73,6,202,9,32,22,239,28,5,55,254,61,0,91,247,95,216,127,17,131,183,151,52,154,140,166,95,167,2
135,0,178,1,92,4,220,7,48,8,259,25,12,32,275,41,0,65,259,75,14,96,221,97,53,113,182,113,97,120,140,120,2
118,0,162,0,74,6,203,9,32,20,238,33,5,51,254,69,0,89,248,104,15,128,217,133,51,149,181,155,93,163,137,165,2
164,0,120,1,75,7,204,10,35,21,240,32,6,52,255,66,0,89,247,100,16,129,216,130,50,153,180,153,93,166,138,166,2
142,0,185,1,99,3,54,7,225,9,15,27,263,33,0,60,274,60,11,92,254,93,214,108,46,109,90,115,130,115,172,116,2
169,0,126,2,83,8,211,9,41,22,241,34,9,52,252,75,0,86,243,112,12,126,211,135,45,153,174,158,86,167,130,169,2
136,0,179,1,93,4,221,7,49,8,260,26,12,32,275,44,0,65,258,78,13,95,220,98,52,112,180,113,138,118,95,119,2
119,0,163,0,75,6,204,9,33,19,238,32,5,49,254,69,0,85,248,103,16,125,217,133,51,148,182,155,93,163,138,166,2
122,0,166,1,79,5,207,8,35,12,248,28,3,38,269,54,0,68,262,90,26,100,231,107,67,111,110,114,148,116,190,117,2
115,0,160,0,72,6,200,9,32,22,238,29,5,55,253,60,0,92,244,95,213,126,15,131,179,151,50,155,137,166,92,168,2
130,0,173,1,87,4,215,8,254,28,9,33,271,52,0,69,257,82,219,102,15,103,178,114,51,117,135,118,96,119,-1,-1,2
136,0,179,2,93,4,49,8,221,8,260,28,11,30,274,52,0,60,255,86,15,96,217,105,175,114,52,115,133,115,94,117,2
120,0,165,2,76,5,205,16,34,18,238,42,5,48,0,82,258,83,253,112,18,121,219,137,53,148,184,160,95,166,140,170,2
170,0,127,2,83,8,211,9,41,21,241,34,10,51,253,76,0,85,244,112,12,126,211,136,44,153,174,159,85,167,130,169,2
137,0,179,1,93,4,220,7,51,8,261,24,12,30,275,47,0,60,257,80,14,95,220,102,51,112,179,115,95,118,135,118,2
141,0,185,2,99,3,56,4,226,11,14,24,264,33,0,51,273,59,12,88,250,91,210,109,46,110,87,113,123,115,167,118,2
117,0,161,0,73,6,202,9,33,21,239,29,6,52,254,61,0,90,246,97,16,128,215,128,50,152,181,152,92,166,138,166,2
138,0,181,1,95,3,49,7,221,9,13,28,258,35,0,61,271,63,12,94,254,95,48,109,215,110,92,113,130,114,172,117,2
141,0,184,3,97,4,53,8,225,11,14,33,262,36,273,63,0,65,11,96,254,97,48,110,216,112,92,115,131,116,172,118,2
148,0,105,1,61,8,190,9,21,21,228,29,0,50,250,63,2,89,248,97,22,128,222,128,58,152,187,153,99,166,144,166,2
126,0,169,0,81,3,210,11,40,15,245,33,9,44,254,63,0,81,241,100,12,122,209,131,44,149,174,155,85,166,130,168,2
133,0,176,2,89,4,46,9,217,9,257,27,10,33,272,54,0,65,258,86,16,99,220,106,52,112,95,114,134,117,179,118,2
160,0,116,2,73,8,201,8,32,22,236,30,4,53,253,68,0,88,248,103,19,126,219,132,54,150,184,154,96,165,141,166,2
126,0,169,0,81,3,210,11,40,15,245,33,9,44,254,63,0,81,241,101,12,122,209,131,44,149,174,155,85,166,130,168,2
142,0,185,1,98,4,56,7,226,9,15,28,265,28,274,51,0,56,251,84,9,94,212,105,43,112,85,117,170,117,126,119,2
132,0,176,1,90,4,217,8,46,9,257,25,9,36,274,51,0,64,262,84,19,99,226,104,57,114,184,116,101,117,141,117,2
138,0,181,2,95,5,51,9,222,10,261,30,12,35,272,57,0,65,254,87,13,103,214,106,172,116,47,117,129,117,90,118,2
113,0,158,0,69,6,198,9,30,21,235,27,4,54,252,58,0,92,245,93,215,124,17,131,181,150,52,155,139,165,94,167,2
122,0,166,0,77,5,207,12,37,17,240,36,6,47,256,74,0,80,250,108,17,119,218,136,52,144,182,158,93,161,138,166,2
139,0,182,2,96,4,52,8,224,10,261,31,13,32,0,60,272,61,14,94,255,94,51,107,92,110,217,112,129,116,174,121,2
119,0,163,1,75,5,203,11,34,19,239,32,5,53,255,65,0,89,248,99,17,129,217,129,52,153,182,153,140,166,94,167,2
141,0,185,2,99,3,55,4,226,11,14,25,264,33,0,52,273,59,12,88,250,91,210,109,46,110,87,113,124,116,168,119,2
162,0,118,1,73,7,202,9,31,22,236,34,4,53,253,72,0,90,250,108,18,128,220,136,54,150,184,157,97,164,140,166,2
131,0,174,0,88,4,215,7,44,9,256,22,8,38,273,48,0,67,262,80,226,101,20,102,185,114,59,117,143,117,102,118,2
120,0,164,0,76,6,206,11,36,18,241,33,8,48,254,66,0,87,245,102,13,123,213,132,47,148,177,156,88,165,133,167,2
167,0,123,1,77,7,207,9,36,21,241,35,7,51,256,72,0,85,249,108,16,124,217,138,51,148,182,160,93,163,137,168,2
133,0,176,1,90,3,218,8,46,9,258,28,8,33,273,55,0,60,261,92,20,93,226,109,59,110,103,115,142,117,184,118,2
120,0,165,1,75,6,205,13,34,18,239,38,5,45,253,75,0,79,246,112,19,117,54,141,215,143,93,160,180,166,137,171,2
136,0,179,2,93,4,49,8,221,9,260,29,11,30,273,53,0,60,255,86,15,96,216,105,175,115,52,116,133,116,94,118,2
159,0,115,1,72,7,200,9,31,20,235,30,3,51,252,68,0,86,247,103,18,125,217,132,53,149,182,154,94,165,139,166,2
138,0,181,3,94,4,222,8,50,10,262,29,13,36,274,54,0,70,255,87,12,101,217,105,175,115,49,116,134,118,93,120,2
118,0,163,0,75,6,204,10,34,21,240,31,6,52,254,64,0,89,245,99,14,128,213,130,48,153,177,154,90,167,135,167,2
122,0,165,1,78,5,207,8,35,12,247,28,2,38,268,55,0,67,262,92,25,100,230,109,66,111,109,115,147,117,190,119,2
125,0,170,0,81,5,210,14,40,18,243,39,8,48,258,77,0,78,250,110,16,117,217,138,49,144,180,159,91,163,136,168,2
124,0,167,0,80,4,209,10,39,18,243,34,8,48,255,70,0,82,245,106,15,121,213,134,49,148,177,156,89,164,133,167,2
143,0,187,2,100,4,57,7,228,11,16,27,266,33,0,56,274,58,251,91,10,93,211,110,42,111,85,115,124,118,169,120,2
120,0,164,0,76,6,205,9,35,20,241,30,7,51,254,65,0,88,246,100,15,127,214,131,48,152,178,155,90,167,135,167,2
135,0,178,2,92,4,48,9,219,11,260,30,10,35,274,55,0,65,258,85,16,101,219,104,177,115,135,118,52,120,95,120,2
118,0,162,0,74,6,203,9,33,20,238,33,5,51,253,70,0,89,247,106,15,128,217,135,50,150,181,156,93,164,137,166,2
129,0,172,1,86,5,213,8,42,10,254,23,7,37,272,48,0,67,261,81,225,101,20,103,185,114,143,117,58,118,102,119,2
134,0,177,1,91,5,218,8,47,9,259,25,10,37,274,51,0,66,261,82,18,101,223,103,182,116,55,118,138,118,98,119,2
117,0,161,0,72,6,202,10,32,21,238,31,5,52,254,65,0,89,247,99,16,128,216,130,51,153,180,154,93,167,138,167,2
162,0,76,4,204,5,33,12,245,20,1,38,268,40,0,69,264,75,233,96,27,102,195,112,68,116,153,117,112,119,-1,-1,2
117,0,161,0,72,6,202,11,31,19,236,35,3,47,252,73,0,82,247,108,19,121,217,139,55,144,95,161,182,163,139,169,2
139,0,183,2,96,5,52,8,224,10,262,31,13,33,272,60,0,63,253,91,12,99,213,110,46,114,88,115,127,118,170,119,2
141,0,185,2,99,3,55,5,226,11,15,25,264,33,0,52,273,58,12,89,251,91,210,110,46,111,87,115,124,117,168,119,2
139,0,182,3,95,4,223,9,51,10,262,30,14,36,274,56,0,69,256,89,12,100,217,106,49,115,175,116,134,118,94,119,2
161,0,75,5,203,5,32,14,244,19,268,37,1,42,263,71,0,72,232,92,26,106,194,109,154,117,68,119,112,121,-1,-1,2
114,0,158,1,199,6,71,8,30,18,241,18,266,40,2,44,261,72,0,77,228,97,23,109,188,112,146,117,63,120,107,120,2
140,0,183,2,96,5,54,9,224,10,264,28,14,31,275,53,0,60,254,85,12,96,215,106,47,113,90,119,174,119,130,120,2
137,0,179,1,94,4,220,7,51,8,260,25,12,29,274,51,0,57,258,85,15,91,220,106,52,108,96,116,134,120,179,120,2
138,0,181,3,94,4,222,8,50,10,262,29,13,36,274,54,0,70,255,87,11,102,216,106,175,116,49,117,134,119,93,121,2
135,0,178,1,92,4,48,9,220,9,259,27,10,34,272,56,0,65,257,87,15,101,218,107,50,115,93,116,132,118,177,118,2
141,0,184,3,97,4,52,9,225,11,14,33,262,36,273,63,0,66,11,96,254,97,48,111,216,112,92,116,131,117,173,119,2
136,0,178,1,92,4,219,7,50,8,260,23,11,31,274,47,0,61,257,80,14,96,220,102,51,114,179,116,95,120,136,120,2
138,0,181,1,94,3,50,7,222,8,261,30,13,31,274,54,0,64,257,87,12,95,218,107,50,111,177,117,93,118,134,119,2
142,0,185,1,99,3,54,6,225,9,15,27,262,34,0,59,273,62,10,92,253,94,45,110,213,110,88,116,128,117,171,117,2
129,0,172,0,86,4,213,7,42,9,254,21,7,37,272,47,0,67,262,79,226,101,20,103,185,114,143,117,59,118,102,119,2
138,0,181,1,95,3,50,7,221,9,12,28,258,35,0,61,271,64,11,94,254,96,47,109,215,111,91,114,129,116,172,119,2
135,0,178,1,92,4,48,8,220,10,259,30,10,34,273,58,0,62,260,89,16,98,221,108,54,113,97,116,136,118,180,119,2
132,0,175,2,89,4,216,8,256,30,10,33,271,56,0,68,257,87,15,103,218,106,51,117,178,118,134,120,95,121,-1,-1,2
137,0,180,1,94,4,50,8,221,8,261,27,12,31,275,46,0,64,258,80,13,95,220,102,51,113,180,116,94,121,137,121,2
123,0,166,0,80,5,207,5,39,10,250,20,6,35,269,43,0,67,259,77,222,100,17,101,182,113,56,115,139,117,100,119,2
135,0,178,1,91,4,219,9,47,10,259,28,9,35,274,51,0,63,260,86,19,97,224,106,57,114,182,117,140,118,101,119,2
135,0,177,1,91,4,218,7,49,8,259,23,11,31,273,46,0,62,257,79,14,97,219,102,51,115,179,117,95,121,136,121,2
137,0,181,2,94,5,51,9,222,10,261,31,12,35,272,58,0,66,254,89,13,103,214,108,46,118,172,118,89,119,129,119,2
141,0,184,3,97,4,53,9,225,11,14,33,262,36,273,63,0,66,11,97,254,97,48,112,216,112,92,117,131,119,173,120,2
137,0,180,1,94,4,50,8,221,8,261,27,12,31,275,51,0,64,260,84,14,94,222,104,53,111,181,117,95,119,138,121,2
130,0,174,0,88,4,215,7,44,9,256,23,8,38,273,49,0,67,262,81,20,102,226,103,185,115,58,117,102,119,143,119,2
136,0,178,1,93,4,219,7,50,8,260,24,12,30,274,49,0,60,258,82,14,95,220,104,51,112,179,118,95,119,135,121,2
143,0,186,1,100,3,55,6,226,9,16,27,263,35,0,59,273,63,10,92,253,95,44,110,213,112,88,117,129,119,170,119,2
140,0,183,3,96,4,52,9,224,11,263,34,14,35,274,60,0,68,255,94,12,99,216,110,49,115,174,119,93,120,133,120,2
133,0,176,1,90,4,46,9,218,9,257,29,8,33,272,57,0,60,19,93,260,94,59,111,226,111,102,117,142,119,184,120,2
139,0,182,3,95,4,223,9,51,10,262,29,14,36,274,55,0,70,255,89,12,102,217,107,49,117,175,117,134,120,93,122,2
123,0,166,0,80,5,207,5,39,10,250,20,7,35,269,44,0,68,259,76,223,100,18,102,182,114,56,116,140,118,100,120,2
143,0,187,2,100,4,58,7,228,12,16,28,266,34,0,56,274,59,250,92,9,93,42,111,210,111,85,117,124,121,168,122,2
130,0,174,0,88,4,215,7,44,8,256,23,8,35,272,49,0,65,261,82,19,102,224,103,183,116,56,117,100,119,140,119,2
123,0,166,1,79,5,208,9,36,12,248,28,3,38,268,56,0,67,262,93,25,100,231,111,65,112,109,117,147,119,190,121,2
140,0,184,2,98,4,54,5,225,11,14,26,264,33,0,53,272,58,11,90,250,91,210,110,45,113,87,117,124,119,169,120,2
139,0,183,2,96,5,52,9,224,11,261,32,13,33,271,61,0,63,252,92,12,100,213,112,46,115,88,117,126,120,170,122,2
135,0,178,1,92,4,48,8,220,10,259,31,10,34,273,58,0,62,260,89,16,98,222,109,53,113,97,117,136,119,180,120,2
139,0,182,1,95,3,51,7,223,8,261,30,14,31,274,56,0,64,257,89,12,96,219,108,50,112,93,119,177,119,134,120,2
138,0,181,1,95,4,51,8,222,8,262,27,13,31,276,47,0,64,258,82,14,95,220,103,51,113,180,118,94,122,137,123,2
134,0,177,1,90,3,47,8,218,9,258,28,10,32,272,56,0,64,258,88,16,99,220,108,52,113,94,116,134,120,179,120,2
135,0,177,1,91,4,218,7,49,8,259,23,11,32,273,46,0,62,257,79,15,98,220,103,51,116,180,118,137,122,95,123,2
142,0,185,1,98,4,56,7,226,10,15,28,265,30,274,53,0,57,250,87,9,94,211,108,42,113,84,119,169,120,125,122,2
136,0,179,2,93,4,50,8,221,9,260,29,11,31,273,53,0,61,255,87,15,97,216,107,51,118,175,118,133,120,93,121,2
135,0,178,1,92,4,219,7,48,8,259,26,11,32,274,43,0,65,258,78,14,97,221,100,52,115,182,116,95,123,139,123,2
138,0,181,1,95,4,223,9,51,10,261,29,13,36,272,58,0,66,255,90,13,101,216,110,48,116,91,119,130,120,174,120,2
136,0,178,1,93,4,219,7,50,8,259,25,11,30,274,51,0,58,258,85,14,93,221,107,52,110,95,118,135,121,180,121,2
133,0,176,1,90,4,46,9,218,9,258,28,9,37,273,55,0,66,260,85,17,102,222,106,181,117,55,118,139,120,98,121,2
140,0,184,2,97,3,54,5,225,11,14,26,264,33,0,54,273,58,11,91,251,91,211,110,45,113,87,118,125,119,169,121,2
123,0,166,0,80,5,207,5,39,10,250,19,7,36,269,43,0,69,260,76,223,100,18,103,183,115,56,117,141,119,100,121,2
138,0,181,2,95,5,51,10,222,10,260,31,12,35,271,59,0,66,253,90,12,104,214,109,46,119,88,120,172,120,128,121,2
139,0,182,3,95,4,223,9,51,10,262,30,14,36,274,56,0,70,255,90,11,102,216,108,48,118,175,119,133,122,92,123,2
130,0,174,1,88,4,215,7,44,8,255,24,8,35,272,50,0,65,260,83,19,102,224,105,55,118,183,118,99,121,140,121,2
130,0,174,0,87,4,215,7,44,9,256,23,8,38,273,49,0,67,262,82,19,103,226,104,186,117,58,119,101,121,143,121,2
142,0,185,2,98,4,56,7,226,10,15,28,264,30,273,55,0,57,249,88,8,94,210,109,41,113,84,120,169,122,124,123,2
140,0,183,2,97,4,53,8,225,10,13,32,262,33,0,60,273,63,14,94,256,97,51,109,92,114,218,116,130,121,175,126,2
143,0,186,1,100,3,55,6,225,9,16,27,262,35,0,59,272,64,9,92,252,97,43,111,212,113,86,118,127,120,169,121,2
131,0,174,1,88,5,215,8,44,11,256,26,8,38,274,48,0,66,262,85,21,100,227,104,60,118,187,118,146,122,104,123,2
137,0,180,1,94,4,51,8,221,8,261,24,12,32,272,44,0,63,251,78,11,101,214,102,174,118,45,120,88,124,130,124,2
141,0,184,2,97,5,55,9,225,10,264,30,15,31,275,55,0,60,254,88,12,96,215,109,46,115,90,122,174,122,130,123,2
138,0,181,1,95,4,51,8,222,8,262,27,13,31,275,49,0,64,257,83,13,95,220,105,50,114,180,119,93,123,136,124,2
136,0,179,2,93,4,50,8,221,9,260,29,11,31,272,54,0,61,255,88,15,98,216,108,51,119,175,119,133,121,93,122,2
141,0,184,3,97,4,53,9,225,12,15,34,262,36,273,63,0,67,254,97,11,98,48,114,216,114,92,120,131,121,173,122,2
131,0,174,1,87,4,215,8,44,10,256,26,7,36,273,50,0,64,261,85,20,100,226,106,58,116,185,119,102,122,143,122,2
138,0,181,1,95,3,51,7,222,8,261,28,13,31,275,53,0,63,260,86,14,94,221,106,52,113,181,120,95,121,137,123,2
143,0,187,2,100,4,58,7,228,12,16,28,266,34,0,56,273,60,250,93,9,94,42,112,210,113,84,118,124,122,168,124,2
111,0,155,1,195,5,68,8,238,17,28,18,264,38,1,44,260,71,0,79,228,97,23,112,189,113,147,120,63,123,107,123,2
133,0,176,1,90,4,46,9,218,9,257,30,8,33,272,58,0,60,19,94,260,95,58,112,226,113,102,118,141,121,184,122,2
139,0,182,1,95,3,51,7,223,8,262,30,13,31,274,57,0,64,257,90,12,96,218,109,49,113,92,120,176,121,133,122,2
139,0,182,2,96,3,51,7,222,10,13,28,258,36,0,61,270,67,11,95,254,99,47,110,215,115,91,117,129,119,172,122,2
127,0,171,1,84,5,212,7,42,10,253,22,7,39,271,47,0,69,261,80,226,102,20,106,186,116,58,122,144,122,102,123,2
120,0,163,0,205,6,77,7,36,15,247,20,5,40,268,46,0,71,260,80,20,104,225,104,59,117,185,119,103,120,141,121,2
136,0,179,1,93,4,49,8,220,8,260,27,12,32,275,46,0,65,258,81,14,96,221,103,52,115,181,119,95,124,138,125,2
162,0,76,4,204,6,32,12,245,22,1,39,268,43,0,69,264,79,233,100,27,103,195,116,67,118,153,122,111,123,-1,-1,2
134,0,177,1,90,4,218,8,47,9,259,25,10,36,274,52,0,66,260,84,17,102,222,106,181,119,54,120,139,122,97,123,2
129,0,173,1,86,5,214,8,45,9,255,25,10,30,270,52,0,62,256,86,15,97,218,109,52,112,95,119,132,122,177,122,2
134,0,176,1,90,4,217,7,48,8,258,23,11,32,272,45,0,63,257,79,15,99,220,103,51,118,180,118,96,124,137,124,2
135,0,177,1,92,4,218,7,49,8,258,24,11,31,273,50,0,60,258,84,14,95,221,108,51,113,95,121,180,122,135,124,2
136,0,179,2,92,4,49,9,221,9,260,28,11,34,273,57,0,66,257,90,14,102,219,111,51,116,93,119,132,122,177,122,2
144,0,187,1,101,3,56,6,226,9,17,26,262,36,0,59,272,64,9,92,252,98,43,111,212,115,86,119,127,122,169,123,2
128,0,171,1,84,4,212,8,41,11,253,25,5,38,272,46,0,67,262,80,21,103,227,103,187,117,59,120,145,123,104,125,2
109,0,153,0,193,4,65,7,236,16,25,17,262,37,0,43,260,70,1,78,229,96,25,110,190,113,148,119,65,121,108,122,2
139,0,183,2,96,3,52,7,224,9,14,31,262,31,274,58,0,64,257,91,12,96,218,111,49,113,92,121,177,123,133,124,2
109,0,153,0,193,4,66,7,236,16,25,17,263,37,0,43,261,70,1,78,230,96,26,110,191,113,149,120,66,122,109,122,2
130,0,174,0,87,4,215,7,44,9,256,24,8,38,273,50,0,67,262,83,19,103,226,106,58,119,186,119,101,122,142,122,2
139,0,183,2,96,4,53,6,224,11,13,27,263,32,0,56,272,57,251,91,11,93,211,111,45,116,87,121,126,122,170,122,2
128,0,171,1,84,5,212,8,41,10,253,22,7,39,271,48,0,70,261,81,226,103,20,107,186,118,58,123,144,123,102,125,2
136,0,179,1,93,3,49,8,221,8,260,28,11,30,273,53,0,60,254,87,15,97,216,108,51,119,175,120,92,122,133,122,2
133,0,176,1,90,4,46,9,218,9,257,30,8,34,272,58,0,61,19,95,260,95,58,113,226,113,102,120,141,122,184,123,2
138,0,181,1,95,4,51,8,222,8,262,28,13,31,275,50,0,64,257,85,12,95,219,107,49,115,179,121,92,124,136,126,2
143,0,186,2,99,4,57,7,227,10,16,28,266,31,273,56,0,57,250,89,9,95,211,111,42,114,84,122,170,124,125,125,2
138,0,181,1,94,4,51,7,222,8,261,29,13,30,275,54,0,63,259,88,13,94,220,108,51,113,180,121,93,122,136,125,2
134,0,177,1,91,5,218,9,47,10,259,27,10,37,274,53,0,66,260,85,17,103,223,108,54,120,182,121,97,123,138,124,2
139,0,182,2,95,4,222,9,51,10,260,33,14,38,272,62,0,72,12,100,255,100,51,114,219,116,94,121,134,123,177,125,2
133,0,175,1,89,4,216,7,47,9,257,23,10,33,272,45,0,64,256,79,14,100,220,103,51,119,180,119,137,125,95,126,2
136,0,179,2,93,4,49,8,221,12,259,33,11,34,273,59,0,64,257,90,15,100,218,110,51,120,93,122,177,122,134,123,2
131,0,174,2,88,4,215,9,43,11,254,31,9,34,271,56,0,70,257,87,14,105,218,107,178,119,51,120,136,123,95,125,2
139,0,182,2,95,4,222,9,51,10,260,33,14,37,272,62,0,71,12,99,255,100,51,114,219,116,94,121,134,124,177,125,2
109,0,153,0,193,4,65,7,236,16,25,18,263,37,0,43,261,70,2,79,230,96,26,110,192,113,150,120,66,122,110,123,2
123,0,166,0,80,5,207,5,39,11,250,20,7,36,269,44,0,69,259,78,223,102,18,104,183,117,55,119,140,122,100,123,2
139,0,182,2,95,4,222,9,51,10,260,33,14,38,272,62,0,72,11,100,255,100,51,114,219,116,94,121,134,123,177,125,2
139,0,182,1,96,3,51,7,222,10,13,28,258,36,0,61,270,67,12,95,254,99,47,111,215,116,91,118,130,121,173,123,2
126,0,169,1,83,5,210,6,42,10,252,23,8,33,270,49,0,65,258,83,17,100,222,107,54,116,98,121,181,121,138,123,2
139,0,183,2,96,4,53,6,224,11,13,27,263,32,0,56,273,57,251,91,11,94,212,111,45,117,87,122,126,123,170,123,2
128,0,172,1,86,5,213,7,44,9,254,25,9,31,270,51,0,62,255,86,15,98,217,109,51,113,94,120,132,123,177,123,2
134,0,176,0,91,4,217,5,49,8,258,23,10,31,272,48,0,61,258,83,14,95,221,106,52,113,96,121,181,121,136,124,2
134,0,177,1,90,4,218,8,47,9,258,26,10,36,273,52,0,66,259,85,16,102,222,107,53,121,181,121,97,124,138,124,2
133,0,176,2,89,4,45,9,217,9,10,32,255,32,270,60,0,67,255,91,13,102,217,110,49,117,176,121,93,122,132,123,2
124,0,167,1,80,4,209,9,36,11,248,30,3,37,267,59,0,67,261,96,24,101,64,114,230,115,107,120,145,124,189,125,2
140,0,183,2,95,4,223,9,52,10,261,33,14,37,272,62,0,72,12,99,256,100,51,114,219,116,95,121,135,124,177,125,2
131,0,174,2,88,5,215,9,44,11,256,28,7,38,273,49,0,67,260,84,19,103,224,106,184,120,57,121,142,125,101,126,2
131,0,174,1,87,4,215,8,44,10,256,27,7,36,273,51,0,64,260,86,19,100,225,108,57,117,185,121,102,123,142,124,2
139,0,182,2,95,4,223,8,51,10,260,33,14,38,272,62,0,72,256,99,12,100,52,114,220,116,95,121,135,124,178,125,2
162,0,76,4,204,6,32,12,245,22,1,38,268,44,0,69,264,79,233,101,26,103,195,118,67,119,111,124,153,124,-1,-1,2
143,0,187,3,100,5,57,7,228,13,16,28,265,35,0,56,273,61,9,94,250,95,41,113,210,115,84,120,123,125,168,126,2
137,0,180,1,94,4,50,8,221,8,261,28,13,31,275,49,0,64,259,84,14,96,221,106,52,115,181,121,94,125,138,127,2
134,0,177,2,91,5,219,9,47,10,259,29,9,35,273,54,0,63,258,90,17,98,222,111,55,116,99,123,181,123,138,124,2
140,0,183,2,97,4,53,8,225,11,13,32,261,33,0,60,272,65,14,95,255,99,50,110,92,116,218,118,130,124,175,128,2
139,0,182,2,95,4,222,9,51,10,260,33,14,38,272,62,0,72,12,100,255,100,51,114,219,116,95,121,135,124,177,125,2
139,0,182,2,95,4,222,9,51,10,260,33,14,38,272,62,0,72,12,100,255,100,51,115,219,116,94,121,134,124,177,125,2
139,0,182,2,95,4,222,9,51,10,260,33,14,38,272,63,0,72,12,100,255,100,51,115,219,116,94,121,134,124,177,125,2
139,0,182,2,94,4,222,9,51,10,260,33,14,38,272,63,0,72,12,100,255,100,51,115,219,116,94,121,134,124,177,125,2
139,0,182,2,94,4,222,9,51,10,260,33,14,38,272,62,0,72,12,100,255,100,51,115,219,116,95,121,134,124,177,125,2
138,0,181,2,95,3,50,8,221,10,13,29,257,36,0,62,270,66,11,96,254,99,47,113,215,116,91,119,129,122,173,124,2
136,0,179,2,92,4,49,9,221,10,259,29,11,35,272,59,0,66,257,91,14,102,219,112,50,117,92,121,132,124,177,124,2
135,0,178,1,92,3,49,7,220,8,260,28,10,30,272,53,0,60,253,88,14,98,215,108,50,120,174,120,132,123,91,124,2
140,0,183,2,95,4,223,9,52,10,260,34,14,37,272,63,0,72,12,100,255,100,51,115,219,117,94,121,134,124,177,126,2
139,0,182,2,95,4,223,8,51,10,260,33,14,38,272,62,0,73,12,100,255,100,51,115,220,116,95,121,135,124,177,125,2
108,0,152,0,192,4,65,8,235,16,24,18,262,37,0,44,260,70,1,80,230,96,26,111,191,114,149,121,66,123,109,124,2
133,0,176,1,90,4,46,9,218,9,257,30,8,34,272,58,0,61,19,95,260,95,58,114,226,114,102,121,141,124,184,124,2
139,0,182,2,95,4,223,8,51,10,260,33,14,38,272,62,0,73,256,99,12,100,52,115,220,116,95,121,135,124,178,125,2
138,0,181,2,94,4,222,8,50,11,260,32,13,39,272,62,0,73,256,99,12,101,52,115,220,116,95,122,135,124,177,125,2
138,0,181,2,94,4,222,8,50,10,260,32,13,38,272,62,0,73,256,99,13,101,52,115,220,116,96,121,135,124,178,125,2
139,0,183,2,96,4,53,6,224,11,13,28,263,32,0,57,273,57,251,91,12,95,213,112,45,118,87,123,127,124,171,124,2
139,0,182,2,95,4,223,8,51,11,260,33,14,38,272,62,0,73,256,99,13,101,52,115,220,116,96,122,135,124,178,125,2
139,0,182,2,94,4,222,8,51,10,260,33,14,38,272,62,0,73,256,100,12,101,52,115,220,116,95,121,135,124,177,125,2
139,0,183,3,97,4,52,7,223,10,14,28,260,36,0,61,271,65,10,96,253,98,44,113,213,116,88,120,127,123,171,125,2
141,0,184,2,97,4,55,8,225,10,15,30,264,30,274,55,0,59,253,90,11,96,215,111,45,115,89,123,173,124,129,126,2
138,0,181,2,94,4,222,8,50,11,260,32,14,39,272,62,0,73,256,99,13,101,53,115,221,116,96,121,136,124,179,125,2
139,0,182,1,96,4,52,8,223,9,262,29,14,31,275,51,0,64,257,86,12,95,219,108,49,115,178,123,92,125,135,127,2
138,0,181,2,94,4,222,8,50,11,260,32,13,39,272,62,0,73,256,99,13,101,53,115,220,116,96,122,136,124,178,125,2
141,0,183,2,97,4,53,7,225,10,14,31,263,32,275,57,0,63,256,92,12,94,218,112,49,113,91,122,177,124,133,126,2
137,0,180,2,93,4,221,8,49,10,259,32,13,38,272,62,0,73,256,99,12,101,52,115,220,116,95,121,135,124,178,125,2
138,0,181,2,94,4,222,8,50,11,260,32,13,39,272,62,0,74,256,99,13,101,52,116,220,116,96,122,135,125,178,126,2
137,0,180,2,93,4,221,8,49,11,259,32,13,38,271,61,0,73,256,99,12,101,52,115,220,116,95,121,135,124,178,125,2
139,0,182,2,94,4,222,9,51,10,260,33,14,38,272,62,0,73,255,100,12,101,51,115,219,116,95,121,135,124,177,126,2
136,0,179,1,92,4,220,8,49,11,259,31,12,39,271,60,0,74,256,98,13,101,53,115,221,115,97,121,136,123,179,125,2
137,0,180,1,93,4,221,8,49,11,260,31,13,39,272,61,0,74,257,98,14,102,54,115,222,116,97,121,137,124,180,125,2
138,0,181,2,94,4,222,8,50,11,260,32,13,39,272,62,0,74,256,99,12,101,52,115,220,116,96,122,135,125,178,126,2
135,0,178,1,91,4,220,9,48,10,258,28,11,36,271,57,0,68,256,89,14,105,217,110,49,120,176,122,92,123,132,124,2
120,0,164,2,76,6,35,14,205,14,239,40,4,44,0,78,253,80,21,115,248,116,54,140,218,146,95,164,181,167,137,175,3
120,0,164,2,76,6,35,14,205,14,239,40,4,44,0,78,253,80,21,115,247,116,54,140,219,146,95,163,181,167,137,175,3
120,0,164,2,76,6,35,14,205,14,239,40,4,44,0,77,253,80,21,115,247,116,54,140,219,146,95,163,181,167,137,175,3
120,0,164,2,76,6,35,14,205,14,239,40,4,44,0,77,253,80,21,114,247,116,54,140,218,146,94,163,181,167,137,175,3
120,0,164,2,76,6,35,14,205,15,239,40,4,43,0,77,252,80,21,114,247,116,54,139,218,146,94,163,181,167,136,175,3
120,0,164,2,76,7,35,14,205,14,239,40,4,43,0,77,252,80,21,114,247,116,54,139,218,146,94,163,181,167,136,175,3
121,0,165,2,77,7,36,14,206,14,240,40,5,43,0,77,253,80,22,114,248,116,55,139,219,146,95,163,182,167,137,175,3
121,0,165,2,77,6,36,14,206,14,240,40,5,43,0,77,253,80,22,114,248,116,55,139,219,146,95,163,182,167,137,175,3
121,0,165,2,77,6,36,14,206,14,240,40,5,43,0,76,253,80,22,114,248,116,55,139,219,146,95,163,182,167,137,175,3
121,0,165,2,77,6,36,13,206,14,240,40,5,43,0,76,253,80,22,114,248,116,55,139,219,146,95,162,182,167,137,175,3
121,0,165,2,77,6,36,14,206,15,240,40,4,43,0,76,253,80,22,114,248,116,55,139,219,145,95,162,181,167,137,175,3
121,0,165,2,77,6,36,13,206,15,240,40,5,43,0,76,253,80,22,114,248,116,55,139,219,146,94,162,181,167,137,175,3
121,0,165,2,77,6,36,14,206,14,240,40,4,43,0,76,253,80,22,114,248,116,55,139,219,146,94,162,181,167,137,175,3
121,0,165,2,77,6,36,13,206,14,240,40,4,43,0,76,253,80,22,114,248,116,55,139,219,146,94,162,181,167,137,175,3
121,0,165,2,77,6,36,13,206,15,240,40,4,43,0,76,253,80,22,114,248,116,55,138,219,146,94,162,181,167,137,174,3
121,0,165,2,77,6,36,14,206,15,240,40,4,43,0,76,253,80,22,114,248,116,55,138,219,146,94,162,181,167,137,174,3
121,0,165,2,77,6,36,13,206,14,240,40,4,43,0,75,253,80,22,113,248,116,54,138,219,146,94,162,181,167,136,174,3
121,0,165,2,77,6,36,13,206,14,240,40,4,43,0,75,253,80,22,113,248,116,54,138,218,146,94,162,181,166,136,174,3
121,0,165,2,77,6,36,13,206,15,240,40,4,43,0,75,253,80,22,113,248,116,54,138,218,146,94,162,181,166,136,174,3
121,0,165,2,77,6,36,13,206,15,240,40,4,42,0,75,253,80,21,113,247,116,54,138,218,146,93,162,181,166,136,174,3
121,0,165,2,77,6,36,13,206,14,240,40,4,42,0,74,253,80,21,113,247,116,54,138,218,146,93,162,180,166,136,174,3
121,0,165,2,77,6,36,13,206,14,240,40,4,42,0,74,253,80,21,112,247,116,54,137,218,146,93,161,180,166,136,174,3
121,0,165,2,77,6,36,13,206,15,240,40,4,42,0,74,253,80,21,112,247,116,54,137,218,146,93,161,180,166,136,174,3
121,0,165,2,77,6,36,13,206,15,240,40,4,42,0,74,253,80,21,112,247,117,54,137,217,146,93,161,180,166,135,174,3
122,0,166,2,78,6,37,13,207,14,241,40,5,42,0,73,254,80,22,112,248,117,55,136,218,146,94,161,181,166,136,174,3
122,0,166,2,78,6,37,13,207,14,241,40,5,42,0,73,254,80,22,112,248,117,55,136,218,145,94,161,180,166,136,174,3
122,0,166,2,78,6,37,13,207,15,241,40,5,42,0,73,254,80,22,112,248,117,55,136,218,145,94,161,180,166,136,174,3
122,0,166,2,78,6,37,13,207,14,241,40,5,42,0,73,253,80,22,111,248,117,55,136,218,146,93,161,180,166,136,173,3
122,0,166,2,78,6,37,13,207,14,241,41,4,42,0,73,254,81,22,111,248,117,55,136,218,146,93,161,180,166,136,173,3
122,0,166,2,78,6,37,13,207,15,241,41,4,42,0,73,254,80,22,111,247,117,55,136,218,146,93,161,180,166,135,174,3
122,0,166,2,78,6,37,13,207,14,241,41,4,42,0,73,253,80,22,111,247,117,54,136,218,146,93,160,180,166,135,173,3
122,0,166,2,78,6,37,13,207,15,241,41,4,42,0,72,253,81,22,111,247,117,54,136,218,146,93,160,180,166,135,173,3
122,0,166,2,78,6,37,13,207,15,241,41,4,42,0,72,253,80,22,111,247,117,54,136,218,146,93,160,180,166,135,173,3
122,0,166,2,78,6,37,13,207,14,4,41,241,41,0,72,253,81,22,110,247,117,54,135,217,146,93,160,179,166,135,173,3
122,0,166,2,78,6,37,13,207,15,4,41,241,41,0,72,253,81,22,110,247,117,54,135,217,146,93,160,179,166,135,173,3
122,0,166,2,78,6,37,13,207,14,4,41,241,41,0,72,253,81,22,110,247,117,54,135,217,145,93,160,179,166,135,173,3
122,0,166,2,78,6,37,13,207,15,4,41,240,41,0,71,253,81,22,110,247,117,54,135,217,146,92,160,179,166,134,173,3
122,0,166,2,78,6,37,13,207,15,3,41,241,41,0,71,253,81,22,110,247,117,54,134,217,146,92,159,179,166,134,173,3
122,0,166,2,78,6,37,13,207,15,3,41,240,41,0,71,253,81,22,110,247,117,54,134,217,146,92,159,179,166,134,173,3
122,0,166,2,78,6,37,13,207,15,3,41,240,41,0,71,253,81,22,109,247,117,54,134,217,146,92,159,179,166,134,173,3
122,0,166,2,78,6,37,13,207,15,3,41,241,41,0,71,253,81,22,109,247,117,53,134,217,146,92,159,178,166,134,173,3
122,0,166,2,78,6,37,13,207,15,3,40,240,41,0,71,253,81,22,109,247,117,53,134,217,146,92,159,178,166,134,172,3
122,0,166,2,78,6,37,13,207,15,3,40,240,41,0,70,253,81,21,109,246,117,53,134,216,146,92,159,178,166,134,172,3
122,0,166,2,78,6,37,13,207,14,3,40,240,41,0,70,253,81,22,109,246,117,53,134,216,146,91,159,178,166,134,172,3
122,0,166,2,78,6,37,13,207,15,3,40,240,41,0,70,253,81,21,109,246,117,53,134,216,146,91,159,178,166,133,172,3
122,0,166,2,78,6,37,13,207,15,3,40,240,41,0,70,253,81,21,109,246,117,53,133,216,146,91,159,178,166,133,172,3
122,0,166,2,78,6,37,13,207,15,3,40,240,41,0,70,253,81,21,108,246,117,53,133,216,146,91,159,178,166,133,172,3
122,0,166,2,78,6,37,12,207,15,3,40,240,41,0,70,253,81,21,108,246,117,53,133,216,146,91,159,178,166,133,172,3
122,0,166,2,78,6,37,13,207,15,3,40,240,41,0,69,252,81,21,108,246,117,53,133,216,146,91,158,178,166,133,172,3
123,0,167,2,79,6,38,12,208,15,4,40,241,41,0,69,253,81,22,108,247,117,54,133,217,146,92,158,178,165,134,172,3
123,0,167,2,79,6,38,12,208,15,3,40,241,41,0,69,253,81,22,108,247,117,54,133,216,146,91,158,178,165,134,172,3
122,0,166,2,78,6,37,12,207,15,2,40,240,41,0,69,252,81,21,108,246,117,53,133,215,146,90,158,177,165,133,172,3
123,0,167,2,79,6,38,12,208,15,3,40,241,41,0,68,253,81,22,107,247,117,53,132,216,146,91,158,178,165,133,172,3
123,0,167,2,79,6,38,12,208,15,3,40,241,41,0,68,253,81,22,107,246,117,53,132,216,146,91,158,178,165,133,171,3
123,0,167,2,79,6,38,12,208,15,3,39,241,41,0,68,253,81,22,107,246,117,53,132,216,146,91,158,178,165,133,171,3
123,0,167,2,79,6,38,12,208,15,3,39,241,41,0,67,253,81,22,106,246,118,53,131,216,146,90,157,178,165,133,171,3
123,0,167,2,79,6,38,12,208,15,3,39,241,41,0,67,253,81,22,106,246,118,53,131,216,146,90,157,177,165,132,171,3
124,0,168,2,80,6,39,12,209,15,4,38,243,41,0,66,255,80,22,105,248,116,54,129,217,144,92,154,179,163,134,168,3
124,0,168,2,80,6,39,12,209,14,3,38,243,40,0,65,255,80,22,104,248,115,54,128,217,143,92,153,179,162,134,167,3
124,0,168,2,80,6,39,11,209,14,3,38,243,40,0,65,255,79,22,103,248,115,54,127,217,142,91,152,179,161,133,166,3
125,0,169,2,81,6,40,12,210,14,4,38,244,40,0,64,256,79,23,102,249,114,55,126,218,142,92,150,180,160,134,165,3
125,0,169,2,81,6,40,11,210,14,4,38,244,40,0,63,256,79,23,101,249,114,54,124,218,141,92,149,179,159,134,164,3
125,0,169,2,81,6,40,11,210,14,4,38,244,40,0,63,256,79,22,101,249,114,55,124,218,141,91,148,179,159,134,163,3
126,0,170,2,82,6,41,11,211,14,5,38,245,40,0,62,257,79,24,100,250,114,56,122,219,141,92,147,180,159,135,163,3
126,0,170,2,82,5,41,11,211,14,5,37,245,40,0,62,257,79,23,99,250,114,56,122,219,141,92,147,180,158,135,162,3
126,0,170,2,82,6,41,11,211,14,4,37,245,40,0,62,257,79,24,99,250,114,55,122,219,141,92,146,180,158,134,162,3
126,0,170,2,82,6,41,11,211,14,5,37,245,40,0,61,257,79,24,98,250,114,56,121,219,140,92,146,180,158,134,161,3
126,0,170,2,82,6,41,11,211,14,5,37,245,40,0,61,257,79,24,98,250,114,56,121,219,140,92,145,180,158,134,161,3
126,0,170,2,82,6,42,11,211,14,5,37,245,39,0,60,258,78,24,97,251,113,56,119,220,139,93,144,180,156,135,159,3
127,0,171,2,83,6,42,11,212,13,5,36,246,37,0,59,260,75,25,95,252,110,58,115,221,135,94,138,182,152,137,154,3
127,0,171,2,83,6,42,11,212,12,5,36,246,36,0,59,260,74,25,94,253,108,58,114,222,134,94,137,182,150,137,153,3
127,0,171,1,83,6,42,11,212,12,247,35,5,36,0,58,261,73,25,92,254,106,59,111,222,131,95,133,183,147,137,149,3
127,0,171,1,83,6,42,10,212,12,248,34,5,36,0,58,261,72,25,91,254,105,60,110,222,130,95,131,183,146,138,147,3
126,0,170,1,83,6,42,10,211,11,247,34,4,36,0,57,261,70,25,90,254,103,60,107,95,127,222,128,182,143,138,144,3
126,0,170,1,83,6,42,10,211,10,247,32,4,35,0,57,262,68,26,88,255,101,61,105,95,124,223,125,138,140,183,140,3
126,0,170,1,83,6,42,10,211,10,248,32,4,35,0,56,262,67,26,87,255,101,62,103,95,122,223,124,183,138,138,139,3
126,0,170,0,83,5,42,9,211,9,248,30,4,33,0,55,262,65,26,85,255,99,62,100,95,119,223,122,138,136,183,136,3
126,0,170,0,83,5,42,9,211,9,248,30,4,33,0,54,262,65,26,84,63,97,255,97,95,114,223,120,137,132,183,133,3
126,0,170,1,83,6,42,9,211,10,248,31,4,34,0,55,262,66,26,84,63,97,255,98,95,114,223,120,137,132,182,133,3
126,0,170,1,83,6,42,9,211,10,248,30,4,34,0,54,262,66,26,83,63,96,255,98,95,113,223,120,137,131,182,132,3
126,0,170,1,83,6,42,9,211,10,248,30,4,33,0,54,262,65,26,82,63,95,255,97,95,112,223,119,137,130,182,132,3
126,0,170,1,83,6,42,9,211,10,248,30,4,33,0,53,262,65,26,82,64,94,255,97,95,110,223,119,137,129,182,131,3
126,0,170,1,83,6,42,9,211,9,248,30,4,33,0,53,262,65,26,81,64,93,255,97,95,109,223,118,137,128,182,130,3
126,0,170,1,83,6,42,9,211,9,248,30,4,32,0,51,262,65,27,79,64,91,256,96,95,107,223,118,137,126,182,129,3
126,0,170,1,83,6,42,9,211,9,248,30,4,32,0,51,263,65,27,79,65,90,256,96,95,106,223,117,137,125,182,128,3
126,0,170,1,83,6,42,9,211,9,248,30,4,32,0,50,263,64,27,78,65,89,256,96,95,105,223,117,137,124,182,128,3
127,0,170,1,83,6,42,9,211,9,248,30,4,31,0,49,263,64,27,76,65,88,256,95,95,103,223,116,137,122,182,127,3
126,0,170,1,83,6,42,9,211,9,248,30,4,31,0,48,263,64,27,76,65,87,256,95,96,102,224,115,138,122,183,126,3
127,0,170,1,83,6,42,9,211,9,248,29,4,31,0,48,263,64,28,75,65,86,256,95,96,101,224,115,138,121,183,125,3
126,0,170,1,83,6,42,9,211,9,248,29,4,30,0,47,263,64,28,74,66,86,257,95,96,101,224,114,138,120,183,125,3
126,0,170,1,83,6,42,9,211,9,248,29,4,30,0,46,264,63,28,74,65,85,257,94,96,100,224,114,138,119,183,124,3
127,0,170,1,83,6,42,9,211,9,248,29,4,30,0,46,264,63,28,73,66,84,257,94,96,99,224,114,138,119,183,123,3
126,0,170,1,83,6,42,9,211,9,4,29,248,29,0,45,264,63,28,73,66,83,257,94,96,98,225,113,138,118,183,122,3
127,0,170,1,83,6,42,9,211,9,4,29,248,29,0,45,264,63,28,72,66,83,257,94,97,98,225,113,139,117,184,122,3
127,0,170,0,83,5,42,8,211,8,248,28,4,29,0,44,264,63,28,72,66,83,257,93,97,97,224,113,139,117,184,122,3
129,0,172,1,85,6,44,12,213,12,5,34,249,36,0,53,263,73,26,86,61,103,255,106,94,124,222,129,137,142,182,142,3
128,0,172,2,84,6,43,13,213,14,5,38,247,39,0,58,260,78,24,94,253,112,57,115,220,137,93,139,181,152,135,155,3
128,0,172,2,84,6,43,15,213,15,5,41,246,42,0,63,258,82,23,101,251,117,55,125,219,143,92,150,180,161,135,165,3
127,0,171,2,82,6,41,16,211,16,5,43,244,43,0,68,256,83,22,107,248,119,54,133,217,147,91,158,178,166,133,172,3
127,0,171,2,82,6,41,16,211,16,244,43,5,45,0,71,256,83,22,109,248,119,54,135,217,147,91,160,178,166,134,173,3
128,0,172,2,83,7,213,15,42,17,246,42,6,46,0,73,258,82,21,111,250,118,53,136,218,146,92,160,180,165,135,172,3
128,0,172,2,83,6,213,15,42,17,246,42,6,47,0,78,257,82,18,115,250,118,52,140,218,146,92,162,180,166,135,173,3
128,0,172,2,83,7,213,15,42,17,246,42,6,47,0,79,257,82,18,116,250,118,52,140,218,146,92,162,180,167,135,174,3
128,0,172,2,83,7,213,15,42,17,246,42,7,47,0,81,258,81,17,116,250,117,51,141,219,145,92,162,180,166,136,173,3
129,0,173,2,84,7,214,15,43,17,247,41,8,47,0,81,259,81,17,116,251,116,52,140,219,144,92,161,181,164,137,171,3
129,0,173,2,84,6,214,15,43,17,248,41,7,46,0,80,259,80,17,115,251,115,52,138,220,143,92,159,181,163,136,169,3
129,0,173,2,84,6,214,15,43,17,248,40,7,46,0,78,260,79,17,112,252,114,53,135,220,141,92,155,182,160,137,166,3
129,0,173,2,84,6,214,15,43,17,248,40,7,46,0,78,261,79,17,112,253,114,53,134,221,141,92,154,182,160,137,165,3
129,0,173,2,84,6,214,14,43,17,248,40,7,46,0,77,261,79,18,111,253,114,53,133,221,141,93,153,182,159,137,165,3
129,0,173,2,84,6,214,14,43,17,248,40,7,46,0,77,261,79,18,111,253,113,54,133,221,140,93,153,182,159,137,164,3
129,0,173,2,84,6,214,14,43,17,248,40,7,46,0,76,261,78,18,110,253,113,54,132,221,140,93,152,182,159,137,164,3
129,0,173,2,84,6,214,14,43,17,248,40,7,46,0,76,261,78,18,110,253,113,54,131,221,140,93,151,182,158,137,163,3
129,0,173,2,84,6,214,14,43,17,249,40,7,45,0,75,261,78,19,109,254,113,55,130,222,140,93,150,183,158,138,162,3
129,0,173,2,85,6,214,14,43,16,249,39,7,45,0,75,261,78,19,108,254,113,55,129,222,139,94,150,183,158,138,162,3
129,0,173,2,84,6,214,14,43,16,249,39,7,45,0,74,262,78,20,107,254,112,56,128,223,139,94,148,183,157,138,161,3
129,0,173,2,84,6,214,14,43,17,249,39,7,45,0,74,262,78,20,107,255,112,56,128,223,139,94,148,184,157,138,160,3
129,0,173,2,84,6,214,14,43,16,249,39,7,45,0,73,262,78,20,106,255,112,56,127,223,139,94,147,184,156,139,160,3
129,0,173,2,85,6,214,14,43,17,249,39,7,45,0,73,262,77,21,106,255,112,57,126,223,138,95,146,184,155,139,159,3
129,0,173,2,85,6,214,14,43,17,249,39,7,45,0,72,262,77,21,105,255,112,57,125,224,138,95,145,185,155,139,159,3
128,0,172,2,84,6,213,14,42,16,248,39,6,45,0,72,261,77,21,105,254,112,57,125,223,138,94,144,184,155,138,158,3
128,0,172,2,84,7,213,14,42,17,248,39,6,45,0,71,261,77,22,104,255,111,58,123,224,137,95,143,184,154,139,157,3
128,0,172,2,84,7,213,14,42,17,248,39,6,45,0,71,262,77,22,103,255,111,58,122,224,137,95,142,184,154,139,156,3
128,0,172,2,84,7,213,14,42,17,248,39,6,45,0,71,262,77,23,103,255,111,59,122,224,137,95,142,185,154,139,156,3
128,0,172,2,84,7,213,14,42,17,248,38,6,45,0,71,262,76,23,103,255,111,59,121,224,137,96,141,185,153,140,155,3
128,0,172,2,84,7,213,14,42,17,248,38,6,45,0,70,262,76,24,101,256,111,60,119,225,136,96,139,185,153,140,154,3
127,0,171,2,83,7,212,14,41,17,247,38,5,44,0,69,262,76,23,101,255,111,59,119,224,136,95,139,184,152,139,154,3
127,0,171,2,83,7,212,14,41,17,247,38,5,45,0,69,262,76,23,101,255,110,60,118,224,136,96,138,185,152,139,153,3
127,0,171,2,83,7,212,14,41,17,248,38,5,44,0,69,262,76,24,100,255,110,60,118,224,136,96,137,185,152,139,153,3
127,0,171,2,83,7,212,13,41,17,247,38,5,44,0,68,262,76,24,100,256,110,60,117,224,136,96,137,140,152,185,152,3
127,0,171,2,83,7,212,13,41,17,248,38,5,44,0,68,262,76,24,99,256,110,61,117,96,136,225,136,140,152,185,152,3
127,0,171,2,83,7,212,13,41,17,248,38,5,44,0,68,262,75,25,99,256,110,61,116,225,135,96,136,140,151,185,151,3
127,0,171,1,83,7,212,13,41,17,247,38,5,44,0,67,262,75,25,99,256,110,61,115,97,135,225,135,140,151,185,151,3
127,0,171,2,83,7,212,13,41,17,248,38,5,44,0,66,262,75,26,97,256,110,62,114,97,133,225,135,141,150,185,151,3
128,0,171,2,83,7,212,13,41,17,247,38,5,44,0,66,262,75,26,97,256,110,62,113,97,133,225,135,141,149,185,151,3
126,0,170,1,82,7,211,13,41,17,247,38,4,44,0,65,261,75,26,96,256,110,62,112,97,131,225,134,140,148,185,150,3
126,0,170,2,82,7,211,13,41,16,247,37,4,43,0,64,262,75,26,95,62,110,256,110,97,129,225,134,140,147,185,149,3
127,0,170,1,82,7,211,13,41,16,247,37,4,43,0,63,262,75,27,94,63,109,256,109,97,129,225,134,140,146,185,149,3
127,0,170,1,82,7,211,13,41,16,247,37,4,43,0,63,262,75,27,93,63,108,256,110,97,128,225,134,140,145,185,148,3
127,0,170,1,82,7,211,13,41,17,247,37,4,43,0,63,262,75,27,93,63,108,256,109,97,127,225,134,140,145,185,148,3
127,0,170,1,82,7,211,13,41,17,247,37,4,43,0,62,262,75,28,92,64,107,256,109,97,127,225,133,140,145,185,148,3
127,0,170,1,82,7,211,13,41,17,247,37,4,42,0,62,262,75,28,92,64,107,256,109,98,126,225,133,140,144,185,148,3
126,0,170,1,81,7,210,12,40,16,247,34,4,43,0,61,263,70,29,89,66,102,258,104,100,119,227,127,142,136,187,141,3
125,0,169,1,81,7,210,11,39,16,247,33,3,42,0,61,262,69,28,88,65,101,257,102,100,117,227,126,142,135,186,139,3
125,0,169,1,81,7,210,11,39,16,247,32,3,42,0,60,263,67,28,88,66,99,258,101,100,115,228,124,143,132,187,137,3
125,0,169,1,81,7,210,10,40,16,247,31,3,43,0,60,264,66,29,87,67,98,259,99,101,113,228,122,143,130,187,135,3
126,0,169,1,81,7,210,10,40,16,248,30,3,42,0,60,264,65,29,87,67,97,259,98,102,112,229,120,144,128,188,133,3
126,0,169,1,81,7,210,10,40,16,248,30,3,42,0,60,265,64,30,86,68,96,260,96,102,110,229,119,144,126,188,131,3
126,0,169,1,82,7,210,9,40,16,248,29,4,42,0,60,265,63,30,85,68,95,260,95,103,108,229,117,145,124,189,129,3
125,0,168,1,81,7,209,9,39,16,247,29,2,42,0,59,264,62,29,84,68,93,259,94,102,106,228,116,143,121,187,128,3
125,0,168,1,81,7,209,9,39,16,247,28,2,42,0,59,264,61,29,83,68,91,259,93,102,103,228,114,143,118,187,125,3
126,0,169,1,81,7,210,10,40,16,248,31,3,43,0,61,264,65,29,87,67,96,259,97,101,110,228,119,143,126,187,132,3
127,0,170,2,82,7,211,12,41,17,249,34,5,44,0,64,264,70,27,92,258,104,64,105,99,122,227,127,141,138,187,141,3
127,0,171,2,82,7,212,15,41,17,247,41,5,46,0,70,260,79,24,104,254,115,59,124,224,142,96,146,184,159,139,161,3
125,0,169,2,80,7,209,16,39,18,243,43,4,48,0,77,256,83,23,114,250,119,56,138,220,149,94,162,182,169,137,175,3
126,0,170,2,81,7,210,15,40,18,244,42,6,49,256,81,0,85,249,117,17,120,51,145,219,147,92,166,181,168,137,176,3
126,0,170,2,81,7,210,15,40,17,244,41,6,49,256,81,0,84,249,117,17,120,52,144,219,147,92,165,181,167,136,175,3
126,0,170,2,81,7,210,15,40,17,244,41,5,49,257,81,0,84,250,117,17,119,52,143,219,146,92,164,181,167,137,175,3
126,0,170,2,81,7,210,15,40,17,244,41,5,48,257,81,0,83,250,117,17,118,53,142,220,146,93,163,182,167,137,174,3
126,0,170,2,81,7,210,15,40,17,244,41,5,48,257,80,0,83,251,116,18,118,53,141,220,146,93,162,182,166,137,173,3
126,0,170,2,81,7,210,15,40,17,244,41,5,48,257,80,0,82,251,116,18,117,54,141,220,145,93,162,182,166,137,173,3
126,0,170,2,81,7,210,15,40,17,244,41,5,48,257,80,0,82,251,116,18,117,54,140,220,145,93,161,182,166,138,172,3
126,0,170,2,81,7,210,15,40,17,245,40,5,48,258,80,0,81,19,116,251,116,54,139,221,145,94,160,183,165,138,172,3
126,0,170,2,81,7,210,15,40,17,245,40,5,48,258,80,0,81,19,116,252,116,55,139,221,145,94,160,183,165,138,171,3
126,0,170,2,81,7,210,15,40,17,245,41,5,48,258,80,0,81,20,115,252,116,55,138,221,145,94,159,183,165,138,171,3
126,0,170,2,81,7,210,15,40,17,245,40,5,48,258,79,0,80,20,115,252,115,56,137,222,145,95,159,183,165,139,171,3
126,0,170,2,81,7,210,15,40,17,245,40,5,48,0,80,258,80,20,114,252,115,56,137,222,144,95,158,183,165,139,170,3
126,0,170,2,81,7,210,15,40,17,245,40,5,48,0,79,258,79,21,114,252,115,56,136,222,144,95,157,184,164,139,170,3
126,0,170,2,81,7,210,14,40,17,245,40,5,48,0,79,259,79,21,114,252,115,56,136,222,144,95,157,184,164,139,169,3
125,0,169,2,80,7,209,14,39,17,244,40,4,48,0,79,258,79,21,113,252,115,56,135,222,144,95,156,183,164,138,169,3
125,0,169,2,80,7,210,14,39,17,244,40,4,48,0,79,258,79,21,112,252,115,56,135,222,144,95,156,184,164,139,169,3
125,0,169,2,80,7,210,14,39,17,244,40,4,48,0,78,258,79,21,112,252,114,57,134,222,144,95,155,184,164,139,168,3
125,0,169,2,80,7,210,14,39,17,244,40,4,48,0,78,258,79,22,112,252,115,57,133,222,143,95,154,184,163,139,168,3
125,0,169,2,80,7,210,14,39,17,244,40,4,48,0,77,258,79,22,111,252,115,57,133,222,143,96,154,185,163,139,167,3
125,0,169,2,80,7,210,14,39,17,245,40,4,48,0,77,258,78,23,111,253,114,58,132,223,143,96,153,185,163,140,167,3
125,0,169,2,80,7,209,14,39,17,245,40,4,48,0,77,258,78,23,111,253,114,58,131,223,143,96,153,185,163,140,167,3
125,0,169,2,80,7,210,14,39,17,245,40,4,48,0,76,258,78,23,110,253,114,58,131,223,143,96,152,185,163,140,166,3
125,0,169,2,80,7,210,14,39,17,245,40,4,48,0,76,259,78,24,110,253,114,59,130,223,143,96,152,185,162,140,166,3
125,0,169,2,80,7,210,14,39,17,245,39,4,47,0,75,259,78,24,109,253,114,59,129,224,143,97,151,185,162,140,165,3
125,0,169,2,80,7,210,14,39,17,245,39,4,47,0,75,259,78,24,109,254,114,59,129,224,143,97,150,186,162,140,165,3
124,0,168,2,79,7,209,14,38,17,244,39,3,47,0,75,258,78,24,108,253,114,59,128,223,143,96,150,185,162,139,165,3
124,0,168,2,79,7,209,14,38,17,244,39,3,47,0,75,258,78,24,108,253,114,59,128,223,142,96,149,185,162,140,164,3
124,0,168,2,79,7,209,14,38,17,244,39,3,47,0,74,258,78,24,108,253,114,59,127,223,142,96,149,185,162,140,164,3
124,0,168,2,79,7,209,14,38,17,244,39,3,47,0,74,258,78,24,107,253,114,60,127,223,142,97,148,185,161,140,163,3
124,0,168,2,79,7,209,14,38,17,244,39,3,47,0,73,258,78,25,107,253,113,60,126,223,142,97,147,185,161,140,163,3
124,0,168,2,79,7,209,14,38,18,244,39,3,47,0,73,258,78,25,106,253,113,60,125,224,142,97,147,185,161,141,162,3
124,0,168,2,79,7,209,14,38,17,244,39,3,47,0,73,258,78,26,106,253,113,61,125,224,142,97,146,185,161,141,162,3
124,0,168,2,79,7,209,14,38,17,244,39,3,47,0,73,258,78,26,106,253,113,61,124,224,142,98,146,141,161,186,161,3
124,0,168,2,79,7,209,14,38,18,244,39,3,47,0,72,259,77,26,105,253,113,61,123,224,142,98,145,186,160,141,161,3
123,0,167,2,78,7,208,14,37,17,243,39,2,47,0,71,258,77,26,104,253,113,61,122,223,142,97,144,140,160,185,160,3
123,0,167,2,78,7,208,14,37,17,243,39,2,47,0,71,258,77,26,104,253,113,61,122,223,142,97,144,141,160,185,160,3
123,0,167,2,78,7,208,14,37,17,243,39,2,47,0,71,258,77,26,104,253,113,61,122,223,142,98,143,141,159,185,160,3
123,0,167,2,78,7,208,14,37,18,243,39,2,47,0,71,258,77,26,103,253,113,62,121,223,142,98,143,141,159,185,160,3
123,0,167,2,78,7,208,14,37,17,243,39,2,47,0,71,258,77,27,103,253,113,62,121,223,141,98,142,141,159,185,160,3
123,0,167,1,78,7,208,14,38,17,243,39,2,47,0,70,258,77,27,102,253,113,62,120,98,141,224,141,141,158,185,159,3
123,0,167,1,78,7,208,14,38,17,243,39,2,46,0,70,258,77,27,102,253,113,62,119,98,141,224,141,141,158,185,159,3
123,0,167,2,78,7,208,14,38,17,243,39,2,46,0,69,258,77,27,101,253,113,62,119,98,141,224,141,141,157,185,159,3
123,0,167,1,78,7,208,14,38,17,243,39,2,46,0,69,258,77,28,101,253,113,63,119,98,140,224,141,141,157,185,159,3
123,0,167,1,78,7,208,14,38,17,243,39,2,46,0,68,258,77,28,101,253,113,63,118,98,139,224,141,141,156,185,159,3
123,0,167,1,78,7,208,14,38,17,243,39,2,46,0,68,258,77,28,100,253,113,63,117,99,139,224,141,142,156,185,159,3
123,0,167,1,78,7,208,14,38,17,243,39,2,46,0,68,258,77,28,100,253,113,63,117,99,139,224,141,142,156,185,158,3
123,0,167,1,78,7,208,14,38,17,243,39,2,46,0,67,258,77,28,100,253,113,63,117,99,138,224,141,142,155,185,158,3
123,0,167,1,78,7,208,14,37,18,243,39,2,46,0,67,258,77,29,99,253,113,63,116,99,137,224,141,142,155,186,158,3
122,0,166,1,77,7,207,14,37,17,242,39,1,46,0,66,257,77,28,99,252,113,62,115,98,137,223,141,141,154,185,158,3
122,0,166,1,77,7,207,14,36,18,242,38,1,46,0,66,257,77,28,98,252,113,63,115,98,136,223,141,141,154,185,157,3
122,0,166,1,77,7,207,14,36,18,242,38,1,46,0,66,257,77,28,98,252,113,63,114,98,136,223,141,141,154,185,157,3
122,0,166,1,77,7,207,14,36,18,242,38,1,46,0,66,257,77,28,97,252,113,63,114,98,135,223,141,141,153,185,157,3
122,0,166,1,77,7,207,14,37,18,242,38,1,45,0,65,257,77,29,97,63,113,252,113,98,135,223,141,141,153,185,157,3
122,0,166,1,77,7,207,14,37,18,242,38,1,45,0,65,257,77,29,97,63,113,252,113,98,134,223,141,141,153,185,156,3
122,0,166,1,77,7,207,13,36,18,242,38,1,45,0,65,257,77,29,96,64,113,252,113,99,134,223,141,141,152,185,156,3
122,0,166,1,77,7,207,14,37,18,242,38,1,45,0,64,257,77,29,96,64,112,252,113,99,134,223,141,141,152,185,156,3
121,0,165,1,76,7,206,14,36,18,241,38,0,45,0,64,256,77,28,96,63,112,251,113,98,134,222,141,140,152,184,156,3
121,0,165,1,76,7,206,13,36,18,241,38,0,45,0,64,256,77,28,95,63,112,251,113,98,133,222,141,140,152,184,156,3
121,0,165,1,76,7,206,14,35,18,241,38,0,45,0,63,256,77,29,95,64,111,251,113,98,133,222,141,141,151,184,156,3
121,0,165,1,76,7,206,13,35,18,241,38,0,45,0,63,256,77,29,94,64,111,251,113,98,132,222,141,141,151,184,155,3
121,0,165,1,76,7,206,13,36,18,241,38,0,45,0,62,256,77,29,94,64,110,251,113,98,132,222,141,141,151,184,155,3
120,0,164,2,75,7,205,13,35,18,240,38,0,45,0,62,255,77,28,93,64,109,251,113,98,131,221,141,140,150,184,155,3
120,0,164,1,75,7,205,13,35,18,240,38,0,44,0,62,255,77,29,93,64,109,251,113,98,131,221,141,140,149,184,155,3
121,0,165,1,76,7,206,13,35,18,241,38,0,44,1,61,256,77,30,93,65,109,252,113,99,130,222,141,141,149,185,155,3
121,0,165,1,76,7,206,13,36,18,241,38,0,44,1,61,256,77,30,93,65,109,252,112,100,130,222,141,142,149,185,155,3
121,0,165,1,76,7,206,13,36,18,241,38,0,44,1,61,257,77,30,92,65,109,252,112,100,129,222,141,142,149,185,155,3
121,0,165,1,76,7,206,13,36,18,241,38,0,44,1,61,257,77,30,92,65,108,252,112,100,129,222,141,142,149,185,154,3
120,0,164,1,75,7,205,13,35,18,240,38,0,44,0,61,256,76,30,92,65,108,251,112,99,129,222,141,141,148,184,154,3
120,0,164,1,75,7,205,13,35,18,240,38,0,44,0,61,256,76,30,91,65,108,251,112,99,129,222,141,141,148,185,154,3
121,0,165,1,76,7,206,13,36,18,241,38,0,44,1,61,257,76,31,91,66,107,252,112,101,128,223,141,143,147,186,154,3
120,0,164,1,75,7,205,13,35,18,240,38,0,44,0,60,256,76,31,91,66,107,251,112,100,128,222,141,142,147,185,154,3
121,0,165,1,76,7,206,13,36,18,241,38,0,44,2,60,257,76,32,91,67,107,252,112,101,128,223,141,143,147,186,154,3
120,0,164,1,75,7,205,13,35,18,240,38,0,44,256,76,31,90,67,105,251,112,101,127,222,141,142,146,186,153,-1,-1,3
120,0,164,1,75,7,205,13,35,18,240,38,0,44,256,76,31,90,67,106,251,112,101,126,222,141,142,145,186,153,-1,-1,3
120,0,164,1,75,7,205,13,35,18,240,38,0,44,256,76,32,90,67,105,251,112,102,126,222,141,143,145,186,153,-1,-1,3
120,0,164,1,75,7,205,13,35,18,240,38,0,44,256,76,32,89,67,105,251,112,102,125,222,141,143,145,186,153,-1,-1,3
121,0,165,1,76,7,206,13,36,18,241,38,0,44,257,76,33,89,68,105,252,112,103,125,223,141,144,144,187,153,-1,-1,3
120,0,164,1,75,7,205,13,35,18,240,38,0,44,256,76,32,89,68,104,251,112,102,125,222,141,144,144,186,153,-1,-1,3
120,0,164,1,75,7,205,13,35,18,240,38,0,44,256,76,33,88,68,104,251,112,103,124,222,141,144,143,187,152,-1,-1,3
120,0,164,1,75,7,205,13,35,18,240,38,0,44,256,76,33,88,68,103,251,112,103,124,222,141,144,143,187,152,-1,-1,3
120,0,164,1,75,7,205,13,35,18,240,38,0,44,256,76,34,88,69,103,251,112,103,123,223,141,144,143,187,152,-1,-1,3
120,0,164,1,75,7,205,13,35,18,240,37,0,44,256,75,34,87,70,102,252,111,104,122,223,140,145,141,188,151,-1,-1,3
121,0,164,1,76,7,205,12,35,18,241,35,0,44,257,73,35,86,71,100,253,108,106,118,146,137,224,137,189,147,-1,-1,3
121,0,164,1,76,7,205,11,35,18,242,34,0,44,258,71,36,85,72,98,254,106,106,116,147,135,225,135,189,145,-1,-1,3
121,0,164,1,76,7,205,11,35,18,242,33,0,43,258,70,36,84,73,97,254,105,107,114,147,133,225,133,190,143,-1,-1,3
121,0,164,1,76,7,206,11,36,18,242,32,0,43,259,68,37,83,73,95,255,103,108,112,148,131,226,131,190,141,-1,-1,3
121,0,165,1,76,7,206,10,36,18,243,32,0,43,260,67,37,83,74,94,256,102,109,110,149,129,226,129,191,139,-1,-1,3
120,0,164,1,75,7,205,9,35,18,243,30,0,43,260,64,37,81,74,92,256,98,110,106,149,125,226,126,191,135,-1,-1,3
120,0,164,1,76,7,205,10,35,18,243,30,0,43,259,65,37,82,74,92,256,99,110,107,149,126,226,127,191,136,-1,-1,3
120,0,164,2,75,7,205,13,35,19,241,37,0,45,256,75,33,89,69,104,252,110,103,124,224,139,145,143,188,151,-1,-1,3
120,0,164,2,75,7,204,14,34,19,240,39,0,46,255,78,32,93,66,111,251,115,101,132,222,144,144,151,187,158,-1,-1,3
120,0,164,2,75,7,204,15,34,20,239,41,0,47,254,80,31,97,65,116,250,117,101,139,222,147,143,157,187,162,-1,-1,3
120,0,164,2,74,7,204,15,34,20,239,41,0,47,254,80,30,98,250,117,64,118,100,142,221,148,142,160,186,164,-1,-1,3
120,0,164,2,74,7,204,15,34,20,239,41,0,47,253,80,29,100,249,117,62,121,99,145,221,148,141,163,185,165,-1,-1,3
120,0,164,2,74,7,204,15,34,20,239,41,0,48,253,81,28,101,248,117,61,122,98,147,220,149,140,165,184,166,-1,-1,3
120,0,164,2,74,7,204,15,34,20,238,41,0,47,253,81,28,102,248,118,60,123,97,148,219,149,139,166,183,167,-1,-1,3
120,0,164,2,74,7,204,15,34,20,238,41,0,47,252,81,27,102,247,118,59,125,218,149,96,150,138,168,182,168,-1,-1,3
120,0,164,2,74,7,204,15,34,19,238,41,0,47,252,81,26,103,246,118,58,126,218,149,94,152,136,169,181,169,-1,-1,3
120,0,164,2,74,7,204,15,34,19,238,42,0,47,252,81,25,104,246,118,56,128,217,149,93,154,179,169,135,171,-1,-1,3
121,0,165,2,75,7,205,15,35,19,239,42,0,47,253,81,25,104,247,118,56,129,217,148,93,155,180,169,135,172,-1,-1,3
121,0,165,2,75,7,205,15,35,19,239,42,1,47,0,67,252,81,24,105,246,118,55,130,216,148,92,156,179,169,134,172,3
123,0,167,2,77,7,207,15,37,19,241,42,2,47,0,69,254,81,24,107,247,117,55,132,217,148,92,158,179,168,134,174,3
123,0,166,2,77,7,207,15,37,19,241,42,2,48,0,70,254,81,23,109,247,117,54,134,216,147,92,159,179,168,134,174,3
124,0,167,2,78,7,208,15,38,19,242,42,3,48,0,72,255,81,23,110,248,117,55,135,217,147,92,160,180,168,135,175,3
124,0,167,2,78,7,208,15,38,19,242,42,3,48,0,73,254,81,22,111,248,118,54,136,217,148,92,161,180,168,134,175,3
125,0,168,2,79,7,209,15,39,19,243,42,4,49,0,74,255,82,23,112,248,118,55,137,218,148,93,162,181,169,135,176,3
125,0,168,2,79,7,209,16,39,19,243,42,4,49,0,76,255,82,23,113,248,118,54,139,218,148,93,164,180,169,135,176,3
125,0,168,2,79,7,209,16,39,19,243,42,4,49,0,77,255,82,22,114,248,118,54,140,218,148,93,164,181,169,136,177,3
125,0,168,2,79,7,209,15,39,19,243,42,4,49,0,77,255,82,22,115,249,118,54,140,218,148,93,164,181,169,136,177,3
125,0,168,2,79,7,209,15,39,19,243,42,0,77,256,81,22,114,249,117,54,139,218,147,93,163,181,168,136,175,-1,-1,3
125,0,169,2,79,7,209,15,39,19,243,41,3,48,0,76,256,80,21,113,249,116,54,137,218,146,93,161,181,166,136,174,3
126,0,170,2,80,7,210,15,40,19,245,40,5,48,0,76,257,79,22,111,250,115,54,135,219,144,93,159,181,165,137,172,3
126,0,170,2,80,7,210,15,40,19,245,40,5,48,0,75,258,79,21,111,250,114,54,134,219,144,93,158,181,164,136,170,3
127,0,171,2,81,7,211,15,41,19,246,40,6,48,0,75,259,79,22,110,252,114,55,133,220,143,94,157,182,163,137,169,3
127,0,171,2,81,7,211,15,41,19,246,40,6,48,0,74,259,79,22,109,252,114,55,132,220,143,94,156,182,163,137,169,3
127,0,171,2,82,7,211,15,41,19,246,40,6,48,0,74,259,79,23,109,251,114,55,132,220,143,94,155,182,163,137,169,3
127,0,171,2,82,7,211,15,41,19,246,40,6,47,0,73,259,79,23,109,251,114,55,131,220,143,94,155,182,163,137,168,3
127,0,171,2,81,7,211,15,41,19,246,40,6,47,0,73,259,79,23,108,251,114,55,131,220,143,94,155,182,163,137,168,3
127,0,171,2,81,7,211,15,41,19,246,40,6,47,0,73,259,79,23,108,251,114,55,130,220,143,94,154,182,162,137,168,3
127,0,171,2,81,7,211,15,41,19,246,40,6,47,0,72,259,79,23,107,251,114,56,130,220,143,94,154,182,162,136,168,3
127,0,171,2,81,7,211,15,41,19,246,40,6,47,0,72,259,79,23,107,251,114,56,129,220,143,94,153,182,162,137,168,3
127,0,171,2,82,7,211,15,41,19,246,40,6,47,0,71,259,79,23,106,251,114,56,129,220,143,94,153,182,162,136,167,3
126,0,170,2,80,7,210,14,40,19,245,40,5,46,0,71,258,79,23,105,250,114,55,128,219,143,93,152,181,162,135,167,3
126,0,170,2,80,7,210,15,40,19,245,40,5,46,0,70,258,79,23,105,250,114,55,127,219,143,93,151,181,162,135,167,3
126,0,170,2,80,7,210,15,40,19,245,40,5,46,0,69,258,79,23,104,250,114,55,127,219,143,93,151,181,162,135,166,3
126,0,170,2,80,7,210,15,40,19,245,40,5,46,0,69,258,79,23,104,250,114,55,126,219,143,93,151,181,162,135,166,3
126,0,170,2,80,7,210,15,40,19,245,40,5,46,0,68,258,79,23,103,250,114,56,126,219,143,93,150,180,162,135,166,3
126,0,170,2,81,7,210,15,40,19,245,40,5,46,0,68,258,79,24,103,250,114,56,126,219,143,93,150,180,162,135,166,3
126,0,170,2,80,7,210,15,40,19,245,40,5,46,0,68,258,79,24,103,250,114,56,125,219,143,93,150,180,162,135,166,3
126,0,170,2,80,7,210,15,40,19,245,40,5,46,0,68,258,79,24,103,250,114,56,124,219,143,93,149,180,162,135,165,3
126,0,170,2,80,7,210,15,40,19,245,40,5,46,0,67,258,79,24,102,250,114,56,124,219,143,93,149,180,162,135,165,3
126,0,170,2,80,7,210,15,40,19,245,40,5,46,0,67,258,79,24,102,250,114,56,123,219,143,93,148,180,162,135,165,3
126,0,170,2,80,7,210,14,40,19,245,40,5,46,0,66,258,79,24,102,250,114,57,123,219,143,93,148,180,162,135,165,3
126,0,170,2,80,7,210,15,40,19,245,40,5,45,0,66,258,79,24,101,250,114,57,123,219,143,93,148,180,162,135,164,3
126,0,170,2,80,7,210,15,40,19,245,40,5,45,0,66,257,79,25,101,250,114,57,122,219,143,93,147,180,162,135,164,3
126,0,170,2,81,7,210,15,40,19,245,40,5,45,0,66,258,79,25,101,250,114,57,122,219,143,93,147,180,162,136,164,3
126,0,170,2,81,7,210,15,40,19,245,40,5,45,0,65,257,79,25,100,250,114,57,122,219,143,93,147,180,162,136,164,3
126,0,170,2,80,7,210,15,40,19,245,40,5,45,0,65,258,79,25,100,250,114,57,121,219,143,93,147,180,162,136,163,3
126,0,170,2,80,7,210,15,40,19,245,40,5,45,0,65,258,79,25,100,250,114,57,121,219,143,93,146,180,162,136,163,3
125,0,169,2,79,7,209,14,39,19,244,40,4,45,0,65,257,79,24,100,249,114,56,121,218,143,92,146,179,162,135,163,3
125,0,169,2,80,7,209,15,39,19,244,40,4,45,0,65,256,79,24,100,249,114,56,121,218,143,93,146,179,162,135,163,3
125,0,169,2,79,7,209,14,39,19,244,40,4,45,0,65,257,79,25,99,249,114,56,120,218,143,93,145,179,162,135,163,3
125,0,169,2,79,7,209,15,39,19,244,40,4,45,0,64,256,79,25,99,249,114,57,120,218,143,93,145,135,162,179,162,3
125,0,169,2,79,7,209,15,39,19,244,40,4,45,0,64,256,79,25,99,249,114,57,120,218,143,93,145,136,162,179,162,3
125,0,169,2,80,7,209,14,39,19,244,40,4,45,0,64,257,79,25,99,249,114,57,120,218,143,93,145,136,162,179,162,3
125,0,169,2,79,7,209,14,39,19,244,40,4,45,0,64,257,79,25,98,249,114,57,119,218,143,93,144,136,162,179,162,3
125,0,169,2,79,7,209,15,39,19,244,40,4,45,0,63,256,79,26,98,249,114,58,118,218,143,93,144,136,161,179,162,3
125,0,169,2,79,7,209,14,39,19,244,40,5,45,0,63,257,79,26,98,249,114,58,118,94,143,218,143,136,161,179,162,3
125,0,169,2,79,7,209,15,39,19,244,40,4,45,0,63,257,79,26,98,249,114,58,118,94,143,217,143,136,161,179,162,3
124,0,168,2,79,7,208,15,38,19,243,40,4,45,0,63,255,79,25,97,248,114,57,118,93,143,217,143,135,161,178,162,3
124,0,168,2,78,7,208,15,38,19,243,40,4,45,0,63,256,79,25,97,248,114,58,118,93,143,216,143,135,161,178,162,3
124,0,168,2,78,7,208,14,38,19,243,40,3,45,0,63,255,79,26,97,248,114,58,117,93,143,216,143,135,161,178,162,3
124,0,168,2,78,7,208,14,38,19,243,40,3,45,0,63,255,78,26,97,248,114,58,117,93,143,216,143,135,161,178,162,3
124,0,168,2,78,7,208,14,38,19,243,40,3,45,0,62,256,79,26,97,248,114,58,117,93,142,216,143,135,161,178,162,3
124,0,168,2,78,7,208,14,38,19,243,40,3,45,0,62,256,78,26,97,248,113,58,116,94,141,217,143,136,160,178,162,3
124,0,168,2,78,7,208,14,38,19,244,39,4,45,0,62,256,77,26,96,249,112,59,115,94,140,217,141,136,158,179,160,3
124,0,168,2,79,7,209,14,39,19,244,39,4,44,0,61,257,76,27,95,249,111,59,113,94,137,218,140,136,156,179,159,3
124,0,168,2,79,7,209,13,39,19,244,38,4,44,0,61,257,75,27,94,250,109,60,112,95,136,218,138,137,155,180,157,3
124,0,168,2,79,7,209,13,39,19,245,37,4,44,0,61,258,74,27,93,250,108,60,111,95,134,219,137,138,153,180,156,3
124,0,168,1,79,7,209,13,39,19,245,36,4,44,0,60,258,72,28,93,251,107,61,110,95,132,219,135,138,151,181,154,3
124,0,168,1,79,7,209,12,39,19,245,35,4,44,0,60,259,71,28,92,252,105,62,108,96,130,220,133,138,149,181,152,3
125,0,168,1,80,7,209,11,39,19,246,33,4,44,0,60,260,69,29,90,253,102,63,105,97,126,221,130,140,145,183,148,3
124,0,167,1,79,7,208,11,38,19,245,33,3,44,0,59,260,67,28,89,253,101,62,104,97,125,221,128,139,143,182,146,3
124,0,167,1,79,7,208,11,38,19,246,32,3,44,0,59,261,66,28,88,254,99,63,103,97,122,222,126,140,141,183,144,3
124,0,167,1,79,7,208,10,39,18,246,31,3,43,0,58,261,65,28,88,254,98,63,101,98,120,222,125,140,139,183,142,3
124,0,167,1,79,7,208,10,39,18,246,30,3,43,0,58,261,64,29,87,255,97,64,100,98,119,222,123,140,137,183,140,3
124,0,167,1,79,7,208,10,39,18,246,30,3,43,0,58,262,63,29,86,255,95,64,98,98,116,222,122,140,134,183,139,3
124,0,167,1,79,7,208,9,39,18,246,29,3,43,0,57,262,62,29,85,255,94,64,96,98,114,223,120,140,132,183,137,3
124,0,167,1,79,7,208,9,39,18,247,29,3,42,0,57,262,62,29,84,255,93,65,95,98,112,222,119,140,130,183,135,3
124,0,167,1,79,7,208,9,39,18,246,28,3,42,0,56,262,61,29,83,255,92,65,93,98,109,222,118,140,128,183,133,3
124,0,167,1,79,7,208,9,39,18,247,28,3,41,0,56,262,60,29,82,65,91,255,92,99,107,222,117,140,125,182,131,3
124,0,167,1,79,7,208,9,39,18,247,27,3,41,0,56,263,60,29,81,66,90,256,90,99,105,222,115,139,123,182,130,3
124,0,167,1,79,7,208,8,39,18,247,26,3,41,0,55,263,58,29,80,66,88,256,89,99,102,223,113,140,120,182,127,3
124,0,167,1,79,7,208,8,39,18,247,26,3,41,0,55,263,58,29,80,66,88,256,89,99,101,223,113,140,119,182,127,3
124,0,167,1,79,7,208,8,39,17,247,26,3,41,0,55,263,58,29,79,67,87,256,88,99,101,223,112,140,119,182,126,3
124,0,167,1,79,7,208,8,39,17,247,26,3,40,0,55,263,58,29,79,67,87,256,88,99,101,223,112,140,119,182,126,3
125,0,168,1,80,7,209,9,40,18,248,29,4,43,0,57,263,62,29,82,65,92,256,92,98,107,222,117,139,126,182,132,3
126,0,169,1,81,7,210,11,41,19,248,32,5,44,0,59,262,65,28,87,255,98,63,100,96,118,221,124,138,137,182,140,3
126,0,170,1,81,6,211,11,41,18,248,34,6,44,0,60,261,69,26,90,252,102,60,105,94,127,219,129,136,145,180,147,3
129,0,172,1,84,6,213,14,43,18,248,39,7,44,0,64,259,77,24,98,249,112,56,119,217,141,92,144,178,160,134,162,3
129,0,172,2,83,7,213,15,43,19,247,41,7,46,0,66,258,80,23,103,249,116,55,125,217,145,92,150,178,165,133,167,3
129,0,172,2,83,7,213,15,43,18,247,41,7,46,0,66,258,80,23,103,249,115,55,125,217,144,91,150,178,165,133,167,3
129,0,172,2,83,7,213,15,43,18,247,41,7,46,0,68,258,80,23,104,249,115,56,126,217,145,92,151,179,165,134,168,3
129,0,173,2,83,7,213,15,43,18,247,41,7,47,0,71,258,79,23,107,250,115,55,129,218,145,92,153,180,165,135,169,3
129,0,173,2,83,7,213,15,43,18,247,41,7,47,0,73,258,79,22,108,250,115,55,130,218,145,93,154,180,165,135,169,3
129,0,172,2,83,7,213,15,43,18,247,41,7,47,0,73,258,79,21,109,250,115,54,132,218,145,92,155,180,165,135,170,3
129,0,172,2,83,7,213,15,43,18,247,41,7,48,0,75,258,79,20,110,250,115,53,134,218,145,92,157,180,165,135,170,3
130,0,173,2,84,7,214,15,44,18,248,41,8,48,0,77,259,80,19,112,250,115,53,136,218,145,92,159,180,165,135,171,3
130,0,174,2,84,7,214,15,44,18,248,41,8,48,0,77,259,80,19,112,250,115,52,136,218,145,92,159,180,165,135,172,3
130,0,174,2,84,7,214,15,44,18,248,41,8,48,0,78,259,80,18,113,250,116,52,137,218,145,92,160,180,166,135,172,3
130,0,173,2,84,7,214,15,44,18,248,41,8,48,0,80,259,80,17,114,250,116,51,139,218,145,91,161,180,166,135,173,3
130,0,173,2,85,7,214,15,45,18,248,41,9,48,258,80,0,83,250,116,16,117,50,142,218,146,91,163,180,166,135,174,3
130,0,174,2,84,7,214,15,45,18,248,42,9,49,258,80,0,84,250,116,15,118,49,142,217,146,90,164,179,166,134,174,3
130,0,174,2,84,7,214,15,45,18,248,42,10,49,258,80,0,85,249,116,15,118,49,143,217,146,90,165,179,167,134,174,3
130,0,174,2,85,7,214,15,45,18,248,42,10,49,258,80,0,85,249,117,14,119,48,144,217,146,89,165,179,167,134,175,3
131,0,175,2,86,7,215,15,46,18,249,41,11,49,259,79,0,85,250,114,13,117,48,141,217,143,89,161,179,163,134,170,3
131,0,175,2,86,7,215,15,46,18,249,41,11,49,260,79,0,84,250,114,13,116,48,141,217,143,89,161,179,163,134,170,3
132,0,176,2,87,7,216,15,47,18,250,40,11,48,261,79,0,83,252,114,15,115,50,139,219,143,90,159,180,162,135,169,3
131,0,175,2,86,7,215,15,46,18,249,40,10,48,260,78,0,83,14,114,251,114,49,138,218,143,89,158,179,162,134,168,3
132,0,176,2,86,7,216,15,47,18,250,40,11,48,261,78,0,83,15,114,252,114,50,138,219,143,90,158,180,162,135,168,3
132,0,176,2,87,7,216,15,47,18,250,40,11,48,261,78,0,82,15,113,252,114,50,137,219,142,91,157,181,162,136,168,3
132,0,176,2,87,7,216,15,47,18,250,40,11,48,261,78,0,82,15,113,252,114,51,136,219,142,91,157,181,161,136,167,3
131,0,175,2,86,7,215,15,46,18,249,40,10,48,260,78,0,82,15,113,251,113,50,136,219,142,90,156,180,161,135,167,3
132,0,176,2,87,7,216,15,47,18,250,40,11,48,261,78,0,81,16,113,252,113,51,135,220,142,91,156,181,161,136,167,3
132,0,176,2,87,7,216,15,47,18,251,40,11,48,262,78,0,81,16,112,252,113,52,135,220,142,91,155,181,161,136,166,3
131,0,175,2,86,7,215,15,46,18,250,40,10,48,261,78,0,81,15,112,251,113,51,135,219,142,91,155,180,161,135,166,3
131,0,175,2,86,7,215,14,46,18,250,40,10,47,261,78,0,81,16,112,252,113,51,134,219,141,91,154,180,161,135,166,3
131,0,175,2,86,7,215,14,46,18,250,40,10,47,261,78,0,80,16,111,252,113,51,133,219,141,91,153,180,160,135,165,3
131,0,175,2,86,7,215,14,46,18,250,40,10,47,261,78,0,80,16,111,252,113,52,133,219,141,91,153,181,160,135,165,3
131,0,175,2,86,7,215,14,46,18,250,40,10,47,261,77,0,80,16,111,252,113,52,133,220,141,91,152,181,160,135,165,3
131,0,175,2,86,7,215,14,46,18,250,40,10,47,261,77,0,79,17,110,253,112,53,131,220,141,91,151,181,160,136,164,3
131,0,175,2,86,7,215,14,46,18,250,39,10,47,261,77,0,79,17,110,253,112,53,130,220,141,92,151,181,159,136,163,3
131,0,175,2,85,7,215,14,46,18,250,39,10,47,262,77,0,79,17,109,253,112,53,130,220,141,92,150,182,159,136,163,3
131,0,175,2,86,7,215,14,46,18,250,39,10,47,262,77,0,79,17,109,253,112,53,130,220,141,92,150,182,159,136,162,3
131,0,175,2,85,7,215,14,46,18,250,39,10,47,262,77,0,78,18,108,253,112,54,129,221,140,92,149,182,159,136,162,3
131,0,175,2,86,7,215,14,46,18,250,39,10,47,262,77,0,78,18,108,253,112,54,128,221,140,92,149,182,159,137,162,3
131,0,175,2,86,7,215,14,46,18,251,39,10,47,262,77,0,78,18,108,253,112,54,128,221,140,92,148,182,159,137,161,3
130,0,174,2,85,7,214,14,45,18,250,39,8,47,0,77,261,77,18,107,253,112,54,127,220,140,92,147,181,158,136,161,3
130,0,174,2,85,7,214,14,45,18,250,39,8,47,0,77,261,77,18,107,253,112,54,127,221,140,92,147,181,158,136,160,3
130,0,174,2,85,7,214,14,45,18,250,39,8,47,0,77,261,77,18,107,253,112,54,126,221,140,92,146,182,158,136,160,3
130,0,174,2,85,7,214,14,45,18,250,39,8,47,262,76,0,77,19,107,253,112,55,126,221,140,93,146,182,158,136,160,3
130,0,174,2,84,7,214,14,45,18,250,39,8,47,262,76,0,77,19,106,253,112,55,126,221,140,93,145,182,158,137,159,3
130,0,174,2,85,7,214,14,45,18,250,39,8,47,0,76,262,76,19,106,253,111,55,125,221,140,93,145,182,158,137,159,3
130,0,174,2,85,7,214,14,45,18,250,39,8,47,0,76,262,76,20,106,254,111,55,124,221,139,93,144,137,158,182,158,3
130,0,174,2,85,7,214,14,45,18,250,39,9,46,0,76,262,76,20,105,254,111,56,124,222,139,93,144,138,158,182,158,3
130,0,174,2,85,7,214,14,45,18,250,39,8,47,0,76,262,76,20,105,254,111,56,124,222,139,93,144,182,157,138,158,3
129,0,173,2,84,7,213,14,44,18,249,39,7,46,0,75,261,76,20,105,253,111,56,122,221,139,93,143,137,157,182,157,3
129,0,173,2,84,7,213,14,44,18,249,39,7,46,0,75,261,76,20,105,253,111,56,122,221,139,93,142,137,157,182,157,3
129,0,173,2,84,7,213,14,44,18,249,39,7,46,0,75,261,76,20,104,253,111,56,121,221,139,94,142,137,156,182,157,3
129,0,173,2,84,7,213,14,44,18,249,39,7,46,0,75,261,76,21,104,253,111,57,121,221,139,94,141,138,156,182,157,3
129,0,173,2,84,7,213,14,44,18,249,39,7,46,0,75,261,76,21,104,253,111,57,121,222,139,94,141,138,156,182,157,3
129,0,173,2,84,7,213,14,44,18,249,38,7,46,0,75,262,75,21,104,254,111,57,121,222,139,94,141,138,156,182,157,3
129,0,173,2,84,7,213,14,44,18,249,38,7,46,0,74,262,75,21,104,254,111,58,120,222,139,95,140,138,155,183,156,3
129,0,173,2,84,7,213,14,44,18,249,38,7,46,0,74,262,75,22,104,254,111,58,120,222,139,95,140,138,155,183,156,3
128,0,172,2,83,7,212,14,43,18,248,38,6,46,0,74,261,75,21,103,253,110,57,120,94,139,221,139,138,155,182,156,3
128,0,172,2,83,7,212,14,43,18,248,38,7,46,0,74,261,75,22,103,253,110,58,119,222,138,94,139,138,154,183,156,3
128,0,172,2,83,7,212,14,43,18,248,38,7,47,0,74,261,75,22,103,253,110,58,119,95,138,222,138,138,154,183,156,3
128,0,172,2,83,7,212,14,43,18,248,38,7,46,0,74,261,75,22,103,253,110,58,119,95,138,222,139,138,153,183,156,3
127,0,171,2,82,7,212,14,42,18,247,38,6,46,0,73,260,75,22,103,253,110,58,118,94,138,221,138,138,153,182,156,3
127,0,171,2,82,7,212,14,42,18,247,38,6,46,0,73,260,75,22,102,253,110,59,118,95,137,221,138,138,153,183,156,3
127,0,171,2,82,7,212,14,42,18,247,38,6,46,0,73,260,75,23,102,253,110,59,117,95,137,221,138,138,153,183,156,3
127,0,171,2,82,7,212,13,42,18,247,38,6,46,0,73,260,75,23,101,253,110,59,116,95,136,221,138,138,152,183,155,3
127,0,171,2,82,7,212,14,42,18,247,38,6,46,0,72,260,75,23,101,253,110,59,116,95,136,221,138,138,152,183,155,3
127,0,171,2,82,7,212,14,42,18,247,38,6,46,0,72,260,75,24,101,253,110,59,116,96,135,221,138,139,152,183,155,3
127,0,171,2,82,7,212,13,42,18,247,38,6,46,0,72,260,74,24,101,253,110,60,115,96,135,221,138,139,151,183,155,3
126,0,170,2,81,7,211,13,41,18,246,38,5,46,0,72,259,75,23,101,252,110,59,115,95,135,220,138,138,151,182,155,3
126,0,170,2,81,7,211,13,41,18,246,38,5,46,0,72,259,75,23,100,252,110,59,115,95,135,221,138,138,151,182,155,3
126,0,170,2,81,7,211,13,41,18,246,38,5,46,0,72,259,75,23,100,252,110,59,114,95,134,221,138,138,151,182,155,3
126,0,170,2,81,7,210,13,41,18,246,38,5,46,0,71,260,74,24,100,252,110,60,113,96,133,221,138,138,150,183,154,3
125,0,169,2,80,7,209,13,40,18,245,38,4,46,0,71,259,74,24,99,251,110,59,113,95,132,220,138,138,149,182,154,3
125,0,169,2,80,7,209,13,40,18,245,38,4,46,0,71,259,74,25,99,251,110,60,112,96,132,220,138,138,149,182,154,3
125,0,169,2,80,7,210,13,40,18,245,37,4,46,0,70,259,74,25,98,252,109,60,112,96,132,220,138,138,149,182,153,3
125,0,169,2,80,7,210,13,40,18,245,37,4,46,0,70,259,74,25,98,252,110,60,112,96,131,220,138,138,149,182,153,3
125,0,169,2,80,7,210,13,40,18,245,38,4,46,0,70,259,74,25,98,252,109,61,111,96,131,220,138,139,148,182,153,3
125,0,169,2,80,7,210,13,40,18,245,37,4,46,0,70,259,74,26,98,252,109,61,111,96,131,221,138,139,148,183,153,3
125,0,169,2,80,7,210,13,40,18,245,37,4,46,0,70,259,74,26,98,252,109,61,111,96,130,221,138,139,148,183,153,3
125,0,169,2,80,7,210,13,40,18,245,37,4,45,0,69,259,74,26,97,252,109,62,110,97,130,221,138,139,148,183,153,3
125,0,169,2,80,7,210,13,40,18,245,37,4,45,0,69,259,74,26,97,252,109,62,110,97,130,221,138,139,147,183,153,3
124,0,168,2,79,7,209,13,39,18,244,37,3,45,0,69,258,74,25,97,61,110,251,110,96,129,220,138,138,147,182,152,3
124,0,168,2,79,7,209,13,39,18,244,37,3,45,0,69,258,74,26,97,61,110,251,110,96,129,220,138,138,147,182,152,3
124,0,168,2,79,7,209,13,39,18,244,37,3,45,0,69,258,74,26,96,61,109,251,110,96,129,220,138,139,147,182,152,3
124,0,168,2,79,7,209,13,39,18,245,37,3,45,0,68,258,74,26,96,62,109,251,109,97,128,220,137,139,146,183,151,3
124,0,168,2,79,7,209,13,39,18,245,35,3,45,0,68,260,71,27,95,253,106,63,107,98,126,222,135,140,143,184,148,3
123,0,167,2,79,7,208,12,39,18,245,34,3,45,0,68,259,69,27,94,253,103,63,105,99,122,222,132,141,139,184,145,3
124,0,167,1,79,7,208,11,39,18,245,33,3,45,0,68,260,68,27,94,254,102,64,103,100,120,222,130,141,137,185,143,3
124,0,167,1,79,7,208,11,39,18,246,32,3,45,261,67,0,68,27,93,255,100,64,102,100,119,223,128,142,135,185,141,3
123,0,166,1,78,7,207,10,38,18,245,30,2,45,260,64,0,67,27,92,254,98,64,100,100,115,223,125,141,131,185,137,3
123,0,166,1,78,7,207,10,38,18,246,30,2,45,261,63,0,67,27,92,255,96,65,98,101,113,223,123,142,129,185,136,3
123,0,167,1,78,7,207,10,38,18,246,29,2,45,261,62,0,67,27,91,255,95,66,97,101,112,223,122,142,127,185,134,3
123,0,166,1,78,7,207,9,38,18,246,28,2,45,262,61,0,66,27,89,255,93,66,95,102,108,223,119,142,122,185,130,3
123,0,166,1,78,7,207,9,38,18,246,27,2,45,262,60,0,66,27,89,255,92,66,94,102,106,223,118,142,120,185,129,3
123,0,166,1,78,7,207,9,38,18,246,27,2,44,262,58,0,66,28,88,256,90,66,93,102,104,224,116,142,119,185,127,3
123,0,166,1,78,7,207,9,38,18,246,27,2,45,262,58,0,66,27,88,256,90,66,93,102,104,223,116,141,117,184,126,3
125,0,169,1,80,6,210,11,40,17,247,33,4,46,261,68,0,71,25,97,254,102,63,107,97,124,222,130,139,140,184,144,3
125,0,169,2,80,7,209,14,40,19,245,39,5,49,258,77,0,78,23,109,251,113,59,127,221,144,96,149,139,164,184,164,3
123,0,166,2,77,7,207,15,38,19,242,40,4,51,255,79,0,82,22,115,249,116,57,136,219,148,95,158,183,170,138,172,3
123,0,166,2,77,7,207,15,38,19,241,41,5,52,254,81,0,85,248,118,21,119,56,142,219,150,95,165,183,173,138,178,3
123,0,166,2,77,7,207,15,37,19,241,42,6,52,254,81,0,86,248,119,21,120,55,144,219,151,95,166,183,174,138,179,3
123,0,166,2,77,7,207,15,38,19,241,42,6,52,254,81,0,86,248,119,21,121,55,144,219,151,94,167,183,174,138,179,3
124,0,167,2,78,7,208,15,39,19,242,42,7,53,254,81,0,87,248,119,19,121,54,145,219,151,94,167,182,174,138,179,3
125,0,168,2,79,7,209,15,40,19,242,42,8,53,254,82,0,89,248,119,18,122,53,145,218,151,93,167,182,174,137,179,3
128,0,171,2,82,7,212,15,42,19,244,43,10,53,256,83,0,90,249,120,16,122,52,146,219,152,92,168,181,174,137,179,3
130,0,174,2,84,7,214,16,44,20,246,44,12,53,256,84,0,91,248,121,15,123,50,147,217,152,90,169,180,174,135,181,3
131,0,175,2,85,7,215,16,45,19,247,43,13,53,257,83,0,91,249,120,15,122,50,146,218,151,90,168,180,173,135,179,3
131,0,175,2,85,7,215,15,46,19,247,43,12,53,258,83,0,90,249,120,15,121,50,144,218,150,90,166,180,172,135,177,3
131,0,175,2,85,7,215,15,45,19,247,43,12,53,258,82,0,90,250,119,15,121,50,144,218,150,90,166,181,171,135,177,3
131,0,175,2,85,7,215,15,45,19,248,43,12,53,258,82,0,90,250,119,15,121,51,144,219,149,91,165,181,171,136,176,3
131,0,175,2,85,7,215,15,45,19,247,42,12,53,258,82,0,90,250,119,15,121,51,143,219,149,91,165,181,170,136,176,3
130,0,174,2,84,7,214,15,45,19,247,42,11,52,258,82,0,89,250,118,16,120,51,142,219,149,91,164,181,170,136,175,3
130,0,174,2,84,7,214,15,45,19,247,42,11,52,258,81,0,89,251,118,16,120,52,142,219,148,91,163,182,169,136,174,3
130,0,174,2,84,7,214,15,45,19,247,42,11,52,259,81,0,89,251,118,16,120,52,141,220,148,92,163,182,169,137,174,3
129,0,173,2,83,7,213,15,44,19,247,42,11,52,258,81,0,89,250,118,16,119,52,141,220,148,91,162,181,169,136,174,3
129,0,173,2,83,7,213,15,44,19,247,41,11,52,258,81,0,88,251,117,16,119,52,140,220,148,92,162,182,169,137,173,3
129,0,173,2,83,7,213,15,44,19,247,41,11,51,259,81,0,88,251,117,17,119,53,139,221,147,92,161,183,168,137,172,3
128,0,172,2,82,7,212,15,43,19,246,41,10,51,258,80,0,87,251,117,17,118,53,138,220,147,92,160,182,167,137,172,3
128,0,172,2,82,7,212,15,43,19,246,41,10,51,258,80,0,87,251,117,17,118,54,138,221,147,93,159,183,167,138,171,3
128,0,172,2,82,8,212,16,43,19,246,42,10,52,259,81,0,88,252,117,18,119,54,138,221,147,93,160,183,167,138,172,3
127,0,171,2,81,8,211,16,42,19,245,42,9,52,258,81,0,88,251,117,17,118,53,138,221,147,93,159,183,167,137,171,3
127,0,171,1,81,7,211,15,42,18,245,40,9,51,258,79,0,86,252,116,18,117,54,136,221,146,93,157,183,166,138,169,3
127,0,171,2,81,8,211,15,42,19,245,41,9,52,258,80,0,87,252,117,18,118,55,137,221,146,93,158,183,167,138,170,3
127,0,171,2,81,7,211,14,42,18,246,40,9,51,259,79,0,86,252,116,18,117,55,136,222,145,93,157,184,166,138,169,3
128,0,172,2,82,7,212,14,43,19,247,40,10,52,259,79,0,88,253,116,18,118,55,136,222,145,94,157,184,165,138,169,3
128,0,172,1,83,7,212,14,43,19,246,40,10,52,260,79,0,88,253,116,18,118,55,136,222,145,94,156,184,165,139,168,3
127,0,171,1,82,7,211,14,42,19,246,40,9,52,259,78,0,87,253,115,18,116,56,134,223,144,95,153,184,163,139,165,3
127,0,171,1,82,7,212,14,42,19,246,40,9,52,259,78,0,87,254,115,19,116,56,134,223,144,95,153,185,163,140,165,3
127,0,171,1,82,7,211,14,42,19,246,39,9,52,260,78,0,86,254,114,19,116,57,133,224,143,96,152,185,162,140,164,3
126,0,170,1,81,7,211,14,41,19,246,39,8,52,259,78,0,86,254,114,18,115,57,132,224,143,96,151,185,161,140,162,3
126,0,170,1,81,7,210,14,41,19,246,39,8,52,259,78,0,86,254,114,19,115,57,131,224,143,96,150,185,161,140,162,3
126,0,170,1,81,7,211,14,41,19,246,39,8,52,260,78,0,86,20,114,254,114,58,130,225,142,97,149,141,161,186,161,3
126,0,170,1,81,7,211,14,41,19,246,39,8,52,260,78,0,85,20,114,255,114,58,130,225,142,97,149,186,160,141,161,3
126,0,170,1,81,7,211,14,41,19,246,39,8,52,260,77,0,85,255,113,21,114,59,130,225,142,98,148,141,160,186,160,3
125,0,169,1,80,7,210,14,40,19,245,39,7,51,259,77,0,85,254,113,20,114,58,129,225,141,97,148,141,160,186,160,3
125,0,169,1,80,7,210,14,40,19,245,39,7,52,260,77,0,85,254,113,20,114,58,129,225,141,97,147,141,159,186,159,3
125,0,169,1,80,7,210,14,40,19,245,39,7,52,260,77,0,85,255,113,21,114,59,128,225,141,97,147,141,159,186,159,3
125,0,169,1,80,7,210,14,40,19,245,38,7,52,260,77,0,85,255,113,21,114,59,128,226,141,98,146,141,158,187,158,3
125,0,169,1,80,7,210,13,40,19,245,38,7,52,261,76,0,85,22,113,256,113,60,127,226,140,99,145,142,157,187,158,3
125,0,169,1,80,7,210,13,40,19,245,38,7,52,260,76,0,84,22,113,256,113,60,126,226,140,99,144,143,157,187,157,3
124,0,168,1,79,7,209,13,39,19,244,38,6,52,260,76,0,84,21,112,255,112,59,126,226,140,98,144,142,156,187,157,3
124,0,168,1,79,7,209,13,39,19,244,38,6,52,260,76,0,84,22,112,256,112,60,126,227,139,99,143,143,155,187,156,3
124,0,168,1,79,7,209,13,39,19,244,38,6,52,260,76,0,84,22,112,256,112,61,125,227,139,100,142,143,154,188,156,3
124,0,168,1,79,7,209,13,39,19,244,38,6,52,260,76,0,84,23,112,256,112,61,124,227,139,100,142,143,154,188,155,3
124,0,168,1,79,7,209,13,39,19,244,37,6,52,260,75,0,83,23,111,256,112,62,124,228,139,100,141,143,153,188,155,3
123,0,167,1,78,7,208,13,39,19,243,37,5,52,259,75,0,83,23,111,255,111,61,123,227,138,100,140,143,153,187,155,3
123,0,167,1,78,7,208,13,39,19,244,37,5,51,260,75,0,82,24,109,256,111,63,121,101,137,228,137,144,151,189,153,3
122,0,166,1,77,7,207,13,38,19,243,37,4,51,259,74,0,81,24,109,256,111,63,119,101,136,228,137,144,150,188,152,3
122,0,166,1,77,7,207,13,38,19,243,37,4,51,259,74,0,81,25,108,256,110,63,119,101,136,228,137,144,149,189,152,3
121,0,165,1,76,7,206,13,37,19,242,36,3,51,259,73,0,79,26,106,257,110,65,116,103,132,229,135,145,145,189,149,3
121,0,165,1,76,7,206,13,37,19,242,36,3,51,259,73,0,79,27,105,257,110,65,115,103,131,229,135,145,145,189,149,3
120,0,164,1,75,7,205,13,36,19,241,36,2,51,258,73,0,79,26,105,256,110,65,114,102,130,228,135,144,144,189,148,3
121,0,164,1,75,7,205,12,36,19,241,36,2,51,258,73,0,79,26,105,256,109,65,114,102,130,229,135,145,144,189,148,3
121,0,164,1,75,7,205,12,36,19,241,36,2,51,259,73,0,78,27,104,256,109,65,113,103,129,229,134,145,143,189,148,3
120,0,164,1,75,7,205,12,36,19,241,36,2,51,259,73,0,78,27,104,256,109,66,113,103,128,229,134,145,143,189,147,3
121,0,164,1,75,7,205,12,36,19,241,36,2,51,259,73,0,78,28,104,256,109,66,112,103,128,229,134,145,142,190,147,3
121,0,164,1,75,7,205,12,36,19,241,36,2,51,259,73,0,77,28,103,257,109,67,111,104,126,230,134,146,141,190,146,3
120,0,163,1,74,7,204,12,35,19,241,35,1,51,258,73,0,77,28,102,256,109,66,110,103,126,229,133,145,140,189,145,3
120,0,163,1,74,7,204,12,35,19,241,35,1,51,258,72,0,76,29,101,256,108,67,109,104,124,229,133,146,139,190,144,3
120,0,163,1,74,7,204,12,35,19,241,35,1,51,258,72,0,76,29,101,256,108,68,109,105,124,230,132,146,138,190,144,3
119,0,162,1,73,7,203,12,34,19,240,35,0,51,258,72,0,75,29,100,67,107,256,108,104,123,229,132,146,138,190,144,3
119,0,162,1,73,7,203,12,34,19,240,35,0,51,258,72,0,75,30,99,68,106,256,108,105,122,230,132,146,137,190,143,3
118,0,162,1,73,7,203,12,34,19,240,34,0,51,258,71,1,74,31,98,69,105,257,107,106,120,230,131,147,136,191,142,3
118,0,162,1,74,7,203,12,34,19,240,34,0,50,259,71,1,73,32,97,69,104,257,107,106,119,231,130,148,135,191,141,3
117,0,162,1,73,7,203,12,34,19,240,34,0,50,259,71,1,72,32,97,70,103,257,107,107,119,231,130,148,134,191,141,3
117,0,162,1,73,7,203,12,34,19,240,34,0,50,259,70,1,72,33,96,70,102,258,107,107,117,232,130,149,133,192,140,3
117,0,161,1,73,7,202,12,33,19,239,34,0,50,258,70,0,71,33,94,71,101,257,106,107,116,231,129,148,132,192,139,3
118,0,162,1,74,7,203,12,34,19,241,33,0,50,2,70,259,70,34,94,72,100,258,106,108,116,232,129,149,131,193,139,3
117,0,161,1,73,7,202,12,33,19,240,33,0,50,1,70,258,70,33,93,71,100,258,106,108,115,232,129,149,131,192,138,3
118,0,162,1,74,8,203,12,34,19,241,33,0,49,2,69,259,70,35,93,73,99,259,106,109,114,233,128,150,130,193,138,3
118,0,162,1,74,8,203,11,34,19,240,34,0,49,2,69,259,70,35,92,73,98,259,106,109,114,233,128,150,130,193,138,3
116,0,161,1,72,8,202,13,33,19,239,36,0,51,1,71,258,73,34,96,72,105,258,110,109,121,233,133,150,138,193,144,3
116,0,161,2,72,8,202,14,33,20,238,38,0,53,3,76,257,76,34,104,258,114,72,116,109,135,234,139,152,150,196,153,3
116,0,161,2,72,8,202,14,33,20,237,38,0,53,256,77,1,78,32,108,257,114,69,121,107,141,233,141,150,155,195,157,3
118,0,163,2,74,8,204,14,34,20,239,39,1,54,257,79,0,81,27,113,256,116,65,129,231,144,103,150,192,162,148,163,3
122,0,167,3,78,8,208,15,38,21,242,41,4,55,258,81,0,85,24,118,255,118,60,138,228,147,100,160,190,167,145,171,3
122,0,167,3,78,8,207,15,38,21,242,41,5,55,257,81,0,86,255,118,60,138,227,148,100,160,189,167,144,172,-1,-1,3
123,0,168,3,78,9,208,15,39,21,243,41,6,55,258,81,0,88,254,119,22,120,58,140,227,148,99,162,188,168,143,172,3
123,0,168,3,79,8,208,15,39,21,242,42,6,55,257,82,0,89,253,120,20,121,56,142,225,149,96,163,187,168,142,173,3
125,0,170,3,80,9,210,16,41,21,244,42,8,55,258,83,0,90,253,120,19,121,55,144,225,149,96,165,186,169,141,175,3
126,0,171,3,81,8,211,16,42,21,244,43,9,55,257,84,0,91,252,121,18,122,53,145,223,150,94,167,184,170,139,176,3
128,0,173,3,83,8,213,16,44,21,246,44,11,55,258,85,0,92,18,122,252,122,53,146,222,151,94,168,184,171,139,177,3
129,0,174,3,84,8,214,16,45,21,247,43,12,54,259,84,0,92,17,121,253,121,53,144,222,150,94,166,184,169,139,175,3
129,0,174,3,84,8,214,16,45,21,247,43,12,54,260,83,0,91,17,120,253,120,53,143,223,149,94,164,184,168,139,173,3
128,0,173,2,83,8,213,16,44,21,246,42,11,54,259,83,0,91,17,119,253,119,53,141,223,148,94,162,184,167,139,172,3
128,0,173,2,83,8,213,16,44,20,247,42,11,54,260,82,0,90,18,119,254,119,54,140,224,147,95,161,185,166,140,171,3
127,0,172,2,82,8,212,16,43,20,246,42,10,54,259,82,0,90,17,119,253,119,53,140,223,147,94,161,184,166,139,171,3
128,0,173,3,83,8,213,16,44,20,247,42,12,54,259,83,0,91,253,119,17,120,53,140,223,148,94,161,184,166,139,171,3
128,0,173,2,83,8,213,16,44,20,247,42,12,54,260,82,0,91,254,119,17,120,54,140,223,147,95,161,184,166,139,170,3
127,0,172,2,82,8,212,16,43,20,246,42,11,54,259,82,0,91,17,119,253,119,53,139,223,147,94,160,184,166,139,170,3
126,0,171,2,81,8,211,16,43,20,245,41,10,54,259,81,0,90,254,118,19,119,55,138,224,146,96,160,185,165,140,170,3
125,0,170,2,80,8,210,15,42,20,245,41,9,53,259,81,0,90,254,118,19,119,56,138,225,146,96,159,186,165,141,169,3
124,0,169,2,79,8,209,15,41,20,244,41,9,53,258,81,0,90,253,118,19,119,56,137,224,146,96,158,186,165,141,169,3
124,0,169,2,79,8,209,15,41,20,244,41,9,53,258,80,0,90,254,117,20,118,56,137,225,146,97,158,187,165,141,169,3
124,0,169,2,80,8,209,15,41,20,244,41,9,53,259,80,0,89,255,117,21,118,57,137,226,145,97,158,187,164,142,169,3
123,0,168,2,78,8,209,15,40,20,243,40,8,53,258,80,0,89,254,117,20,118,57,136,225,145,97,157,187,164,142,168,3
122,0,167,2,78,8,208,15,39,20,243,40,7,53,258,80,0,89,254,116,21,117,57,135,226,145,98,157,187,164,142,168,3
122,0,167,2,78,8,208,15,39,20,243,40,7,53,258,79,0,88,254,116,22,117,58,135,226,145,98,156,188,164,143,168,3
121,0,166,2,76,8,207,15,38,20,242,40,6,53,258,79,0,88,254,116,22,117,58,135,226,144,98,156,187,164,142,167,3
121,0,166,2,77,8,207,15,38,20,242,40,6,53,258,79,0,88,254,116,22,117,59,135,226,144,99,156,188,164,143,167,3
120,0,165,2,76,8,206,15,37,20,241,40,5,53,257,78,0,88,253,115,22,116,58,134,226,144,98,155,188,163,143,167,3
120,0,165,2,76,8,206,14,37,20,241,39,5,53,257,78,0,88,254,115,22,116,59,133,226,144,99,155,188,163,143,167,3
119,0,164,2,75,8,205,14,36,20,240,39,4,53,256,78,0,87,23,115,254,115,59,133,226,144,99,154,188,163,143,166,3
119,0,164,2,75,8,205,14,36,20,240,39,4,53,257,78,0,87,23,115,254,115,60,132,227,143,99,154,188,163,144,166,3
119,0,164,2,75,8,205,14,36,20,240,39,5,53,257,78,0,86,24,115,255,115,60,132,227,143,100,153,189,163,144,165,3
118,0,163,2,74,8,204,14,35,20,240,39,4,53,256,77,0,86,254,114,24,115,60,131,227,143,99,153,189,162,144,165,3
118,0,163,2,74,8,204,14,35,20,239,39,4,53,256,77,0,86,24,114,254,114,61,131,227,143,100,153,189,162,144,165,3
118,0,163,2,74,8,204,14,35,20,239,38,4,53,256,77,0,86,25,114,255,114,61,130,228,143,101,152,190,162,145,165,3
117,0,162,2,73,8,203,14,34,20,239,38,3,53,255,77,0,85,24,114,254,114,61,130,227,143,100,152,189,162,145,164,3
117,0,162,2,73,8,203,14,34,20,239,38,3,53,256,77,0,85,25,114,254,114,62,129,228,142,101,152,190,162,145,164,3
116,0,161,2,72,8,202,14,33,20,238,38,2,53,255,76,0,84,26,113,254,113,62,128,228,142,101,150,190,161,146,163,3
115,0,160,1,71,8,201,13,32,19,237,36,1,52,255,75,0,83,27,111,254,112,63,126,228,141,102,148,190,160,146,161,3
114,0,159,2,70,9,200,14,31,20,236,37,1,53,255,75,0,84,27,112,253,112,63,127,227,141,102,149,190,161,146,162,3
114,0,159,1,70,8,200,12,31,19,236,36,1,52,254,74,0,82,27,110,254,111,63,127,228,140,102,148,190,160,146,161,3
113,0,158,1,69,8,199,12,30,20,235,36,0,52,254,74,0,82,27,109,253,111,63,127,228,140,102,148,190,160,146,161,3
113,0,158,1,69,8,199,12,30,20,235,36,0,52,254,74,0,82,28,108,253,111,63,127,228,140,102,148,191,160,147,161,3
113,0,158,1,69,8,199,12,30,20,236,36,0,52,254,74,1,81,29,108,254,111,64,127,229,140,103,148,191,159,147,161,3
113,0,157,1,68,8,198,12,30,20,235,35,0,52,253,74,0,81,29,108,253,110,63,127,228,140,104,148,191,159,147,160,3
113,0,157,1,68,8,198,12,30,20,235,35,0,52,254,73,1,81,29,108,254,110,64,127,229,139,104,148,192,159,148,160,3
113,0,157,1,68,8,198,12,30,20,235,35,0,52,254,73,1,81,30,108,254,110,65,128,229,139,105,148,193,159,149,160,3
113,0,157,1,68,8,198,12,30,20,235,35,0,52,254,73,1,81,31,107,255,110,66,127,230,139,106,148,193,159,149,160,3
113,0,157,1,68,8,198,12,30,20,235,36,0,52,253,74,2,81,32,108,253,111,66,128,229,141,107,150,193,162,149,163,3
112,0,156,1,67,8,197,13,29,20,233,36,0,53,252,75,3,81,33,110,253,113,67,131,229,144,107,153,193,165,150,166,3
109,0,154,1,65,9,194,12,26,21,231,35,0,53,251,73,4,82,34,110,253,111,69,131,230,142,109,153,195,164,152,166,3
108,0,153,1,63,9,194,12,25,23,230,36,0,56,250,74,4,86,252,113,34,117,69,139,230,145,110,160,196,168,153,172,3
110,0,155,2,66,9,196,14,27,22,231,38,0,56,249,78,1,89,249,116,27,122,62,147,225,148,103,168,190,172,147,178,3
113,0,158,2,68,8,199,14,30,21,234,40,1,55,250,80,0,89,249,117,24,122,59,149,223,150,100,170,188,174,144,180,3
116,0,161,2,72,8,201,15,33,21,236,40,3,55,251,80,0,89,249,118,23,124,58,151,223,151,99,172,187,175,143,182,3
116,0,161,2,71,8,201,14,33,21,236,40,3,55,252,80,0,89,249,118,23,123,58,150,223,151,99,171,187,174,143,181,3
116,0,161,3,72,9,202,15,33,22,237,41,3,56,252,80,0,90,249,118,23,123,57,150,223,150,99,171,187,174,143,181,3
116,0,161,2,72,8,202,14,33,20,237,39,2,55,253,79,0,88,249,116,23,121,57,148,223,148,99,169,187,172,143,178,3
116,0,161,3,72,9,202,15,33,21,237,40,3,56,253,80,0,89,249,118,23,122,58,149,223,150,99,170,187,173,143,180,3
115,0,160,3,71,9,201,15,32,21,236,40,2,55,252,80,0,89,250,117,23,122,58,147,223,149,99,169,188,172,143,179,3
115,0,160,2,71,8,201,14,32,20,236,39,2,54,252,79,0,87,250,116,24,120,59,146,223,148,100,167,188,171,144,178,3
115,0,160,2,71,8,201,14,32,20,236,39,2,54,252,78,0,87,250,116,24,120,59,146,224,148,100,167,188,171,144,177,3
115,0,160,2,71,8,201,14,32,20,236,39,2,54,252,79,0,87,250,116,24,120,59,145,224,148,100,166,188,172,144,177,3
115,0,160,2,71,8,201,14,32,20,236,39,2,54,252,78,0,87,250,116,25,119,59,145,224,148,101,166,188,172,144,177,3
115,0,160,2,71,8,201,14,32,20,236,39,2,54,252,78,0,87,250,116,25,119,60,144,224,148,101,166,188,171,144,177,3
115,0,160,2,71,8,201,14,32,20,236,39,2,54,252,78,0,87,250,116,25,119,60,144,224,148,101,165,188,171,144,177,3
114,0,159,2,70,8,200,14,31,20,235,39,1,54,251,78,0,87,249,116,24,119,59,143,223,148,100,165,188,171,144,176,3
114,0,159,2,70,8,200,14,31,20,235,39,1,54,251,78,0,86,249,116,25,118,60,143,223,148,101,164,188,172,144,176,3
114,0,159,2,70,8,200,14,31,20,235,39,1,54,251,78,0,86,250,116,25,118,60,143,223,148,101,164,188,172,144,176,3
114,0,159,1,70,8,200,14,31,20,235,39,1,54,251,78,0,86,250,116,26,118,60,142,223,148,101,164,188,172,144,176,3
114,0,159,2,70,8,200,14,31,20,235,39,1,54,251,78,0,86,250,116,26,118,61,142,224,148,101,163,188,172,145,175,3
114,0,159,2,70,8,200,14,31,20,235,39,1,54,251,78,0,86,250,115,26,117,61,142,224,148,101,163,188,172,145,175,3
113,0,158,2,69,8,199,14,30,20,234,39,0,54,250,78,0,85,249,116,26,117,60,141,223,148,101,163,187,172,144,175,3
113,0,158,2,69,8,199,14,30,20,234,39,0,54,250,78,0,85,249,116,26,117,61,141,223,148,101,162,187,171,144,175,3
113,0,158,1,69,8,199,14,30,20,234,39,0,54,250,78,0,85,249,116,26,117,61,140,223,148,101,162,187,172,144,175,3
113,0,158,2,69,9,199,15,30,21,234,40,0,55,250,79,0,86,249,117,26,118,61,141,223,149,101,163,187,173,144,176,3
113,0,158,1,69,8,199,14,30,20,234,39,0,54,251,78,0,85,249,116,27,117,61,140,223,148,101,162,187,172,144,175,3
113,0,158,2,69,8,199,14,30,20,234,39,0,54,250,78,0,85,249,115,27,117,62,139,223,148,101,161,188,172,144,175,3
113,0,158,1,69,8,199,14,30,20,234,39,0,54,251,78,0,85,249,115,27,116,62,139,223,148,102,161,188,172,145,175,3
113,0,158,1,69,8,199,14,30,20,234,39,0,54,251,78,0,85,27,116,249,116,62,139,223,148,102,161,188,172,145,174,3
113,0,158,1,69,8,199,14,30,20,234,39,0,54,251,78,1,84,249,115,28,116,62,138,223,148,102,161,188,172,145,174,3
113,0,158,1,69,8,199,14,30,20,234,39,0,54,250,78,1,84,249,115,28,116,63,138,223,148,102,161,188,172,145,174,3
113,0,158,1,69,8,199,14,30,20,234,38,0,54,251,78,1,84,249,115,29,116,63,137,223,148,103,160,188,172,146,174,3
113,0,158,1,69,8,199,13,30,20,234,38,0,54,251,78,1,84,29,115,249,115,64,137,224,148,103,160,188,172,146,174,3
113,0,158,1,69,8,199,14,30,20,234,38,0,54,251,78,1,84,29,115,249,115,64,137,224,148,103,159,188,172,146,173,3
113,0,158,1,69,8,199,14,30,20,234,38,0,54,251,78,2,83,30,115,249,115,64,137,224,148,103,159,189,172,146,173,3
113,0,158,1,69,8,199,14,30,20,234,38,0,54,251,78,2,83,30,115,249,115,64,136,224,148,103,159,189,172,146,173,3
113,0,158,1,69,8,199,13,30,20,234,38,0,54,251,78,2,83,30,115,249,115,65,136,224,148,104,159,189,172,146,173,3
113,0,158,1,69,8,199,13,30,20,234,38,0,54,251,78,2,83,30,115,249,115,65,136,224,148,104,158,189,172,147,173,3
113,0,158,1,69,8,199,13,30,20,234,38,0,54,251,78,2,83,31,114,250,115,65,136,224,148,104,158,189,172,147,173,3
113,0,158,1,69,8,199,13,30,20,234,38,0,54,251,78,3,82,31,114,250,115,66,135,224,148,104,158,189,172,147,173,3
113,0,158,1,69,8,199,14,30,20,234,38,0,54,251,78,3,82,32,114,250,115,66,135,224,148,105,158,189,172,147,173,3
113,0,158,1,69,8,199,13,30,20,234,38,0,54,251,77,3,82,32,114,250,115,66,135,224,148,105,157,189,172,147,173,3
113,0,158,1,69,8,199,13,30,20,234,38,0,54,251,77,4,82,33,113,250,115,67,134,224,148,106,157,148,172,189,172,3
113,0,158,1,69,8,199,13,30,20,234,38,0,54,251,77,5,81,33,113,250,115,68,133,224,148,106,156,148,172,189,172,3
113,0,158,1,69,8,199,13,30,20,234,38,0,54,251,77,5,81,34,112,250,115,68,132,224,148,106,156,149,172,190,172,3
113,0,158,1,69,8,199,13,30,20,234,38,0,54,251,77,5,81,34,112,250,115,69,132,224,148,106,155,149,171,190,172,3
113,0,158,1,69,8,199,13,30,21,234,38,0,54,251,77,5,80,34,112,250,115,69,132,224,148,107,155,149,171,190,172,3
113,0,158,1,69,8,199,13,30,21,234,38,0,54,251,77,5,80,35,111,250,115,70,131,225,148,107,154,149,171,190,172,3
113,0,158,1,69,8,199,13,30,21,235,38,0,55,251,77,6,80,36,111,250,115,70,131,224,147,107,154,149,171,190,172,3
112,0,157,1,68,8,198,13,29,21,233,38,0,54,250,77,5,80,35,111,249,115,69,130,224,148,106,154,148,171,189,172,3
113,0,158,1,69,8,199,13,30,21,235,38,0,55,251,77,6,80,36,111,250,115,70,130,225,148,108,154,150,171,190,171,3
112,0,157,1,68,8,198,13,29,21,233,38,0,55,250,77,5,79,36,110,249,114,69,130,224,147,107,153,149,170,189,171,3
113,0,158,1,69,8,199,13,30,21,234,38,0,55,251,77,6,79,37,110,250,114,71,130,225,147,108,153,150,170,190,171,3
112,0,157,1,68,8,198,13,29,21,233,38,0,55,250,77,5,79,36,110,249,114,70,129,224,148,107,153,149,170,189,171,3
112,0,157,1,68,8,198,13,29,21,234,38,0,55,250,77,6,79,36,110,249,114,70,129,224,147,107,153,149,170,189,171,3
112,0,157,1,68,8,198,13,29,21,234,38,0,55,250,77,6,79,37,110,249,114,70,129,224,147,107,153,149,170,189,171,3
112,0,157,1,68,8,198,13,29,21,233,38,0,55,250,77,5,79,37,110,249,114,71,129,224,147,107,152,149,170,189,171,3
112,0,157,1,68,8,198,13,29,21,233,38,0,55,250,76,5,78,37,109,249,114,71,128,224,147,107,152,149,169,189,171,3
113,0,158,1,69,8,199,13,30,21,235,37,0,55,252,75,6,78,38,108,251,113,72,126,225,146,109,150,150,168,190,169,3
114,0,158,1,69,8,199,12,30,21,235,36,0,54,252,74,6,78,38,107,251,112,72,125,225,144,109,148,150,166,190,167,3
114,0,159,1,70,8,199,12,31,20,236,35,0,54,253,73,6,77,38,104,251,109,71,120,225,141,108,143,150,161,190,164,3
114,0,159,1,70,8,199,11,31,20,236,33,0,53,254,70,5,76,37,102,252,106,71,116,108,138,225,138,149,157,189,160,3
114,0,159,1,70,8,199,11,31,20,237,32,0,53,254,69,5,75,37,100,252,105,71,114,108,136,225,136,148,154,189,158,3
114,0,159,1,70,8,200,10,31,20,237,32,0,53,255,68,5,75,38,99,253,104,71,112,108,134,226,134,149,152,190,156,3
114,0,159,1,70,8,200,10,31,20,238,31,0,53,255,67,38,99,253,102,72,111,109,132,226,133,149,150,190,154,-1,-1,3
114,0,159,1,70,8,200,10,31,20,238,30,0,53,256,65,5,74,38,98,254,101,72,110,109,130,227,131,149,148,190,152,3
114,0,159,1,70,8,200,9,31,20,238,29,0,53,256,64,5,74,38,97,254,99,72,108,110,128,227,129,149,146,190,150,3
114,0,159,1,70,8,199,9,31,19,238,27,0,52,257,61,5,73,38,94,255,96,73,103,110,121,227,125,149,140,190,144,3
114,0,159,1,70,8,199,8,31,19,238,26,0,52,257,60,5,73,38,93,255,95,73,101,110,119,227,123,149,138,190,143,3
114,0,159,1,71,7,199,8,31,19,239,26,0,51,258,58,5,72,38,91,255,92,73,98,110,115,227,121,148,134,190,139,3
114,0,159,1,71,7,199,8,31,19,239,25,0,51,258,57,38,90,256,90,74,95,110,111,227,118,148,130,189,136,-1,-1,3
114,0,159,2,71,8,199,8,31,20,239,25,0,52,258,58,5,72,38,90,256,91,74,96,111,110,227,118,148,129,189,135,3
115,0,160,2,72,8,200,8,32,19,240,24,0,51,260,56,6,71,39,87,257,88,75,90,112,103,227,114,147,121,189,129,3
115,0,160,2,72,8,200,8,32,19,240,24,0,51,259,55,39,87,257,87,76,89,112,101,227,113,147,120,188,128,-1,-1,3
116,0,160,2,72,8,200,8,32,19,240,23,0,51,260,55,39,86,257,87,76,88,112,99,227,112,147,118,188,126,-1,-1,3
115,0,160,2,72,8,200,8,32,19,240,23,0,50,260,54,39,86,257,86,76,87,112,98,227,111,146,116,188,125,-1,-1,3
116,0,160,2,72,8,200,8,32,19,240,23,0,50,260,54,39,85,257,85,76,86,113,96,226,110,146,114,187,123,-1,-1,3
116,0,160,2,72,8,200,8,32,19,240,23,0,50,260,54,38,85,256,85,76,86,113,96,226,109,146,113,187,123,-1,-1,3
116,0,160,1,72,7,200,7,32,18,240,22,0,50,259,54,6,70,38,85,256,85,76,87,112,97,226,110,146,116,187,124,3
116,0,161,1,73,8,201,8,33,19,241,25,0,51,259,57,4,72,255,90,35,91,72,95,109,108,225,116,145,126,186,132,3
117,0,162,1,73,8,202,9,34,20,241,28,0,52,258,62,1,75,253,95,31,96,68,104,104,119,223,123,143,137,185,141,3
118,0,162,2,74,8,203,11,34,20,241,32,0,52,257,66,0,77,28,101,251,102,64,112,101,130,221,131,141,147,183,150,3
120,0,165,2,76,7,206,13,36,20,241,38,2,52,254,75,0,80,25,110,248,113,60,129,219,144,98,151,140,167,183,167,3
121,0,166,2,76,8,206,14,37,20,241,40,3,53,253,79,0,82,24,114,247,116,59,136,218,149,98,158,182,173,140,174,3
122,0,167,2,77,8,207,15,38,20,241,41,4,53,253,81,0,83,24,116,247,119,58,139,218,151,97,162,182,175,140,177,3
123,0,168,3,78,9,208,16,39,21,241,43,5,54,253,83,0,85,23,119,247,121,57,142,218,153,96,165,182,177,140,179,3
123,0,168,3,78,8,208,16,39,21,241,43,5,54,253,83,0,86,22,119,246,120,56,143,218,153,95,165,182,177,139,179,3
123,0,168,2,78,8,208,16,39,21,241,43,5,54,253,83,0,86,22,119,247,120,56,142,218,153,95,165,182,177,139,179,3
123,0,168,3,78,8,208,16,39,21,241,43,5,54,253,83,0,86,22,119,247,120,56,142,218,153,95,165,182,177,139,179,3
123,0,168,3,78,8,208,16,39,21,241,42,5,54,253,82,0,86,21,119,247,120,55,143,218,152,95,165,181,176,139,179,3
124,0,168,3,79,8,209,16,40,20,242,42,6,54,254,82,0,88,20,119,247,120,55,144,218,152,94,166,182,176,139,179,3
125,0,170,3,80,8,210,16,41,20,243,42,8,54,255,82,0,89,19,120,248,120,54,145,218,152,94,166,182,176,138,179,3
128,0,174,3,84,8,214,16,45,21,246,43,12,54,257,84,0,92,17,120,249,121,51,146,218,152,92,168,181,175,137,179,3
130,0,176,3,86,8,216,16,47,20,248,44,14,54,257,85,0,93,14,120,248,122,48,147,217,153,90,168,179,175,134,178,3
132,0,177,2,87,8,217,16,48,20,249,43,15,54,259,83,0,92,14,119,249,120,49,145,218,151,90,166,180,172,135,176,3
132,0,177,2,87,8,217,16,48,20,250,43,15,54,259,83,0,92,14,119,250,119,49,145,218,150,91,164,180,171,136,174,3
131,0,176,2,86,8,216,16,47,20,249,43,14,54,258,82,0,92,13,119,249,119,48,144,217,150,90,163,180,171,135,174,3
131,0,176,2,86,8,216,16,47,20,249,43,14,54,258,82,0,91,14,119,249,119,49,144,218,150,91,163,180,171,135,174,3
131,0,176,2,86,8,216,16,47,20,249,43,14,54,259,82,0,91,14,118,250,119,50,144,218,150,91,163,180,171,136,174,3
131,0,176,2,86,8,216,16,47,20,249,42,14,54,259,82,0,91,15,119,250,119,50,144,219,150,92,164,181,171,137,174,3
129,0,174,2,84,8,214,16,45,20,247,42,12,53,258,81,0,91,15,118,250,118,50,143,218,149,92,162,181,171,136,174,3
128,0,173,2,83,8,213,15,44,20,247,42,11,53,258,81,0,90,16,117,249,118,52,142,219,149,93,161,181,171,137,173,3
128,0,173,2,83,8,213,15,45,20,247,41,11,53,258,81,0,90,18,117,250,117,53,141,219,149,95,161,182,171,138,173,3
127,0,172,2,82,8,212,15,44,20,246,41,10,53,257,81,0,89,18,117,249,117,53,140,219,148,94,160,182,171,138,173,3
127,0,172,2,83,8,212,15,44,20,246,41,10,53,257,80,0,89,19,116,250,117,54,140,219,148,95,160,182,171,138,173,3
126,0,171,2,82,8,211,15,43,20,245,41,9,53,257,80,0,89,19,116,249,117,54,139,219,148,95,159,182,171,138,172,3
126,0,171,2,81,8,212,15,43,20,246,41,9,53,257,80,0,88,19,116,250,117,55,138,219,148,95,159,182,171,139,172,3
125,0,170,2,81,8,210,15,42,20,245,41,8,53,256,80,0,88,20,115,249,117,55,138,219,148,95,159,182,170,139,172,3
124,0,169,2,80,8,210,15,41,20,244,41,7,53,255,80,0,87,20,115,248,117,55,137,218,148,95,158,181,171,138,172,3
124,0,169,2,79,8,209,15,41,20,244,41,7,52,256,80,0,87,20,115,249,116,56,137,218,148,95,158,181,170,139,172,3
124,0,169,2,79,8,210,15,41,20,244,40,8,52,256,79,0,87,21,114,249,116,56,136,218,148,96,158,182,170,139,172,3
124,0,169,2,79,8,210,15,41,20,244,40,7,52,256,80,0,86,21,114,249,116,56,136,219,148,96,157,182,170,139,172,3
123,0,168,2,78,8,209,15,40,20,243,40,7,52,255,79,0,86,21,114,248,116,56,136,218,148,95,157,181,170,138,172,3
123,0,168,2,78,8,209,15,40,20,243,40,7,52,255,79,0,86,21,114,248,116,56,135,218,148,96,157,181,170,138,171,3
123,0,168,2,79,8,209,15,40,20,243,40,7,52,255,79,0,85,22,114,248,116,57,135,218,148,96,156,181,170,139,171,3
123,0,168,2,79,8,209,15,40,20,243,40,7,52,255,79,0,85,22,113,248,116,57,134,218,148,96,156,181,170,139,171,3
123,0,168,2,79,8,209,15,40,20,243,40,7,52,255,79,0,85,23,113,248,116,58,134,218,148,96,156,182,170,139,171,3
123,0,168,2,79,8,209,15,39,20,243,40,6,52,255,79,0,84,23,113,248,116,58,134,218,148,96,155,182,170,139,171,3
122,0,167,2,78,8,208,15,39,20,242,40,5,52,254,79,0,84,23,113,247,116,57,133,217,148,96,155,181,170,138,171,3
122,0,167,2,78,8,208,15,39,20,242,40,5,52,254,79,0,84,23,112,248,116,58,133,218,148,96,155,181,170,139,171,3
122,0,167,2,77,8,208,15,39,20,242,40,5,52,254,79,0,83,23,112,247,116,58,132,217,147,96,154,139,170,181,170,3
122,0,167,2,78,8,208,15,39,20,242,40,5,52,254,79,0,83,24,112,248,116,58,132,218,147,96,154,139,170,181,170,3
121,0,166,2,76,8,207,15,38,20,241,40,4,52,253,79,0,82,24,111,247,116,58,131,217,147,96,154,138,170,180,170,3
121,0,166,2,76,8,207,15,38,20,241,40,4,52,253,79,0,82,24,111,247,116,58,131,217,147,96,153,138,170,180,170,3
121,0,166,2,76,8,207,15,38,20,241,40,4,52,253,79,0,82,24,110,247,116,58,130,217,147,96,153,138,170,180,170,3
121,0,166,2,76,8,207,15,38,20,241,40,4,52,253,79,0,81,24,110,247,116,59,130,217,147,96,153,138,170,180,170,3
121,0,166,2,76,8,207,15,38,20,241,40,4,51,253,79,0,81,25,109,247,116,59,129,217,147,97,152,138,170,180,170,3
121,0,166,2,76,8,207,15,38,19,241,40,4,51,253,79,0,80,25,109,246,116,59,129,217,148,97,152,138,170,180,170,3
120,0,165,2,76,8,206,15,37,19,240,40,3,51,252,79,0,80,25,108,246,116,59,128,216,147,96,151,138,169,179,170,3
120,0,165,2,75,8,206,15,37,20,240,40,3,51,0,79,252,79,26,108,245,116,59,127,215,147,96,151,138,169,179,170,3
120,0,165,2,75,8,206,15,37,19,240,40,3,50,0,78,252,79,27,107,245,116,60,125,215,147,97,150,138,169,179,170,3
119,0,164,2,74,8,205,15,36,20,239,40,2,50,0,77,251,79,26,106,244,116,59,125,214,147,96,150,137,168,178,170,3
119,0,164,2,75,8,205,15,36,20,239,40,2,50,0,77,251,79,26,106,244,116,59,125,214,147,96,149,137,168,178,170,3
119,0,164,2,75,8,205,15,36,19,239,40,1,51,0,77,251,79,26,105,244,116,60,124,214,147,96,149,137,168,178,170,3
119,0,164,2,74,8,205,15,36,20,239,40,1,51,0,77,251,79,27,105,244,116,60,124,214,147,96,149,137,168,178,170,3
119,0,164,2,75,8,205,15,36,19,239,40,1,50,0,76,251,79,27,105,244,115,60,123,214,147,96,148,137,168,177,170,3
119,0,164,2,74,8,205,15,36,19,239,40,1,50,0,76,251,79,28,104,244,116,60,123,214,147,96,148,137,168,177,170,3
119,0,164,2,75,8,205,15,36,19,239,40,1,50,0,75,251,79,28,104,244,115,61,122,97,147,214,147,137,168,177,170,3
119,0,164,2,74,8,205,15,36,19,239,40,1,50,0,75,251,79,28,103,244,115,61,122,97,147,214,147,137,167,177,170,3
119,0,164,2,74,8,205,15,36,19,239,40,2,50,0,74,251,79,244,116,61,121,97,147,214,147,137,167,177,170,-1,-1,3
118,0,163,2,73,8,204,15,35,19,238,40,0,50,0,74,250,79,243,116,60,121,96,146,213,147,136,167,176,170,-1,-1,3
118,0,163,2,73,8,204,15,35,19,238,40,0,50,0,73,250,79,243,116,61,120,97,146,213,147,136,167,176,170,-1,-1,3
118,0,163,2,73,8,204,15,35,20,238,40,0,50,0,73,250,79,243,116,61,120,97,146,213,147,137,167,176,170,-1,-1,3
118,0,163,2,74,8,204,15,35,20,238,40,0,50,0,72,250,79,243,115,62,120,97,146,213,147,137,167,177,170,-1,-1,3
118,0,163,2,73,8,204,15,35,19,238,40,0,50,1,72,251,79,244,115,63,120,98,146,214,147,138,167,177,170,-1,-1,3
482,0,659,12,304,13,140,53,839,64,1005,158,27,159,1081,307,0,327,1056,483,64,485,185,618,933,621,756,701,360,710,560,736,4
481,0,304,13,658,13,140,52,839,65,1004,159,28,159,1083,307,0,327,1060,483,66,486,187,620,939,622,763,704,364,713,566,740,4
490,0,311,10,667,17,145,48,848,73,30,153,1012,171,1087,321,0,323,64,486,1062,498,185,623,938,636,761,715,361,719,563,749,4
500,0,320,3,676,22,153,36,854,84,35,136,1015,186,0,304,1086,338,60,468,1057,512,177,609,931,646,352,711,752,719,554,747,4
503,0,322,5,680,22,153,38,860,84,34,143,1021,187,0,315,1091,341,61,481,1060,518,179,623,933,653,354,724,754,729,556,758,4
504,0,320,6,684,19,150,42,868,81,33,148,1032,185,0,320,1103,339,62,485,1071,518,181,625,941,655,357,725,760,730,559,760,4
503,0,317,9,687,18,146,48,874,77,30,159,1042,181,0,333,1116,338,66,499,1084,519,188,639,953,658,365,737,770,738,569,770,4
506,0,699,13,313,13,137,62,897,72,1073,178,22,183,1148,342,0,364,1114,530,74,531,202,669,977,673,791,756,382,764,588,793,4
502,0,697,12,306,16,128,66,895,69,1070,175,14,193,1143,336,0,376,1109,521,82,543,977,663,215,675,797,746,397,763,599,786,4
512,0,315,12,707,15,135,62,904,76,1077,185,18,188,1145,347,0,372,1105,532,78,541,969,671,209,675,788,753,389,766,590,791,4
507,0,706,12,308,16,129,70,911,71,1091,180,15,199,1164,347,0,383,1124,537,79,552,984,681,211,686,797,764,392,777,596,802,4
509,0,713,12,307,16,127,71,922,72,1106,185,14,201,1175,356,0,385,1130,547,79,551,210,684,983,688,793,768,388,775,590,803,4
507,0,306,14,710,14,126,66,919,76,1103,190,14,194,1172,362,0,375,78,540,1125,552,207,674,978,691,383,768,787,767,585,799,4
500,0,704,10,300,18,912,67,121,74,1097,178,11,205,1168,346,0,387,1123,535,82,550,980,676,213,680,793,757,392,768,593,793,4
498,0,701,9,296,17,910,68,117,74,1094,178,8,207,1164,347,0,390,1121,537,84,552,978,675,216,680,792,755,394,768,593,792,4
495,0,698,10,294,17,905,66,114,74,1086,175,6,205,1157,339,0,387,1114,523,87,548,976,660,221,674,794,740,400,757,598,778,4
494,0,699,6,290,21,907,59,108,82,1089,165,1,220,1159,331,0,404,1117,517,91,565,980,655,229,687,800,740,409,766,606,783,4
488,0,694,0,285,26,904,49,103,94,1086,149,0,235,1159,310,6,421,1123,494,105,578,993,637,248,695,817,726,431,767,628,776,4
494,0,699,2,287,27,908,50,105,93,1089,149,0,235,1161,309,7,421,1124,493,106,578,994,632,251,695,820,721,434,764,630,772,4
495,0,701,2,288,27,912,50,104,95,1093,150,0,238,1166,311,8,425,1129,494,110,583,999,635,255,699,825,725,440,768,636,775,4
703,0,495,1,288,29,913,47,103,99,1096,145,0,245,1168,306,9,431,1132,491,111,589,1001,633,257,704,828,724,442,772,638,777,4
712,0,500,5,288,38,928,42,101,114,1115,138,0,263,1191,298,16,451,1155,482,125,604,1024,625,276,714,850,719,661,776,464,776,4
225,0,105,11,351,13,463,42,25,83,569,98,660,177,0,216,698,281,51,348,680,396,139,459,608,485,262,533,509,535,392,556,4
218,0,347,7,97,16,463,32,577,84,19,92,677,160,0,227,722,265,58,360,712,384,156,469,644,478,542,534,285,541,421,560,4
146,0,292,8,444,43,41,68,575,96,700,177,0,231,808,281,856,411,56,409,840,552,166,570,758,658,326,686,637,715,493,732,4
621,0,432,10,821,34,248,43,87,112,1001,119,0,246,1083,267,15,415,1062,442,111,557,946,581,249,662,785,672,422,724,607,725,4
631,0,442,5,255,36,830,39,90,101,1006,127,0,235,1084,278,12,408,1058,454,109,553,942,589,246,661,780,678,419,725,603,729,4
637,0,448,3,262,30,834,42,97,92,1011,133,0,222,1088,283,5,395,1060,460,95,543,940,597,229,655,773,684,403,724,591,732,4
640,0,450,1,264,27,839,43,99,88,1017,137,0,220,1097,292,3,397,1072,476,92,551,950,618,227,668,780,706,402,743,594,754,4
645,0,454,4,267,33,846,41,99,95,1026,133,0,226,1104,288,0,402,1075,471,87,553,949,613,221,669,776,704,396,741,588,751,4
595,0,844,18,385,32,203,86,1092,106,60,172,1217,292,0,313,42,477,1198,508,148,614,1054,666,289,718,860,758,465,787,660,804,4
598,0,842,1,388,46,1084,68,203,113,57,213,1215,236,0,366,1214,451,56,535,1093,618,181,668,917,732,339,761,725,802,528,811,4
840,0,592,3,381,54,1086,66,198,125,51,230,1223,232,0,385,1228,446,60,556,1109,618,190,686,933,735,351,776,741,809,543,822,4
590,0,424,13,768,23,261,50,938,87,111,108,1032,216,13,220,0,382,1033,391,74,526,931,544,200,640,767,648,378,708,577,709,4
588,0,419,17,770,20,255,58,945,80,105,120,1046,210,8,237,1054,388,0,402,78,547,956,548,792,658,210,661,599,725,395,728,4
616,0,440,15,804,24,268,55,983,90,110,118,1085,225,8,237,1090,405,0,410,82,561,988,567,819,679,221,680,621,746,411,749,4
648,0,467,12,841,28,288,48,1026,102,123,109,15,231,1129,247,0,410,1132,438,80,571,1023,607,220,700,845,719,417,780,636,784,4
669,0,485,3,302,31,862,38,134,83,1043,119,20,202,1139,265,0,379,1133,453,78,544,1018,612,216,677,837,716,410,761,628,772,4
600,0,792,12,417,28,966,73,235,80,77,165,1055,201,0,308,1051,366,32,476,959,510,147,604,819,617,298,686,656,692,477,719,4
607,0,798,14,423,26,240,75,972,78,79,159,1057,207,0,303,1051,374,29,473,958,518,143,603,815,624,293,688,653,700,472,725,4
670,0,479,10,860,32,280,46,1022,112,98,123,1092,250,0,272,1073,414,21,457,971,552,135,601,825,651,289,697,657,721,473,740,4
705,0,500,12,906,32,290,52,1081,118,100,134,1153,267,0,290,1124,444,19,481,1010,590,136,632,852,693,293,732,675,764,482,779,4
394,0,245,9,542,11,105,48,691,56,822,137,15,145,878,260,0,289,853,402,62,421,754,513,166,525,616,578,308,594,465,610,4
394,0,244,9,542,12,105,48,691,56,823,137,15,145,878,261,0,289,853,403,63,421,754,512,166,525,616,578,308,594,464,610,4
395,0,244,9,542,11,106,48,691,56,822,137,15,145,878,261,0,289,853,403,62,420,754,513,166,525,617,578,308,594,464,611,4
395,0,245,9,542,11,105,48,691,56,822,137,14,145,878,261,0,289,853,403,63,421,754,513,166,525,617,579,308,594,464,610,4
412,0,258,8,564,15,115,43,716,64,19,140,849,151,903,279,0,288,59,425,874,426,162,535,768,538,624,602,305,610,466,631,4
414,0,259,11,569,11,115,49,726,58,865,143,19,148,924,275,0,296,895,427,58,433,162,544,786,544,636,612,308,620,472,642,4
414,0,572,8,256,13,735,51,112,54,882,135,18,153,948,267,0,301,925,423,61,438,814,544,168,550,660,615,319,626,491,646,4
430,0,272,7,586,14,126,40,745,64,25,136,889,151,954,285,0,287,57,430,931,441,164,550,822,561,666,630,318,634,494,659,4
434,0,274,9,592,14,126,45,754,63,24,144,900,149,967,285,0,298,60,445,946,445,170,568,838,569,682,643,327,652,507,676,4
446,0,284,8,606,14,132,44,768,63,27,142,914,151,982,286,0,299,961,447,61,449,853,573,173,574,696,649,335,659,519,683,4
484,0,309,11,655,14,146,49,829,66,989,157,30,155,1067,301,0,324,1051,474,65,487,937,614,188,623,766,701,368,717,571,741,4
489,0,666,10,311,14,145,57,849,59,1018,150,29,165,1103,298,0,337,1088,481,65,503,969,628,190,641,790,719,375,736,586,761,4
518,0,704,11,330,15,157,55,898,64,1079,162,34,166,1170,319,0,344,1155,511,65,518,195,667,1027,668,834,762,389,772,615,803,4
513,0,702,8,325,18,899,58,152,63,1084,152,32,175,1179,311,0,353,1167,505,68,526,1038,664,199,672,844,762,396,776,623,805,4
495,0,681,1,312,25,877,42,143,74,1065,129,27,188,1166,280,0,364,1163,475,70,533,1041,639,205,675,851,743,402,772,631,794,4
673,0,488,15,862,22,303,52,1039,96,129,110,1136,234,12,234,1138,417,0,422,1037,581,93,589,872,697,246,714,673,772,453,782,4
679,0,494,11,870,27,309,44,135,100,1046,106,16,221,1140,249,0,409,1134,433,87,578,1026,596,857,708,235,709,657,778,438,782,4
515,0,703,1,327,21,894,43,150,65,1065,137,25,179,1144,290,0,365,1123,474,75,538,1000,627,213,675,822,724,405,762,620,776,4
690,0,502,6,885,33,314,34,139,86,1064,119,18,203,1154,270,0,389,1140,457,82,558,1023,617,225,692,845,721,423,773,641,780,4
699,0,507,10,897,32,315,42,137,100,1079,119,15,224,1169,272,0,419,1157,465,87,593,1040,630,235,727,862,742,438,806,658,807,4
722,0,519,18,932,25,317,59,1129,108,131,126,8,260,1233,264,0,464,1230,465,100,643,1113,644,930,768,262,779,715,846,481,854,4
733,0,529,20,945,24,326,62,1143,105,135,130,1249,261,9,268,1248,463,0,473,1133,644,102,654,950,772,269,790,732,853,493,864,4
750,0,971,24,535,23,322,73,1174,111,125,151,1280,277,0,305,1276,489,3,527,1160,678,118,715,979,811,296,850,764,900,525,918,4
767,0,544,19,995,31,323,64,1197,127,121,142,1291,299,0,299,1270,505,12,517,1144,679,134,696,962,798,309,822,754,875,528,887,4
770,0,547,12,997,36,325,51,123,124,1198,139,0,276,1287,312,10,492,1261,518,127,673,1129,688,944,800,297,804,736,871,512,876,4
770,0,547,16,998,34,326,56,123,129,1200,133,0,282,1290,304,10,497,1266,510,128,676,1136,679,951,795,300,806,742,868,517,876,4
770,0,547,20,999,30,325,63,1205,125,123,141,1299,297,0,297,1278,506,10,513,1149,681,129,693,962,801,302,822,752,879,523,889,4
779,0,554,15,1011,35,329,57,124,132,1217,137,0,289,1310,313,8,510,1286,525,127,696,1154,701,966,820,302,830,753,895,522,903,4
788,0,560,14,1020,36,334,54,127,128,1224,141,0,286,1314,318,7,508,1285,529,124,694,1149,703,960,820,297,827,746,894,516,900,4
783,0,555,16,1015,35,331,56,125,131,1223,137,0,286,1316,313,8,505,1289,523,126,688,1155,698,964,815,299,821,750,888,519,894,4
787,0,559,14,1019,37,334,53,128,125,1224,140,0,280,1315,317,6,500,1288,529,122,686,1152,702,960,819,294,821,745,891,514,896,4
785,0,557,14,1016,36,333,52,126,126,1223,140,0,280,1314,316,5,499,1287,527,122,684,1151,700,960,817,293,818,744,889,513,893,4
786,0,559,12,1018,39,334,49,127,121,1222,144,0,275,1312,322,5,495,1283,533,120,681,1145,705,291,817,954,820,740,891,509,893,4
780,0,554,18,1011,32,329,61,1216,131,123,139,0,298,1310,306,1286,516,12,517,1155,691,134,699,969,811,309,829,758,888,529,898,4
775,0,549,19,1007,30,325,63,1213,127,122,142,1306,300,0,299,1282,508,12,515,1150,683,132,695,963,802,306,822,753,879,525,889,4
779,0,552,11,1011,38,328,46,126,115,1218,146,0,267,1304,326,0,481,1269,538,108,667,1125,709,271,804,928,821,484,884,712,887,4
764,0,538,19,998,30,316,63,1211,132,117,140,0,294,1307,310,9,508,1280,524,124,687,1143,700,950,818,292,818,735,889,507,892,4
776,0,546,17,1013,35,321,59,119,134,1223,140,0,287,1311,321,8,501,1276,534,122,680,1132,706,287,810,937,817,498,883,723,884,4
767,0,539,18,1002,33,316,61,1213,136,117,138,0,292,1303,315,12,504,1272,527,127,680,1131,698,293,809,939,811,727,879,504,880,4
770,0,542,15,1006,37,319,54,119,129,1215,144,0,280,1303,326,6,494,1265,539,117,674,1120,710,279,806,925,819,488,882,711,883,4
769,0,542,13,1004,38,319,51,120,123,1212,145,0,272,1298,324,5,483,1262,536,116,662,1118,703,279,794,924,812,488,871,711,875,4
752,0,525,22,993,29,305,68,1212,131,112,144,0,293,1310,312,10,498,1279,529,118,672,1130,703,276,801,929,816,484,877,710,880,4
769,0,538,15,1008,36,316,56,117,131,1220,145,0,286,1310,326,12,500,1277,540,126,680,1134,711,292,810,940,821,503,885,728,885,4
393,0,243,9,541,12,105,47,690,57,821,137,14,145,877,261,0,289,852,403,61,421,753,513,165,525,616,579,307,594,463,611,4
394,0,244,9,542,11,105,48,691,57,822,137,15,145,878,261,0,289,853,402,62,420,754,513,166,525,617,578,308,594,464,610,4
394,0,244,9,542,12,104,48,691,57,822,138,14,145,877,261,0,289,852,403,62,421,753,513,165,526,616,579,307,595,464,611,4
393,0,244,10,541,11,105,48,691,57,822,138,14,145,878,261,0,289,853,403,62,420,754,513,166,525,616,579,307,594,463,611,4
405,0,253,5,553,16,109,41,700,66,15,139,827,149,880,273,0,288,856,414,63,426,760,524,170,535,624,590,315,606,473,623,4
416,0,262,3,565,18,117,37,714,71,19,136,841,158,0,284,890,285,60,421,859,428,163,531,756,535,617,597,305,604,463,625,4
633,0,448,10,829,31,270,39,109,94,1011,121,5,213,1098,279,0,387,1076,469,79,544,951,621,209,668,776,714,385,748,582,762,4
614,0,430,20,811,21,254,60,996,103,97,124,0,250,1086,256,3,425,1070,447,90,578,953,605,224,693,783,707,401,763,596,766,4
605,0,802,13,421,27,246,72,988,86,90,143,1080,233,0,272,1071,417,12,445,961,573,109,589,800,679,248,694,619,744,428,752,4
605,0,802,14,422,25,247,70,986,87,92,140,1080,233,0,268,1070,416,13,441,961,572,109,587,801,677,249,692,621,742,429,749,4
615,0,432,17,811,23,256,52,993,105,98,114,0,237,1081,254,2,410,1062,439,89,561,946,590,223,674,779,688,400,741,593,744,4
639,0,455,8,832,32,278,36,115,90,1009,123,8,211,1090,278,0,389,1065,462,79,548,943,611,210,670,772,705,387,747,582,756,4
455,0,291,5,616,18,137,38,777,71,28,136,924,161,0,297,991,297,61,451,971,459,175,581,862,586,706,661,340,669,527,695,4
619,0,436,15,816,27,260,50,103,110,998,112,2,232,1086,268,0,407,1066,457,83,562,947,611,214,681,775,709,391,754,585,762,4
619,0,436,14,815,26,260,48,101,107,995,111,0,232,1083,265,1,407,1065,451,87,561,949,605,221,679,780,702,398,752,593,758,4
628,0,444,18,822,23,266,55,1001,102,103,118,0,245,1089,250,0,423,1077,434,91,578,965,590,230,694,800,695,612,759,414,761,4
623,0,437,19,822,22,258,59,1005,104,97,124,0,254,1093,257,9,433,1077,443,102,585,964,598,243,697,801,699,616,760,423,762,4
618,0,818,17,431,25,253,69,1002,94,94,139,1095,243,0,270,1086,430,12,448,976,588,111,597,815,693,254,707,631,759,437,766,4
618,0,818,14,431,26,254,72,1005,90,94,145,1100,239,0,277,1091,428,13,457,982,588,111,607,819,697,255,715,634,765,439,774,4
620,0,821,14,432,27,255,73,1011,91,96,147,1106,244,0,278,1094,436,11,457,980,598,106,608,813,707,247,718,625,774,430,779,4
613,0,818,15,426,26,250,71,1012,93,94,141,1111,249,0,270,7,446,1098,444,99,597,980,608,237,710,807,714,616,776,418,776,4
615,0,820,16,427,26,251,71,1016,96,94,142,1115,255,0,271,7,449,1103,454,96,604,982,620,234,719,808,727,415,789,614,789,4
618,0,824,18,429,25,253,68,1021,98,96,137,1121,258,0,266,6,444,1107,457,96,598,985,623,232,716,809,729,413,787,613,790,4
623,0,830,20,434,23,258,65,1026,102,98,134,0,263,1125,262,5,442,1111,464,93,598,988,629,230,717,810,735,412,790,614,794,4
623,0,830,16,434,26,255,72,1026,95,97,143,1128,254,0,275,10,455,1119,455,103,611,1002,622,245,728,827,732,431,797,632,797,4
636,0,843,18,444,24,263,68,1038,100,100,140,1137,260,0,274,9,458,1125,459,105,617,1007,626,249,735,834,735,639,801,436,803,4
641,0,850,18,447,24,266,68,1046,102,100,139,1144,261,0,272,6,456,1130,462,99,614,1009,630,242,733,831,739,634,804,428,803,4
644,0,857,19,450,23,266,68,1057,104,103,138,1156,270,0,272,5,458,1139,476,96,618,1012,646,237,740,830,754,424,814,629,817,4
651,0,453,22,868,23,268,65,1070,113,102,135,0,269,1168,285,5,455,1146,495,94,618,1013,664,233,743,827,770,418,820,624,828,4
657,0,456,21,878,27,269,62,1084,122,102,131,0,265,1180,298,4,452,1153,510,93,615,1015,678,231,742,825,780,414,822,621,833,4
666,0,462,18,889,29,271,57,104,124,1096,127,0,257,1190,305,4,444,1160,517,93,608,1018,682,230,735,825,781,414,817,620,832,4
673,0,467,16,896,30,276,55,106,120,1103,131,0,253,1198,310,1,440,1165,522,89,605,1020,688,226,734,825,785,410,818,618,834,4
676,0,470,16,901,32,279,54,108,120,1111,132,0,251,1207,312,0,438,1175,527,86,605,1028,693,222,736,831,792,409,822,619,840,4
690,0,481,14,918,35,289,50,117,114,1131,140,7,244,1224,327,0,433,1185,546,80,603,1030,714,214,738,825,810,398,829,609,853,4
687,0,476,18,920,31,282,57,111,125,1140,136,4,258,1239,326,0,448,1203,552,83,618,1045,726,218,754,836,824,403,846,617,869,4
689,0,475,19,925,30,279,60,109,128,1151,136,2,261,1253,328,0,450,1215,557,83,620,1054,731,217,755,841,830,403,849,619,873,4
690,0,475,20,930,29,279,63,109,132,1159,134,3,265,1263,329,0,453,1224,560,82,623,1061,735,217,759,845,835,403,853,620,879,4
680,0,467,24,920,25,274,67,1153,128,105,137,1,269,1262,318,0,455,1229,550,83,622,1067,728,217,757,850,829,405,850,623,875,4
667,0,901,19,458,27,267,75,1128,113,102,149,0,284,1241,297,3,472,1219,526,93,639,1070,709,233,770,863,819,424,857,642,873,4
657,0,887,14,451,31,264,82,1111,101,99,159,1226,280,0,295,8,482,1211,505,99,646,1070,689,243,773,870,802,436,853,652,864,4
648,0,877,8,444,36,1099,87,259,92,97,172,1216,261,0,311,1207,483,11,497,108,658,1073,669,254,780,879,789,450,854,665,856,4
666,0,893,18,464,27,279,75,1114,102,116,144,9,271,1230,280,0,455,1213,509,77,621,1064,697,210,757,852,810,400,848,623,866,4
656,0,875,19,460,25,281,69,1088,102,120,136,12,257,1201,274,0,436,1186,495,70,600,1041,679,200,735,832,792,386,827,606,845,4
639,0,849,15,450,26,275,71,1056,94,119,136,14,254,1165,259,0,429,1152,474,69,588,1013,656,193,719,811,767,376,807,591,823,4
622,0,826,14,439,26,269,70,1026,89,117,134,14,247,1131,247,0,416,1118,453,67,569,983,629,189,695,788,737,366,778,574,792,4
604,0,801,15,425,24,260,66,993,87,111,128,1097,238,11,240,0,406,1089,436,70,556,964,605,192,678,776,714,367,757,572,768,4
593,0,424,18,777,19,262,55,953,90,113,111,12,220,1046,231,0,385,1039,414,71,533,926,573,193,652,755,675,367,726,563,732,4
594,0,427,14,773,22,265,47,940,93,116,100,14,206,1027,230,0,369,1018,405,70,516,909,556,193,633,744,655,363,704,557,710,4
602,0,436,10,776,26,273,40,121,90,937,99,16,195,1017,234,0,359,1006,405,69,508,900,551,192,625,739,646,364,696,555,701,4
606,0,442,9,778,26,279,37,126,87,934,99,19,190,1012,230,0,353,999,396,68,501,894,540,190,617,735,636,361,687,552,690,4
602,0,438,8,771,23,278,36,126,84,927,95,19,188,1005,225,0,349,993,389,67,495,888,532,187,610,730,628,356,679,547,682,4
594,0,433,9,763,24,275,37,125,86,918,96,19,189,995,227,0,349,983,393,64,496,878,536,182,611,720,631,350,682,539,685,4
580,0,422,12,748,23,267,41,123,92,903,93,20,193,981,223,0,350,969,391,61,494,863,536,174,608,703,631,337,678,523,684,4
562,0,406,14,729,21,255,45,885,89,114,96,16,197,964,220,0,351,952,387,61,491,847,531,173,602,690,626,331,671,513,678,4
565,0,411,8,727,27,261,33,120,78,876,98,20,173,949,227,0,324,933,389,58,463,828,525,166,576,673,612,321,647,498,657,4
589,0,432,4,279,27,751,29,132,70,897,103,26,167,966,232,0,321,947,393,57,465,840,529,165,580,683,616,324,654,505,663,4
581,0,426,8,743,27,275,32,131,77,891,98,26,174,960,228,0,327,940,391,52,469,830,529,156,583,671,618,312,656,492,665,4
561,0,407,11,723,23,261,39,122,86,874,93,22,182,947,224,0,333,928,390,52,471,819,530,154,582,660,619,306,654,483,665,4
535,0,699,15,383,16,242,49,857,81,111,100,18,197,936,212,0,341,920,384,51,475,807,529,148,583,645,619,294,654,467,665,4
503,0,670,7,354,25,219,65,834,64,96,122,923,196,11,220,0,362,914,371,54,490,804,524,152,594,642,620,295,661,467,670,4
473,0,637,1,328,32,800,53,198,76,79,137,891,178,3,238,887,352,0,378,58,500,785,505,158,596,632,603,300,655,465,657,4
632,0,468,2,325,35,796,50,195,80,79,141,888,177,4,241,884,350,0,378,60,500,782,502,158,595,628,601,298,653,462,655,4
470,0,635,0,326,31,801,51,196,76,80,135,893,179,5,234,887,356,0,370,55,491,781,508,151,587,624,604,291,649,454,655,4
641,0,472,1,325,34,810,52,194,80,76,142,904,184,2,242,897,362,0,381,59,503,791,516,159,599,633,613,299,660,464,664,4
645,0,474,3,325,38,817,52,192,87,74,151,912,184,0,255,908,365,0,396,62,519,801,523,162,616,642,624,305,675,471,678,4
650,0,472,9,319,50,834,49,185,104,70,173,940,187,0,281,941,378,7,423,73,547,832,543,179,644,669,649,324,703,493,706,4
661,0,476,6,322,46,851,55,186,99,70,170,960,199,0,280,960,399,9,426,79,553,848,565,185,654,682,670,333,718,505,724,4
666,0,477,8,319,51,861,55,182,107,66,179,972,203,0,292,971,403,12,439,87,565,858,571,195,663,692,676,344,726,514,731,4
675,0,481,9,319,53,876,55,181,110,64,183,989,207,0,298,986,412,15,444,90,570,869,581,200,668,700,684,350,730,522,736,4
685,0,484,7,321,51,894,62,181,106,65,178,1010,218,0,292,1003,426,16,437,90,563,880,594,199,663,704,693,348,730,522,741,4
684,0,484,3,318,43,892,65,179,95,63,164,1009,226,0,276,18,420,1002,434,91,545,877,596,200,647,699,690,346,716,518,733,4
687,0,486,1,322,39,895,68,181,90,64,158,1007,229,0,270,14,414,995,435,87,539,868,594,194,640,692,685,341,710,510,727,4
495,0,696,3,327,35,904,76,186,82,67,149,1014,244,0,261,12,408,997,454,81,537,865,613,186,643,685,701,330,718,502,739,4
498,0,700,9,329,32,186,77,905,88,67,142,0,256,1012,256,15,402,994,463,88,532,866,617,195,637,690,700,341,712,510,735,4
488,1,693,0,318,40,903,72,175,93,58,166,1019,238,0,284,28,432,1013,447,112,559,894,607,228,658,724,699,378,725,548,741,4
515,0,722,9,342,34,193,81,928,90,69,148,1027,258,0,265,16,415,999,463,90,544,863,614,197,646,688,697,342,716,510,733,4
534,0,746,22,355,24,203,63,952,116,74,124,0,236,1041,295,7,386,996,502,72,521,173,630,848,645,315,709,663,717,481,739,4
533,0,751,17,352,27,200,68,966,112,72,131,0,243,1061,291,10,389,1017,498,76,519,178,626,863,643,319,705,672,715,487,737,4
527,0,743,13,347,30,196,73,962,102,71,136,0,249,1065,282,12,395,1029,491,80,525,186,632,880,640,331,710,690,716,503,740,4
526,0,747,12,345,31,193,75,971,98,69,139,0,251,1080,281,13,397,1050,495,83,528,191,636,899,647,338,717,706,722,513,749,4
532,0,757,14,347,29,195,71,986,109,69,134,0,246,1083,296,11,395,1060,516,81,528,187,640,906,667,334,725,707,740,512,762,4
523,0,746,10,342,32,191,78,973,99,67,144,0,259,1089,286,17,408,1061,507,91,541,201,651,913,661,351,733,720,741,528,765,4
509,0,724,7,332,33,184,80,946,90,63,148,0,264,1063,265,22,413,1044,481,101,544,909,634,215,649,726,715,365,725,540,749,4
505,0,715,7,331,35,184,82,930,86,62,151,1045,259,0,268,23,420,1033,467,105,551,904,623,221,655,727,709,373,728,546,748,4
511,0,719,11,336,31,189,76,929,93,65,144,0,263,1041,265,23,417,1028,470,106,551,901,624,224,656,728,710,377,730,549,749,4
516,0,726,9,342,32,191,78,938,89,67,147,0,268,1051,264,22,424,1036,473,105,560,910,630,223,667,735,718,378,740,554,758,4
512,0,723,5,339,34,190,82,938,82,67,151,1055,253,0,271,21,425,1045,465,102,560,917,626,220,668,737,718,376,742,554,759,4
520,0,732,10,344,32,194,77,949,92,69,145,0,263,1065,270,16,419,1050,484,93,556,915,647,209,668,731,735,364,747,542,772,4
517,0,733,2,339,38,959,79,190,89,66,161,1083,257,0,282,21,437,1071,478,100,574,935,649,218,684,748,741,375,761,555,784,4
590,0,777,10,420,50,288,124,895,151,182,204,84,291,13,405,893,406,0,555,758,651,30,686,98,795,563,802,212,869,370,875,4
605,0,789,14,437,45,304,116,902,158,196,193,96,278,20,390,892,411,0,540,750,651,26,671,89,783,551,798,201,859,358,868,4
617,0,795,20,452,38,317,102,207,175,901,167,106,255,26,365,884,417,0,514,21,649,739,653,81,764,540,795,189,846,346,859,4
610,0,405,1,230,29,849,56,84,95,1083,186,0,226,8,399,1184,404,80,558,1131,638,194,692,959,784,351,798,745,845,538,852,4
412,0,617,3,235,26,856,63,85,89,1089,197,0,221,5,395,1187,416,77,556,1131,649,190,693,957,793,346,802,744,851,533,858,4
419,0,630,2,238,28,874,61,85,93,1112,193,0,227,9,403,1217,412,87,565,1163,648,205,702,989,793,368,809,773,854,560,863,4
431,0,646,2,245,25,894,63,87,90,1134,196,0,224,6,403,1236,417,84,567,1180,651,204,706,1001,798,368,815,781,861,565,870,4
443,0,660,1,251,28,907,61,91,94,1143,194,0,233,1242,410,10,417,92,583,1190,643,219,721,1018,791,388,827,803,860,587,876,4
453,0,672,4,258,26,919,66,92,92,1152,200,0,230,5,415,1247,416,87,582,1190,646,213,721,1017,792,384,827,800,860,584,875,4
455,0,677,2,258,28,926,61,92,96,1163,194,0,236,1261,407,8,423,94,590,1207,638,224,728,1034,788,398,832,818,858,600,878,4
469,0,694,3,268,26,943,65,96,94,1174,197,0,238,1267,409,9,428,98,599,1213,635,231,738,1043,786,409,840,830,859,614,882,4
481,0,706,8,277,22,954,76,102,87,1183,213,0,229,3,422,1272,425,90,595,1214,650,222,737,1041,798,400,842,825,868,606,888,4
477,0,702,6,276,24,955,71,102,88,1191,208,0,229,3,417,1285,424,85,589,1225,658,213,733,1045,807,390,842,822,876,598,893,4
671,0,451,13,923,42,256,52,90,130,1166,155,0,274,1280,361,13,459,1242,594,106,622,244,754,1076,760,427,848,859,848,638,881,4
654,0,442,21,898,31,255,69,1139,132,94,149,0,290,1259,331,3,474,1230,578,82,639,1064,763,213,775,840,864,394,874,610,906,4
618,0,423,23,843,23,247,72,1070,108,97,146,4,275,1190,288,0,447,1173,519,73,602,1020,703,194,731,803,807,368,824,579,851,4
593,0,411,21,803,23,245,65,1011,103,99,134,7,257,1122,272,0,424,1108,490,67,575,969,666,185,701,766,769,353,789,553,814,4
637,0,849,11,447,31,272,80,1058,84,115,149,1170,244,12,268,0,441,1159,458,70,597,1020,642,196,724,817,758,379,806,596,817,4
649,0,863,14,456,28,281,74,1072,92,122,139,16,256,1181,253,0,428,1165,465,70,584,1022,645,194,712,816,756,377,795,593,811,4
654,0,869,18,462,25,284,68,1076,98,123,132,16,247,1184,261,0,419,1167,471,68,577,1024,649,193,706,818,756,377,792,595,809,4
655,0,867,20,463,23,283,65,1072,99,123,126,16,241,1179,260,0,413,1165,468,72,572,1028,642,200,701,826,750,386,787,605,803,4
665,0,475,18,873,24,293,55,1071,107,129,113,18,227,1172,265,0,402,1156,467,70,562,1020,637,199,693,823,742,386,779,605,795,4
677,0,487,10,881,30,304,40,137,92,1074,118,22,203,1172,277,0,380,1156,474,70,545,1025,640,202,680,829,742,392,772,612,792,4
700,0,508,3,320,26,902,41,147,73,1089,139,26,184,1177,301,0,367,1152,501,70,539,1017,661,200,681,822,758,389,777,607,802,4
522,0,719,1,330,21,922,47,152,67,1106,147,27,181,1189,312,0,367,1158,507,71,542,1019,665,203,684,825,759,393,780,611,803,4
538,0,734,7,345,15,165,55,936,57,1118,163,36,163,1194,330,0,347,63,522,1154,523,186,668,1007,677,808,763,373,769,590,800,4
541,0,737,10,349,11,169,47,939,63,40,151,1120,171,0,332,1196,337,58,509,1153,531,178,658,1003,681,362,764,801,765,581,799,4
536,0,731,5,343,15,165,56,933,55,1117,160,37,163,1196,329,0,345,61,523,1161,528,186,673,1016,686,816,775,375,779,596,812,4
524,0,724,0,327,22,932,46,147,69,1122,150,25,184,1208,318,0,372,1178,518,75,548,1037,676,209,692,839,772,402,789,623,815,4
535,0,736,2,336,21,941,50,152,67,1127,154,26,183,1210,321,0,373,1179,519,76,551,1040,677,213,695,846,771,409,792,630,816,4
732,0,530,0,330,24,939,44,144,74,1128,145,21,193,1215,311,0,387,1190,510,82,565,1057,671,225,708,865,771,426,801,650,820,4
540,0,741,1,337,23,944,45,149,72,1129,146,21,193,1214,308,0,391,1192,503,86,573,1063,664,234,717,876,767,439,807,664,821,4
569,0,767,9,361,17,962,59,160,61,1134,159,22,187,1214,317,0,398,1195,504,97,592,1079,663,259,740,907,768,476,826,702,830,4
566,0,765,4,357,22,961,49,157,71,1135,145,20,200,1216,301,0,414,1200,489,100,607,1086,651,265,753,916,762,713,831,485,834,4
561,0,761,4,348,22,957,50,143,75,1132,146,9,211,1220,300,0,434,1214,488,117,631,1111,652,950,768,295,777,752,843,523,852,4
594,0,801,7,372,23,1000,56,155,79,1174,158,11,224,1260,319,0,464,1253,513,121,675,1148,684,984,807,309,828,784,890,547,905,4
614,0,822,10,390,15,169,64,1021,64,1197,169,19,203,1281,330,0,442,1270,523,118,657,1161,691,993,811,306,814,787,889,547,898,4
684,0,915,13,428,16,1123,78,172,81,1282,201,8,265,1332,379,0,535,1283,578,1150,742,134,753,977,858,325,895,779,941,552,959,4
687,0,914,15,431,14,176,76,1117,80,1274,203,9,257,1323,378,0,525,1274,573,1143,735,132,743,970,849,321,885,776,932,551,951,4
689,0,916,15,433,14,180,74,1119,82,1275,206,13,254,1324,383,0,524,1273,580,1140,741,129,742,965,856,316,887,769,936,544,954,4
689,0,433,10,916,16,179,70,1120,83,1275,207,13,246,1322,382,0,510,1270,576,129,729,1136,735,961,847,315,873,765,925,541,940,4
693,0,438,8,918,18,184,66,1120,86,1274,210,16,242,1319,385,0,509,1268,579,127,728,1135,738,961,851,312,874,763,927,539,943,4
695,0,441,8,921,18,187,64,1121,86,1277,213,19,238,1321,389,0,503,1268,584,124,724,1132,742,956,852,306,870,758,929,533,941,4
692,0,440,8,919,19,187,64,1121,89,1275,214,19,238,1322,390,0,501,1268,585,124,722,1134,744,957,854,307,871,758,930,532,942,4
696,0,441,7,921,19,187,62,1121,88,1274,214,20,235,1321,392,0,500,1268,587,123,722,1131,744,955,855,305,869,756,931,532,943,4
694,0,441,6,921,19,187,62,1120,87,1275,213,18,234,1321,389,0,500,1268,583,124,721,1133,741,958,852,308,868,759,928,534,940,4
699,0,445,5,926,20,190,60,1126,91,1280,219,20,233,1322,396,0,498,1266,591,120,720,1127,748,951,858,302,870,751,932,526,944,4
696,0,443,7,924,21,189,63,1126,92,1280,220,21,236,1323,398,0,501,1267,594,121,722,1128,752,950,861,302,870,751,936,526,945,4
692,0,438,9,922,19,184,67,1125,89,1280,216,18,240,1324,396,0,504,1266,591,121,723,1126,749,948,859,301,871,748,934,524,943,4
694,0,436,9,923,19,184,66,1127,88,1284,216,18,241,1327,396,0,504,1270,594,121,722,1129,752,949,861,300,870,748,934,524,942,4
690,0,434,11,920,18,181,69,1126,86,1283,214,16,244,1328,392,0,507,1271,588,124,725,1132,748,953,858,303,870,752,932,527,943,4
691,0,436,9,922,18,184,66,1127,87,1284,214,16,241,1330,393,0,503,1274,590,123,722,1134,748,955,857,305,868,755,931,529,941,4
692,0,437,10,923,18,184,68,1127,87,1284,214,18,243,1328,392,0,505,1272,589,123,725,1133,748,954,858,303,871,754,934,528,944,4
691,0,437,10,922,18,184,68,1126,86,1284,213,18,243,1329,391,0,506,1273,588,122,722,1134,747,954,856,304,869,754,932,529,942,4
688,0,433,10,917,16,180,69,1122,84,1281,210,16,243,1328,389,0,505,1274,585,123,723,1135,745,956,855,305,869,755,931,529,941,4
698,0,440,7,929,20,187,63,1134,92,1291,221,19,236,1334,402,0,499,1275,598,120,717,1132,756,950,863,299,866,748,935,522,942,4
695,0,439,9,927,19,185,67,1133,89,1290,219,18,242,1335,399,0,504,1275,597,121,723,1132,755,952,864,300,871,749,937,524,945,4
696,0,439,8,928,20,185,64,1134,91,1290,219,18,238,1335,399,0,500,1274,595,122,719,1133,753,952,861,302,865,750,932,525,940,4
707,0,449,4,937,23,194,56,1143,97,1298,228,23,228,1338,408,0,490,1276,604,119,712,1132,760,296,862,949,866,745,936,520,940,4
701,0,443,6,934,21,188,61,1141,92,1298,223,20,233,1342,404,0,495,1280,602,120,714,1136,759,952,866,299,865,748,937,521,942,4
174,0,285,6,64,16,382,24,473,67,0,96,553,134,596,228,0,249,601,337,76,392,564,432,180,497,500,500,414,546,305,550,4
174,0,287,5,64,16,383,24,474,65,0,96,553,132,596,224,3,247,602,330,79,388,565,424,500,491,184,489,418,534,307,540,4
176,0,289,7,64,14,384,26,474,69,0,93,554,138,597,230,2,246,601,337,77,388,562,430,182,490,500,495,414,538,306,542,4
179,0,292,8,67,14,388,28,478,71,1,93,556,139,597,232,0,246,600,338,76,387,560,430,179,490,495,495,412,537,301,541,4
185,0,300,9,72,11,395,32,483,78,4,89,560,148,599,242,0,242,599,348,73,386,558,439,175,491,490,503,405,543,297,545,4
186,0,74,10,301,10,395,34,485,79,6,88,561,151,599,245,0,241,598,352,72,385,555,443,172,490,488,506,403,545,293,546,4
195,0,82,8,308,14,405,39,493,88,10,84,569,161,0,234,604,256,600,363,66,378,552,452,162,486,480,513,281,545,392,549,4
192,0,79,9,309,12,405,36,494,84,10,84,569,157,0,234,606,252,601,359,66,377,554,448,164,484,482,509,283,542,394,545,4
195,0,81,9,310,13,406,38,496,85,10,83,573,157,0,233,607,253,604,359,66,376,556,448,163,483,484,509,283,542,395,545,4
190,0,308,6,73,16,409,26,504,70,3,98,586,141,626,238,0,252,625,349,74,394,579,443,177,498,506,509,416,550,301,552,4
190,0,311,5,71,19,412,24,510,68,3,103,593,140,633,238,0,260,633,351,76,404,587,447,182,508,514,514,424,558,307,562,4
197,0,322,6,77,18,429,26,527,71,2,108,609,145,647,246,0,271,642,360,77,417,593,456,184,521,518,524,426,569,309,573,4
199,0,322,4,77,19,429,23,526,68,4,108,610,141,649,240,0,270,646,353,78,415,597,450,522,518,185,518,430,563,312,569,4
193,0,319,1,424,18,72,21,522,60,0,113,606,132,648,231,1,275,646,345,81,421,599,445,527,515,190,523,435,563,319,571,4
311,0,189,3,416,12,69,31,514,50,598,118,0,128,641,216,6,293,644,331,602,432,90,437,533,507,202,533,444,561,330,576,4
311,0,186,6,413,12,67,35,512,50,596,118,0,134,639,217,5,301,642,332,598,436,88,445,529,512,200,541,442,567,327,583,4
305,0,411,6,181,10,510,40,63,45,596,106,0,147,642,204,8,315,646,322,604,427,96,455,535,507,208,548,449,565,336,585,4
405,1,299,0,175,17,506,30,58,60,598,91,0,166,648,189,655,307,16,332,617,416,107,467,550,499,222,554,464,561,350,586,4
418,0,310,4,518,26,184,25,65,74,603,88,645,187,0,189,641,309,5,356,592,419,84,488,518,505,427,570,190,570,314,599,4
417,0,309,4,518,26,183,26,63,75,604,87,644,188,0,191,641,310,6,358,593,421,87,492,519,508,430,574,192,574,315,602,4
416,0,311,2,185,20,515,28,66,67,599,90,0,181,638,190,633,312,2,349,583,421,78,483,508,506,180,568,418,571,304,598,4
413,0,308,3,183,23,512,26,65,72,594,89,634,189,0,188,629,310,2,358,580,421,81,492,506,507,419,574,185,576,306,603,4
416,0,309,2,184,22,512,27,66,70,593,88,629,187,0,187,623,306,1,355,573,415,78,488,500,500,412,566,181,569,303,596,4
417,0,310,4,513,26,185,25,65,75,594,89,630,188,0,194,623,309,3,363,572,418,80,494,498,503,411,570,181,574,300,599,4
419,0,312,4,186,24,515,27,66,76,597,90,633,191,0,195,623,312,3,365,572,421,79,497,498,507,410,573,180,577,301,603,4
419,0,313,4,186,24,516,28,67,74,598,91,0,194,623,314,3,364,571,423,77,496,498,508,408,574,180,576,298,602,-1,-1,4
421,0,315,3,187,24,518,28,67,74,598,91,632,191,0,193,622,313,1,362,568,422,76,494,494,506,405,571,175,574,295,600,4
418,0,312,4,515,26,186,26,65,77,596,88,630,189,0,198,620,309,2,368,569,419,78,499,495,504,407,571,179,577,297,601,4
421,0,313,4,517,26,186,26,67,78,597,88,632,189,0,198,622,310,1,367,568,419,77,498,493,504,405,571,177,577,295,600,4
417,0,311,6,515,26,185,29,65,81,597,88,631,187,0,202,622,308,1,370,568,417,494,503,78,499,406,569,178,576,296,599,4
426,0,318,4,191,24,523,28,72,74,602,91,633,192,3,194,621,313,0,362,564,421,72,493,488,505,397,569,170,572,289,598,4
422,0,317,2,192,22,516,28,72,71,593,90,623,190,3,191,609,308,0,358,555,414,73,488,480,497,393,561,170,565,285,590,4
422,0,318,1,193,19,515,28,72,67,590,91,619,189,2,186,606,307,0,355,551,412,74,485,477,493,391,557,168,562,284,586,4
425,0,322,1,197,18,518,31,75,66,593,96,2,189,620,196,604,315,0,361,549,421,73,493,476,503,390,567,169,571,284,595,4
427,0,322,3,194,23,521,29,72,75,597,93,624,194,3,198,607,313,0,368,550,419,70,497,475,501,387,566,168,573,280,595,4
424,0,319,3,518,27,191,24,68,77,594,90,623,191,0,201,606,312,0,372,551,418,476,501,73,500,389,566,170,575,283,596,4
417,0,310,7,513,26,184,30,590,89,65,86,620,190,0,213,608,310,2,383,553,417,481,502,77,510,395,569,175,582,290,601,4
422,0,316,7,516,24,188,34,594,85,66,91,624,185,0,217,611,305,3,387,556,413,482,498,79,512,395,566,176,582,290,600,4
421,0,312,9,515,24,186,36,593,84,64,94,625,183,0,221,613,303,4,390,559,411,486,496,82,513,401,564,181,583,295,599,4
420,0,313,9,516,22,186,37,594,84,65,96,625,184,0,225,614,305,5,397,558,415,487,502,83,522,402,572,183,591,297,607,4
416,0,310,9,511,22,184,37,590,81,62,96,621,180,0,223,610,300,6,393,558,409,486,495,84,516,401,564,183,585,297,600,4
417,0,310,9,513,23,185,37,589,82,65,96,622,181,0,223,610,300,5,393,559,410,487,496,84,517,403,565,183,587,298,602,4
419,0,311,8,513,23,186,35,591,82,64,94,623,181,0,222,610,300,5,392,558,409,485,496,82,515,400,565,180,585,296,601,4
417,0,310,10,511,22,183,37,589,82,64,97,622,180,0,225,610,300,6,395,559,410,485,496,83,518,403,566,182,587,297,603,4
416,0,310,10,511,22,183,38,590,82,64,98,623,181,0,226,611,301,6,396,560,410,487,497,83,519,404,567,183,589,297,603,4
418,0,311,9,513,22,185,38,590,82,64,98,624,180,0,226,613,300,7,396,560,409,489,497,85,519,405,566,184,588,299,603,4
419,0,312,9,515,22,184,38,594,82,64,99,625,182,0,229,614,304,7,400,563,414,490,502,85,525,406,572,185,593,301,609,4
421,0,312,9,518,22,185,38,598,84,64,99,629,184,0,230,618,306,7,402,565,417,493,505,86,527,408,575,187,596,301,611,4
422,0,312,10,518,23,183,40,598,83,61,102,633,185,0,232,620,307,7,405,568,418,496,506,87,529,410,576,189,599,305,613,4
422,0,316,8,520,23,187,36,600,84,63,97,0,226,621,307,7,399,568,417,495,505,87,524,410,574,188,594,303,610,-1,-1,4
428,0,320,9,523,24,190,36,602,85,67,94,636,184,0,222,625,305,7,394,572,414,500,502,88,520,413,571,189,591,306,607,4
430,0,323,6,526,26,192,30,606,88,68,87,640,190,0,216,626,311,3,391,574,421,501,507,83,521,413,577,186,595,306,613,4
430,0,322,8,529,26,192,34,607,87,67,92,642,189,0,222,630,311,5,400,579,423,506,512,87,531,420,584,191,605,310,621,4
433,0,325,7,530,26,193,32,609,88,68,89,643,189,0,221,630,311,4,399,581,423,507,511,88,530,422,583,193,604,313,620,4
439,0,331,3,535,29,199,25,72,79,613,94,644,196,0,210,631,319,1,390,577,429,502,516,81,525,415,587,185,602,305,621,4
434,0,326,3,532,27,197,25,69,79,612,91,647,192,0,206,640,314,5,388,591,425,519,514,90,524,433,586,198,602,322,622,4
432,0,324,4,530,28,194,26,69,79,612,91,650,192,0,208,646,315,9,392,601,428,531,518,97,531,446,592,208,610,334,630,4
436,0,328,0,197,20,533,30,69,72,615,94,654,195,0,200,653,318,10,387,608,430,539,520,101,529,455,593,217,611,344,631,4
343,0,454,5,208,14,553,40,74,61,636,111,0,188,674,217,670,343,5,384,623,458,96,537,552,548,462,620,215,628,347,655,4
354,0,468,6,215,13,571,44,76,59,657,116,0,190,695,352,8,390,648,469,105,548,576,562,485,635,228,642,365,669,-1,-1,4
363,0,478,9,221,11,582,48,81,54,668,122,0,183,709,230,705,359,4,385,658,476,102,547,584,568,490,640,228,644,368,674,4
388,0,240,6,508,13,89,45,616,57,706,136,0,176,748,249,746,382,3,391,697,503,107,565,619,598,521,673,242,672,392,706,4
399,0,248,3,519,16,93,38,628,62,715,142,0,167,759,254,757,386,1,384,709,507,107,564,632,600,532,676,245,673,399,709,4
424,0,265,6,549,13,99,47,661,59,754,139,0,187,799,254,799,391,1,421,751,518,118,609,672,621,571,705,267,719,433,749,4
440,0,274,9,572,13,102,56,687,60,786,143,0,208,832,265,836,409,9,457,788,544,710,654,136,654,607,745,295,767,466,794,4
442,0,577,10,274,14,699,54,99,65,800,136,0,221,852,258,857,404,15,471,811,541,734,654,148,666,630,749,311,776,487,801,4
455,0,593,12,283,11,716,59,819,144,0,219,870,270,874,421,10,476,824,561,743,676,143,679,636,772,307,795,487,823,-1,-1,4
267,0,411,3,125,17,545,23,672,70,24,97,777,148,0,239,817,256,793,376,60,374,709,470,166,480,592,529,308,545,457,558,4
387,0,250,6,520,10,117,31,647,46,23,111,757,117,801,222,0,246,778,344,54,371,691,444,152,470,571,506,287,530,434,539,4
497,0,361,1,222,17,636,29,93,53,760,97,10,139,818,207,0,276,804,339,64,400,720,449,168,496,598,520,308,553,458,559,4
501,1,364,0,224,16,639,31,92,52,763,99,8,138,820,209,0,278,808,340,66,403,725,450,173,500,605,522,316,557,466,561,4
505,0,366,2,222,20,646,29,88,57,773,96,4,150,834,208,0,293,825,341,72,420,744,454,184,517,623,529,331,571,484,573,4
389,0,531,4,243,12,673,40,106,45,797,114,15,133,850,229,0,278,830,364,63,410,741,474,170,512,614,544,314,574,469,582,4
385,0,529,1,237,16,673,34,98,54,801,106,10,146,860,222,0,294,844,360,69,426,757,474,180,528,630,549,329,587,486,592,4
535,0,388,2,239,22,682,29,99,61,814,99,9,156,874,214,0,304,860,353,71,435,772,470,185,534,643,548,336,591,496,593,4
545,0,396,2,244,20,697,30,103,60,833,102,12,154,896,219,0,301,880,362,69,435,789,481,184,538,654,559,337,598,502,603,4
552,0,400,3,247,22,705,30,104,63,845,103,12,159,911,224,0,310,897,372,70,447,804,495,185,554,668,576,342,617,511,622,4
561,0,407,2,251,22,719,30,106,64,861,104,12,162,927,228,0,315,912,378,71,454,816,503,188,561,677,584,346,625,517,630,4
577,0,419,2,259,22,737,32,111,64,882,109,14,162,948,235,0,318,930,387,70,459,830,514,188,569,686,597,349,636,523,642,4
584,0,422,4,259,26,749,31,109,70,899,107,12,171,972,236,0,330,958,394,74,474,858,525,196,586,711,611,363,653,543,659,4
592,0,427,7,761,29,261,33,107,81,917,105,9,188,994,236,0,354,985,399,80,503,886,539,209,617,739,631,383,683,568,685,4
611,0,442,7,785,31,272,33,114,80,943,108,12,188,1021,241,0,356,1009,407,80,508,907,548,211,625,754,642,388,693,578,696,4
656,0,470,13,849,26,285,48,117,105,1029,107,9,224,1121,253,0,405,1112,439,88,567,1000,599,230,693,831,707,424,767,635,769,4
699,0,505,8,900,32,311,37,133,91,1087,119,15,212,1183,273,0,403,1176,464,89,577,1059,630,240,714,881,739,447,797,672,802,4
758,0,554,3,347,30,965,40,153,83,1154,136,21,209,1248,296,0,416,1237,495,95,605,1114,665,257,753,930,778,477,840,714,844,4
817,0,593,14,1051,33,370,54,162,120,1270,130,20,262,1386,307,0,485,1382,533,101,690,1248,732,278,851,1039,867,524,947,792,948,4
810,0,593,9,1032,35,373,45,166,106,1238,130,22,247,1346,300,0,471,1341,517,103,675,1216,708,279,833,1019,839,783,921,522,924,4
793,0,580,8,1010,37,364,41,161,101,1210,131,20,240,1313,298,0,462,1307,508,101,663,1186,694,275,818,994,823,766,903,512,906,4
764,0,555,12,977,33,346,48,150,111,1174,124,17,246,1277,285,0,459,1273,492,99,652,1153,675,267,800,966,802,742,880,497,884,4
731,0,528,16,941,29,325,55,1136,115,136,120,12,252,1237,274,0,459,1231,477,98,643,1114,656,932,779,260,782,717,855,481,860,4
695,0,497,18,903,22,302,58,1100,99,124,120,9,245,1203,250,0,433,1199,445,92,601,1081,615,246,730,897,733,684,802,455,805,4
655,0,472,12,846,29,288,45,119,100,1023,110,9,219,1114,254,0,402,1107,436,88,565,998,595,232,690,832,701,637,764,427,763,4
618,0,448,5,276,29,792,31,115,77,951,109,10,186,1030,241,0,358,1021,407,83,512,921,548,219,630,771,643,401,698,595,699,4
609,0,444,1,277,21,775,33,119,63,925,111,14,169,998,242,0,338,986,401,78,490,888,538,208,608,742,628,384,678,571,681,4
594,0,435,1,271,20,755,33,117,61,900,110,14,164,970,237,0,328,957,392,76,477,862,524,201,592,720,611,372,659,553,663,4
519,0,377,6,664,26,231,28,94,70,795,90,6,167,860,202,0,316,855,340,74,448,776,461,653,544,191,546,508,596,347,600,4
516,0,378,1,237,17,656,28,102,54,780,93,14,141,839,201,0,281,827,333,64,406,744,444,173,505,619,519,319,561,476,563,4
503,0,368,3,230,21,640,26,100,57,764,89,14,145,825,196,0,282,815,328,62,405,733,442,168,502,611,517,312,559,467,561,4
476,0,344,6,612,21,210,27,86,66,738,79,6,152,804,183,0,286,801,312,66,406,725,427,173,498,607,504,468,550,316,551,4
448,0,324,6,574,19,200,27,83,64,690,73,7,146,750,168,0,272,746,289,62,384,677,396,568,469,163,469,439,513,297,516,4
451,0,328,1,203,18,574,23,85,51,686,79,8,129,740,175,0,253,731,292,60,364,660,391,158,449,552,458,288,497,426,498,4
458,1,336,0,211,13,580,28,92,43,688,87,12,120,739,182,0,243,728,297,58,354,656,393,154,440,547,458,284,491,421,494,4
453,0,331,1,206,14,575,25,87,46,683,82,9,125,735,176,0,248,726,291,59,359,656,388,158,444,550,453,424,492,287,492,4
455,0,334,1,209,16,577,25,89,47,684,81,10,127,735,174,0,250,726,287,60,360,657,384,159,444,551,450,427,489,290,490,4
453,0,331,1,207,16,574,24,86,50,681,80,8,127,732,173,0,250,724,285,62,361,656,381,162,443,551,447,428,486,292,488,4
332,0,453,2,207,11,574,29,87,42,681,88,9,118,730,181,0,241,720,293,60,353,650,388,157,436,544,451,286,485,420,487,4
334,0,455,3,208,12,576,30,88,41,681,90,9,117,729,184,0,241,717,296,59,352,646,390,156,437,541,452,284,485,418,488,4
341,0,461,7,217,6,96,30,579,39,682,101,15,102,726,195,0,223,710,305,54,334,637,395,147,421,530,451,272,475,406,481,4
342,0,219,6,460,8,99,30,578,40,17,100,679,103,722,197,0,220,703,307,51,331,628,396,141,418,519,452,263,472,395,481,4
339,0,217,5,457,8,100,28,574,41,18,99,674,106,716,202,0,219,696,313,48,331,619,403,135,419,510,458,255,475,386,485,4
334,0,213,6,452,7,96,30,570,40,16,99,671,103,714,199,0,218,695,309,49,327,618,398,136,415,510,453,256,470,387,480,4
332,0,450,6,212,6,96,30,567,37,669,100,17,99,712,195,0,216,695,305,50,325,618,393,136,411,510,448,256,465,386,476,4
331,0,448,7,210,8,95,32,566,38,669,99,16,102,713,194,0,218,695,303,50,326,619,393,136,412,510,448,257,466,387,476,4
333,0,451,6,212,8,97,33,569,37,671,100,18,103,714,196,0,220,695,308,48,329,617,398,133,416,508,454,252,471,383,482,4
331,0,450,6,211,7,97,32,569,37,672,100,18,102,717,197,0,219,698,310,48,328,619,401,133,415,508,456,252,471,383,483,4
439,0,320,0,200,14,559,26,87,46,667,85,12,122,715,183,0,244,701,301,52,354,625,399,140,439,516,461,260,490,392,496,4
339,0,464,3,213,11,590,34,95,40,701,101,15,116,747,204,0,240,725,325,51,353,640,423,139,442,523,482,260,499,394,510,4
349,0,477,7,220,8,99,34,606,42,17,108,718,112,763,219,0,233,739,341,50,349,650,437,137,442,529,493,260,502,396,518,4
364,0,233,5,495,9,109,27,625,47,22,101,737,120,0,226,781,229,46,344,751,352,132,441,658,448,532,501,256,506,396,524,4
374,0,240,5,507,10,114,28,640,48,24,102,756,122,0,228,804,232,46,350,777,358,135,450,682,458,553,514,264,517,410,538,4
390,0,530,7,252,9,123,35,675,45,29,110,805,122,0,240,858,243,41,365,829,383,128,472,720,492,260,548,574,551,416,573,4
390,0,532,5,251,11,122,39,680,41,27,116,814,117,870,240,0,246,42,372,840,383,129,478,729,495,261,554,580,556,419,579,4
395,0,540,5,256,12,124,41,690,42,29,119,826,122,883,249,0,252,40,380,850,398,126,490,735,513,258,569,581,575,417,597,4
527,0,382,4,245,24,680,28,117,61,820,100,25,143,883,225,0,276,856,378,44,401,744,500,132,506,590,570,266,579,426,599,4
517,0,374,8,671,25,240,31,114,70,812,93,25,151,878,218,0,282,851,371,43,405,738,495,130,507,585,566,261,578,420,597,4
501,0,360,11,654,22,229,37,108,78,798,89,21,160,863,214,0,289,836,370,40,409,722,496,123,510,567,568,250,579,405,598,4
504,0,362,10,659,24,232,35,110,75,803,93,24,157,867,221,0,285,836,378,37,405,717,503,117,506,559,572,241,577,395,599,4
505,0,364,9,661,27,232,31,111,70,806,99,25,150,869,227,0,278,836,386,37,398,116,500,716,509,238,574,556,576,392,600,4
514,0,370,8,671,28,239,31,116,69,816,101,27,149,878,235,0,277,34,399,842,396,111,503,717,520,233,580,554,585,386,608,4
534,0,384,6,246,26,701,31,121,63,859,115,31,145,924,263,0,275,31,401,879,437,105,512,738,565,225,599,560,626,383,638,4
530,0,379,5,243,26,698,30,120,64,856,114,30,146,923,261,0,277,33,403,880,434,108,514,741,563,230,599,564,624,388,638,4
523,0,365,15,705,24,225,43,101,91,881,108,16,184,958,266,0,322,43,451,918,455,127,561,777,593,255,646,596,662,417,681,4
527,0,368,8,228,32,708,33,103,75,880,126,17,168,953,289,0,308,43,439,910,476,125,553,769,606,252,641,590,667,412,681,4
382,0,537,4,243,13,116,48,709,47,25,134,869,149,0,271,931,312,35,404,879,491,112,521,735,610,232,614,559,659,386,663,4
230,0,109,2,357,21,469,59,25,70,577,121,672,206,0,209,718,315,54,357,709,436,152,484,645,529,286,573,545,582,425,603,4
114,0,238,0,368,22,483,61,28,68,591,126,687,214,0,213,733,325,56,366,726,449,157,498,660,546,295,591,561,601,436,622,4
120,0,251,0,387,25,507,66,30,69,620,135,0,215,721,226,766,342,56,371,758,469,157,509,686,567,299,606,579,622,450,641,4
538,0,375,1,231,18,722,41,104,56,18,148,895,145,0,288,963,315,41,422,910,502,121,540,760,628,245,634,579,680,401,683,4
383,0,555,3,231,16,748,50,99,57,13,154,925,164,0,299,986,342,48,434,921,529,131,551,255,643,767,645,585,690,411,691,4
256,0,407,6,121,22,571,31,749,102,25,108,903,231,0,250,37,391,942,404,113,513,867,570,229,615,714,663,376,676,541,690,4
237,0,387,1,552,21,104,26,732,84,13,114,894,206,0,257,950,377,47,396,132,518,891,546,256,617,747,647,409,673,576,681,4
391,0,242,2,559,16,109,31,742,76,17,121,906,197,0,265,958,370,44,404,128,525,894,543,250,623,746,646,403,678,573,683,4
382,0,231,10,551,8,98,45,737,59,10,142,908,173,0,289,972,344,53,430,920,522,145,549,779,637,276,644,607,686,435,691,4
384,0,554,8,231,11,96,49,745,59,8,148,920,175,0,298,987,351,54,439,932,535,147,560,788,651,279,655,612,698,439,702,4
385,0,559,2,230,15,757,51,94,57,6,160,939,166,0,310,1007,345,55,451,949,535,149,571,800,655,282,665,622,704,444,711,4
560,0,379,4,223,25,768,45,88,72,963,161,4,177,0,329,1038,348,58,470,980,546,152,590,823,673,290,684,637,725,453,732,4
573,0,386,4,225,26,789,47,88,74,994,170,3,182,0,337,1070,366,57,481,1005,572,152,603,289,701,839,699,644,750,455,753,4
588,0,393,5,228,30,816,47,89,80,1032,175,4,190,0,347,1110,381,55,492,1038,596,149,617,286,718,859,726,458,774,653,774,4
591,0,389,16,832,37,220,49,81,107,1069,162,0,225,1166,373,6,385,74,532,1105,599,180,655,924,743,329,754,712,800,509,805,4
595,0,392,19,841,35,223,53,82,113,1083,157,0,231,1179,371,6,391,74,538,1117,601,182,661,934,744,329,760,718,803,512,810,4
601,0,393,25,850,27,221,66,78,133,1098,143,0,259,1207,358,15,426,92,576,1153,596,208,699,976,751,366,793,761,821,554,836,4
603,0,396,26,854,27,221,69,80,137,1101,141,0,265,1211,356,18,433,98,584,1160,590,218,706,987,747,379,799,775,820,567,840,4
627,0,413,24,887,31,231,65,83,133,1141,153,0,264,1250,373,17,437,99,592,1193,611,221,719,1012,767,385,816,792,841,580,858,4
632,0,414,23,893,34,232,62,83,130,1149,158,0,261,1260,382,16,436,99,593,1203,625,222,722,1019,781,387,822,798,852,583,868,4
632,0,415,23,892,32,232,65,82,134,1148,156,0,268,1259,379,18,445,104,603,1204,621,229,732,1024,780,395,830,805,854,592,872,4
629,0,413,26,889,30,230,69,81,139,1146,151,0,272,1257,372,19,447,102,604,1202,615,227,731,1021,775,394,827,804,846,590,868,4
678,0,493,26,874,40,344,84,223,154,988,207,110,232,25,346,967,466,0,503,30,646,812,695,103,771,600,826,225,860,396,882,4
670,0,488,24,863,41,341,81,220,149,973,207,107,227,20,341,955,465,0,501,26,646,805,695,99,772,598,828,222,862,393,885,4
657,0,475,28,851,37,330,88,210,158,965,203,101,238,19,353,948,461,0,510,28,651,798,691,101,773,593,824,220,861,389,882,4
656,0,474,24,850,44,330,84,212,153,959,217,102,232,20,346,933,480,0,503,29,645,779,707,99,768,574,833,214,858,378,884,4
663,0,481,20,855,48,335,75,217,141,108,217,960,224,23,328,0,483,929,486,23,625,768,708,88,749,560,828,202,842,361,872,4
664,0,485,21,856,49,337,73,219,139,110,214,960,226,26,324,0,479,928,492,23,622,765,714,87,747,556,833,199,842,359,875,4
663,0,482,20,857,50,336,74,219,140,111,215,961,229,26,325,0,479,925,496,21,622,761,720,83,747,549,837,193,843,351,877,4
658,0,474,21,854,51,328,78,211,144,104,220,960,237,23,331,0,485,922,511,23,626,752,734,83,750,190,847,541,847,346,883,4
670,0,484,14,868,51,334,66,216,133,108,208,968,242,26,320,0,474,922,517,25,618,84,743,749,738,190,840,537,846,344,879,4
687,0,492,21,901,57,339,78,219,145,109,221,1012,261,26,333,0,489,962,556,18,634,76,764,769,788,178,870,541,895,337,920,4
721,0,514,25,950,56,351,85,227,155,114,234,1074,263,29,348,0,505,1026,572,21,653,80,785,821,813,192,895,576,923,358,947,4
726,0,514,26,957,50,353,89,225,160,112,240,1087,259,26,354,0,513,1040,570,21,661,84,795,834,816,194,903,585,929,364,955,4
488,0,347,7,633,22,205,32,75,75,767,85,0,166,838,195,0,306,836,332,74,430,758,450,188,524,637,529,495,576,337,577,4
473,0,338,8,610,23,201,32,74,75,737,83,0,168,802,189,2,308,799,321,76,430,727,436,615,515,188,520,481,563,333,568,4
472,0,341,4,203,23,604,26,77,62,724,88,0,152,784,192,0,291,778,318,74,412,707,427,598,501,184,502,470,547,325,550,4
351,0,481,2,212,14,610,32,81,51,724,97,1,141,779,200,0,286,773,323,78,412,705,430,602,501,192,503,477,548,335,553,4
363,0,494,5,220,11,621,39,85,43,732,106,0,136,786,208,0,283,780,328,81,413,714,431,612,503,200,506,489,549,346,554,4
392,0,243,5,527,12,97,34,657,52,765,124,3,126,816,227,0,279,806,347,85,415,739,447,209,513,635,517,509,560,361,564,4
402,0,250,8,537,10,102,39,665,48,773,120,6,134,823,224,0,294,813,347,85,434,745,452,642,525,211,533,515,574,366,582,4
380,0,512,6,232,12,641,39,89,47,751,107,0,144,803,210,0,300,796,332,86,434,731,438,630,513,211,528,508,564,362,573,4
481,0,353,12,607,17,209,44,721,69,73,99,787,162,0,211,802,282,26,371,758,396,678,487,135,496,570,557,275,572,432,592,4
488,0,359,9,612,19,216,37,724,71,77,88,787,164,0,198,799,282,19,356,753,394,669,482,125,482,561,550,264,560,420,583,4
485,0,359,8,609,21,216,35,719,74,78,84,780,168,0,191,788,287,13,349,740,399,114,477,654,487,544,554,248,558,403,584,4
481,0,354,6,603,22,214,30,713,79,79,77,772,175,0,184,778,297,12,344,728,409,108,473,640,496,239,558,530,561,389,587,4
355,0,482,2,215,15,603,34,81,52,710,100,0,151,761,203,1,308,758,326,696,435,84,442,600,513,202,535,485,566,347,579,4
356,0,484,4,216,12,606,38,82,48,712,106,1,146,760,212,0,304,754,337,81,440,690,445,593,522,197,535,477,572,338,582,4
369,0,227,6,497,10,89,36,618,49,722,122,4,129,769,228,0,286,759,351,79,424,693,455,194,524,594,527,475,572,336,576,4
379,0,236,5,508,10,97,34,631,49,737,120,8,125,786,225,0,281,777,348,76,419,709,453,193,520,607,524,483,570,339,573,4
261,0,408,2,541,19,118,21,667,66,20,109,774,147,818,259,0,266,799,387,68,412,719,492,179,524,607,559,325,589,474,597,4
419,0,261,7,567,10,109,36,712,53,837,130,11,128,894,247,0,287,881,381,81,431,798,493,205,541,675,566,366,603,530,608,4
309,0,471,2,148,22,619,20,760,69,32,110,882,152,932,272,0,271,911,410,65,426,818,523,185,549,685,596,352,625,528,637,4
61,0,154,0,247,18,323,44,6,63,393,90,0,193,477,237,55,318,471,324,435,395,135,411,380,442,228,464,314,469,-1,-1,4
149,0,55,5,245,14,325,38,2,71,397,82,0,203,488,317,62,327,454,391,146,419,398,439,243,469,331,471,-1,-1,-1,-1,4
159,0,60,5,259,14,341,38,2,71,416,81,480,145,0,204,510,227,509,316,65,330,473,390,153,422,418,441,255,471,346,472,4
156,0,56,8,257,11,342,32,419,74,0,77,486,137,0,213,519,218,69,339,485,385,161,429,428,439,358,472,266,474,-1,-1,4
158,0,58,8,259,12,342,34,420,77,0,78,485,141,1,215,518,222,518,314,69,341,483,390,160,432,428,443,357,476,264,478,4
155,0,57,7,256,11,338,34,414,77,1,76,481,141,0,211,510,314,65,337,474,390,155,427,419,441,348,474,258,474,-1,-1,4
152,0,56,8,251,10,333,32,409,73,0,76,472,135,0,208,500,214,502,306,64,330,466,381,149,419,410,433,341,465,250,465,4
152,0,56,9,248,10,329,30,403,70,1,76,468,131,0,206,498,210,499,299,64,326,464,374,149,413,409,425,339,458,250,458,4
152,0,58,7,247,10,327,31,402,72,3,74,465,133,0,204,496,213,493,302,62,325,458,376,146,413,403,428,334,459,245,459,4
153,0,60,7,247,12,324,33,397,73,5,71,457,134,0,196,485,212,481,298,56,314,444,370,136,400,388,419,231,447,319,448,4
143,0,233,7,52,10,313,27,383,65,1,74,444,124,475,200,0,197,58,311,437,358,137,394,383,407,316,438,231,438,-1,-1,4
137,0,227,7,49,11,304,23,376,59,0,75,437,116,468,189,0,195,468,273,59,305,434,344,139,385,383,393,317,424,233,426,4
136,0,225,6,49,13,301,21,373,54,0,77,434,109,465,182,1,195,465,266,60,304,434,337,139,382,383,386,316,418,233,421,4
136,0,227,5,48,14,374,54,0,77,435,108,466,182,1,195,468,263,61,302,435,334,141,379,384,384,318,415,233,419,-1,-1,4
144,0,235,7,55,11,312,23,383,58,3,74,444,116,472,190,0,192,471,271,56,302,437,341,135,381,383,390,315,422,228,423,4
148,0,241,7,58,11,319,24,390,59,4,74,454,114,481,187,0,192,480,272,55,302,443,343,135,382,387,392,318,423,230,424,4
202,0,92,6,313,12,404,34,490,76,16,73,558,138,0,205,587,220,578,311,58,329,530,387,149,421,459,440,262,471,370,472,4
200,0,89,7,308,12,401,34,486,76,16,73,555,139,0,202,585,221,575,313,56,326,525,389,145,418,453,441,257,469,365,472,4
205,0,94,3,314,16,407,42,19,65,492,87,561,154,0,193,589,238,53,317,576,330,524,405,140,413,449,452,250,470,358,479,4
204,0,91,7,316,12,412,34,16,73,501,79,574,145,0,202,604,231,594,326,57,325,540,404,146,421,463,455,259,476,370,483,4
202,0,318,8,87,11,418,28,510,70,12,79,587,135,0,208,621,221,612,317,61,332,561,397,155,425,483,450,273,477,387,481,4
212,0,337,3,89,16,445,19,547,58,8,93,632,122,673,210,0,232,669,312,71,360,616,400,179,454,536,460,434,500,310,502,4
218,0,345,4,93,17,454,21,556,60,11,93,642,126,683,216,0,232,675,319,69,361,622,406,175,455,537,467,433,505,307,506,4
229,0,360,6,97,16,475,25,583,67,11,91,673,135,715,228,0,232,707,333,72,365,649,422,183,463,560,482,319,517,451,518,4
241,0,373,8,108,13,491,29,599,74,18,87,689,145,0,228,726,240,715,346,67,363,652,434,175,464,558,493,312,522,445,526,4
234,0,371,7,98,15,490,28,601,76,9,97,696,150,738,250,0,251,730,363,78,393,669,457,192,497,579,520,332,555,467,558,4
238,0,373,7,104,14,490,28,600,74,15,94,693,149,734,250,0,246,725,364,71,390,663,460,182,497,569,524,321,558,457,562,4
235,0,370,6,100,17,489,25,600,71,13,98,696,146,740,248,0,252,732,365,72,397,671,463,185,506,577,529,327,566,463,569,4
241,0,378,5,104,16,499,25,613,72,15,99,710,148,755,253,0,256,747,373,74,406,684,474,188,517,589,542,331,580,472,583,4
254,0,395,9,113,14,520,31,637,81,19,98,737,160,0,260,783,269,773,393,74,416,707,497,192,533,608,566,340,601,487,606,4
266,0,410,11,122,12,537,36,655,89,24,95,756,172,0,261,800,285,789,412,70,422,720,517,187,546,617,587,340,619,490,627,4
264,0,416,5,114,18,551,28,678,82,17,110,790,168,845,289,0,290,841,428,83,462,774,546,213,594,669,626,377,669,539,674,4
271,0,429,7,116,17,565,33,696,88,14,110,808,177,864,299,0,294,858,439,87,470,791,557,221,604,684,637,390,680,552,685,4
307,0,140,7,471,19,611,55,26,99,742,120,852,218,0,299,904,347,898,492,86,498,827,616,226,652,716,699,405,741,577,749,4
372,0,172,2,566,25,726,70,30,110,874,146,1001,258,0,357,1066,403,1068,571,118,603,999,717,300,791,885,820,729,890,525,890,4
482,0,652,4,332,31,822,49,194,81,72,148,924,171,0,256,934,343,5,397,840,497,74,517,686,602,186,611,513,662,340,665,4
639,0,473,7,807,37,326,46,191,103,908,152,71,178,0,290,921,321,8,432,833,480,81,549,687,593,194,637,519,665,348,681,4
620,0,454,12,789,31,311,56,181,117,893,142,66,192,0,303,910,313,9,440,823,476,79,553,675,591,189,637,507,663,338,679,4
596,0,443,9,750,31,306,46,181,101,845,135,69,172,0,278,861,293,5,413,783,445,73,524,647,555,180,605,489,627,326,645,4
414,0,271,5,547,9,127,31,673,44,780,109,24,113,827,206,0,252,812,320,64,382,737,419,176,479,623,488,484,531,327,532,4
395,0,257,4,524,10,120,29,647,45,22,108,752,111,798,209,0,245,784,324,60,372,709,422,167,469,596,488,311,525,462,528,4
379,0,511,5,240,10,107,38,641,39,756,106,16,121,808,210,0,260,795,334,63,387,717,439,170,485,600,507,313,543,464,547,4
379,0,512,4,238,12,645,35,104,43,762,102,13,129,818,208,0,270,808,334,66,399,731,442,176,497,614,514,323,554,476,556,4
515,1,379,0,236,15,650,30,100,49,772,95,11,137,830,201,0,281,823,329,71,410,747,440,186,508,631,516,492,561,336,562,4
387,0,525,2,242,13,661,34,105,47,783,101,13,135,841,210,0,281,832,341,69,413,753,453,183,514,633,529,334,572,491,573,4
391,0,532,2,244,14,671,34,104,49,796,102,11,139,855,212,0,286,845,345,71,420,765,459,188,522,644,534,341,579,501,580,4
396,0,540,0,246,16,684,30,104,52,812,98,10,145,874,209,0,295,866,344,76,429,787,459,196,530,664,538,518,585,354,587,4
421,0,570,2,265,16,719,34,115,52,852,106,15,146,917,221,0,300,906,362,74,442,821,483,197,551,690,564,535,612,362,611,4
434,0,588,3,275,14,740,38,120,49,876,112,16,146,942,232,0,308,933,376,76,455,846,501,204,568,713,584,375,633,553,635,4
483,0,312,7,645,12,145,36,802,57,26,132,941,140,1004,267,0,301,986,416,74,460,890,542,206,586,746,623,385,662,574,670,4
635,0,466,1,296,22,807,33,136,65,964,112,23,166,1041,246,0,333,1028,412,72,488,922,553,199,610,762,644,379,686,576,695,4
639,0,470,4,300,28,813,32,139,73,971,108,24,175,1047,242,0,343,1032,407,70,496,923,549,197,618,762,643,377,691,576,696,4
659,0,482,7,839,30,305,35,137,84,1003,108,19,195,1083,245,0,372,1071,418,78,533,965,568,215,657,801,669,404,729,610,729,4
623,0,811,15,447,22,277,64,988,83,119,125,1082,222,12,239,1074,406,0,411,75,562,962,569,206,679,790,679,594,744,389,747,4
617,0,809,13,440,25,272,69,992,80,118,131,1088,221,13,243,1079,408,0,412,71,560,960,574,198,676,782,684,378,746,582,746,4
607,0,800,10,431,28,986,74,266,75,114,139,1086,216,12,251,1078,406,0,417,70,564,958,576,195,679,777,687,372,749,576,750,4
595,0,787,8,422,28,974,72,260,74,112,137,1076,213,12,246,1072,404,0,409,68,554,952,574,190,670,770,684,365,741,568,744,4
596,0,787,10,424,27,263,73,972,74,117,134,1072,217,16,243,0,406,1065,409,65,552,944,580,183,670,761,690,355,744,557,749,4
603,0,796,12,429,27,269,71,983,80,122,131,1081,228,19,239,0,402,1066,425,59,550,936,597,171,670,745,704,338,748,539,759,4
628,0,831,3,448,34,1030,67,287,88,136,156,1140,224,25,272,0,444,1129,444,55,602,989,639,167,733,782,764,341,819,557,829,4
616,0,819,1,437,39,1022,61,278,96,130,168,1137,219,22,285,1128,442,0,458,57,616,988,643,168,745,781,772,342,830,555,838,4
618,0,822,1,439,36,1026,66,280,91,132,160,1138,226,25,275,0,447,1124,453,51,603,978,652,158,734,765,776,328,822,538,837,4
649,0,853,18,468,23,306,67,1053,98,153,125,37,232,1153,268,0,401,1122,493,40,562,960,682,137,701,738,790,298,803,507,833,4
671,0,488,20,875,22,323,61,1070,105,165,117,42,226,1165,278,0,400,1132,505,39,564,971,693,137,708,748,801,301,812,513,844,4
846,0,635,5,449,49,1058,58,287,112,135,190,1178,224,23,313,1168,465,0,494,53,658,1020,680,167,794,800,819,344,883,563,891,4
502,0,315,7,680,18,139,49,856,77,22,167,1008,176,1071,323,0,349,1043,492,77,517,927,625,209,650,766,708,387,734,582,752,4
485,0,664,12,299,13,126,59,844,65,1002,159,15,180,1068,305,0,359,1041,475,80,520,925,609,212,646,763,693,390,725,582,739,4
602,0,792,10,418,29,964,70,235,82,75,169,1052,197,0,313,1048,360,36,481,959,503,154,606,822,610,306,686,663,687,486,716,4
261,0,391,3,132,16,516,19,636,60,34,87,738,132,0,214,776,235,41,340,751,352,127,443,662,447,540,503,256,511,402,530,4
376,0,247,1,499,12,122,20,621,51,29,92,725,121,0,218,767,224,43,340,744,343,658,438,130,439,537,496,257,506,401,522,4
364,0,236,4,488,10,113,26,610,45,25,98,717,112,763,215,0,223,744,332,47,341,661,429,137,438,542,488,264,503,407,517,4
357,0,481,7,230,8,108,33,605,39,713,104,21,107,762,205,0,233,745,324,49,351,664,423,140,446,547,485,270,507,412,517,4
358,0,482,7,231,7,108,32,606,39,715,106,22,106,762,207,0,232,746,327,49,351,664,426,140,446,546,487,270,508,412,519,4
389,0,527,6,249,10,116,39,666,40,791,113,23,121,848,227,0,258,830,363,54,388,738,474,154,494,605,543,297,563,456,577,4
392,0,535,3,249,13,679,36,114,44,810,110,21,129,870,227,0,270,852,367,57,402,758,483,159,509,621,554,305,578,467,591,4
553,0,403,1,253,18,707,31,112,56,847,104,18,145,916,224,0,292,901,374,63,427,804,497,172,536,661,575,328,605,499,616,4
569,0,416,0,261,18,727,33,116,55,871,108,18,147,940,232,0,299,926,384,65,441,828,511,179,553,682,591,340,624,516,634,4
586,0,427,3,267,24,749,31,117,65,897,106,16,163,969,234,0,321,955,392,68,466,854,525,188,581,705,610,354,650,535,658,4
601,0,437,4,273,26,769,31,120,67,924,108,17,167,1000,238,0,328,987,399,71,475,884,536,194,591,730,623,366,663,554,671,4
623,0,454,1,285,22,796,33,128,64,955,113,20,163,1033,248,0,328,1019,414,71,480,912,553,197,603,752,642,374,679,569,690,4
496,0,677,1,314,20,864,40,144,59,1034,127,25,164,1119,272,0,340,1104,449,75,505,986,598,209,638,812,691,400,724,612,739,4
621,0,834,6,404,19,1048,55,195,64,1246,157,41,183,1345,327,0,399,1337,535,85,607,1208,716,253,779,1005,835,495,887,761,901,4
617,0,829,6,401,21,1043,53,192,67,1240,153,40,188,1342,320,0,403,1334,527,86,609,1205,707,254,777,1002,828,495,884,761,896,4
628,0,841,7,410,19,1053,56,200,64,1248,158,43,185,1345,327,0,402,1332,535,84,611,1203,714,252,782,1002,833,495,889,760,901,4
623,0,837,3,408,22,1054,49,201,68,1253,152,47,190,1352,321,0,403,1336,533,77,608,1198,716,236,777,987,836,473,886,740,901,4
775,0,560,12,1003,35,351,48,159,107,1219,131,26,230,1332,303,0,433,1322,524,82,621,1179,714,235,777,962,834,458,879,715,897,4
741,0,535,11,958,34,335,44,152,100,1164,127,25,217,1268,294,0,411,1256,503,78,590,1117,682,223,738,910,795,434,835,676,853,4
541,0,740,2,345,21,945,46,161,65,1135,146,31,177,1230,310,0,369,1212,510,75,551,1079,676,216,702,881,777,423,804,656,827,4
749,0,549,0,350,22,955,43,164,69,1144,143,31,187,1234,309,0,384,1214,510,76,569,1081,678,219,719,885,783,427,819,661,837,4
762,0,539,6,322,37,993,44,128,100,1199,157,5,240,1286,340,0,448,1246,552,98,631,1097,720,251,770,897,821,455,859,679,874,4
778,0,555,0,340,25,1007,49,143,80,1209,166,14,217,1289,351,0,422,1243,561,89,607,1087,724,235,752,883,821,437,847,662,868,4
558,0,781,1,341,23,1011,52,145,78,1214,173,17,212,1294,361,0,416,1244,572,86,601,1085,734,230,748,877,828,428,847,653,872,4
563,0,790,4,342,20,1022,61,142,74,1225,189,14,211,1298,380,0,418,1243,591,89,604,1080,748,233,750,872,837,431,848,651,876,4
803,0,567,10,1044,43,335,44,125,114,1254,159,0,270,1334,344,8,487,1289,554,123,670,1139,720,289,802,941,824,501,880,726,885,4
810,0,569,11,1055,44,334,47,124,119,1266,160,0,277,1347,350,10,495,1298,564,125,678,1143,728,292,810,943,834,503,888,728,894,4
818,0,574,9,337,44,1069,45,125,115,1283,166,0,271,1362,357,9,488,1308,572,123,669,1147,735,287,803,941,836,497,883,722,892,4
823,0,576,8,339,41,1076,49,126,111,1294,172,0,267,1373,370,6,483,1314,587,117,667,1148,750,279,805,939,850,488,889,716,903,4
827,0,576,11,1085,48,336,48,123,122,1307,173,0,279,1385,372,9,496,1327,593,122,681,1158,759,285,816,947,860,495,900,723,912,4
834,0,580,12,1097,47,338,48,123,122,1322,170,0,281,1404,371,12,500,1347,593,129,683,1177,758,296,818,964,859,508,901,738,913,4
837,0,585,10,342,46,1099,47,126,119,1324,172,0,277,1406,371,12,495,1349,594,128,680,1179,759,294,816,966,860,508,900,739,913,4
841,0,588,9,343,43,1102,48,127,116,1328,174,0,273,1409,374,9,493,1350,595,125,679,1180,761,291,818,966,862,506,902,738,915,4
464,0,615,13,326,18,198,49,759,70,82,95,7,182,831,184,0,309,818,331,55,421,722,455,148,510,583,532,280,566,431,573,4
458,0,605,13,323,16,196,46,745,70,80,92,6,178,815,184,0,305,803,329,55,418,711,451,149,506,576,527,280,562,428,568,4
459,0,606,14,325,17,198,47,743,69,82,93,7,179,812,182,0,305,799,325,55,417,706,446,147,504,572,523,277,558,425,564,4
464,0,330,13,608,16,202,40,741,76,85,84,7,171,808,187,0,300,797,328,57,415,709,447,154,505,579,523,286,560,434,564,4
476,0,340,15,622,16,210,43,757,73,90,89,9,178,824,187,0,310,812,332,55,427,720,456,151,520,586,537,286,576,437,580,4
468,0,621,6,328,22,200,59,770,61,82,112,847,179,5,205,839,335,0,338,57,454,744,470,154,546,602,557,290,602,447,604,4
464,0,621,2,322,27,775,55,192,68,76,124,859,174,2,219,852,334,0,353,60,470,756,474,159,560,612,565,296,614,454,615,4
467,0,625,2,324,29,781,52,194,72,77,130,866,173,2,228,862,337,0,364,61,482,765,480,162,573,620,574,460,627,301,628,4
476,0,641,1,329,31,805,52,195,77,75,137,898,177,0,238,898,349,2,379,67,501,801,499,172,595,651,597,484,652,318,652,4
655,0,485,2,335,36,824,51,198,84,76,148,919,176,0,252,919,350,2,395,820,504,70,519,668,607,179,614,499,666,329,670,4
663,0,492,3,341,39,834,48,203,90,79,157,932,172,0,264,937,349,3,411,841,508,74,537,688,617,186,634,516,681,341,688,4
695,0,513,5,355,44,876,50,212,98,82,168,982,185,0,280,987,376,1,435,883,547,70,569,717,663,186,673,533,730,348,734,4
716,0,529,5,366,45,904,52,219,100,87,171,1013,191,2,285,1017,389,0,442,904,567,69,580,730,685,185,688,540,751,349,753,4
734,0,543,2,377,42,927,53,226,97,91,169,1039,196,3,283,1043,396,0,444,928,578,70,585,189,696,749,697,552,763,357,764,4
760,0,566,1,396,39,955,57,242,92,103,162,1067,203,8,278,1067,409,0,441,66,588,946,594,183,705,760,714,354,778,555,780,4
802,0,585,19,1030,51,404,77,246,149,1168,219,104,236,7,369,1176,472,0,551,1037,703,66,712,188,845,821,851,368,928,589,932,4
813,0,597,15,1038,56,414,69,255,140,111,227,1169,224,9,359,1174,478,0,543,64,708,1033,706,184,842,818,853,365,927,586,931,4
639,0,857,0,448,42,1077,69,283,105,131,184,1200,250,19,313,0,501,1188,504,56,673,1034,725,171,817,809,862,349,914,571,930,4
634,0,850,10,392,13,1040,68,155,74,1182,183,8,241,1215,345,0,475,1153,520,1019,661,116,661,855,758,278,781,674,825,476,838,4
632,0,847,10,392,15,1034,68,156,75,1174,182,7,244,1207,342,0,481,1147,517,1016,658,118,669,855,756,281,788,677,826,479,841,4
633,0,841,9,393,14,1027,66,157,74,1164,177,6,245,1198,335,0,485,1143,509,1016,649,120,672,859,750,287,790,685,822,486,841,4
629,0,838,10,394,16,1020,66,160,76,1156,176,8,248,1188,332,0,488,1133,505,1009,647,118,677,853,749,283,793,679,823,482,843,4
631,0,838,10,395,14,1019,67,161,74,1155,178,10,243,1187,336,0,482,1130,507,1005,648,116,669,849,748,280,788,674,821,477,839,4
631,0,838,10,395,13,1021,66,162,72,1157,176,10,239,1191,333,0,474,1133,505,1007,645,115,660,850,744,278,779,673,815,476,832,4
628,0,839,9,392,16,1025,65,160,75,1164,176,10,244,1198,335,0,478,1140,508,1011,648,115,665,851,749,278,783,674,819,476,837,4
632,0,848,10,393,16,1038,67,158,79,1179,183,9,248,1212,346,0,484,1149,524,1015,667,113,673,850,767,274,793,670,835,470,849,4
626,0,848,4,381,23,1045,57,144,92,1194,171,0,267,1233,336,3,503,1174,518,1040,665,126,687,875,768,293,803,693,839,493,855,4
854,0,624,16,1067,37,374,60,1233,139,136,151,1292,306,0,340,1249,497,21,580,1124,658,164,759,960,777,776,867,350,865,566,901,4
846,0,615,18,1059,34,366,66,1229,133,131,158,1289,298,0,345,1249,489,23,582,1124,652,166,757,962,773,777,863,352,863,568,899,4
847,0,612,22,1065,32,361,73,1241,133,128,168,1304,301,0,356,1261,497,26,593,1133,663,169,766,966,785,352,871,779,875,567,909,4
847,0,612,24,1067,31,361,77,1243,130,126,175,1307,297,0,367,1268,494,31,606,1144,661,178,780,979,786,793,879,366,882,582,916,4
851,0,1069,29,613,25,361,82,1244,125,125,184,1310,292,0,380,1274,488,36,621,1154,657,993,784,189,794,810,881,381,893,600,923,4
865,0,625,26,1088,30,369,81,1268,130,130,182,1333,299,0,379,1295,499,33,622,1169,669,1002,797,185,800,814,894,378,902,599,935,4
874,0,1111,25,624,30,364,90,1305,123,126,192,1376,296,0,384,1337,502,36,623,1204,675,189,795,1027,804,831,899,383,899,609,935,4
891,0,632,13,1145,43,369,54,131,138,1354,163,0,315,1423,352,26,547,1365,562,1209,727,164,731,1012,835,348,851,798,906,570,915,4
887,0,628,16,1143,41,367,60,130,146,1354,157,0,325,1426,345,1371,555,28,555,1217,720,169,735,1021,831,356,855,808,904,580,916,4
890,0,629,18,1148,39,366,64,1361,153,127,155,0,338,1440,342,1391,553,36,572,1241,721,184,753,1048,836,377,871,835,912,606,928,4
869,0,594,24,1156,38,336,74,115,163,1403,163,0,337,1490,373,31,557,1425,604,164,735,1245,776,341,861,1024,881,560,934,794,939,4
865,0,591,29,1152,33,334,82,1401,155,112,177,0,353,1492,362,37,573,1432,594,174,751,1258,769,355,873,1040,879,577,943,811,942,4
862,0,589,30,1151,31,333,85,1401,151,113,179,0,358,1494,357,39,577,1437,591,178,753,1264,767,361,875,1047,877,818,943,584,944,4
855,0,1143,27,583,34,327,94,1396,142,109,190,1493,347,0,369,1441,579,43,590,1273,759,186,763,1059,873,372,883,832,943,597,947,4
853,0,1142,25,581,37,326,98,1395,139,108,197,1495,342,0,380,1448,576,49,601,1282,756,197,774,1071,872,385,890,846,945,612,952,4
852,0,1141,22,579,38,322,102,1397,136,105,203,1500,342,0,385,1451,577,47,608,1286,761,194,781,1073,880,384,899,846,952,611,960,4
852,0,1142,21,580,40,323,106,1400,131,106,210,1505,335,0,394,1460,569,52,614,1297,753,203,786,1087,874,395,902,861,949,624,961,4
855,0,1145,25,581,36,327,97,1401,140,106,199,1504,344,0,382,1458,577,51,606,1295,760,200,781,1084,878,392,899,857,952,621,963,4
879,0,606,22,1163,40,344,71,117,161,1408,163,0,342,1501,367,43,573,1451,594,192,755,1287,766,1076,877,384,880,850,945,613,947,4
133,0,225,6,304,23,378,62,0,79,445,123,4,210,486,300,67,333,456,381,152,423,404,436,338,471,250,471,-1,-1,-1,-1,4
136,0,225,7,47,10,305,24,377,63,0,78,441,123,477,203,5,207,483,295,69,328,453,373,154,416,403,428,337,461,252,462,4
135,0,229,5,47,13,309,20,383,57,0,82,451,115,6,212,493,287,73,331,465,366,161,418,414,422,348,458,260,461,-1,-1,4
140,0,236,4,48,15,318,19,394,56,0,84,463,114,500,195,8,216,506,288,76,337,477,368,425,425,166,423,357,462,268,466,4
240,0,142,1,322,13,48,19,403,46,0,92,475,102,515,182,12,224,524,275,86,342,497,357,445,417,179,425,377,457,285,464,4
244,0,145,0,329,13,49,19,409,47,0,92,483,103,523,184,10,225,532,277,83,344,503,360,450,419,179,428,379,459,286,467,4
257,0,153,0,345,12,52,21,431,46,0,96,507,104,549,187,9,234,559,284,87,358,529,370,472,433,186,445,398,476,300,485,4
164,0,273,2,365,17,58,18,452,54,0,96,529,115,572,201,9,240,581,299,90,368,548,387,490,450,193,459,414,493,311,501,4
181,0,297,4,65,15,395,22,486,63,0,93,567,128,609,217,3,241,613,320,83,376,574,409,509,472,190,472,424,514,314,520,4
187,0,307,2,69,18,409,18,505,58,0,98,590,122,634,212,4,247,639,316,87,383,599,407,531,473,199,479,443,517,328,525,4
194,0,318,1,424,16,71,19,524,56,0,103,611,121,659,213,5,257,664,321,93,395,624,415,554,483,208,493,462,529,342,538,4
203,0,331,3,442,19,75,19,546,60,0,104,635,128,681,223,3,261,685,332,91,403,641,428,568,496,210,503,471,543,348,551,4
216,0,350,4,82,19,464,23,570,67,0,106,661,138,708,236,2,268,711,347,93,415,663,445,585,515,216,519,486,562,358,570,4
228,0,366,8,89,16,483,30,592,78,3,102,685,152,731,254,0,269,731,369,89,422,680,468,214,533,599,538,495,583,361,588,4
250,0,397,9,105,13,524,35,640,89,9,107,739,174,787,286,0,288,784,415,89,458,726,524,218,582,634,599,520,646,375,647,4
269,0,427,3,110,23,563,23,691,72,9,120,804,153,861,268,0,305,862,403,98,478,802,521,703,605,241,604,575,661,414,667,4
279,0,444,6,109,22,585,29,718,82,3,127,835,167,898,286,0,331,906,427,113,523,853,553,758,645,274,658,632,710,461,723,4
327,0,149,7,497,21,636,57,24,108,761,123,869,219,0,328,922,345,920,490,102,543,860,616,260,700,758,708,627,770,451,777,4
159,0,339,3,512,31,651,76,29,97,776,148,880,250,0,320,930,378,923,522,103,542,858,646,261,706,758,733,624,791,451,792,4
164,0,347,2,519,31,660,74,32,98,785,146,890,247,0,325,940,376,936,521,104,550,872,647,267,715,769,737,638,797,460,800,4
345,0,160,4,522,23,663,64,30,107,791,134,900,236,0,340,953,368,950,518,108,568,888,650,273,736,784,746,652,812,471,820,4
346,0,159,6,526,23,675,64,28,116,808,137,922,244,0,355,975,383,971,540,108,587,902,677,273,757,796,774,656,840,472,844,4
361,0,167,4,549,24,702,67,31,113,842,142,959,251,0,354,1015,393,1008,554,108,589,935,692,274,764,820,790,672,855,482,856,4
364,0,165,8,554,22,709,64,28,123,851,140,970,251,0,373,1025,395,1020,559,114,611,948,700,287,786,835,801,686,871,495,875,4
364,0,165,8,557,21,713,63,26,126,854,139,973,250,0,378,1028,396,1021,561,115,618,949,703,288,791,833,805,688,873,496,878,4
366,0,170,9,558,20,715,61,31,126,857,135,976,246,0,370,1032,391,1021,556,106,604,943,696,272,776,822,796,672,862,479,865,4
362,0,163,9,557,19,716,60,858,136,23,134,974,247,1029,392,0,390,1019,557,117,629,946,699,833,801,291,798,685,872,496,881,4
361,0,557,14,158,18,717,48,860,116,19,148,977,223,1033,364,0,403,1023,527,121,633,949,668,835,773,296,792,690,848,505,865,4
364,0,562,10,159,24,724,42,868,109,19,158,988,215,1042,358,0,418,1032,522,123,649,958,666,842,774,301,805,698,853,510,875,4
371,0,569,11,165,22,731,44,876,113,24,156,997,220,1050,366,0,413,1039,532,118,646,960,677,843,785,292,807,693,863,500,880,4
372,0,572,10,165,25,738,42,885,111,25,159,1007,221,1061,369,0,418,1046,539,115,653,966,687,845,796,289,815,691,874,499,891,4
377,0,580,11,167,23,750,44,902,116,22,162,1029,227,1084,379,0,423,1071,552,119,659,988,701,862,811,295,824,705,888,508,902,4
390,0,593,18,176,17,761,55,909,129,26,152,1028,241,1081,389,0,416,1067,556,121,658,986,701,864,808,300,824,711,885,515,901,4
615,0,797,6,444,46,919,110,300,120,175,204,954,293,62,299,0,424,879,480,26,571,739,626,112,683,574,730,238,755,399,776,4
625,0,820,7,444,47,957,120,297,124,170,211,59,308,1000,316,0,436,927,519,27,590,778,675,118,709,603,781,249,792,418,822,4
674,0,876,16,484,42,327,115,1011,141,191,198,73,294,1042,350,0,422,950,561,17,583,100,714,782,716,227,807,592,818,399,849,4
721,0,524,25,930,36,358,84,214,155,1064,182,85,240,0,364,1080,406,0,530,963,617,71,674,772,761,189,786,562,844,360,852,4
774,0,576,11,976,51,404,59,254,124,113,204,1096,203,12,328,1102,429,0,503,977,639,62,658,779,780,180,784,562,859,352,861,4
793,0,587,6,411,52,1002,58,256,114,115,190,1121,222,15,312,1113,455,0,484,57,640,972,663,168,768,763,794,335,851,542,860,4
802,0,596,4,420,48,1009,60,264,109,121,185,1125,222,18,305,1118,455,0,478,58,636,976,662,167,763,767,792,337,848,545,858,4
809,0,603,1,426,43,1015,61,269,101,124,175,1131,224,20,295,1120,457,0,469,55,628,978,663,165,758,767,792,334,845,543,857,4
616,0,820,0,435,39,1025,64,278,96,131,169,1137,230,23,288,0,463,1124,463,54,623,979,668,163,756,766,795,331,844,541,858,4
612,0,819,1,433,38,1024,66,274,95,128,167,1137,233,21,286,0,462,1124,465,53,622,978,670,161,755,765,797,329,845,540,860,4
618,0,824,1,437,38,1029,66,277,94,130,166,1141,231,22,285,0,462,1127,467,51,622,979,672,159,757,764,800,326,847,539,862,4
613,0,822,1,435,41,1029,65,276,98,129,171,1144,232,22,291,0,467,1131,468,51,628,983,675,159,762,767,804,328,852,540,867,4
825,0,617,1,437,41,1035,65,277,99,130,172,1149,230,23,291,0,467,1137,466,53,627,988,675,161,761,774,803,331,851,545,866,4
420,0,565,4,292,25,710,50,174,62,70,113,795,161,3,200,799,314,0,324,55,436,715,450,147,526,579,538,278,582,430,586,4
418,0,559,0,292,25,700,43,177,62,72,113,781,148,3,198,784,294,0,320,701,425,52,428,143,512,570,513,422,562,273,563,4
534,0,401,1,281,28,666,38,169,67,65,121,744,136,0,209,752,275,0,331,682,404,58,438,564,496,153,518,426,552,282,562,4
401,0,534,1,281,25,666,42,170,60,68,111,743,142,3,195,748,281,0,315,672,407,54,420,550,494,143,502,411,545,268,549,4
394,0,527,3,276,24,657,44,165,59,64,109,734,144,0,193,741,282,0,313,670,407,55,419,551,493,147,500,414,545,274,548,4
397,0,526,6,279,21,651,49,170,54,69,100,720,148,4,182,719,281,0,298,644,399,52,400,526,478,138,479,393,524,258,525,4
405,0,535,9,286,17,175,47,659,57,75,90,724,158,7,169,0,283,716,290,48,385,635,404,130,466,513,477,246,514,379,517,4
405,0,536,10,287,18,176,47,661,58,75,90,726,159,8,169,0,283,718,292,48,385,636,407,130,466,514,480,247,515,381,519,4
409,0,539,11,289,17,178,44,664,60,76,86,730,162,7,164,0,279,723,296,47,382,641,411,129,464,518,483,246,515,382,522,4
413,0,544,11,292,17,180,45,670,60,77,88,736,163,9,166,0,281,728,298,46,386,645,415,128,469,520,489,247,522,383,527,4
419,0,554,10,297,17,182,46,684,59,78,90,752,164,7,170,0,288,746,301,49,393,661,420,134,478,535,495,255,530,395,536,4
430,0,574,2,301,26,716,47,181,65,74,117,796,157,4,205,795,307,0,330,56,440,709,440,148,526,576,529,428,578,279,578,4
577,0,428,2,296,33,726,42,176,76,68,133,813,152,0,225,817,307,1,352,732,446,61,462,597,539,158,547,445,593,293,597,4
592,0,437,8,748,39,302,45,179,93,838,151,68,156,0,251,842,310,2,381,754,456,61,492,614,556,162,577,457,615,300,623,4
624,0,458,11,791,37,315,54,186,108,891,153,71,175,0,277,901,322,6,414,811,481,73,530,663,591,182,618,498,656,330,667,4
671,0,497,13,848,38,343,58,203,117,956,161,78,190,0,301,969,341,5,451,875,510,79,577,720,631,198,673,543,706,360,722,4
694,0,514,13,877,39,356,59,211,118,988,164,82,192,0,304,1002,347,4,457,904,521,78,586,742,644,200,684,558,720,368,735,4
717,0,531,9,905,44,368,51,219,108,1020,174,85,180,0,293,1035,362,2,449,935,538,79,583,767,661,204,687,574,735,378,745,4
608,0,804,4,432,31,1000,64,270,80,120,146,1114,209,17,259,1118,411,0,426,68,579,998,594,193,703,808,715,378,780,593,784,4
672,0,887,6,478,33,1102,74,299,86,134,157,1227,235,18,281,1234,459,0,469,74,641,1103,661,211,781,891,798,414,869,654,873,4
749,0,980,13,538,32,340,85,1209,91,157,158,1338,264,26,287,0,490,1338,503,74,676,1191,719,220,830,962,859,440,928,702,936,4
773,0,1012,10,554,36,1250,86,349,93,161,169,1387,259,26,302,1389,501,0,507,80,696,1241,722,233,849,1003,869,463,946,735,951,4
764,0,560,7,359,37,979,35,172,88,1182,131,36,204,1286,297,0,399,1271,510,71,586,1131,692,213,742,919,807,427,845,677,865,4
685,0,493,14,888,25,308,49,137,105,1083,109,20,218,1186,263,0,400,1178,461,75,567,1053,632,214,704,861,743,413,791,641,802,4
673,0,484,17,875,25,299,53,131,109,1067,105,18,222,1168,257,0,401,1160,454,78,565,1037,623,215,698,848,733,411,781,634,791,4
671,0,489,3,306,25,859,37,137,69,1034,124,23,174,1122,268,0,350,1112,448,77,516,999,598,214,650,826,696,409,736,625,748,4
504,0,686,4,320,17,871,47,147,56,1041,138,28,159,1123,286,0,338,1107,465,73,509,991,614,208,650,818,709,403,740,618,757,4
681,0,498,0,312,22,868,38,139,66,1039,126,22,174,1125,271,0,357,1116,449,82,527,1006,601,224,663,838,700,423,747,639,756,4
518,0,332,4,690,16,152,33,858,68,27,136,1007,162,1077,302,0,327,1064,467,84,508,964,605,231,652,813,696,427,738,633,748,4
523,0,336,5,697,16,154,35,865,67,26,142,1013,161,1083,302,0,337,1071,467,88,520,973,607,238,663,824,700,438,747,644,754,4
538,0,348,4,715,17,159,33,884,70,27,141,1032,165,1101,306,0,339,1089,471,90,527,989,612,245,672,840,706,449,757,657,762,4
548,0,355,7,728,12,163,41,901,62,1054,154,29,152,1126,294,0,350,1114,461,91,537,1013,606,249,681,859,705,458,763,673,765,4
554,0,359,8,738,14,169,43,917,66,34,155,1076,164,1150,314,0,357,1134,493,83,550,1024,644,234,702,860,745,443,794,663,803,4
553,0,743,10,355,11,165,49,931,61,1101,162,32,163,1182,317,0,364,1165,504,84,557,1050,661,235,711,877,763,446,807,673,820,4
631,0,860,3,384,24,1067,57,149,92,1229,173,3,261,1276,344,0,498,1218,536,1078,687,119,687,902,792,288,813,709,862,497,874,4
857,2,630,0,385,25,1062,55,151,92,1223,168,5,261,1271,337,0,499,1218,527,1080,680,119,688,907,788,290,815,713,861,500,875,4
544,0,402,9,699,26,274,34,151,74,845,106,47,156,901,255,0,293,11,429,850,444,67,551,702,592,177,646,517,666,333,686,4
515,0,689,17,364,22,237,61,857,101,118,114,29,212,925,273,0,358,873,489,25,496,91,616,719,650,202,708,533,727,353,747,4
524,0,373,17,697,23,244,51,125,101,864,114,33,196,928,290,0,342,20,481,867,508,81,604,708,666,187,702,518,736,337,749,4
523,0,375,13,694,24,249,44,131,89,862,114,37,178,934,291,0,321,15,460,878,510,71,586,714,669,178,690,518,737,328,744,4
517,0,369,17,691,24,243,49,125,97,862,117,33,191,935,298,0,338,18,479,882,523,79,608,721,686,187,713,525,757,341,766,4
517,0,369,16,691,25,241,47,124,95,862,116,33,189,933,296,0,334,20,474,878,515,82,599,719,674,190,701,526,743,342,752,4
523,0,375,14,696,26,247,44,128,91,863,118,36,183,932,298,0,329,19,469,875,516,78,596,715,674,186,700,521,742,338,751,4
522,0,370,21,700,23,240,59,120,113,870,117,29,214,936,305,0,367,23,511,877,534,87,639,717,700,196,740,525,774,347,789,4
632,0,847,4,450,38,1066,75,290,91,144,159,1182,253,33,271,0,443,1156,499,40,604,985,710,136,743,749,829,296,846,509,877,4
655,0,872,7,467,36,1093,83,304,89,154,157,39,272,1210,267,0,448,1180,524,36,614,1002,740,132,762,757,861,292,871,512,907,4
655,0,836,26,486,37,352,103,243,174,931,196,140,253,49,359,877,482,6,511,0,652,689,739,35,782,464,876,119,883,260,917,4
647,0,829,26,476,37,342,103,236,177,925,196,135,255,47,362,875,483,3,513,0,653,689,740,37,780,462,873,121,881,261,915,4
138,0,266,8,391,36,40,59,497,74,592,132,0,193,664,213,682,309,40,331,651,407,123,442,575,480,241,516,478,523,366,539,4
132,0,258,3,379,25,486,58,38,58,581,112,656,189,0,185,678,283,41,316,651,381,125,422,577,455,242,493,480,498,367,515,4
125,0,249,0,370,18,477,48,33,58,574,98,653,172,0,182,679,264,43,309,653,362,128,412,580,438,246,480,483,481,371,500,4
130,0,251,4,370,26,38,55,476,59,573,113,0,178,649,191,670,286,36,305,641,385,114,411,563,458,227,484,463,497,348,510,4
127,0,246,3,365,19,471,49,38,56,569,102,646,178,0,176,669,273,35,301,639,373,111,404,561,446,223,475,460,486,345,501,4
129,0,367,23,473,55,38,56,570,108,0,176,647,186,669,282,33,302,637,382,108,406,558,455,219,479,456,494,341,507,-1,-1,4
124,0,243,1,362,17,469,45,35,58,567,97,647,174,0,179,671,270,36,304,641,371,112,407,563,447,223,478,460,488,345,503,4
237,0,118,4,357,14,466,40,31,64,566,89,648,162,0,186,675,258,40,309,649,360,121,408,574,437,236,476,474,480,359,497,4
226,0,347,7,107,11,458,27,563,71,24,76,650,141,0,201,682,236,47,322,660,341,132,418,587,423,488,472,249,480,374,495,4
218,0,339,3,100,17,451,17,558,55,19,84,649,120,0,205,686,213,668,317,51,321,597,400,140,412,499,452,259,468,385,479,4
221,0,342,3,103,16,455,18,562,57,21,85,653,124,0,210,689,218,670,324,50,328,598,409,138,421,499,462,257,478,383,489,4
230,0,352,5,111,12,463,23,570,64,26,77,659,133,0,196,692,227,45,313,669,330,129,407,593,412,491,460,247,467,373,482,4
232,0,354,7,466,27,574,70,28,75,664,142,0,196,697,239,42,315,672,345,124,413,594,427,488,475,240,477,368,496,-1,-1,4
236,0,359,9,471,31,30,71,579,76,670,151,0,193,702,250,40,314,676,358,120,415,595,440,237,483,488,487,365,506,-1,-1,4
239,0,362,11,475,34,31,72,584,81,674,156,0,194,706,257,38,316,678,366,118,418,595,448,235,488,485,494,363,512,-1,-1,4
237,0,360,9,475,30,584,75,30,76,675,150,0,201,708,251,41,325,682,362,123,428,602,448,493,497,240,496,370,517,-1,-1,4
225,0,349,3,105,16,465,19,576,59,21,85,673,129,0,212,711,228,50,334,693,340,618,428,139,432,514,483,262,494,394,508,4
344,0,217,7,459,8,91,32,571,40,671,100,10,109,721,192,0,245,719,303,68,371,661,400,177,465,568,468,453,512,315,515,4
350,0,218,3,467,13,90,26,580,50,8,105,678,117,725,215,0,250,720,329,71,382,661,426,180,481,567,493,453,534,318,534,4
243,0,110,8,376,11,491,35,600,82,18,80,692,154,0,222,734,250,725,358,68,362,663,448,178,468,569,506,318,531,454,539,4
261,0,123,2,396,17,510,47,26,71,615,99,702,175,0,219,739,272,66,366,728,379,667,467,177,481,573,526,320,548,459,558,4
258,0,121,2,391,17,505,47,25,73,608,100,693,178,0,225,728,276,67,376,716,385,655,475,176,492,566,534,316,559,453,568,4
118,0,248,6,373,33,28,64,478,69,574,128,651,211,0,214,682,311,60,367,668,418,159,489,608,503,520,555,288,564,415,581,4
120,0,244,10,367,40,31,62,467,81,558,142,0,212,632,226,659,326,54,366,641,432,148,490,580,515,495,564,271,567,393,587,4
120,0,241,16,358,51,34,57,454,95,540,161,0,204,608,247,632,348,47,359,611,452,133,486,548,532,248,569,464,577,366,595,4
122,0,236,18,346,55,39,55,435,102,515,168,0,202,576,256,596,358,39,359,573,463,117,489,512,541,225,575,429,587,336,603,4
105,0,220,8,335,35,26,69,427,74,510,135,576,220,0,226,599,322,51,383,581,432,135,506,523,517,447,570,247,581,355,597,4
104,0,222,2,340,26,437,61,25,75,525,122,595,208,0,239,622,315,56,401,607,430,551,523,145,527,471,582,262,601,378,614,4
212,0,90,8,335,15,439,44,15,93,531,100,610,183,0,264,644,291,635,411,69,426,581,511,167,547,503,578,292,614,410,618,4
205,0,329,11,84,12,432,36,525,86,8,102,605,165,642,271,0,274,637,389,72,434,589,489,178,549,516,559,424,606,306,609,4
206,0,331,6,82,19,435,27,531,75,8,114,612,154,652,261,0,293,647,385,74,455,597,491,522,568,183,570,430,620,311,627,4
345,0,210,4,454,13,82,36,556,56,642,134,6,145,683,245,0,332,678,375,626,490,80,494,547,576,193,605,452,638,328,655,4
351,0,466,9,214,8,82,46,570,50,657,127,6,162,699,240,0,353,692,375,637,494,82,517,557,584,195,626,456,651,332,672,4
357,0,472,10,217,9,84,48,576,50,666,128,6,168,706,242,0,363,701,379,646,500,83,529,565,593,199,639,465,662,338,685,4
363,0,224,5,479,13,90,39,582,57,672,138,11,157,715,255,0,356,709,393,654,516,81,530,573,609,199,648,469,678,339,697,4
234,0,372,3,487,22,97,25,593,73,14,137,684,159,728,279,0,337,723,420,80,522,667,544,581,635,197,652,477,696,343,705,4
234,0,372,11,95,18,486,37,592,94,9,123,681,182,725,302,0,326,721,440,81,513,669,559,585,645,203,647,483,704,349,713,4
132,0,282,4,422,32,533,71,26,87,633,133,715,220,0,285,753,331,749,454,86,481,697,561,216,622,617,638,511,691,372,694,4
